[0.116s] DEBUG:colcon:Command line arguments: ['/usr/bin/colcon', 'build']
[0.117s] DEBUG:colcon:Parsed command line arguments: Namespace(log_base=None, log_level=None, verb_name='build', build_base='build', install_base='install', merge_install=False, symlink_install=False, test_result_base=None, continue_on_error=False, executor='parallel', parallel_workers=4, event_handlers=None, ignore_user_meta=False, metas=['./colcon.meta'], base_paths=['.'], packages_ignore=None, packages_ignore_regex=None, paths=None, packages_up_to=None, packages_up_to_regex=None, packages_above=None, packages_above_and_dependencies=None, packages_above_depth=None, packages_select_by_dep=None, packages_skip_by_dep=None, packages_skip_up_to=None, packages_select_build_failed=False, packages_skip_build_finished=False, packages_select_test_failures=False, packages_skip_test_passed=False, packages_select=None, packages_skip=None, packages_select_regex=None, packages_skip_regex=None, packages_start=None, packages_end=None, allow_overriding=[], cmake_args=None, cmake_target=None, cmake_target_skip_unavailable=False, cmake_clean_cache=False, cmake_clean_first=False, cmake_force_configure=False, ament_cmake_args=None, catkin_cmake_args=None, catkin_skip_building_tests=False, verb_parser=<colcon_defaults.argument_parser.defaults.DefaultArgumentsDecorator object at 0x76932b762720>, verb_extension=<colcon_core.verb.build.BuildVerb object at 0x76932b762780>, main=<bound method BuildVerb.main of <colcon_core.verb.build.BuildVerb object at 0x76932b762780>>)
[0.158s] Level 1:colcon.colcon_core.package_discovery:discover_packages(colcon_meta) check parameters
[0.158s] Level 1:colcon.colcon_core.package_discovery:discover_packages(recursive) check parameters
[0.158s] Level 1:colcon.colcon_core.package_discovery:discover_packages(ignore) check parameters
[0.158s] Level 1:colcon.colcon_core.package_discovery:discover_packages(path) check parameters
[0.158s] Level 1:colcon.colcon_core.package_discovery:discover_packages(colcon_meta) discover
[0.158s] Level 1:colcon.colcon_core.package_discovery:discover_packages(recursive) discover
[0.158s] INFO:colcon.colcon_core.package_discovery:Crawling recursively for packages in '/home/ibrahim/ros2_ws'
[0.158s] Level 1:colcon.colcon_core.package_identification:_identify(.) by extensions ['ignore', 'ignore_ament_install']
[0.158s] Level 1:colcon.colcon_core.package_identification:_identify(.) by extension 'ignore'
[0.158s] Level 1:colcon.colcon_core.package_identification:_identify(.) by extension 'ignore_ament_install'
[0.158s] Level 1:colcon.colcon_core.package_identification:_identify(.) by extensions ['colcon_pkg']
[0.158s] Level 1:colcon.colcon_core.package_identification:_identify(.) by extension 'colcon_pkg'
[0.158s] Level 1:colcon.colcon_core.package_identification:_identify(.) by extensions ['colcon_meta']
[0.158s] Level 1:colcon.colcon_core.package_identification:_identify(.) by extension 'colcon_meta'
[0.158s] Level 1:colcon.colcon_core.package_identification:_identify(.) by extensions ['ros']
[0.158s] Level 1:colcon.colcon_core.package_identification:_identify(.) by extension 'ros'
[0.187s] Level 1:colcon.colcon_core.package_identification:_identify(.) by extensions ['cmake', 'python']
[0.187s] Level 1:colcon.colcon_core.package_identification:_identify(.) by extension 'cmake'
[0.187s] Level 1:colcon.colcon_core.package_identification:_identify(.) by extension 'python'
[0.187s] Level 1:colcon.colcon_core.package_identification:_identify(.) by extensions ['python_setup_py']
[0.187s] Level 1:colcon.colcon_core.package_identification:_identify(.) by extension 'python_setup_py'
[0.187s] Level 1:colcon.colcon_core.package_identification:_identify(build) by extensions ['ignore', 'ignore_ament_install']
[0.187s] Level 1:colcon.colcon_core.package_identification:_identify(build) by extension 'ignore'
[0.187s] Level 1:colcon.colcon_core.package_identification:_identify(build) ignored
[0.187s] Level 1:colcon.colcon_core.package_identification:_identify(install) by extensions ['ignore', 'ignore_ament_install']
[0.187s] Level 1:colcon.colcon_core.package_identification:_identify(install) by extension 'ignore'
[0.187s] Level 1:colcon.colcon_core.package_identification:_identify(install) ignored
[0.187s] Level 1:colcon.colcon_core.package_identification:_identify(log) by extensions ['ignore', 'ignore_ament_install']
[0.187s] Level 1:colcon.colcon_core.package_identification:_identify(log) by extension 'ignore'
[0.187s] Level 1:colcon.colcon_core.package_identification:_identify(log) ignored
[0.188s] Level 1:colcon.colcon_core.package_identification:_identify(src) by extensions ['ignore', 'ignore_ament_install']
[0.188s] Level 1:colcon.colcon_core.package_identification:_identify(src) by extension 'ignore'
[0.188s] Level 1:colcon.colcon_core.package_identification:_identify(src) by extension 'ignore_ament_install'
[0.188s] Level 1:colcon.colcon_core.package_identification:_identify(src) by extensions ['colcon_pkg']
[0.188s] Level 1:colcon.colcon_core.package_identification:_identify(src) by extension 'colcon_pkg'
[0.188s] Level 1:colcon.colcon_core.package_identification:_identify(src) by extensions ['colcon_meta']
[0.188s] Level 1:colcon.colcon_core.package_identification:_identify(src) by extension 'colcon_meta'
[0.188s] Level 1:colcon.colcon_core.package_identification:_identify(src) by extensions ['ros']
[0.188s] Level 1:colcon.colcon_core.package_identification:_identify(src) by extension 'ros'
[0.188s] Level 1:colcon.colcon_core.package_identification:_identify(src) by extensions ['cmake', 'python']
[0.188s] Level 1:colcon.colcon_core.package_identification:_identify(src) by extension 'cmake'
[0.188s] Level 1:colcon.colcon_core.package_identification:_identify(src) by extension 'python'
[0.188s] Level 1:colcon.colcon_core.package_identification:_identify(src) by extensions ['python_setup_py']
[0.188s] Level 1:colcon.colcon_core.package_identification:_identify(src) by extension 'python_setup_py'
[0.188s] Level 1:colcon.colcon_core.package_identification:_identify(src/arm_serial_bridge) by extensions ['ignore', 'ignore_ament_install']
[0.188s] Level 1:colcon.colcon_core.package_identification:_identify(src/arm_serial_bridge) by extension 'ignore'
[0.188s] Level 1:colcon.colcon_core.package_identification:_identify(src/arm_serial_bridge) by extension 'ignore_ament_install'
[0.188s] Level 1:colcon.colcon_core.package_identification:_identify(src/arm_serial_bridge) by extensions ['colcon_pkg']
[0.188s] Level 1:colcon.colcon_core.package_identification:_identify(src/arm_serial_bridge) by extension 'colcon_pkg'
[0.188s] Level 1:colcon.colcon_core.package_identification:_identify(src/arm_serial_bridge) by extensions ['colcon_meta']
[0.188s] Level 1:colcon.colcon_core.package_identification:_identify(src/arm_serial_bridge) by extension 'colcon_meta'
[0.188s] Level 1:colcon.colcon_core.package_identification:_identify(src/arm_serial_bridge) by extensions ['ros']
[0.188s] Level 1:colcon.colcon_core.package_identification:_identify(src/arm_serial_bridge) by extension 'ros'
[0.191s] DEBUG:colcon.colcon_core.package_identification:Package 'src/arm_serial_bridge' with type 'ros.ament_python' and name 'arm_serial_bridge'
[0.191s] Level 1:colcon.colcon_core.package_identification:_identify(src/mycobot_ros2) by extensions ['ignore', 'ignore_ament_install']
[0.191s] Level 1:colcon.colcon_core.package_identification:_identify(src/mycobot_ros2) by extension 'ignore'
[0.192s] Level 1:colcon.colcon_core.package_identification:_identify(src/mycobot_ros2) by extension 'ignore_ament_install'
[0.192s] Level 1:colcon.colcon_core.package_identification:_identify(src/mycobot_ros2) by extensions ['colcon_pkg']
[0.192s] Level 1:colcon.colcon_core.package_identification:_identify(src/mycobot_ros2) by extension 'colcon_pkg'
[0.192s] Level 1:colcon.colcon_core.package_identification:_identify(src/mycobot_ros2) by extensions ['colcon_meta']
[0.192s] Level 1:colcon.colcon_core.package_identification:_identify(src/mycobot_ros2) by extension 'colcon_meta'
[0.192s] Level 1:colcon.colcon_core.package_identification:_identify(src/mycobot_ros2) by extensions ['ros']
[0.192s] Level 1:colcon.colcon_core.package_identification:_identify(src/mycobot_ros2) by extension 'ros'
[0.192s] Level 1:colcon.colcon_core.package_identification:_identify(src/mycobot_ros2) by extensions ['cmake', 'python']
[0.192s] Level 1:colcon.colcon_core.package_identification:_identify(src/mycobot_ros2) by extension 'cmake'
[0.192s] Level 1:colcon.colcon_core.package_identification:_identify(src/mycobot_ros2) by extension 'python'
[0.192s] Level 1:colcon.colcon_core.package_identification:_identify(src/mycobot_ros2) by extensions ['python_setup_py']
[0.192s] Level 1:colcon.colcon_core.package_identification:_identify(src/mycobot_ros2) by extension 'python_setup_py'
[0.192s] Level 1:colcon.colcon_core.package_identification:_identify(src/mycobot_ros2/mycobot_bringup) by extensions ['ignore', 'ignore_ament_install']
[0.192s] Level 1:colcon.colcon_core.package_identification:_identify(src/mycobot_ros2/mycobot_bringup) by extension 'ignore'
[0.192s] Level 1:colcon.colcon_core.package_identification:_identify(src/mycobot_ros2/mycobot_bringup) by extension 'ignore_ament_install'
[0.192s] Level 1:colcon.colcon_core.package_identification:_identify(src/mycobot_ros2/mycobot_bringup) by extensions ['colcon_pkg']
[0.192s] Level 1:colcon.colcon_core.package_identification:_identify(src/mycobot_ros2/mycobot_bringup) by extension 'colcon_pkg'
[0.193s] Level 1:colcon.colcon_core.package_identification:_identify(src/mycobot_ros2/mycobot_bringup) by extensions ['colcon_meta']
[0.193s] Level 1:colcon.colcon_core.package_identification:_identify(src/mycobot_ros2/mycobot_bringup) by extension 'colcon_meta'
[0.193s] Level 1:colcon.colcon_core.package_identification:_identify(src/mycobot_ros2/mycobot_bringup) by extensions ['ros']
[0.193s] Level 1:colcon.colcon_core.package_identification:_identify(src/mycobot_ros2/mycobot_bringup) by extension 'ros'
[0.194s] DEBUG:colcon.colcon_core.package_identification:Package 'src/mycobot_ros2/mycobot_bringup' with type 'ros.ament_cmake' and name 'mycobot_bringup'
[0.194s] Level 1:colcon.colcon_core.package_identification:_identify(src/mycobot_ros2/mycobot_description) by extensions ['ignore', 'ignore_ament_install']
[0.194s] Level 1:colcon.colcon_core.package_identification:_identify(src/mycobot_ros2/mycobot_description) by extension 'ignore'
[0.194s] Level 1:colcon.colcon_core.package_identification:_identify(src/mycobot_ros2/mycobot_description) by extension 'ignore_ament_install'
[0.194s] Level 1:colcon.colcon_core.package_identification:_identify(src/mycobot_ros2/mycobot_description) by extensions ['colcon_pkg']
[0.194s] Level 1:colcon.colcon_core.package_identification:_identify(src/mycobot_ros2/mycobot_description) by extension 'colcon_pkg'
[0.194s] Level 1:colcon.colcon_core.package_identification:_identify(src/mycobot_ros2/mycobot_description) by extensions ['colcon_meta']
[0.194s] Level 1:colcon.colcon_core.package_identification:_identify(src/mycobot_ros2/mycobot_description) by extension 'colcon_meta'
[0.194s] Level 1:colcon.colcon_core.package_identification:_identify(src/mycobot_ros2/mycobot_description) by extensions ['ros']
[0.194s] Level 1:colcon.colcon_core.package_identification:_identify(src/mycobot_ros2/mycobot_description) by extension 'ros'
[0.195s] DEBUG:colcon.colcon_core.package_identification:Package 'src/mycobot_ros2/mycobot_description' with type 'ros.ament_cmake' and name 'mycobot_description'
[0.195s] Level 1:colcon.colcon_core.package_identification:_identify(src/mycobot_ros2/mycobot_gazebo) by extensions ['ignore', 'ignore_ament_install']
[0.195s] Level 1:colcon.colcon_core.package_identification:_identify(src/mycobot_ros2/mycobot_gazebo) by extension 'ignore'
[0.195s] Level 1:colcon.colcon_core.package_identification:_identify(src/mycobot_ros2/mycobot_gazebo) by extension 'ignore_ament_install'
[0.195s] Level 1:colcon.colcon_core.package_identification:_identify(src/mycobot_ros2/mycobot_gazebo) by extensions ['colcon_pkg']
[0.195s] Level 1:colcon.colcon_core.package_identification:_identify(src/mycobot_ros2/mycobot_gazebo) by extension 'colcon_pkg'
[0.195s] Level 1:colcon.colcon_core.package_identification:_identify(src/mycobot_ros2/mycobot_gazebo) by extensions ['colcon_meta']
[0.195s] Level 1:colcon.colcon_core.package_identification:_identify(src/mycobot_ros2/mycobot_gazebo) by extension 'colcon_meta'
[0.195s] Level 1:colcon.colcon_core.package_identification:_identify(src/mycobot_ros2/mycobot_gazebo) by extensions ['ros']
[0.195s] Level 1:colcon.colcon_core.package_identification:_identify(src/mycobot_ros2/mycobot_gazebo) by extension 'ros'
[0.196s] DEBUG:colcon.colcon_core.package_identification:Package 'src/mycobot_ros2/mycobot_gazebo' with type 'ros.ament_cmake' and name 'mycobot_gazebo'
[0.196s] Level 1:colcon.colcon_core.package_identification:_identify(src/mycobot_ros2/mycobot_interfaces) by extensions ['ignore', 'ignore_ament_install']
[0.196s] Level 1:colcon.colcon_core.package_identification:_identify(src/mycobot_ros2/mycobot_interfaces) by extension 'ignore'
[0.196s] Level 1:colcon.colcon_core.package_identification:_identify(src/mycobot_ros2/mycobot_interfaces) by extension 'ignore_ament_install'
[0.196s] Level 1:colcon.colcon_core.package_identification:_identify(src/mycobot_ros2/mycobot_interfaces) by extensions ['colcon_pkg']
[0.196s] Level 1:colcon.colcon_core.package_identification:_identify(src/mycobot_ros2/mycobot_interfaces) by extension 'colcon_pkg'
[0.196s] Level 1:colcon.colcon_core.package_identification:_identify(src/mycobot_ros2/mycobot_interfaces) by extensions ['colcon_meta']
[0.196s] Level 1:colcon.colcon_core.package_identification:_identify(src/mycobot_ros2/mycobot_interfaces) by extension 'colcon_meta'
[0.196s] Level 1:colcon.colcon_core.package_identification:_identify(src/mycobot_ros2/mycobot_interfaces) by extensions ['ros']
[0.196s] Level 1:colcon.colcon_core.package_identification:_identify(src/mycobot_ros2/mycobot_interfaces) by extension 'ros'
[0.197s] DEBUG:colcon.colcon_core.package_identification:Package 'src/mycobot_ros2/mycobot_interfaces' with type 'ros.ament_cmake' and name 'mycobot_interfaces'
[0.197s] Level 1:colcon.colcon_core.package_identification:_identify(src/mycobot_ros2/mycobot_moveit_config) by extensions ['ignore', 'ignore_ament_install']
[0.197s] Level 1:colcon.colcon_core.package_identification:_identify(src/mycobot_ros2/mycobot_moveit_config) by extension 'ignore'
[0.197s] Level 1:colcon.colcon_core.package_identification:_identify(src/mycobot_ros2/mycobot_moveit_config) by extension 'ignore_ament_install'
[0.197s] Level 1:colcon.colcon_core.package_identification:_identify(src/mycobot_ros2/mycobot_moveit_config) by extensions ['colcon_pkg']
[0.197s] Level 1:colcon.colcon_core.package_identification:_identify(src/mycobot_ros2/mycobot_moveit_config) by extension 'colcon_pkg'
[0.197s] Level 1:colcon.colcon_core.package_identification:_identify(src/mycobot_ros2/mycobot_moveit_config) by extensions ['colcon_meta']
[0.197s] Level 1:colcon.colcon_core.package_identification:_identify(src/mycobot_ros2/mycobot_moveit_config) by extension 'colcon_meta'
[0.197s] Level 1:colcon.colcon_core.package_identification:_identify(src/mycobot_ros2/mycobot_moveit_config) by extensions ['ros']
[0.197s] Level 1:colcon.colcon_core.package_identification:_identify(src/mycobot_ros2/mycobot_moveit_config) by extension 'ros'
[0.198s] DEBUG:colcon.colcon_core.package_identification:Package 'src/mycobot_ros2/mycobot_moveit_config' with type 'ros.ament_cmake' and name 'mycobot_moveit_config'
[0.198s] Level 1:colcon.colcon_core.package_identification:_identify(src/mycobot_ros2/mycobot_moveit_demos) by extensions ['ignore', 'ignore_ament_install']
[0.198s] Level 1:colcon.colcon_core.package_identification:_identify(src/mycobot_ros2/mycobot_moveit_demos) by extension 'ignore'
[0.198s] Level 1:colcon.colcon_core.package_identification:_identify(src/mycobot_ros2/mycobot_moveit_demos) by extension 'ignore_ament_install'
[0.198s] Level 1:colcon.colcon_core.package_identification:_identify(src/mycobot_ros2/mycobot_moveit_demos) by extensions ['colcon_pkg']
[0.198s] Level 1:colcon.colcon_core.package_identification:_identify(src/mycobot_ros2/mycobot_moveit_demos) by extension 'colcon_pkg'
[0.198s] Level 1:colcon.colcon_core.package_identification:_identify(src/mycobot_ros2/mycobot_moveit_demos) by extensions ['colcon_meta']
[0.198s] Level 1:colcon.colcon_core.package_identification:_identify(src/mycobot_ros2/mycobot_moveit_demos) by extension 'colcon_meta'
[0.198s] Level 1:colcon.colcon_core.package_identification:_identify(src/mycobot_ros2/mycobot_moveit_demos) by extensions ['ros']
[0.198s] Level 1:colcon.colcon_core.package_identification:_identify(src/mycobot_ros2/mycobot_moveit_demos) by extension 'ros'
[0.199s] DEBUG:colcon.colcon_core.package_identification:Package 'src/mycobot_ros2/mycobot_moveit_demos' with type 'ros.ament_cmake' and name 'mycobot_moveit_demos'
[0.199s] Level 1:colcon.colcon_core.package_identification:_identify(src/mycobot_ros2/mycobot_mtc_demos) by extensions ['ignore', 'ignore_ament_install']
[0.199s] Level 1:colcon.colcon_core.package_identification:_identify(src/mycobot_ros2/mycobot_mtc_demos) by extension 'ignore'
[0.199s] Level 1:colcon.colcon_core.package_identification:_identify(src/mycobot_ros2/mycobot_mtc_demos) by extension 'ignore_ament_install'
[0.199s] Level 1:colcon.colcon_core.package_identification:_identify(src/mycobot_ros2/mycobot_mtc_demos) by extensions ['colcon_pkg']
[0.199s] Level 1:colcon.colcon_core.package_identification:_identify(src/mycobot_ros2/mycobot_mtc_demos) by extension 'colcon_pkg'
[0.199s] Level 1:colcon.colcon_core.package_identification:_identify(src/mycobot_ros2/mycobot_mtc_demos) by extensions ['colcon_meta']
[0.199s] Level 1:colcon.colcon_core.package_identification:_identify(src/mycobot_ros2/mycobot_mtc_demos) by extension 'colcon_meta'
[0.199s] Level 1:colcon.colcon_core.package_identification:_identify(src/mycobot_ros2/mycobot_mtc_demos) by extensions ['ros']
[0.199s] Level 1:colcon.colcon_core.package_identification:_identify(src/mycobot_ros2/mycobot_mtc_demos) by extension 'ros'
[0.200s] DEBUG:colcon.colcon_core.package_identification:Package 'src/mycobot_ros2/mycobot_mtc_demos' with type 'ros.ament_cmake' and name 'mycobot_mtc_demos'
[0.200s] Level 1:colcon.colcon_core.package_identification:_identify(src/mycobot_ros2/mycobot_mtc_pick_place_demo) by extensions ['ignore', 'ignore_ament_install']
[0.200s] Level 1:colcon.colcon_core.package_identification:_identify(src/mycobot_ros2/mycobot_mtc_pick_place_demo) by extension 'ignore'
[0.200s] Level 1:colcon.colcon_core.package_identification:_identify(src/mycobot_ros2/mycobot_mtc_pick_place_demo) by extension 'ignore_ament_install'
[0.200s] Level 1:colcon.colcon_core.package_identification:_identify(src/mycobot_ros2/mycobot_mtc_pick_place_demo) by extensions ['colcon_pkg']
[0.200s] Level 1:colcon.colcon_core.package_identification:_identify(src/mycobot_ros2/mycobot_mtc_pick_place_demo) by extension 'colcon_pkg'
[0.200s] Level 1:colcon.colcon_core.package_identification:_identify(src/mycobot_ros2/mycobot_mtc_pick_place_demo) by extensions ['colcon_meta']
[0.200s] Level 1:colcon.colcon_core.package_identification:_identify(src/mycobot_ros2/mycobot_mtc_pick_place_demo) by extension 'colcon_meta'
[0.200s] Level 1:colcon.colcon_core.package_identification:_identify(src/mycobot_ros2/mycobot_mtc_pick_place_demo) by extensions ['ros']
[0.200s] Level 1:colcon.colcon_core.package_identification:_identify(src/mycobot_ros2/mycobot_mtc_pick_place_demo) by extension 'ros'
[0.202s] DEBUG:colcon.colcon_core.package_identification:Package 'src/mycobot_ros2/mycobot_mtc_pick_place_demo' with type 'ros.ament_cmake' and name 'mycobot_mtc_pick_place_demo'
[0.202s] Level 1:colcon.colcon_core.package_identification:_identify(src/mycobot_ros2/mycobot_ros2) by extensions ['ignore', 'ignore_ament_install']
[0.202s] Level 1:colcon.colcon_core.package_identification:_identify(src/mycobot_ros2/mycobot_ros2) by extension 'ignore'
[0.202s] Level 1:colcon.colcon_core.package_identification:_identify(src/mycobot_ros2/mycobot_ros2) by extension 'ignore_ament_install'
[0.202s] Level 1:colcon.colcon_core.package_identification:_identify(src/mycobot_ros2/mycobot_ros2) by extensions ['colcon_pkg']
[0.202s] Level 1:colcon.colcon_core.package_identification:_identify(src/mycobot_ros2/mycobot_ros2) by extension 'colcon_pkg'
[0.202s] Level 1:colcon.colcon_core.package_identification:_identify(src/mycobot_ros2/mycobot_ros2) by extensions ['colcon_meta']
[0.202s] Level 1:colcon.colcon_core.package_identification:_identify(src/mycobot_ros2/mycobot_ros2) by extension 'colcon_meta'
[0.202s] Level 1:colcon.colcon_core.package_identification:_identify(src/mycobot_ros2/mycobot_ros2) by extensions ['ros']
[0.202s] Level 1:colcon.colcon_core.package_identification:_identify(src/mycobot_ros2/mycobot_ros2) by extension 'ros'
[0.202s] DEBUG:colcon.colcon_core.package_identification:Package 'src/mycobot_ros2/mycobot_ros2' with type 'ros.ament_cmake' and name 'mycobot_ros2'
[0.202s] Level 1:colcon.colcon_core.package_identification:_identify(src/mycobot_ros2/mycobot_system_tests) by extensions ['ignore', 'ignore_ament_install']
[0.203s] Level 1:colcon.colcon_core.package_identification:_identify(src/mycobot_ros2/mycobot_system_tests) by extension 'ignore'
[0.203s] Level 1:colcon.colcon_core.package_identification:_identify(src/mycobot_ros2/mycobot_system_tests) by extension 'ignore_ament_install'
[0.203s] Level 1:colcon.colcon_core.package_identification:_identify(src/mycobot_ros2/mycobot_system_tests) by extensions ['colcon_pkg']
[0.203s] Level 1:colcon.colcon_core.package_identification:_identify(src/mycobot_ros2/mycobot_system_tests) by extension 'colcon_pkg'
[0.203s] Level 1:colcon.colcon_core.package_identification:_identify(src/mycobot_ros2/mycobot_system_tests) by extensions ['colcon_meta']
[0.203s] Level 1:colcon.colcon_core.package_identification:_identify(src/mycobot_ros2/mycobot_system_tests) by extension 'colcon_meta'
[0.203s] Level 1:colcon.colcon_core.package_identification:_identify(src/mycobot_ros2/mycobot_system_tests) by extensions ['ros']
[0.203s] Level 1:colcon.colcon_core.package_identification:_identify(src/mycobot_ros2/mycobot_system_tests) by extension 'ros'
[0.203s] DEBUG:colcon.colcon_core.package_identification:Package 'src/mycobot_ros2/mycobot_system_tests' with type 'ros.ament_cmake' and name 'mycobot_system_tests'
[0.203s] Level 1:colcon.colcon_core.package_discovery:discover_packages(recursive) using defaults
[0.203s] Level 1:colcon.colcon_core.package_discovery:discover_packages(ignore) discover
[0.203s] Level 1:colcon.colcon_core.package_discovery:discover_packages(ignore) using defaults
[0.203s] Level 1:colcon.colcon_core.package_discovery:discover_packages(path) discover
[0.203s] Level 1:colcon.colcon_core.package_discovery:discover_packages(path) using defaults
[0.223s] Level 1:colcon.colcon_core.package_discovery:discover_packages(prefix_path) check parameters
[0.223s] Level 1:colcon.colcon_core.package_discovery:discover_packages(prefix_path) discover
[0.226s] DEBUG:colcon.colcon_installed_package_information.package_discovery:Found 11 installed packages in /home/ibrahim/ros2_ws/install
[0.227s] DEBUG:colcon.colcon_installed_package_information.package_discovery:Found 425 installed packages in /opt/ros/jazzy
[0.229s] Level 1:colcon.colcon_core.package_discovery:discover_packages(prefix_path) using defaults
[0.287s] Level 5:colcon.colcon_core.verb:set package 'arm_serial_bridge' build argument 'cmake_args' from command line to 'None'
[0.287s] Level 5:colcon.colcon_core.verb:set package 'arm_serial_bridge' build argument 'cmake_target' from command line to 'None'
[0.287s] Level 5:colcon.colcon_core.verb:set package 'arm_serial_bridge' build argument 'cmake_target_skip_unavailable' from command line to 'False'
[0.287s] Level 5:colcon.colcon_core.verb:set package 'arm_serial_bridge' build argument 'cmake_clean_cache' from command line to 'False'
[0.287s] Level 5:colcon.colcon_core.verb:set package 'arm_serial_bridge' build argument 'cmake_clean_first' from command line to 'False'
[0.288s] Level 5:colcon.colcon_core.verb:set package 'arm_serial_bridge' build argument 'cmake_force_configure' from command line to 'False'
[0.288s] Level 5:colcon.colcon_core.verb:set package 'arm_serial_bridge' build argument 'ament_cmake_args' from command line to 'None'
[0.288s] Level 5:colcon.colcon_core.verb:set package 'arm_serial_bridge' build argument 'catkin_cmake_args' from command line to 'None'
[0.288s] Level 5:colcon.colcon_core.verb:set package 'arm_serial_bridge' build argument 'catkin_skip_building_tests' from command line to 'False'
[0.288s] DEBUG:colcon.colcon_core.verb:Building package 'arm_serial_bridge' with the following arguments: {'ament_cmake_args': None, 'build_base': '/home/ibrahim/ros2_ws/build/arm_serial_bridge', 'catkin_cmake_args': None, 'catkin_skip_building_tests': False, 'cmake_args': None, 'cmake_clean_cache': False, 'cmake_clean_first': False, 'cmake_force_configure': False, 'cmake_target': None, 'cmake_target_skip_unavailable': False, 'install_base': '/home/ibrahim/ros2_ws/install/arm_serial_bridge', 'merge_install': False, 'path': '/home/ibrahim/ros2_ws/src/arm_serial_bridge', 'symlink_install': False, 'test_result_base': None}
[0.288s] Level 5:colcon.colcon_core.verb:set package 'mycobot_bringup' build argument 'cmake_args' from command line to 'None'
[0.288s] Level 5:colcon.colcon_core.verb:set package 'mycobot_bringup' build argument 'cmake_target' from command line to 'None'
[0.288s] Level 5:colcon.colcon_core.verb:set package 'mycobot_bringup' build argument 'cmake_target_skip_unavailable' from command line to 'False'
[0.288s] Level 5:colcon.colcon_core.verb:set package 'mycobot_bringup' build argument 'cmake_clean_cache' from command line to 'False'
[0.288s] Level 5:colcon.colcon_core.verb:set package 'mycobot_bringup' build argument 'cmake_clean_first' from command line to 'False'
[0.288s] Level 5:colcon.colcon_core.verb:set package 'mycobot_bringup' build argument 'cmake_force_configure' from command line to 'False'
[0.288s] Level 5:colcon.colcon_core.verb:set package 'mycobot_bringup' build argument 'ament_cmake_args' from command line to 'None'
[0.288s] Level 5:colcon.colcon_core.verb:set package 'mycobot_bringup' build argument 'catkin_cmake_args' from command line to 'None'
[0.288s] Level 5:colcon.colcon_core.verb:set package 'mycobot_bringup' build argument 'catkin_skip_building_tests' from command line to 'False'
[0.288s] DEBUG:colcon.colcon_core.verb:Building package 'mycobot_bringup' with the following arguments: {'ament_cmake_args': None, 'build_base': '/home/ibrahim/ros2_ws/build/mycobot_bringup', 'catkin_cmake_args': None, 'catkin_skip_building_tests': False, 'cmake_args': None, 'cmake_clean_cache': False, 'cmake_clean_first': False, 'cmake_force_configure': False, 'cmake_target': None, 'cmake_target_skip_unavailable': False, 'install_base': '/home/ibrahim/ros2_ws/install/mycobot_bringup', 'merge_install': False, 'path': '/home/ibrahim/ros2_ws/src/mycobot_ros2/mycobot_bringup', 'symlink_install': False, 'test_result_base': None}
[0.288s] Level 5:colcon.colcon_core.verb:set package 'mycobot_description' build argument 'cmake_args' from command line to 'None'
[0.288s] Level 5:colcon.colcon_core.verb:set package 'mycobot_description' build argument 'cmake_target' from command line to 'None'
[0.288s] Level 5:colcon.colcon_core.verb:set package 'mycobot_description' build argument 'cmake_target_skip_unavailable' from command line to 'False'
[0.288s] Level 5:colcon.colcon_core.verb:set package 'mycobot_description' build argument 'cmake_clean_cache' from command line to 'False'
[0.288s] Level 5:colcon.colcon_core.verb:set package 'mycobot_description' build argument 'cmake_clean_first' from command line to 'False'
[0.288s] Level 5:colcon.colcon_core.verb:set package 'mycobot_description' build argument 'cmake_force_configure' from command line to 'False'
[0.288s] Level 5:colcon.colcon_core.verb:set package 'mycobot_description' build argument 'ament_cmake_args' from command line to 'None'
[0.288s] Level 5:colcon.colcon_core.verb:set package 'mycobot_description' build argument 'catkin_cmake_args' from command line to 'None'
[0.288s] Level 5:colcon.colcon_core.verb:set package 'mycobot_description' build argument 'catkin_skip_building_tests' from command line to 'False'
[0.288s] DEBUG:colcon.colcon_core.verb:Building package 'mycobot_description' with the following arguments: {'ament_cmake_args': None, 'build_base': '/home/ibrahim/ros2_ws/build/mycobot_description', 'catkin_cmake_args': None, 'catkin_skip_building_tests': False, 'cmake_args': None, 'cmake_clean_cache': False, 'cmake_clean_first': False, 'cmake_force_configure': False, 'cmake_target': None, 'cmake_target_skip_unavailable': False, 'install_base': '/home/ibrahim/ros2_ws/install/mycobot_description', 'merge_install': False, 'path': '/home/ibrahim/ros2_ws/src/mycobot_ros2/mycobot_description', 'symlink_install': False, 'test_result_base': None}
[0.289s] Level 5:colcon.colcon_core.verb:set package 'mycobot_gazebo' build argument 'cmake_args' from command line to 'None'
[0.289s] Level 5:colcon.colcon_core.verb:set package 'mycobot_gazebo' build argument 'cmake_target' from command line to 'None'
[0.289s] Level 5:colcon.colcon_core.verb:set package 'mycobot_gazebo' build argument 'cmake_target_skip_unavailable' from command line to 'False'
[0.289s] Level 5:colcon.colcon_core.verb:set package 'mycobot_gazebo' build argument 'cmake_clean_cache' from command line to 'False'
[0.289s] Level 5:colcon.colcon_core.verb:set package 'mycobot_gazebo' build argument 'cmake_clean_first' from command line to 'False'
[0.289s] Level 5:colcon.colcon_core.verb:set package 'mycobot_gazebo' build argument 'cmake_force_configure' from command line to 'False'
[0.289s] Level 5:colcon.colcon_core.verb:set package 'mycobot_gazebo' build argument 'ament_cmake_args' from command line to 'None'
[0.289s] Level 5:colcon.colcon_core.verb:set package 'mycobot_gazebo' build argument 'catkin_cmake_args' from command line to 'None'
[0.289s] Level 5:colcon.colcon_core.verb:set package 'mycobot_gazebo' build argument 'catkin_skip_building_tests' from command line to 'False'
[0.289s] DEBUG:colcon.colcon_core.verb:Building package 'mycobot_gazebo' with the following arguments: {'ament_cmake_args': None, 'build_base': '/home/ibrahim/ros2_ws/build/mycobot_gazebo', 'catkin_cmake_args': None, 'catkin_skip_building_tests': False, 'cmake_args': None, 'cmake_clean_cache': False, 'cmake_clean_first': False, 'cmake_force_configure': False, 'cmake_target': None, 'cmake_target_skip_unavailable': False, 'install_base': '/home/ibrahim/ros2_ws/install/mycobot_gazebo', 'merge_install': False, 'path': '/home/ibrahim/ros2_ws/src/mycobot_ros2/mycobot_gazebo', 'symlink_install': False, 'test_result_base': None}
[0.289s] Level 5:colcon.colcon_core.verb:set package 'mycobot_interfaces' build argument 'cmake_args' from command line to 'None'
[0.289s] Level 5:colcon.colcon_core.verb:set package 'mycobot_interfaces' build argument 'cmake_target' from command line to 'None'
[0.289s] Level 5:colcon.colcon_core.verb:set package 'mycobot_interfaces' build argument 'cmake_target_skip_unavailable' from command line to 'False'
[0.289s] Level 5:colcon.colcon_core.verb:set package 'mycobot_interfaces' build argument 'cmake_clean_cache' from command line to 'False'
[0.289s] Level 5:colcon.colcon_core.verb:set package 'mycobot_interfaces' build argument 'cmake_clean_first' from command line to 'False'
[0.289s] Level 5:colcon.colcon_core.verb:set package 'mycobot_interfaces' build argument 'cmake_force_configure' from command line to 'False'
[0.289s] Level 5:colcon.colcon_core.verb:set package 'mycobot_interfaces' build argument 'ament_cmake_args' from command line to 'None'
[0.289s] Level 5:colcon.colcon_core.verb:set package 'mycobot_interfaces' build argument 'catkin_cmake_args' from command line to 'None'
[0.289s] Level 5:colcon.colcon_core.verb:set package 'mycobot_interfaces' build argument 'catkin_skip_building_tests' from command line to 'False'
[0.289s] DEBUG:colcon.colcon_core.verb:Building package 'mycobot_interfaces' with the following arguments: {'ament_cmake_args': None, 'build_base': '/home/ibrahim/ros2_ws/build/mycobot_interfaces', 'catkin_cmake_args': None, 'catkin_skip_building_tests': False, 'cmake_args': None, 'cmake_clean_cache': False, 'cmake_clean_first': False, 'cmake_force_configure': False, 'cmake_target': None, 'cmake_target_skip_unavailable': False, 'install_base': '/home/ibrahim/ros2_ws/install/mycobot_interfaces', 'merge_install': False, 'path': '/home/ibrahim/ros2_ws/src/mycobot_ros2/mycobot_interfaces', 'symlink_install': False, 'test_result_base': None}
[0.289s] Level 5:colcon.colcon_core.verb:set package 'mycobot_moveit_config' build argument 'cmake_args' from command line to 'None'
[0.289s] Level 5:colcon.colcon_core.verb:set package 'mycobot_moveit_config' build argument 'cmake_target' from command line to 'None'
[0.289s] Level 5:colcon.colcon_core.verb:set package 'mycobot_moveit_config' build argument 'cmake_target_skip_unavailable' from command line to 'False'
[0.289s] Level 5:colcon.colcon_core.verb:set package 'mycobot_moveit_config' build argument 'cmake_clean_cache' from command line to 'False'
[0.289s] Level 5:colcon.colcon_core.verb:set package 'mycobot_moveit_config' build argument 'cmake_clean_first' from command line to 'False'
[0.289s] Level 5:colcon.colcon_core.verb:set package 'mycobot_moveit_config' build argument 'cmake_force_configure' from command line to 'False'
[0.290s] Level 5:colcon.colcon_core.verb:set package 'mycobot_moveit_config' build argument 'ament_cmake_args' from command line to 'None'
[0.290s] Level 5:colcon.colcon_core.verb:set package 'mycobot_moveit_config' build argument 'catkin_cmake_args' from command line to 'None'
[0.290s] Level 5:colcon.colcon_core.verb:set package 'mycobot_moveit_config' build argument 'catkin_skip_building_tests' from command line to 'False'
[0.290s] DEBUG:colcon.colcon_core.verb:Building package 'mycobot_moveit_config' with the following arguments: {'ament_cmake_args': None, 'build_base': '/home/ibrahim/ros2_ws/build/mycobot_moveit_config', 'catkin_cmake_args': None, 'catkin_skip_building_tests': False, 'cmake_args': None, 'cmake_clean_cache': False, 'cmake_clean_first': False, 'cmake_force_configure': False, 'cmake_target': None, 'cmake_target_skip_unavailable': False, 'install_base': '/home/ibrahim/ros2_ws/install/mycobot_moveit_config', 'merge_install': False, 'path': '/home/ibrahim/ros2_ws/src/mycobot_ros2/mycobot_moveit_config', 'symlink_install': False, 'test_result_base': None}
[0.290s] Level 5:colcon.colcon_core.verb:set package 'mycobot_moveit_demos' build argument 'cmake_args' from command line to 'None'
[0.290s] Level 5:colcon.colcon_core.verb:set package 'mycobot_moveit_demos' build argument 'cmake_target' from command line to 'None'
[0.290s] Level 5:colcon.colcon_core.verb:set package 'mycobot_moveit_demos' build argument 'cmake_target_skip_unavailable' from command line to 'False'
[0.290s] Level 5:colcon.colcon_core.verb:set package 'mycobot_moveit_demos' build argument 'cmake_clean_cache' from command line to 'False'
[0.290s] Level 5:colcon.colcon_core.verb:set package 'mycobot_moveit_demos' build argument 'cmake_clean_first' from command line to 'False'
[0.290s] Level 5:colcon.colcon_core.verb:set package 'mycobot_moveit_demos' build argument 'cmake_force_configure' from command line to 'False'
[0.290s] Level 5:colcon.colcon_core.verb:set package 'mycobot_moveit_demos' build argument 'ament_cmake_args' from command line to 'None'
[0.290s] Level 5:colcon.colcon_core.verb:set package 'mycobot_moveit_demos' build argument 'catkin_cmake_args' from command line to 'None'
[0.290s] Level 5:colcon.colcon_core.verb:set package 'mycobot_moveit_demos' build argument 'catkin_skip_building_tests' from command line to 'False'
[0.290s] DEBUG:colcon.colcon_core.verb:Building package 'mycobot_moveit_demos' with the following arguments: {'ament_cmake_args': None, 'build_base': '/home/ibrahim/ros2_ws/build/mycobot_moveit_demos', 'catkin_cmake_args': None, 'catkin_skip_building_tests': False, 'cmake_args': None, 'cmake_clean_cache': False, 'cmake_clean_first': False, 'cmake_force_configure': False, 'cmake_target': None, 'cmake_target_skip_unavailable': False, 'install_base': '/home/ibrahim/ros2_ws/install/mycobot_moveit_demos', 'merge_install': False, 'path': '/home/ibrahim/ros2_ws/src/mycobot_ros2/mycobot_moveit_demos', 'symlink_install': False, 'test_result_base': None}
[0.290s] Level 5:colcon.colcon_core.verb:set package 'mycobot_mtc_demos' build argument 'cmake_args' from command line to 'None'
[0.290s] Level 5:colcon.colcon_core.verb:set package 'mycobot_mtc_demos' build argument 'cmake_target' from command line to 'None'
[0.290s] Level 5:colcon.colcon_core.verb:set package 'mycobot_mtc_demos' build argument 'cmake_target_skip_unavailable' from command line to 'False'
[0.290s] Level 5:colcon.colcon_core.verb:set package 'mycobot_mtc_demos' build argument 'cmake_clean_cache' from command line to 'False'
[0.290s] Level 5:colcon.colcon_core.verb:set package 'mycobot_mtc_demos' build argument 'cmake_clean_first' from command line to 'False'
[0.290s] Level 5:colcon.colcon_core.verb:set package 'mycobot_mtc_demos' build argument 'cmake_force_configure' from command line to 'False'
[0.290s] Level 5:colcon.colcon_core.verb:set package 'mycobot_mtc_demos' build argument 'ament_cmake_args' from command line to 'None'
[0.290s] Level 5:colcon.colcon_core.verb:set package 'mycobot_mtc_demos' build argument 'catkin_cmake_args' from command line to 'None'
[0.290s] Level 5:colcon.colcon_core.verb:set package 'mycobot_mtc_demos' build argument 'catkin_skip_building_tests' from command line to 'False'
[0.291s] DEBUG:colcon.colcon_core.verb:Building package 'mycobot_mtc_demos' with the following arguments: {'ament_cmake_args': None, 'build_base': '/home/ibrahim/ros2_ws/build/mycobot_mtc_demos', 'catkin_cmake_args': None, 'catkin_skip_building_tests': False, 'cmake_args': None, 'cmake_clean_cache': False, 'cmake_clean_first': False, 'cmake_force_configure': False, 'cmake_target': None, 'cmake_target_skip_unavailable': False, 'install_base': '/home/ibrahim/ros2_ws/install/mycobot_mtc_demos', 'merge_install': False, 'path': '/home/ibrahim/ros2_ws/src/mycobot_ros2/mycobot_mtc_demos', 'symlink_install': False, 'test_result_base': None}
[0.291s] Level 5:colcon.colcon_core.verb:set package 'mycobot_system_tests' build argument 'cmake_args' from command line to 'None'
[0.291s] Level 5:colcon.colcon_core.verb:set package 'mycobot_system_tests' build argument 'cmake_target' from command line to 'None'
[0.291s] Level 5:colcon.colcon_core.verb:set package 'mycobot_system_tests' build argument 'cmake_target_skip_unavailable' from command line to 'False'
[0.291s] Level 5:colcon.colcon_core.verb:set package 'mycobot_system_tests' build argument 'cmake_clean_cache' from command line to 'False'
[0.291s] Level 5:colcon.colcon_core.verb:set package 'mycobot_system_tests' build argument 'cmake_clean_first' from command line to 'False'
[0.291s] Level 5:colcon.colcon_core.verb:set package 'mycobot_system_tests' build argument 'cmake_force_configure' from command line to 'False'
[0.291s] Level 5:colcon.colcon_core.verb:set package 'mycobot_system_tests' build argument 'ament_cmake_args' from command line to 'None'
[0.291s] Level 5:colcon.colcon_core.verb:set package 'mycobot_system_tests' build argument 'catkin_cmake_args' from command line to 'None'
[0.291s] Level 5:colcon.colcon_core.verb:set package 'mycobot_system_tests' build argument 'catkin_skip_building_tests' from command line to 'False'
[0.291s] DEBUG:colcon.colcon_core.verb:Building package 'mycobot_system_tests' with the following arguments: {'ament_cmake_args': None, 'build_base': '/home/ibrahim/ros2_ws/build/mycobot_system_tests', 'catkin_cmake_args': None, 'catkin_skip_building_tests': False, 'cmake_args': None, 'cmake_clean_cache': False, 'cmake_clean_first': False, 'cmake_force_configure': False, 'cmake_target': None, 'cmake_target_skip_unavailable': False, 'install_base': '/home/ibrahim/ros2_ws/install/mycobot_system_tests', 'merge_install': False, 'path': '/home/ibrahim/ros2_ws/src/mycobot_ros2/mycobot_system_tests', 'symlink_install': False, 'test_result_base': None}
[0.291s] Level 5:colcon.colcon_core.verb:set package 'mycobot_mtc_pick_place_demo' build argument 'cmake_args' from command line to 'None'
[0.291s] Level 5:colcon.colcon_core.verb:set package 'mycobot_mtc_pick_place_demo' build argument 'cmake_target' from command line to 'None'
[0.291s] Level 5:colcon.colcon_core.verb:set package 'mycobot_mtc_pick_place_demo' build argument 'cmake_target_skip_unavailable' from command line to 'False'
[0.291s] Level 5:colcon.colcon_core.verb:set package 'mycobot_mtc_pick_place_demo' build argument 'cmake_clean_cache' from command line to 'False'
[0.291s] Level 5:colcon.colcon_core.verb:set package 'mycobot_mtc_pick_place_demo' build argument 'cmake_clean_first' from command line to 'False'
[0.291s] Level 5:colcon.colcon_core.verb:set package 'mycobot_mtc_pick_place_demo' build argument 'cmake_force_configure' from command line to 'False'
[0.291s] Level 5:colcon.colcon_core.verb:set package 'mycobot_mtc_pick_place_demo' build argument 'ament_cmake_args' from command line to 'None'
[0.291s] Level 5:colcon.colcon_core.verb:set package 'mycobot_mtc_pick_place_demo' build argument 'catkin_cmake_args' from command line to 'None'
[0.291s] Level 5:colcon.colcon_core.verb:set package 'mycobot_mtc_pick_place_demo' build argument 'catkin_skip_building_tests' from command line to 'False'
[0.291s] DEBUG:colcon.colcon_core.verb:Building package 'mycobot_mtc_pick_place_demo' with the following arguments: {'ament_cmake_args': None, 'build_base': '/home/ibrahim/ros2_ws/build/mycobot_mtc_pick_place_demo', 'catkin_cmake_args': None, 'catkin_skip_building_tests': False, 'cmake_args': None, 'cmake_clean_cache': False, 'cmake_clean_first': False, 'cmake_force_configure': False, 'cmake_target': None, 'cmake_target_skip_unavailable': False, 'install_base': '/home/ibrahim/ros2_ws/install/mycobot_mtc_pick_place_demo', 'merge_install': False, 'path': '/home/ibrahim/ros2_ws/src/mycobot_ros2/mycobot_mtc_pick_place_demo', 'symlink_install': False, 'test_result_base': None}
[0.291s] Level 5:colcon.colcon_core.verb:set package 'mycobot_ros2' build argument 'cmake_args' from command line to 'None'
[0.291s] Level 5:colcon.colcon_core.verb:set package 'mycobot_ros2' build argument 'cmake_target' from command line to 'None'
[0.292s] Level 5:colcon.colcon_core.verb:set package 'mycobot_ros2' build argument 'cmake_target_skip_unavailable' from command line to 'False'
[0.292s] Level 5:colcon.colcon_core.verb:set package 'mycobot_ros2' build argument 'cmake_clean_cache' from command line to 'False'
[0.292s] Level 5:colcon.colcon_core.verb:set package 'mycobot_ros2' build argument 'cmake_clean_first' from command line to 'False'
[0.292s] Level 5:colcon.colcon_core.verb:set package 'mycobot_ros2' build argument 'cmake_force_configure' from command line to 'False'
[0.292s] Level 5:colcon.colcon_core.verb:set package 'mycobot_ros2' build argument 'ament_cmake_args' from command line to 'None'
[0.292s] Level 5:colcon.colcon_core.verb:set package 'mycobot_ros2' build argument 'catkin_cmake_args' from command line to 'None'
[0.292s] Level 5:colcon.colcon_core.verb:set package 'mycobot_ros2' build argument 'catkin_skip_building_tests' from command line to 'False'
[0.292s] DEBUG:colcon.colcon_core.verb:Building package 'mycobot_ros2' with the following arguments: {'ament_cmake_args': None, 'build_base': '/home/ibrahim/ros2_ws/build/mycobot_ros2', 'catkin_cmake_args': None, 'catkin_skip_building_tests': False, 'cmake_args': None, 'cmake_clean_cache': False, 'cmake_clean_first': False, 'cmake_force_configure': False, 'cmake_target': None, 'cmake_target_skip_unavailable': False, 'install_base': '/home/ibrahim/ros2_ws/install/mycobot_ros2', 'merge_install': False, 'path': '/home/ibrahim/ros2_ws/src/mycobot_ros2/mycobot_ros2', 'symlink_install': False, 'test_result_base': None}
[0.292s] INFO:colcon.colcon_core.executor:Executing jobs using 'parallel' executor
[0.293s] DEBUG:colcon.colcon_parallel_executor.executor.parallel:run_until_complete
[0.293s] INFO:colcon.colcon_ros.task.ament_cmake.build:Building ROS package in '/home/ibrahim/ros2_ws/src/mycobot_ros2/mycobot_bringup' with build type 'ament_cmake'
[0.293s] INFO:colcon.colcon_cmake.task.cmake.build:Building CMake package in '/home/ibrahim/ros2_ws/src/mycobot_ros2/mycobot_bringup'
[0.296s] INFO:colcon.colcon_core.plugin_system:Skipping extension 'colcon_core.shell.bat': Not used on non-Windows systems
[0.296s] INFO:colcon.colcon_core.shell:Skip shell extension 'powershell' for command environment: Not usable outside of PowerShell
[0.296s] DEBUG:colcon.colcon_core.shell:Skip shell extension 'dsv' for command environment
[0.305s] INFO:colcon.colcon_ros.task.ament_cmake.build:Building ROS package in '/home/ibrahim/ros2_ws/src/mycobot_ros2/mycobot_description' with build type 'ament_cmake'
[0.305s] INFO:colcon.colcon_cmake.task.cmake.build:Building CMake package in '/home/ibrahim/ros2_ws/src/mycobot_ros2/mycobot_description'
[0.306s] INFO:colcon.colcon_core.shell:Skip shell extension 'powershell' for command environment: Not usable outside of PowerShell
[0.306s] DEBUG:colcon.colcon_core.shell:Skip shell extension 'dsv' for command environment
[0.320s] INFO:colcon.colcon_ros.task.ament_cmake.build:Building ROS package in '/home/ibrahim/ros2_ws/src/mycobot_ros2/mycobot_gazebo' with build type 'ament_cmake'
[0.320s] INFO:colcon.colcon_cmake.task.cmake.build:Building CMake package in '/home/ibrahim/ros2_ws/src/mycobot_ros2/mycobot_gazebo'
[0.320s] INFO:colcon.colcon_core.shell:Skip shell extension 'powershell' for command environment: Not usable outside of PowerShell
[0.320s] DEBUG:colcon.colcon_core.shell:Skip shell extension 'dsv' for command environment
[0.533s] INFO:colcon.colcon_ros.task.ament_cmake.build:Building ROS package in '/home/ibrahim/ros2_ws/src/mycobot_ros2/mycobot_interfaces' with build type 'ament_cmake'
[0.534s] INFO:colcon.colcon_cmake.task.cmake.build:Building CMake package in '/home/ibrahim/ros2_ws/src/mycobot_ros2/mycobot_interfaces'
[0.534s] INFO:colcon.colcon_core.shell:Skip shell extension 'powershell' for command environment: Not usable outside of PowerShell
[0.534s] DEBUG:colcon.colcon_core.shell:Skip shell extension 'dsv' for command environment
[0.560s] DEBUG:colcon.colcon_core.event_handler.log_command:Invoking command in '/home/ibrahim/ros2_ws/build/mycobot_bringup': CMAKE_PREFIX_PATH=${CMAKE_PREFIX_PATH}:/home/ibrahim/ros2_ws/install/arm_serial_bridge:/opt/ros/jazzy DEBUGINFOD_URLS=https://debuginfod.ubuntu.com PS1=\[\e]0;\u@\h: \w\a\]${debian_chroot:+($debian_chroot)}\[\033[01;32m\]\u@\h\[\033[00m\]:\[\033[01;34m\]\w\[\033[00m\]\$ /usr/bin/cmake --build /home/ibrahim/ros2_ws/build/mycobot_bringup -- -j4 -l4
[0.566s] DEBUG:colcon.colcon_core.event_handler.log_command:Invoking command in '/home/ibrahim/ros2_ws/build/mycobot_description': CMAKE_PREFIX_PATH=${CMAKE_PREFIX_PATH}:/home/ibrahim/ros2_ws/install/arm_serial_bridge:/opt/ros/jazzy DEBUGINFOD_URLS=https://debuginfod.ubuntu.com PS1=\[\e]0;\u@\h: \w\a\]${debian_chroot:+($debian_chroot)}\[\033[01;32m\]\u@\h\[\033[00m\]:\[\033[01;34m\]\w\[\033[00m\]\$ /usr/bin/cmake --build /home/ibrahim/ros2_ws/build/mycobot_description -- -j4 -l4
[0.938s] DEBUG:colcon.colcon_core.event_handler.log_command:Invoking command in '/home/ibrahim/ros2_ws/build/mycobot_gazebo': CMAKE_PREFIX_PATH=${CMAKE_PREFIX_PATH}:/home/ibrahim/ros2_ws/install/arm_serial_bridge:/opt/ros/jazzy DEBUGINFOD_URLS=https://debuginfod.ubuntu.com PS1=\[\e]0;\u@\h: \w\a\]${debian_chroot:+($debian_chroot)}\[\033[01;32m\]\u@\h\[\033[00m\]:\[\033[01;34m\]\w\[\033[00m\]\$ /usr/bin/cmake --build /home/ibrahim/ros2_ws/build/mycobot_gazebo -- -j4 -l4
[0.965s] DEBUG:colcon.colcon_core.event_handler.log_command:Invoking command in '/home/ibrahim/ros2_ws/build/mycobot_interfaces': CMAKE_PREFIX_PATH=${CMAKE_PREFIX_PATH}:/home/ibrahim/ros2_ws/install/arm_serial_bridge:/opt/ros/jazzy DEBUGINFOD_URLS=https://debuginfod.ubuntu.com PS1=\[\e]0;\u@\h: \w\a\]${debian_chroot:+($debian_chroot)}\[\033[01;32m\]\u@\h\[\033[00m\]:\[\033[01;34m\]\w\[\033[00m\]\$ /usr/bin/cmake --build /home/ibrahim/ros2_ws/build/mycobot_interfaces -- -j4 -l4
[1.025s] DEBUG:colcon.colcon_core.event_handler.log_command:Invoked command in '/home/ibrahim/ros2_ws/build/mycobot_bringup' returned '0': CMAKE_PREFIX_PATH=${CMAKE_PREFIX_PATH}:/home/ibrahim/ros2_ws/install/arm_serial_bridge:/opt/ros/jazzy DEBUGINFOD_URLS=https://debuginfod.ubuntu.com PS1=\[\e]0;\u@\h: \w\a\]${debian_chroot:+($debian_chroot)}\[\033[01;32m\]\u@\h\[\033[00m\]:\[\033[01;34m\]\w\[\033[00m\]\$ /usr/bin/cmake --build /home/ibrahim/ros2_ws/build/mycobot_bringup -- -j4 -l4
[1.048s] DEBUG:colcon.colcon_core.event_handler.log_command:Invoking command in '/home/ibrahim/ros2_ws/build/mycobot_bringup': CMAKE_PREFIX_PATH=${CMAKE_PREFIX_PATH}:/home/ibrahim/ros2_ws/install/arm_serial_bridge:/opt/ros/jazzy DEBUGINFOD_URLS=https://debuginfod.ubuntu.com PS1=\[\e]0;\u@\h: \w\a\]${debian_chroot:+($debian_chroot)}\[\033[01;32m\]\u@\h\[\033[00m\]:\[\033[01;34m\]\w\[\033[00m\]\$ /usr/bin/cmake --install /home/ibrahim/ros2_ws/build/mycobot_bringup
[1.053s] DEBUG:colcon.colcon_core.event_handler.log_command:Invoked command in '/home/ibrahim/ros2_ws/build/mycobot_description' returned '0': CMAKE_PREFIX_PATH=${CMAKE_PREFIX_PATH}:/home/ibrahim/ros2_ws/install/arm_serial_bridge:/opt/ros/jazzy DEBUGINFOD_URLS=https://debuginfod.ubuntu.com PS1=\[\e]0;\u@\h: \w\a\]${debian_chroot:+($debian_chroot)}\[\033[01;32m\]\u@\h\[\033[00m\]:\[\033[01;34m\]\w\[\033[00m\]\$ /usr/bin/cmake --build /home/ibrahim/ros2_ws/build/mycobot_description -- -j4 -l4
[1.055s] DEBUG:colcon.colcon_core.event_handler.log_command:Invoking command in '/home/ibrahim/ros2_ws/build/mycobot_description': CMAKE_PREFIX_PATH=${CMAKE_PREFIX_PATH}:/home/ibrahim/ros2_ws/install/arm_serial_bridge:/opt/ros/jazzy DEBUGINFOD_URLS=https://debuginfod.ubuntu.com PS1=\[\e]0;\u@\h: \w\a\]${debian_chroot:+($debian_chroot)}\[\033[01;32m\]\u@\h\[\033[00m\]:\[\033[01;34m\]\w\[\033[00m\]\$ /usr/bin/cmake --install /home/ibrahim/ros2_ws/build/mycobot_description
[1.154s] Level 1:colcon.colcon_core.environment:create_environment_scripts_only(mycobot_description)
[1.155s] DEBUG:colcon.colcon_core.event_handler.log_command:Invoked command in '/home/ibrahim/ros2_ws/build/mycobot_description' returned '0': CMAKE_PREFIX_PATH=${CMAKE_PREFIX_PATH}:/home/ibrahim/ros2_ws/install/arm_serial_bridge:/opt/ros/jazzy DEBUGINFOD_URLS=https://debuginfod.ubuntu.com PS1=\[\e]0;\u@\h: \w\a\]${debian_chroot:+($debian_chroot)}\[\033[01;32m\]\u@\h\[\033[00m\]:\[\033[01;34m\]\w\[\033[00m\]\$ /usr/bin/cmake --install /home/ibrahim/ros2_ws/build/mycobot_description
[1.157s] Level 1:colcon.colcon_core.environment:checking '/home/ibrahim/ros2_ws/install/mycobot_description' for CMake module files
[1.158s] Level 1:colcon.colcon_core.environment:checking '/home/ibrahim/ros2_ws/install/mycobot_description' for CMake config files
[1.158s] Level 1:colcon.colcon_core.shell:create_environment_hook('mycobot_description', 'cmake_prefix_path')
[1.158s] INFO:colcon.colcon_core.shell:Creating environment hook '/home/ibrahim/ros2_ws/install/mycobot_description/share/mycobot_description/hook/cmake_prefix_path.ps1'
[1.159s] INFO:colcon.colcon_core.shell:Creating environment descriptor '/home/ibrahim/ros2_ws/install/mycobot_description/share/mycobot_description/hook/cmake_prefix_path.dsv'
[1.160s] INFO:colcon.colcon_core.shell:Creating environment hook '/home/ibrahim/ros2_ws/install/mycobot_description/share/mycobot_description/hook/cmake_prefix_path.sh'
[1.161s] Level 1:colcon.colcon_core.environment:checking '/home/ibrahim/ros2_ws/install/mycobot_description/bin'
[1.161s] Level 1:colcon.colcon_core.environment:checking '/home/ibrahim/ros2_ws/install/mycobot_description/lib/pkgconfig/mycobot_description.pc'
[1.161s] Level 1:colcon.colcon_core.environment:checking '/home/ibrahim/ros2_ws/install/mycobot_description/lib/python3.12/site-packages'
[1.162s] Level 1:colcon.colcon_core.environment:checking '/home/ibrahim/ros2_ws/install/mycobot_description/bin'
[1.162s] INFO:colcon.colcon_core.shell:Creating package script '/home/ibrahim/ros2_ws/install/mycobot_description/share/mycobot_description/package.ps1'
[1.163s] INFO:colcon.colcon_core.shell:Creating package descriptor '/home/ibrahim/ros2_ws/install/mycobot_description/share/mycobot_description/package.dsv'
[1.164s] INFO:colcon.colcon_core.shell:Creating package script '/home/ibrahim/ros2_ws/install/mycobot_description/share/mycobot_description/package.sh'
[1.165s] INFO:colcon.colcon_core.shell:Creating package script '/home/ibrahim/ros2_ws/install/mycobot_description/share/mycobot_description/package.bash'
[1.166s] INFO:colcon.colcon_core.shell:Creating package script '/home/ibrahim/ros2_ws/install/mycobot_description/share/mycobot_description/package.zsh'
[1.167s] Level 1:colcon.colcon_core.environment:create_file_with_runtime_dependencies(/home/ibrahim/ros2_ws/install/mycobot_description/share/colcon-core/packages/mycobot_description)
[1.168s] Level 1:colcon.colcon_core.environment:create_environment_scripts_only(mycobot_description)
[1.168s] Level 1:colcon.colcon_core.environment:checking '/home/ibrahim/ros2_ws/install/mycobot_description' for CMake module files
[1.169s] Level 1:colcon.colcon_core.environment:checking '/home/ibrahim/ros2_ws/install/mycobot_description' for CMake config files
[1.169s] Level 1:colcon.colcon_core.shell:create_environment_hook('mycobot_description', 'cmake_prefix_path')
[1.169s] INFO:colcon.colcon_core.shell:Creating environment hook '/home/ibrahim/ros2_ws/install/mycobot_description/share/mycobot_description/hook/cmake_prefix_path.ps1'
[1.170s] INFO:colcon.colcon_core.shell:Creating environment descriptor '/home/ibrahim/ros2_ws/install/mycobot_description/share/mycobot_description/hook/cmake_prefix_path.dsv'
[1.170s] INFO:colcon.colcon_core.shell:Creating environment hook '/home/ibrahim/ros2_ws/install/mycobot_description/share/mycobot_description/hook/cmake_prefix_path.sh'
[1.171s] Level 1:colcon.colcon_core.environment:checking '/home/ibrahim/ros2_ws/install/mycobot_description/bin'
[1.171s] Level 1:colcon.colcon_core.environment:checking '/home/ibrahim/ros2_ws/install/mycobot_description/lib/pkgconfig/mycobot_description.pc'
[1.172s] Level 1:colcon.colcon_core.environment:checking '/home/ibrahim/ros2_ws/install/mycobot_description/lib/python3.12/site-packages'
[1.172s] Level 1:colcon.colcon_core.environment:checking '/home/ibrahim/ros2_ws/install/mycobot_description/bin'
[1.172s] INFO:colcon.colcon_core.shell:Creating package script '/home/ibrahim/ros2_ws/install/mycobot_description/share/mycobot_description/package.ps1'
[1.173s] INFO:colcon.colcon_core.shell:Creating package descriptor '/home/ibrahim/ros2_ws/install/mycobot_description/share/mycobot_description/package.dsv'
[1.174s] INFO:colcon.colcon_core.shell:Creating package script '/home/ibrahim/ros2_ws/install/mycobot_description/share/mycobot_description/package.sh'
[1.175s] INFO:colcon.colcon_core.shell:Creating package script '/home/ibrahim/ros2_ws/install/mycobot_description/share/mycobot_description/package.bash'
[1.175s] INFO:colcon.colcon_core.shell:Creating package script '/home/ibrahim/ros2_ws/install/mycobot_description/share/mycobot_description/package.zsh'
[1.176s] Level 1:colcon.colcon_core.environment:create_file_with_runtime_dependencies(/home/ibrahim/ros2_ws/install/mycobot_description/share/colcon-core/packages/mycobot_description)
[1.177s] INFO:colcon.colcon_ros.task.ament_cmake.build:Building ROS package in '/home/ibrahim/ros2_ws/src/mycobot_ros2/mycobot_moveit_config' with build type 'ament_cmake'
[1.177s] INFO:colcon.colcon_cmake.task.cmake.build:Building CMake package in '/home/ibrahim/ros2_ws/src/mycobot_ros2/mycobot_moveit_config'
[1.177s] INFO:colcon.colcon_core.shell:Skip shell extension 'powershell' for command environment: Not usable outside of PowerShell
[1.177s] DEBUG:colcon.colcon_core.shell:Skip shell extension 'dsv' for command environment
[1.199s] DEBUG:colcon.colcon_core.event_handler.log_command:Invoking command in '/home/ibrahim/ros2_ws/build/mycobot_moveit_config': CMAKE_PREFIX_PATH=${CMAKE_PREFIX_PATH}:/home/ibrahim/ros2_ws/install/arm_serial_bridge:/opt/ros/jazzy DEBUGINFOD_URLS=https://debuginfod.ubuntu.com PS1=\[\e]0;\u@\h: \w\a\]${debian_chroot:+($debian_chroot)}\[\033[01;32m\]\u@\h\[\033[00m\]:\[\033[01;34m\]\w\[\033[00m\]\$ /usr/bin/cmake --build /home/ibrahim/ros2_ws/build/mycobot_moveit_config -- -j4 -l4
[1.303s] Level 1:colcon.colcon_core.environment:create_environment_scripts_only(mycobot_bringup)
[1.303s] Level 1:colcon.colcon_core.environment:checking '/home/ibrahim/ros2_ws/install/mycobot_bringup' for CMake module files
[1.304s] Level 1:colcon.colcon_core.environment:checking '/home/ibrahim/ros2_ws/install/mycobot_bringup' for CMake config files
[1.305s] DEBUG:colcon.colcon_core.event_handler.log_command:Invoked command in '/home/ibrahim/ros2_ws/build/mycobot_bringup' returned '0': CMAKE_PREFIX_PATH=${CMAKE_PREFIX_PATH}:/home/ibrahim/ros2_ws/install/arm_serial_bridge:/opt/ros/jazzy DEBUGINFOD_URLS=https://debuginfod.ubuntu.com PS1=\[\e]0;\u@\h: \w\a\]${debian_chroot:+($debian_chroot)}\[\033[01;32m\]\u@\h\[\033[00m\]:\[\033[01;34m\]\w\[\033[00m\]\$ /usr/bin/cmake --install /home/ibrahim/ros2_ws/build/mycobot_bringup
[1.308s] Level 1:colcon.colcon_core.shell:create_environment_hook('mycobot_bringup', 'cmake_prefix_path')
[1.308s] INFO:colcon.colcon_core.shell:Creating environment hook '/home/ibrahim/ros2_ws/install/mycobot_bringup/share/mycobot_bringup/hook/cmake_prefix_path.ps1'
[1.308s] INFO:colcon.colcon_core.shell:Creating environment descriptor '/home/ibrahim/ros2_ws/install/mycobot_bringup/share/mycobot_bringup/hook/cmake_prefix_path.dsv'
[1.309s] INFO:colcon.colcon_core.shell:Creating environment hook '/home/ibrahim/ros2_ws/install/mycobot_bringup/share/mycobot_bringup/hook/cmake_prefix_path.sh'
[1.310s] Level 1:colcon.colcon_core.environment:checking '/home/ibrahim/ros2_ws/install/mycobot_bringup/bin'
[1.310s] Level 1:colcon.colcon_core.environment:checking '/home/ibrahim/ros2_ws/install/mycobot_bringup/lib/pkgconfig/mycobot_bringup.pc'
[1.310s] Level 1:colcon.colcon_core.environment:checking '/home/ibrahim/ros2_ws/install/mycobot_bringup/lib/python3.12/site-packages'
[1.311s] Level 1:colcon.colcon_core.environment:checking '/home/ibrahim/ros2_ws/install/mycobot_bringup/bin'
[1.311s] INFO:colcon.colcon_core.shell:Creating package script '/home/ibrahim/ros2_ws/install/mycobot_bringup/share/mycobot_bringup/package.ps1'
[1.311s] INFO:colcon.colcon_core.shell:Creating package descriptor '/home/ibrahim/ros2_ws/install/mycobot_bringup/share/mycobot_bringup/package.dsv'
[1.312s] INFO:colcon.colcon_core.shell:Creating package script '/home/ibrahim/ros2_ws/install/mycobot_bringup/share/mycobot_bringup/package.sh'
[1.312s] INFO:colcon.colcon_core.shell:Creating package script '/home/ibrahim/ros2_ws/install/mycobot_bringup/share/mycobot_bringup/package.bash'
[1.313s] INFO:colcon.colcon_core.shell:Creating package script '/home/ibrahim/ros2_ws/install/mycobot_bringup/share/mycobot_bringup/package.zsh'
[1.314s] Level 1:colcon.colcon_core.environment:create_file_with_runtime_dependencies(/home/ibrahim/ros2_ws/install/mycobot_bringup/share/colcon-core/packages/mycobot_bringup)
[1.314s] Level 1:colcon.colcon_core.environment:create_environment_scripts_only(mycobot_bringup)
[1.315s] Level 1:colcon.colcon_core.environment:checking '/home/ibrahim/ros2_ws/install/mycobot_bringup' for CMake module files
[1.315s] Level 1:colcon.colcon_core.environment:checking '/home/ibrahim/ros2_ws/install/mycobot_bringup' for CMake config files
[1.315s] Level 1:colcon.colcon_core.shell:create_environment_hook('mycobot_bringup', 'cmake_prefix_path')
[1.315s] INFO:colcon.colcon_core.shell:Creating environment hook '/home/ibrahim/ros2_ws/install/mycobot_bringup/share/mycobot_bringup/hook/cmake_prefix_path.ps1'
[1.316s] INFO:colcon.colcon_core.shell:Creating environment descriptor '/home/ibrahim/ros2_ws/install/mycobot_bringup/share/mycobot_bringup/hook/cmake_prefix_path.dsv'
[1.317s] INFO:colcon.colcon_core.shell:Creating environment hook '/home/ibrahim/ros2_ws/install/mycobot_bringup/share/mycobot_bringup/hook/cmake_prefix_path.sh'
[1.317s] Level 1:colcon.colcon_core.environment:checking '/home/ibrahim/ros2_ws/install/mycobot_bringup/bin'
[1.318s] Level 1:colcon.colcon_core.environment:checking '/home/ibrahim/ros2_ws/install/mycobot_bringup/lib/pkgconfig/mycobot_bringup.pc'
[1.318s] Level 1:colcon.colcon_core.environment:checking '/home/ibrahim/ros2_ws/install/mycobot_bringup/lib/python3.12/site-packages'
[1.318s] Level 1:colcon.colcon_core.environment:checking '/home/ibrahim/ros2_ws/install/mycobot_bringup/bin'
[1.319s] INFO:colcon.colcon_core.shell:Creating package script '/home/ibrahim/ros2_ws/install/mycobot_bringup/share/mycobot_bringup/package.ps1'
[1.319s] INFO:colcon.colcon_core.shell:Creating package descriptor '/home/ibrahim/ros2_ws/install/mycobot_bringup/share/mycobot_bringup/package.dsv'
[1.320s] INFO:colcon.colcon_core.shell:Creating package script '/home/ibrahim/ros2_ws/install/mycobot_bringup/share/mycobot_bringup/package.sh'
[1.321s] INFO:colcon.colcon_core.shell:Creating package script '/home/ibrahim/ros2_ws/install/mycobot_bringup/share/mycobot_bringup/package.bash'
[1.322s] INFO:colcon.colcon_core.shell:Creating package script '/home/ibrahim/ros2_ws/install/mycobot_bringup/share/mycobot_bringup/package.zsh'
[1.323s] Level 1:colcon.colcon_core.environment:create_file_with_runtime_dependencies(/home/ibrahim/ros2_ws/install/mycobot_bringup/share/colcon-core/packages/mycobot_bringup)
[1.323s] INFO:colcon.colcon_ros.task.ament_cmake.build:Building ROS package in '/home/ibrahim/ros2_ws/src/mycobot_ros2/mycobot_system_tests' with build type 'ament_cmake'
[1.323s] INFO:colcon.colcon_cmake.task.cmake.build:Building CMake package in '/home/ibrahim/ros2_ws/src/mycobot_ros2/mycobot_system_tests'
[1.324s] INFO:colcon.colcon_core.shell:Skip shell extension 'powershell' for command environment: Not usable outside of PowerShell
[1.324s] DEBUG:colcon.colcon_core.shell:Skip shell extension 'dsv' for command environment
[1.449s] DEBUG:colcon.colcon_core.event_handler.log_command:Invoking command in '/home/ibrahim/ros2_ws/build/mycobot_system_tests': CMAKE_PREFIX_PATH=${CMAKE_PREFIX_PATH}:/home/ibrahim/ros2_ws/install/arm_serial_bridge:/opt/ros/jazzy DEBUGINFOD_URLS=https://debuginfod.ubuntu.com PS1=\[\e]0;\u@\h: \w\a\]${debian_chroot:+($debian_chroot)}\[\033[01;32m\]\u@\h\[\033[00m\]:\[\033[01;34m\]\w\[\033[00m\]\$ /usr/bin/cmake --build /home/ibrahim/ros2_ws/build/mycobot_system_tests -- -j4 -l4
[2.657s] DEBUG:colcon.colcon_core.event_handler.log_command:Invoked command in '/home/ibrahim/ros2_ws/build/mycobot_system_tests' returned '0': CMAKE_PREFIX_PATH=${CMAKE_PREFIX_PATH}:/home/ibrahim/ros2_ws/install/arm_serial_bridge:/opt/ros/jazzy DEBUGINFOD_URLS=https://debuginfod.ubuntu.com PS1=\[\e]0;\u@\h: \w\a\]${debian_chroot:+($debian_chroot)}\[\033[01;32m\]\u@\h\[\033[00m\]:\[\033[01;34m\]\w\[\033[00m\]\$ /usr/bin/cmake --build /home/ibrahim/ros2_ws/build/mycobot_system_tests -- -j4 -l4
[2.686s] DEBUG:colcon.colcon_core.event_handler.log_command:Invoking command in '/home/ibrahim/ros2_ws/build/mycobot_system_tests': CMAKE_PREFIX_PATH=${CMAKE_PREFIX_PATH}:/home/ibrahim/ros2_ws/install/arm_serial_bridge:/opt/ros/jazzy DEBUGINFOD_URLS=https://debuginfod.ubuntu.com PS1=\[\e]0;\u@\h: \w\a\]${debian_chroot:+($debian_chroot)}\[\033[01;32m\]\u@\h\[\033[00m\]:\[\033[01;34m\]\w\[\033[00m\]\$ /usr/bin/cmake --install /home/ibrahim/ros2_ws/build/mycobot_system_tests
[2.819s] Level 1:colcon.colcon_core.environment:create_environment_scripts_only(mycobot_system_tests)
[2.819s] Level 1:colcon.colcon_core.environment:checking '/home/ibrahim/ros2_ws/install/mycobot_system_tests' for CMake module files
[2.820s] DEBUG:colcon.colcon_core.event_handler.log_command:Invoked command in '/home/ibrahim/ros2_ws/build/mycobot_system_tests' returned '0': CMAKE_PREFIX_PATH=${CMAKE_PREFIX_PATH}:/home/ibrahim/ros2_ws/install/arm_serial_bridge:/opt/ros/jazzy DEBUGINFOD_URLS=https://debuginfod.ubuntu.com PS1=\[\e]0;\u@\h: \w\a\]${debian_chroot:+($debian_chroot)}\[\033[01;32m\]\u@\h\[\033[00m\]:\[\033[01;34m\]\w\[\033[00m\]\$ /usr/bin/cmake --install /home/ibrahim/ros2_ws/build/mycobot_system_tests
[2.823s] Level 1:colcon.colcon_core.environment:checking '/home/ibrahim/ros2_ws/install/mycobot_system_tests' for CMake config files
[2.825s] Level 1:colcon.colcon_core.shell:create_environment_hook('mycobot_system_tests', 'cmake_prefix_path')
[2.825s] INFO:colcon.colcon_core.shell:Creating environment hook '/home/ibrahim/ros2_ws/install/mycobot_system_tests/share/mycobot_system_tests/hook/cmake_prefix_path.ps1'
[2.827s] INFO:colcon.colcon_core.shell:Creating environment descriptor '/home/ibrahim/ros2_ws/install/mycobot_system_tests/share/mycobot_system_tests/hook/cmake_prefix_path.dsv'
[2.828s] INFO:colcon.colcon_core.shell:Creating environment hook '/home/ibrahim/ros2_ws/install/mycobot_system_tests/share/mycobot_system_tests/hook/cmake_prefix_path.sh'
[2.831s] Level 1:colcon.colcon_core.environment:checking '/home/ibrahim/ros2_ws/install/mycobot_system_tests/lib'
[2.831s] Level 1:colcon.colcon_core.environment:checking '/home/ibrahim/ros2_ws/install/mycobot_system_tests/bin'
[2.831s] Level 1:colcon.colcon_core.environment:checking '/home/ibrahim/ros2_ws/install/mycobot_system_tests/lib/pkgconfig/mycobot_system_tests.pc'
[2.831s] Level 1:colcon.colcon_core.environment:checking '/home/ibrahim/ros2_ws/install/mycobot_system_tests/lib/python3.12/site-packages'
[2.831s] Level 1:colcon.colcon_core.environment:checking '/home/ibrahim/ros2_ws/install/mycobot_system_tests/bin'
[2.832s] INFO:colcon.colcon_core.shell:Creating package script '/home/ibrahim/ros2_ws/install/mycobot_system_tests/share/mycobot_system_tests/package.ps1'
[2.832s] INFO:colcon.colcon_core.shell:Creating package descriptor '/home/ibrahim/ros2_ws/install/mycobot_system_tests/share/mycobot_system_tests/package.dsv'
[2.833s] INFO:colcon.colcon_core.shell:Creating package script '/home/ibrahim/ros2_ws/install/mycobot_system_tests/share/mycobot_system_tests/package.sh'
[2.834s] INFO:colcon.colcon_core.shell:Creating package script '/home/ibrahim/ros2_ws/install/mycobot_system_tests/share/mycobot_system_tests/package.bash'
[2.834s] INFO:colcon.colcon_core.shell:Creating package script '/home/ibrahim/ros2_ws/install/mycobot_system_tests/share/mycobot_system_tests/package.zsh'
[2.835s] Level 1:colcon.colcon_core.environment:create_file_with_runtime_dependencies(/home/ibrahim/ros2_ws/install/mycobot_system_tests/share/colcon-core/packages/mycobot_system_tests)
[2.836s] Level 1:colcon.colcon_core.environment:create_environment_scripts_only(mycobot_system_tests)
[2.837s] Level 1:colcon.colcon_core.environment:checking '/home/ibrahim/ros2_ws/install/mycobot_system_tests' for CMake module files
[2.837s] Level 1:colcon.colcon_core.environment:checking '/home/ibrahim/ros2_ws/install/mycobot_system_tests' for CMake config files
[2.837s] Level 1:colcon.colcon_core.shell:create_environment_hook('mycobot_system_tests', 'cmake_prefix_path')
[2.838s] INFO:colcon.colcon_core.shell:Creating environment hook '/home/ibrahim/ros2_ws/install/mycobot_system_tests/share/mycobot_system_tests/hook/cmake_prefix_path.ps1'
[2.839s] INFO:colcon.colcon_core.shell:Creating environment descriptor '/home/ibrahim/ros2_ws/install/mycobot_system_tests/share/mycobot_system_tests/hook/cmake_prefix_path.dsv'
[2.839s] INFO:colcon.colcon_core.shell:Creating environment hook '/home/ibrahim/ros2_ws/install/mycobot_system_tests/share/mycobot_system_tests/hook/cmake_prefix_path.sh'
[2.841s] Level 1:colcon.colcon_core.environment:checking '/home/ibrahim/ros2_ws/install/mycobot_system_tests/lib'
[2.841s] Level 1:colcon.colcon_core.environment:checking '/home/ibrahim/ros2_ws/install/mycobot_system_tests/bin'
[2.841s] Level 1:colcon.colcon_core.environment:checking '/home/ibrahim/ros2_ws/install/mycobot_system_tests/lib/pkgconfig/mycobot_system_tests.pc'
[2.841s] Level 1:colcon.colcon_core.environment:checking '/home/ibrahim/ros2_ws/install/mycobot_system_tests/lib/python3.12/site-packages'
[2.841s] Level 1:colcon.colcon_core.environment:checking '/home/ibrahim/ros2_ws/install/mycobot_system_tests/bin'
[2.842s] INFO:colcon.colcon_core.shell:Creating package script '/home/ibrahim/ros2_ws/install/mycobot_system_tests/share/mycobot_system_tests/package.ps1'
[2.842s] INFO:colcon.colcon_core.shell:Creating package descriptor '/home/ibrahim/ros2_ws/install/mycobot_system_tests/share/mycobot_system_tests/package.dsv'
[2.843s] INFO:colcon.colcon_core.shell:Creating package script '/home/ibrahim/ros2_ws/install/mycobot_system_tests/share/mycobot_system_tests/package.sh'
[2.845s] INFO:colcon.colcon_core.shell:Creating package script '/home/ibrahim/ros2_ws/install/mycobot_system_tests/share/mycobot_system_tests/package.bash'
[2.846s] INFO:colcon.colcon_core.shell:Creating package script '/home/ibrahim/ros2_ws/install/mycobot_system_tests/share/mycobot_system_tests/package.zsh'
[2.847s] Level 1:colcon.colcon_core.environment:create_file_with_runtime_dependencies(/home/ibrahim/ros2_ws/install/mycobot_system_tests/share/colcon-core/packages/mycobot_system_tests)
[2.848s] INFO:colcon.colcon_ros.task.ament_python.build:Building ROS package in '/home/ibrahim/ros2_ws/src/arm_serial_bridge' with build type 'ament_python'
[2.848s] Level 1:colcon.colcon_core.shell:create_environment_hook('arm_serial_bridge', 'ament_prefix_path')
[2.848s] INFO:colcon.colcon_core.shell:Creating environment hook '/home/ibrahim/ros2_ws/install/arm_serial_bridge/share/arm_serial_bridge/hook/ament_prefix_path.ps1'
[2.849s] INFO:colcon.colcon_core.shell:Creating environment descriptor '/home/ibrahim/ros2_ws/install/arm_serial_bridge/share/arm_serial_bridge/hook/ament_prefix_path.dsv'
[2.853s] INFO:colcon.colcon_core.shell:Creating environment hook '/home/ibrahim/ros2_ws/install/arm_serial_bridge/share/arm_serial_bridge/hook/ament_prefix_path.sh'
[2.858s] INFO:colcon.colcon_core.shell:Skip shell extension 'powershell' for command environment: Not usable outside of PowerShell
[2.860s] DEBUG:colcon.colcon_core.shell:Skip shell extension 'dsv' for command environment
[3.392s] WARNING:colcon.colcon_ros.task.ament_python.build:Package 'arm_serial_bridge' doesn't explicitly install a marker in the package index (colcon-ros currently does it implicitly but that fallback will be removed in the future)
[3.393s] WARNING:colcon.colcon_ros.task.ament_python.build:Package 'arm_serial_bridge' doesn't explicitly install the 'package.xml' file (colcon-ros currently does it implicitly but that fallback will be removed in the future)
[3.393s] INFO:colcon.colcon_core.task.python.build:Building Python package in '/home/ibrahim/ros2_ws/src/arm_serial_bridge'
[3.393s] INFO:colcon.colcon_core.shell:Skip shell extension 'powershell' for command environment: Not usable outside of PowerShell
[3.393s] DEBUG:colcon.colcon_core.shell:Skip shell extension 'dsv' for command environment
[3.948s] DEBUG:colcon.colcon_core.event_handler.log_command:Invoked command in '/home/ibrahim/ros2_ws/build/mycobot_moveit_config' returned '0': CMAKE_PREFIX_PATH=${CMAKE_PREFIX_PATH}:/home/ibrahim/ros2_ws/install/arm_serial_bridge:/opt/ros/jazzy DEBUGINFOD_URLS=https://debuginfod.ubuntu.com PS1=\[\e]0;\u@\h: \w\a\]${debian_chroot:+($debian_chroot)}\[\033[01;32m\]\u@\h\[\033[00m\]:\[\033[01;34m\]\w\[\033[00m\]\$ /usr/bin/cmake --build /home/ibrahim/ros2_ws/build/mycobot_moveit_config -- -j4 -l4
[3.949s] DEBUG:colcon.colcon_core.event_handler.log_command:Invoking command in '/home/ibrahim/ros2_ws/build/mycobot_moveit_config': CMAKE_PREFIX_PATH=${CMAKE_PREFIX_PATH}:/home/ibrahim/ros2_ws/install/arm_serial_bridge:/opt/ros/jazzy DEBUGINFOD_URLS=https://debuginfod.ubuntu.com PS1=\[\e]0;\u@\h: \w\a\]${debian_chroot:+($debian_chroot)}\[\033[01;32m\]\u@\h\[\033[00m\]:\[\033[01;34m\]\w\[\033[00m\]\$ /usr/bin/cmake --install /home/ibrahim/ros2_ws/build/mycobot_moveit_config
[3.972s] Level 1:colcon.colcon_core.environment:create_environment_scripts_only(mycobot_moveit_config)
[3.972s] Level 1:colcon.colcon_core.environment:checking '/home/ibrahim/ros2_ws/install/mycobot_moveit_config' for CMake module files
[3.973s] Level 1:colcon.colcon_core.environment:checking '/home/ibrahim/ros2_ws/install/mycobot_moveit_config' for CMake config files
[3.974s] Level 1:colcon.colcon_core.shell:create_environment_hook('mycobot_moveit_config', 'cmake_prefix_path')
[3.974s] INFO:colcon.colcon_core.shell:Creating environment hook '/home/ibrahim/ros2_ws/install/mycobot_moveit_config/share/mycobot_moveit_config/hook/cmake_prefix_path.ps1'
[3.974s] INFO:colcon.colcon_core.shell:Creating environment descriptor '/home/ibrahim/ros2_ws/install/mycobot_moveit_config/share/mycobot_moveit_config/hook/cmake_prefix_path.dsv'
[3.975s] INFO:colcon.colcon_core.shell:Creating environment hook '/home/ibrahim/ros2_ws/install/mycobot_moveit_config/share/mycobot_moveit_config/hook/cmake_prefix_path.sh'
[3.975s] Level 1:colcon.colcon_core.environment:checking '/home/ibrahim/ros2_ws/install/mycobot_moveit_config/bin'
[3.976s] Level 1:colcon.colcon_core.environment:checking '/home/ibrahim/ros2_ws/install/mycobot_moveit_config/lib/pkgconfig/mycobot_moveit_config.pc'
[3.976s] Level 1:colcon.colcon_core.environment:checking '/home/ibrahim/ros2_ws/install/mycobot_moveit_config/lib/python3.12/site-packages'
[3.976s] Level 1:colcon.colcon_core.environment:checking '/home/ibrahim/ros2_ws/install/mycobot_moveit_config/bin'
[3.977s] INFO:colcon.colcon_core.shell:Creating package script '/home/ibrahim/ros2_ws/install/mycobot_moveit_config/share/mycobot_moveit_config/package.ps1'
[3.977s] INFO:colcon.colcon_core.shell:Creating package descriptor '/home/ibrahim/ros2_ws/install/mycobot_moveit_config/share/mycobot_moveit_config/package.dsv'
[3.978s] INFO:colcon.colcon_core.shell:Creating package script '/home/ibrahim/ros2_ws/install/mycobot_moveit_config/share/mycobot_moveit_config/package.sh'
[3.978s] INFO:colcon.colcon_core.shell:Creating package script '/home/ibrahim/ros2_ws/install/mycobot_moveit_config/share/mycobot_moveit_config/package.bash'
[3.979s] INFO:colcon.colcon_core.shell:Creating package script '/home/ibrahim/ros2_ws/install/mycobot_moveit_config/share/mycobot_moveit_config/package.zsh'
[3.979s] Level 1:colcon.colcon_core.environment:create_file_with_runtime_dependencies(/home/ibrahim/ros2_ws/install/mycobot_moveit_config/share/colcon-core/packages/mycobot_moveit_config)
[3.980s] Level 1:colcon.colcon_core.environment:create_environment_scripts_only(mycobot_moveit_config)
[3.980s] Level 1:colcon.colcon_core.environment:checking '/home/ibrahim/ros2_ws/install/mycobot_moveit_config' for CMake module files
[3.981s] Level 1:colcon.colcon_core.environment:checking '/home/ibrahim/ros2_ws/install/mycobot_moveit_config' for CMake config files
[3.981s] Level 1:colcon.colcon_core.shell:create_environment_hook('mycobot_moveit_config', 'cmake_prefix_path')
[3.982s] INFO:colcon.colcon_core.shell:Creating environment hook '/home/ibrahim/ros2_ws/install/mycobot_moveit_config/share/mycobot_moveit_config/hook/cmake_prefix_path.ps1'
[3.984s] DEBUG:colcon.colcon_core.event_handler.log_command:Invoked command in '/home/ibrahim/ros2_ws/build/mycobot_moveit_config' returned '0': CMAKE_PREFIX_PATH=${CMAKE_PREFIX_PATH}:/home/ibrahim/ros2_ws/install/arm_serial_bridge:/opt/ros/jazzy DEBUGINFOD_URLS=https://debuginfod.ubuntu.com PS1=\[\e]0;\u@\h: \w\a\]${debian_chroot:+($debian_chroot)}\[\033[01;32m\]\u@\h\[\033[00m\]:\[\033[01;34m\]\w\[\033[00m\]\$ /usr/bin/cmake --install /home/ibrahim/ros2_ws/build/mycobot_moveit_config
[4.089s] INFO:colcon.colcon_core.shell:Creating environment descriptor '/home/ibrahim/ros2_ws/install/mycobot_moveit_config/share/mycobot_moveit_config/hook/cmake_prefix_path.dsv'
[4.090s] INFO:colcon.colcon_core.shell:Creating environment hook '/home/ibrahim/ros2_ws/install/mycobot_moveit_config/share/mycobot_moveit_config/hook/cmake_prefix_path.sh'
[4.090s] Level 1:colcon.colcon_core.environment:checking '/home/ibrahim/ros2_ws/install/mycobot_moveit_config/bin'
[4.090s] Level 1:colcon.colcon_core.environment:checking '/home/ibrahim/ros2_ws/install/mycobot_moveit_config/lib/pkgconfig/mycobot_moveit_config.pc'
[4.091s] Level 1:colcon.colcon_core.environment:checking '/home/ibrahim/ros2_ws/install/mycobot_moveit_config/lib/python3.12/site-packages'
[4.091s] Level 1:colcon.colcon_core.environment:checking '/home/ibrahim/ros2_ws/install/mycobot_moveit_config/bin'
[4.091s] INFO:colcon.colcon_core.shell:Creating package script '/home/ibrahim/ros2_ws/install/mycobot_moveit_config/share/mycobot_moveit_config/package.ps1'
[4.092s] INFO:colcon.colcon_core.shell:Creating package descriptor '/home/ibrahim/ros2_ws/install/mycobot_moveit_config/share/mycobot_moveit_config/package.dsv'
[4.092s] INFO:colcon.colcon_core.shell:Creating package script '/home/ibrahim/ros2_ws/install/mycobot_moveit_config/share/mycobot_moveit_config/package.sh'
[4.093s] INFO:colcon.colcon_core.shell:Creating package script '/home/ibrahim/ros2_ws/install/mycobot_moveit_config/share/mycobot_moveit_config/package.bash'
[4.094s] INFO:colcon.colcon_core.shell:Creating package script '/home/ibrahim/ros2_ws/install/mycobot_moveit_config/share/mycobot_moveit_config/package.zsh'
[4.096s] Level 1:colcon.colcon_core.environment:create_file_with_runtime_dependencies(/home/ibrahim/ros2_ws/install/mycobot_moveit_config/share/colcon-core/packages/mycobot_moveit_config)
[4.096s] INFO:colcon.colcon_ros.task.ament_cmake.build:Building ROS package in '/home/ibrahim/ros2_ws/src/mycobot_ros2/mycobot_moveit_demos' with build type 'ament_cmake'
[4.097s] INFO:colcon.colcon_cmake.task.cmake.build:Building CMake package in '/home/ibrahim/ros2_ws/src/mycobot_ros2/mycobot_moveit_demos'
[4.097s] INFO:colcon.colcon_core.shell:Skip shell extension 'powershell' for command environment: Not usable outside of PowerShell
[4.097s] DEBUG:colcon.colcon_core.shell:Skip shell extension 'dsv' for command environment
[4.156s] DEBUG:colcon.colcon_core.event_handler.log_command:Invoking command in '/home/ibrahim/ros2_ws/build/mycobot_moveit_demos': CMAKE_PREFIX_PATH=${CMAKE_PREFIX_PATH}:/home/ibrahim/ros2_ws/install/arm_serial_bridge:/opt/ros/jazzy DEBUGINFOD_URLS=https://debuginfod.ubuntu.com PS1=\[\e]0;\u@\h: \w\a\]${debian_chroot:+($debian_chroot)}\[\033[01;32m\]\u@\h\[\033[00m\]:\[\033[01;34m\]\w\[\033[00m\]\$ /usr/bin/cmake --build /home/ibrahim/ros2_ws/build/mycobot_moveit_demos -- -j4 -l4
[4.505s] DEBUG:colcon.colcon_core.event_handler.log_command:Invoking command in '/home/ibrahim/ros2_ws/src/arm_serial_bridge': DEBUGINFOD_URLS=https://debuginfod.ubuntu.com PS1=\[\e]0;\u@\h: \w\a\]${debian_chroot:+($debian_chroot)}\[\033[01;32m\]\u@\h\[\033[00m\]:\[\033[01;34m\]\w\[\033[00m\]\$ PYTHONPATH=/home/ibrahim/ros2_ws/build/arm_serial_bridge/prefix_override:/usr/lib/python3/dist-packages/colcon_core/task/python/colcon_distutils_commands:/home/ibrahim/ros2_ws/install/arm_serial_bridge/lib/python3.12/site-packages:${PYTHONPATH} /usr/bin/python3 -W ignore:setup.py install is deprecated -W ignore:easy_install command is deprecated setup.py egg_info --egg-base ../../build/arm_serial_bridge build --build-base /home/ibrahim/ros2_ws/build/arm_serial_bridge/build install --record /home/ibrahim/ros2_ws/build/arm_serial_bridge/install.log --single-version-externally-managed
[5.580s] Level 1:colcon.colcon_core.environment:checking '/home/ibrahim/ros2_ws/install/arm_serial_bridge' for CMake module files
[5.581s] DEBUG:colcon.colcon_core.event_handler.log_command:Invoked command in '/home/ibrahim/ros2_ws/src/arm_serial_bridge' returned '0': DEBUGINFOD_URLS=https://debuginfod.ubuntu.com PS1=\[\e]0;\u@\h: \w\a\]${debian_chroot:+($debian_chroot)}\[\033[01;32m\]\u@\h\[\033[00m\]:\[\033[01;34m\]\w\[\033[00m\]\$ PYTHONPATH=/home/ibrahim/ros2_ws/build/arm_serial_bridge/prefix_override:/usr/lib/python3/dist-packages/colcon_core/task/python/colcon_distutils_commands:/home/ibrahim/ros2_ws/install/arm_serial_bridge/lib/python3.12/site-packages:${PYTHONPATH} /usr/bin/python3 -W ignore:setup.py install is deprecated -W ignore:easy_install command is deprecated setup.py egg_info --egg-base ../../build/arm_serial_bridge build --build-base /home/ibrahim/ros2_ws/build/arm_serial_bridge/build install --record /home/ibrahim/ros2_ws/build/arm_serial_bridge/install.log --single-version-externally-managed
[5.582s] Level 1:colcon.colcon_core.environment:checking '/home/ibrahim/ros2_ws/install/arm_serial_bridge' for CMake config files
[5.583s] Level 1:colcon.colcon_core.environment:checking '/home/ibrahim/ros2_ws/install/arm_serial_bridge/lib'
[5.584s] Level 1:colcon.colcon_core.environment:checking '/home/ibrahim/ros2_ws/install/arm_serial_bridge/bin'
[5.584s] Level 1:colcon.colcon_core.environment:checking '/home/ibrahim/ros2_ws/install/arm_serial_bridge/lib/pkgconfig/arm_serial_bridge.pc'
[5.584s] Level 1:colcon.colcon_core.environment:checking '/home/ibrahim/ros2_ws/install/arm_serial_bridge/lib/python3.12/site-packages'
[5.584s] Level 1:colcon.colcon_core.shell:create_environment_hook('arm_serial_bridge', 'pythonpath')
[5.584s] INFO:colcon.colcon_core.shell:Creating environment hook '/home/ibrahim/ros2_ws/install/arm_serial_bridge/share/arm_serial_bridge/hook/pythonpath.ps1'
[5.585s] INFO:colcon.colcon_core.shell:Creating environment descriptor '/home/ibrahim/ros2_ws/install/arm_serial_bridge/share/arm_serial_bridge/hook/pythonpath.dsv'
[5.585s] INFO:colcon.colcon_core.shell:Creating environment hook '/home/ibrahim/ros2_ws/install/arm_serial_bridge/share/arm_serial_bridge/hook/pythonpath.sh'
[5.586s] Level 1:colcon.colcon_core.environment:checking '/home/ibrahim/ros2_ws/install/arm_serial_bridge/bin'
[5.586s] Level 1:colcon.colcon_core.environment:create_environment_scripts_only(arm_serial_bridge)
[5.586s] INFO:colcon.colcon_core.shell:Creating package script '/home/ibrahim/ros2_ws/install/arm_serial_bridge/share/arm_serial_bridge/package.ps1'
[5.587s] INFO:colcon.colcon_core.shell:Creating package descriptor '/home/ibrahim/ros2_ws/install/arm_serial_bridge/share/arm_serial_bridge/package.dsv'
[5.588s] INFO:colcon.colcon_core.shell:Creating package script '/home/ibrahim/ros2_ws/install/arm_serial_bridge/share/arm_serial_bridge/package.sh'
[5.588s] INFO:colcon.colcon_core.shell:Creating package script '/home/ibrahim/ros2_ws/install/arm_serial_bridge/share/arm_serial_bridge/package.bash'
[5.589s] INFO:colcon.colcon_core.shell:Creating package script '/home/ibrahim/ros2_ws/install/arm_serial_bridge/share/arm_serial_bridge/package.zsh'
[5.589s] Level 1:colcon.colcon_core.environment:create_file_with_runtime_dependencies(/home/ibrahim/ros2_ws/install/arm_serial_bridge/share/colcon-core/packages/arm_serial_bridge)
[5.591s] INFO:colcon.colcon_ros.task.ament_cmake.build:Building ROS package in '/home/ibrahim/ros2_ws/src/mycobot_ros2/mycobot_mtc_demos' with build type 'ament_cmake'
[5.591s] INFO:colcon.colcon_cmake.task.cmake.build:Building CMake package in '/home/ibrahim/ros2_ws/src/mycobot_ros2/mycobot_mtc_demos'
[5.591s] INFO:colcon.colcon_core.shell:Skip shell extension 'powershell' for command environment: Not usable outside of PowerShell
[5.591s] DEBUG:colcon.colcon_core.shell:Skip shell extension 'dsv' for command environment
[5.710s] DEBUG:colcon.colcon_core.event_handler.log_command:Invoking command in '/home/ibrahim/ros2_ws/build/mycobot_mtc_demos': CMAKE_PREFIX_PATH=${CMAKE_PREFIX_PATH}:/home/ibrahim/ros2_ws/install/arm_serial_bridge:/opt/ros/jazzy DEBUGINFOD_URLS=https://debuginfod.ubuntu.com PS1=\[\e]0;\u@\h: \w\a\]${debian_chroot:+($debian_chroot)}\[\033[01;32m\]\u@\h\[\033[00m\]:\[\033[01;34m\]\w\[\033[00m\]\$ /usr/bin/cmake --build /home/ibrahim/ros2_ws/build/mycobot_mtc_demos -- -j4 -l4
[5.743s] DEBUG:colcon.colcon_core.event_handler.log_command:Invoked command in '/home/ibrahim/ros2_ws/build/mycobot_interfaces' returned '0': CMAKE_PREFIX_PATH=${CMAKE_PREFIX_PATH}:/home/ibrahim/ros2_ws/install/arm_serial_bridge:/opt/ros/jazzy DEBUGINFOD_URLS=https://debuginfod.ubuntu.com PS1=\[\e]0;\u@\h: \w\a\]${debian_chroot:+($debian_chroot)}\[\033[01;32m\]\u@\h\[\033[00m\]:\[\033[01;34m\]\w\[\033[00m\]\$ /usr/bin/cmake --build /home/ibrahim/ros2_ws/build/mycobot_interfaces -- -j4 -l4
[5.745s] DEBUG:colcon.colcon_core.event_handler.log_command:Invoking command in '/home/ibrahim/ros2_ws/build/mycobot_interfaces': CMAKE_PREFIX_PATH=${CMAKE_PREFIX_PATH}:/home/ibrahim/ros2_ws/install/arm_serial_bridge:/opt/ros/jazzy DEBUGINFOD_URLS=https://debuginfod.ubuntu.com PS1=\[\e]0;\u@\h: \w\a\]${debian_chroot:+($debian_chroot)}\[\033[01;32m\]\u@\h\[\033[00m\]:\[\033[01;34m\]\w\[\033[00m\]\$ /usr/bin/cmake --install /home/ibrahim/ros2_ws/build/mycobot_interfaces
[5.841s] Level 1:colcon.colcon_core.environment:create_environment_scripts_only(mycobot_interfaces)
[5.841s] Level 1:colcon.colcon_core.environment:checking '/home/ibrahim/ros2_ws/install/mycobot_interfaces' for CMake module files
[5.843s] DEBUG:colcon.colcon_core.event_handler.log_command:Invoked command in '/home/ibrahim/ros2_ws/build/mycobot_interfaces' returned '0': CMAKE_PREFIX_PATH=${CMAKE_PREFIX_PATH}:/home/ibrahim/ros2_ws/install/arm_serial_bridge:/opt/ros/jazzy DEBUGINFOD_URLS=https://debuginfod.ubuntu.com PS1=\[\e]0;\u@\h: \w\a\]${debian_chroot:+($debian_chroot)}\[\033[01;32m\]\u@\h\[\033[00m\]:\[\033[01;34m\]\w\[\033[00m\]\$ /usr/bin/cmake --install /home/ibrahim/ros2_ws/build/mycobot_interfaces
[5.844s] Level 1:colcon.colcon_core.environment:checking '/home/ibrahim/ros2_ws/install/mycobot_interfaces' for CMake config files
[5.844s] Level 1:colcon.colcon_core.shell:create_environment_hook('mycobot_interfaces', 'cmake_prefix_path')
[5.844s] INFO:colcon.colcon_core.shell:Creating environment hook '/home/ibrahim/ros2_ws/install/mycobot_interfaces/share/mycobot_interfaces/hook/cmake_prefix_path.ps1'
[5.845s] INFO:colcon.colcon_core.shell:Creating environment descriptor '/home/ibrahim/ros2_ws/install/mycobot_interfaces/share/mycobot_interfaces/hook/cmake_prefix_path.dsv'
[5.845s] INFO:colcon.colcon_core.shell:Creating environment hook '/home/ibrahim/ros2_ws/install/mycobot_interfaces/share/mycobot_interfaces/hook/cmake_prefix_path.sh'
[5.846s] Level 1:colcon.colcon_core.environment:checking '/home/ibrahim/ros2_ws/install/mycobot_interfaces/lib'
[5.846s] Level 1:colcon.colcon_core.shell:create_environment_hook('mycobot_interfaces', 'ld_library_path_lib')
[5.846s] INFO:colcon.colcon_core.shell:Creating environment hook '/home/ibrahim/ros2_ws/install/mycobot_interfaces/share/mycobot_interfaces/hook/ld_library_path_lib.ps1'
[5.846s] INFO:colcon.colcon_core.shell:Creating environment descriptor '/home/ibrahim/ros2_ws/install/mycobot_interfaces/share/mycobot_interfaces/hook/ld_library_path_lib.dsv'
[5.846s] INFO:colcon.colcon_core.shell:Creating environment hook '/home/ibrahim/ros2_ws/install/mycobot_interfaces/share/mycobot_interfaces/hook/ld_library_path_lib.sh'
[5.847s] Level 1:colcon.colcon_core.environment:checking '/home/ibrahim/ros2_ws/install/mycobot_interfaces/bin'
[5.847s] Level 1:colcon.colcon_core.environment:checking '/home/ibrahim/ros2_ws/install/mycobot_interfaces/lib/pkgconfig/mycobot_interfaces.pc'
[5.847s] Level 1:colcon.colcon_core.environment:checking '/home/ibrahim/ros2_ws/install/mycobot_interfaces/lib/python3.12/site-packages'
[5.847s] Level 1:colcon.colcon_core.shell:create_environment_hook('mycobot_interfaces', 'pythonpath')
[5.847s] INFO:colcon.colcon_core.shell:Creating environment hook '/home/ibrahim/ros2_ws/install/mycobot_interfaces/share/mycobot_interfaces/hook/pythonpath.ps1'
[5.848s] INFO:colcon.colcon_core.shell:Creating environment descriptor '/home/ibrahim/ros2_ws/install/mycobot_interfaces/share/mycobot_interfaces/hook/pythonpath.dsv'
[5.848s] INFO:colcon.colcon_core.shell:Creating environment hook '/home/ibrahim/ros2_ws/install/mycobot_interfaces/share/mycobot_interfaces/hook/pythonpath.sh'
[5.849s] Level 1:colcon.colcon_core.environment:checking '/home/ibrahim/ros2_ws/install/mycobot_interfaces/bin'
[5.849s] INFO:colcon.colcon_core.shell:Creating package script '/home/ibrahim/ros2_ws/install/mycobot_interfaces/share/mycobot_interfaces/package.ps1'
[5.849s] INFO:colcon.colcon_core.shell:Creating package descriptor '/home/ibrahim/ros2_ws/install/mycobot_interfaces/share/mycobot_interfaces/package.dsv'
[5.850s] INFO:colcon.colcon_core.shell:Creating package script '/home/ibrahim/ros2_ws/install/mycobot_interfaces/share/mycobot_interfaces/package.sh'
[5.850s] INFO:colcon.colcon_core.shell:Creating package script '/home/ibrahim/ros2_ws/install/mycobot_interfaces/share/mycobot_interfaces/package.bash'
[5.850s] INFO:colcon.colcon_core.shell:Creating package script '/home/ibrahim/ros2_ws/install/mycobot_interfaces/share/mycobot_interfaces/package.zsh'
[5.851s] Level 1:colcon.colcon_core.environment:create_file_with_runtime_dependencies(/home/ibrahim/ros2_ws/install/mycobot_interfaces/share/colcon-core/packages/mycobot_interfaces)
[5.851s] Level 1:colcon.colcon_core.environment:create_environment_scripts_only(mycobot_interfaces)
[5.851s] Level 1:colcon.colcon_core.environment:checking '/home/ibrahim/ros2_ws/install/mycobot_interfaces' for CMake module files
[5.852s] Level 1:colcon.colcon_core.environment:checking '/home/ibrahim/ros2_ws/install/mycobot_interfaces' for CMake config files
[5.852s] Level 1:colcon.colcon_core.shell:create_environment_hook('mycobot_interfaces', 'cmake_prefix_path')
[5.852s] INFO:colcon.colcon_core.shell:Creating environment hook '/home/ibrahim/ros2_ws/install/mycobot_interfaces/share/mycobot_interfaces/hook/cmake_prefix_path.ps1'
[6.208s] INFO:colcon.colcon_core.shell:Creating environment descriptor '/home/ibrahim/ros2_ws/install/mycobot_interfaces/share/mycobot_interfaces/hook/cmake_prefix_path.dsv'
[6.209s] INFO:colcon.colcon_core.shell:Creating environment hook '/home/ibrahim/ros2_ws/install/mycobot_interfaces/share/mycobot_interfaces/hook/cmake_prefix_path.sh'
[6.210s] Level 1:colcon.colcon_core.environment:checking '/home/ibrahim/ros2_ws/install/mycobot_interfaces/lib'
[6.210s] Level 1:colcon.colcon_core.shell:create_environment_hook('mycobot_interfaces', 'ld_library_path_lib')
[6.210s] INFO:colcon.colcon_core.shell:Creating environment hook '/home/ibrahim/ros2_ws/install/mycobot_interfaces/share/mycobot_interfaces/hook/ld_library_path_lib.ps1'
[6.213s] INFO:colcon.colcon_core.shell:Creating environment descriptor '/home/ibrahim/ros2_ws/install/mycobot_interfaces/share/mycobot_interfaces/hook/ld_library_path_lib.dsv'
[6.213s] INFO:colcon.colcon_core.shell:Creating environment hook '/home/ibrahim/ros2_ws/install/mycobot_interfaces/share/mycobot_interfaces/hook/ld_library_path_lib.sh'
[6.214s] Level 1:colcon.colcon_core.environment:checking '/home/ibrahim/ros2_ws/install/mycobot_interfaces/bin'
[6.215s] Level 1:colcon.colcon_core.environment:checking '/home/ibrahim/ros2_ws/install/mycobot_interfaces/lib/pkgconfig/mycobot_interfaces.pc'
[6.215s] Level 1:colcon.colcon_core.environment:checking '/home/ibrahim/ros2_ws/install/mycobot_interfaces/lib/python3.12/site-packages'
[6.215s] Level 1:colcon.colcon_core.shell:create_environment_hook('mycobot_interfaces', 'pythonpath')
[6.215s] INFO:colcon.colcon_core.shell:Creating environment hook '/home/ibrahim/ros2_ws/install/mycobot_interfaces/share/mycobot_interfaces/hook/pythonpath.ps1'
[6.217s] INFO:colcon.colcon_core.shell:Creating environment descriptor '/home/ibrahim/ros2_ws/install/mycobot_interfaces/share/mycobot_interfaces/hook/pythonpath.dsv'
[6.217s] INFO:colcon.colcon_core.shell:Creating environment hook '/home/ibrahim/ros2_ws/install/mycobot_interfaces/share/mycobot_interfaces/hook/pythonpath.sh'
[6.218s] Level 1:colcon.colcon_core.environment:checking '/home/ibrahim/ros2_ws/install/mycobot_interfaces/bin'
[6.219s] INFO:colcon.colcon_core.shell:Creating package script '/home/ibrahim/ros2_ws/install/mycobot_interfaces/share/mycobot_interfaces/package.ps1'
[6.220s] INFO:colcon.colcon_core.shell:Creating package descriptor '/home/ibrahim/ros2_ws/install/mycobot_interfaces/share/mycobot_interfaces/package.dsv'
[6.221s] INFO:colcon.colcon_core.shell:Creating package script '/home/ibrahim/ros2_ws/install/mycobot_interfaces/share/mycobot_interfaces/package.sh'
[6.224s] INFO:colcon.colcon_core.shell:Creating package script '/home/ibrahim/ros2_ws/install/mycobot_interfaces/share/mycobot_interfaces/package.bash'
[6.225s] INFO:colcon.colcon_core.shell:Creating package script '/home/ibrahim/ros2_ws/install/mycobot_interfaces/share/mycobot_interfaces/package.zsh'
[6.229s] Level 1:colcon.colcon_core.environment:create_file_with_runtime_dependencies(/home/ibrahim/ros2_ws/install/mycobot_interfaces/share/colcon-core/packages/mycobot_interfaces)
[6.230s] INFO:colcon.colcon_ros.task.ament_cmake.build:Building ROS package in '/home/ibrahim/ros2_ws/src/mycobot_ros2/mycobot_mtc_pick_place_demo' with build type 'ament_cmake'
[6.230s] INFO:colcon.colcon_cmake.task.cmake.build:Building CMake package in '/home/ibrahim/ros2_ws/src/mycobot_ros2/mycobot_mtc_pick_place_demo'
[6.230s] INFO:colcon.colcon_core.shell:Skip shell extension 'powershell' for command environment: Not usable outside of PowerShell
[6.230s] DEBUG:colcon.colcon_core.shell:Skip shell extension 'dsv' for command environment
[6.426s] DEBUG:colcon.colcon_core.event_handler.log_command:Invoking command in '/home/ibrahim/ros2_ws/build/mycobot_mtc_pick_place_demo': CMAKE_PREFIX_PATH=/home/ibrahim/ros2_ws/install/mycobot_interfaces:/home/ibrahim/ros2_ws/install/mycobot_ros2:/home/ibrahim/ros2_ws/install/mycobot_system_tests:/home/ibrahim/ros2_ws/install/mycobot_mtc_pick_place_demo:/home/ibrahim/ros2_ws/install/mycobot_mtc_demos:/home/ibrahim/ros2_ws/install/mycobot_moveit_demos:/home/ibrahim/ros2_ws/install/mycobot_moveit_config:/home/ibrahim/ros2_ws/install/mycobot_gazebo:/home/ibrahim/ros2_ws/install/mycobot_description:/home/ibrahim/ros2_ws/install/mycobot_bringup:/opt/ros/jazzy/opt/gz_sim_vendor:/opt/ros/jazzy/opt/gz_sensors_vendor:/opt/ros/jazzy/opt/gz_physics_vendor:/opt/ros/jazzy/opt/sdformat_vendor:/opt/ros/jazzy/opt/gz_gui_vendor:/opt/ros/jazzy/opt/gz_transport_vendor:/opt/ros/jazzy/opt/gz_rendering_vendor:/opt/ros/jazzy/opt/gz_plugin_vendor:/opt/ros/jazzy/opt/gz_fuel_tools_vendor:/opt/ros/jazzy/opt/gz_msgs_vendor:/opt/ros/jazzy/opt/gz_common_vendor:/opt/ros/jazzy/opt/gz_math_vendor:/opt/ros/jazzy/opt/gz_utils_vendor:/opt/ros/jazzy/opt/gz_tools_vendor:/opt/ros/jazzy/opt/gz_ogre_next_vendor:/opt/ros/jazzy/opt/gz_dartsim_vendor:/opt/ros/jazzy/opt/gz_cmake_vendor:/home/ibrahim/ros2_ws/install/arm_serial_bridge:/opt/ros/jazzy DEBUGINFOD_URLS=https://debuginfod.ubuntu.com LD_LIBRARY_PATH=/home/ibrahim/ros2_ws/install/mycobot_interfaces/lib:/home/ibrahim/ros2_ws/install/mycobot_mtc_pick_place_demo/lib:/opt/ros/jazzy/opt/gz_sim_vendor/lib:/opt/ros/jazzy/opt/gz_sensors_vendor/lib:/opt/ros/jazzy/opt/gz_physics_vendor/lib:/opt/ros/jazzy/opt/sdformat_vendor/lib:/opt/ros/jazzy/opt/rviz_ogre_vendor/lib:/opt/ros/jazzy/lib/x86_64-linux-gnu:/opt/ros/jazzy/opt/gz_gui_vendor/lib:/opt/ros/jazzy/opt/gz_transport_vendor/lib:/opt/ros/jazzy/opt/gz_rendering_vendor/lib:/opt/ros/jazzy/opt/gz_plugin_vendor/lib:/opt/ros/jazzy/opt/gz_fuel_tools_vendor/lib:/opt/ros/jazzy/opt/gz_msgs_vendor/lib:/opt/ros/jazzy/opt/gz_common_vendor/lib:/opt/ros/jazzy/opt/gz_math_vendor/lib:/opt/ros/jazzy/opt/gz_utils_vendor/lib:/opt/ros/jazzy/opt/gz_tools_vendor/lib:/opt/ros/jazzy/opt/gz_ogre_next_vendor/lib:/opt/ros/jazzy/opt/gz_dartsim_vendor/lib:/opt/ros/jazzy/opt/gz_cmake_vendor/lib:/opt/ros/jazzy/lib PS1=\[\e]0;\u@\h: \w\a\]${debian_chroot:+($debian_chroot)}\[\033[01;32m\]\u@\h\[\033[00m\]:\[\033[01;34m\]\w\[\033[00m\]\$ /usr/bin/cmake --build /home/ibrahim/ros2_ws/build/mycobot_mtc_pick_place_demo -- -j4 -l4
[6.593s] DEBUG:colcon.colcon_core.event_handler.log_command:Invoked command in '/home/ibrahim/ros2_ws/build/mycobot_gazebo' returned '0': CMAKE_PREFIX_PATH=${CMAKE_PREFIX_PATH}:/home/ibrahim/ros2_ws/install/arm_serial_bridge:/opt/ros/jazzy DEBUGINFOD_URLS=https://debuginfod.ubuntu.com PS1=\[\e]0;\u@\h: \w\a\]${debian_chroot:+($debian_chroot)}\[\033[01;32m\]\u@\h\[\033[00m\]:\[\033[01;34m\]\w\[\033[00m\]\$ /usr/bin/cmake --build /home/ibrahim/ros2_ws/build/mycobot_gazebo -- -j4 -l4
[6.607s] DEBUG:colcon.colcon_core.event_handler.log_command:Invoking command in '/home/ibrahim/ros2_ws/build/mycobot_gazebo': CMAKE_PREFIX_PATH=${CMAKE_PREFIX_PATH}:/home/ibrahim/ros2_ws/install/arm_serial_bridge:/opt/ros/jazzy DEBUGINFOD_URLS=https://debuginfod.ubuntu.com PS1=\[\e]0;\u@\h: \w\a\]${debian_chroot:+($debian_chroot)}\[\033[01;32m\]\u@\h\[\033[00m\]:\[\033[01;34m\]\w\[\033[00m\]\$ /usr/bin/cmake --install /home/ibrahim/ros2_ws/build/mycobot_gazebo
[9.296s] Level 1:colcon.colcon_core.environment:create_environment_scripts_only(mycobot_gazebo)
[9.296s] Level 1:colcon.colcon_core.environment:checking '/home/ibrahim/ros2_ws/install/mycobot_gazebo' for CMake module files
[9.298s] Level 1:colcon.colcon_core.environment:checking '/home/ibrahim/ros2_ws/install/mycobot_gazebo' for CMake config files
[9.296s] DEBUG:colcon.colcon_core.event_handler.log_command:Invoked command in '/home/ibrahim/ros2_ws/build/mycobot_gazebo' returned '0': CMAKE_PREFIX_PATH=${CMAKE_PREFIX_PATH}:/home/ibrahim/ros2_ws/install/arm_serial_bridge:/opt/ros/jazzy DEBUGINFOD_URLS=https://debuginfod.ubuntu.com PS1=\[\e]0;\u@\h: \w\a\]${debian_chroot:+($debian_chroot)}\[\033[01;32m\]\u@\h\[\033[00m\]:\[\033[01;34m\]\w\[\033[00m\]\$ /usr/bin/cmake --install /home/ibrahim/ros2_ws/build/mycobot_gazebo
[9.321s] Level 1:colcon.colcon_core.shell:create_environment_hook('mycobot_gazebo', 'cmake_prefix_path')
[9.321s] INFO:colcon.colcon_core.shell:Creating environment hook '/home/ibrahim/ros2_ws/install/mycobot_gazebo/share/mycobot_gazebo/hook/cmake_prefix_path.ps1'
[9.322s] INFO:colcon.colcon_core.shell:Creating environment descriptor '/home/ibrahim/ros2_ws/install/mycobot_gazebo/share/mycobot_gazebo/hook/cmake_prefix_path.dsv'
[9.323s] INFO:colcon.colcon_core.shell:Creating environment hook '/home/ibrahim/ros2_ws/install/mycobot_gazebo/share/mycobot_gazebo/hook/cmake_prefix_path.sh'
[9.324s] Level 1:colcon.colcon_core.environment:checking '/home/ibrahim/ros2_ws/install/mycobot_gazebo/bin'
[9.324s] Level 1:colcon.colcon_core.environment:checking '/home/ibrahim/ros2_ws/install/mycobot_gazebo/lib/pkgconfig/mycobot_gazebo.pc'
[9.325s] Level 1:colcon.colcon_core.environment:checking '/home/ibrahim/ros2_ws/install/mycobot_gazebo/lib/python3.12/site-packages'
[9.325s] Level 1:colcon.colcon_core.environment:checking '/home/ibrahim/ros2_ws/install/mycobot_gazebo/bin'
[9.325s] INFO:colcon.colcon_core.shell:Creating package script '/home/ibrahim/ros2_ws/install/mycobot_gazebo/share/mycobot_gazebo/package.ps1'
[9.326s] INFO:colcon.colcon_core.shell:Creating package descriptor '/home/ibrahim/ros2_ws/install/mycobot_gazebo/share/mycobot_gazebo/package.dsv'
[9.327s] INFO:colcon.colcon_core.shell:Creating package script '/home/ibrahim/ros2_ws/install/mycobot_gazebo/share/mycobot_gazebo/package.sh'
[9.328s] INFO:colcon.colcon_core.shell:Creating package script '/home/ibrahim/ros2_ws/install/mycobot_gazebo/share/mycobot_gazebo/package.bash'
[9.328s] INFO:colcon.colcon_core.shell:Creating package script '/home/ibrahim/ros2_ws/install/mycobot_gazebo/share/mycobot_gazebo/package.zsh'
[9.329s] Level 1:colcon.colcon_core.environment:create_file_with_runtime_dependencies(/home/ibrahim/ros2_ws/install/mycobot_gazebo/share/colcon-core/packages/mycobot_gazebo)
[9.330s] Level 1:colcon.colcon_core.environment:create_environment_scripts_only(mycobot_gazebo)
[9.330s] Level 1:colcon.colcon_core.environment:checking '/home/ibrahim/ros2_ws/install/mycobot_gazebo' for CMake module files
[9.331s] Level 1:colcon.colcon_core.environment:checking '/home/ibrahim/ros2_ws/install/mycobot_gazebo' for CMake config files
[9.336s] Level 1:colcon.colcon_core.shell:create_environment_hook('mycobot_gazebo', 'cmake_prefix_path')
[9.336s] INFO:colcon.colcon_core.shell:Creating environment hook '/home/ibrahim/ros2_ws/install/mycobot_gazebo/share/mycobot_gazebo/hook/cmake_prefix_path.ps1'
[9.337s] INFO:colcon.colcon_core.shell:Creating environment descriptor '/home/ibrahim/ros2_ws/install/mycobot_gazebo/share/mycobot_gazebo/hook/cmake_prefix_path.dsv'
[9.337s] INFO:colcon.colcon_core.shell:Creating environment hook '/home/ibrahim/ros2_ws/install/mycobot_gazebo/share/mycobot_gazebo/hook/cmake_prefix_path.sh'
[9.338s] Level 1:colcon.colcon_core.environment:checking '/home/ibrahim/ros2_ws/install/mycobot_gazebo/bin'
[9.338s] Level 1:colcon.colcon_core.environment:checking '/home/ibrahim/ros2_ws/install/mycobot_gazebo/lib/pkgconfig/mycobot_gazebo.pc'
[9.339s] Level 1:colcon.colcon_core.environment:checking '/home/ibrahim/ros2_ws/install/mycobot_gazebo/lib/python3.12/site-packages'
[9.339s] Level 1:colcon.colcon_core.environment:checking '/home/ibrahim/ros2_ws/install/mycobot_gazebo/bin'
[9.339s] INFO:colcon.colcon_core.shell:Creating package script '/home/ibrahim/ros2_ws/install/mycobot_gazebo/share/mycobot_gazebo/package.ps1'
[9.341s] INFO:colcon.colcon_core.shell:Creating package descriptor '/home/ibrahim/ros2_ws/install/mycobot_gazebo/share/mycobot_gazebo/package.dsv'
[9.342s] INFO:colcon.colcon_core.shell:Creating package script '/home/ibrahim/ros2_ws/install/mycobot_gazebo/share/mycobot_gazebo/package.sh'
[9.343s] INFO:colcon.colcon_core.shell:Creating package script '/home/ibrahim/ros2_ws/install/mycobot_gazebo/share/mycobot_gazebo/package.bash'
[9.343s] INFO:colcon.colcon_core.shell:Creating package script '/home/ibrahim/ros2_ws/install/mycobot_gazebo/share/mycobot_gazebo/package.zsh'
[9.344s] Level 1:colcon.colcon_core.environment:create_file_with_runtime_dependencies(/home/ibrahim/ros2_ws/install/mycobot_gazebo/share/colcon-core/packages/mycobot_gazebo)
[9.345s] INFO:colcon.colcon_ros.task.ament_cmake.build:Building ROS package in '/home/ibrahim/ros2_ws/src/mycobot_ros2/mycobot_ros2' with build type 'ament_cmake'
[9.345s] INFO:colcon.colcon_cmake.task.cmake.build:Building CMake package in '/home/ibrahim/ros2_ws/src/mycobot_ros2/mycobot_ros2'
[9.345s] INFO:colcon.colcon_core.shell:Skip shell extension 'powershell' for command environment: Not usable outside of PowerShell
[9.346s] DEBUG:colcon.colcon_core.shell:Skip shell extension 'dsv' for command environment
[9.540s] DEBUG:colcon.colcon_core.event_handler.log_command:Invoking command in '/home/ibrahim/ros2_ws/build/mycobot_ros2': CMAKE_PREFIX_PATH=/home/ibrahim/ros2_ws/install/mycobot_system_tests:/home/ibrahim/ros2_ws/install/mycobot_moveit_config:/home/ibrahim/ros2_ws/install/mycobot_gazebo:/home/ibrahim/ros2_ws/install/mycobot_description:/home/ibrahim/ros2_ws/install/mycobot_bringup:/home/ibrahim/ros2_ws/install/mycobot_ros2:/home/ibrahim/ros2_ws/install/mycobot_mtc_pick_place_demo:/home/ibrahim/ros2_ws/install/mycobot_mtc_demos:/home/ibrahim/ros2_ws/install/mycobot_moveit_demos:/home/ibrahim/ros2_ws/install/mycobot_interfaces:/opt/ros/jazzy/opt/gz_sim_vendor:/opt/ros/jazzy/opt/gz_sensors_vendor:/opt/ros/jazzy/opt/gz_physics_vendor:/opt/ros/jazzy/opt/sdformat_vendor:/opt/ros/jazzy/opt/gz_gui_vendor:/opt/ros/jazzy/opt/gz_transport_vendor:/opt/ros/jazzy/opt/gz_rendering_vendor:/opt/ros/jazzy/opt/gz_plugin_vendor:/opt/ros/jazzy/opt/gz_fuel_tools_vendor:/opt/ros/jazzy/opt/gz_msgs_vendor:/opt/ros/jazzy/opt/gz_common_vendor:/opt/ros/jazzy/opt/gz_math_vendor:/opt/ros/jazzy/opt/gz_utils_vendor:/opt/ros/jazzy/opt/gz_tools_vendor:/opt/ros/jazzy/opt/gz_ogre_next_vendor:/opt/ros/jazzy/opt/gz_dartsim_vendor:/opt/ros/jazzy/opt/gz_cmake_vendor:/home/ibrahim/ros2_ws/install/arm_serial_bridge:/opt/ros/jazzy DEBUGINFOD_URLS=https://debuginfod.ubuntu.com PS1=\[\e]0;\u@\h: \w\a\]${debian_chroot:+($debian_chroot)}\[\033[01;32m\]\u@\h\[\033[00m\]:\[\033[01;34m\]\w\[\033[00m\]\$ /usr/bin/cmake --build /home/ibrahim/ros2_ws/build/mycobot_ros2 -- -j4 -l4
[10.892s] DEBUG:colcon.colcon_core.event_handler.log_command:Invoked command in '/home/ibrahim/ros2_ws/build/mycobot_ros2' returned '0': CMAKE_PREFIX_PATH=/home/ibrahim/ros2_ws/install/mycobot_system_tests:/home/ibrahim/ros2_ws/install/mycobot_moveit_config:/home/ibrahim/ros2_ws/install/mycobot_gazebo:/home/ibrahim/ros2_ws/install/mycobot_description:/home/ibrahim/ros2_ws/install/mycobot_bringup:/home/ibrahim/ros2_ws/install/mycobot_ros2:/home/ibrahim/ros2_ws/install/mycobot_mtc_pick_place_demo:/home/ibrahim/ros2_ws/install/mycobot_mtc_demos:/home/ibrahim/ros2_ws/install/mycobot_moveit_demos:/home/ibrahim/ros2_ws/install/mycobot_interfaces:/opt/ros/jazzy/opt/gz_sim_vendor:/opt/ros/jazzy/opt/gz_sensors_vendor:/opt/ros/jazzy/opt/gz_physics_vendor:/opt/ros/jazzy/opt/sdformat_vendor:/opt/ros/jazzy/opt/gz_gui_vendor:/opt/ros/jazzy/opt/gz_transport_vendor:/opt/ros/jazzy/opt/gz_rendering_vendor:/opt/ros/jazzy/opt/gz_plugin_vendor:/opt/ros/jazzy/opt/gz_fuel_tools_vendor:/opt/ros/jazzy/opt/gz_msgs_vendor:/opt/ros/jazzy/opt/gz_common_vendor:/opt/ros/jazzy/opt/gz_math_vendor:/opt/ros/jazzy/opt/gz_utils_vendor:/opt/ros/jazzy/opt/gz_tools_vendor:/opt/ros/jazzy/opt/gz_ogre_next_vendor:/opt/ros/jazzy/opt/gz_dartsim_vendor:/opt/ros/jazzy/opt/gz_cmake_vendor:/home/ibrahim/ros2_ws/install/arm_serial_bridge:/opt/ros/jazzy DEBUGINFOD_URLS=https://debuginfod.ubuntu.com PS1=\[\e]0;\u@\h: \w\a\]${debian_chroot:+($debian_chroot)}\[\033[01;32m\]\u@\h\[\033[00m\]:\[\033[01;34m\]\w\[\033[00m\]\$ /usr/bin/cmake --build /home/ibrahim/ros2_ws/build/mycobot_ros2 -- -j4 -l4
[10.901s] DEBUG:colcon.colcon_core.event_handler.log_command:Invoking command in '/home/ibrahim/ros2_ws/build/mycobot_ros2': CMAKE_PREFIX_PATH=/home/ibrahim/ros2_ws/install/mycobot_system_tests:/home/ibrahim/ros2_ws/install/mycobot_moveit_config:/home/ibrahim/ros2_ws/install/mycobot_gazebo:/home/ibrahim/ros2_ws/install/mycobot_description:/home/ibrahim/ros2_ws/install/mycobot_bringup:/home/ibrahim/ros2_ws/install/mycobot_ros2:/home/ibrahim/ros2_ws/install/mycobot_mtc_pick_place_demo:/home/ibrahim/ros2_ws/install/mycobot_mtc_demos:/home/ibrahim/ros2_ws/install/mycobot_moveit_demos:/home/ibrahim/ros2_ws/install/mycobot_interfaces:/opt/ros/jazzy/opt/gz_sim_vendor:/opt/ros/jazzy/opt/gz_sensors_vendor:/opt/ros/jazzy/opt/gz_physics_vendor:/opt/ros/jazzy/opt/sdformat_vendor:/opt/ros/jazzy/opt/gz_gui_vendor:/opt/ros/jazzy/opt/gz_transport_vendor:/opt/ros/jazzy/opt/gz_rendering_vendor:/opt/ros/jazzy/opt/gz_plugin_vendor:/opt/ros/jazzy/opt/gz_fuel_tools_vendor:/opt/ros/jazzy/opt/gz_msgs_vendor:/opt/ros/jazzy/opt/gz_common_vendor:/opt/ros/jazzy/opt/gz_math_vendor:/opt/ros/jazzy/opt/gz_utils_vendor:/opt/ros/jazzy/opt/gz_tools_vendor:/opt/ros/jazzy/opt/gz_ogre_next_vendor:/opt/ros/jazzy/opt/gz_dartsim_vendor:/opt/ros/jazzy/opt/gz_cmake_vendor:/home/ibrahim/ros2_ws/install/arm_serial_bridge:/opt/ros/jazzy DEBUGINFOD_URLS=https://debuginfod.ubuntu.com PS1=\[\e]0;\u@\h: \w\a\]${debian_chroot:+($debian_chroot)}\[\033[01;32m\]\u@\h\[\033[00m\]:\[\033[01;34m\]\w\[\033[00m\]\$ /usr/bin/cmake --install /home/ibrahim/ros2_ws/build/mycobot_ros2
[10.918s] Level 1:colcon.colcon_core.environment:create_environment_scripts_only(mycobot_ros2)
[10.918s] Level 1:colcon.colcon_core.environment:checking '/home/ibrahim/ros2_ws/install/mycobot_ros2' for CMake module files
[10.919s] Level 1:colcon.colcon_core.environment:checking '/home/ibrahim/ros2_ws/install/mycobot_ros2' for CMake config files
[10.920s] DEBUG:colcon.colcon_core.event_handler.log_command:Invoked command in '/home/ibrahim/ros2_ws/build/mycobot_ros2' returned '0': CMAKE_PREFIX_PATH=/home/ibrahim/ros2_ws/install/mycobot_system_tests:/home/ibrahim/ros2_ws/install/mycobot_moveit_config:/home/ibrahim/ros2_ws/install/mycobot_gazebo:/home/ibrahim/ros2_ws/install/mycobot_description:/home/ibrahim/ros2_ws/install/mycobot_bringup:/home/ibrahim/ros2_ws/install/mycobot_ros2:/home/ibrahim/ros2_ws/install/mycobot_mtc_pick_place_demo:/home/ibrahim/ros2_ws/install/mycobot_mtc_demos:/home/ibrahim/ros2_ws/install/mycobot_moveit_demos:/home/ibrahim/ros2_ws/install/mycobot_interfaces:/opt/ros/jazzy/opt/gz_sim_vendor:/opt/ros/jazzy/opt/gz_sensors_vendor:/opt/ros/jazzy/opt/gz_physics_vendor:/opt/ros/jazzy/opt/sdformat_vendor:/opt/ros/jazzy/opt/gz_gui_vendor:/opt/ros/jazzy/opt/gz_transport_vendor:/opt/ros/jazzy/opt/gz_rendering_vendor:/opt/ros/jazzy/opt/gz_plugin_vendor:/opt/ros/jazzy/opt/gz_fuel_tools_vendor:/opt/ros/jazzy/opt/gz_msgs_vendor:/opt/ros/jazzy/opt/gz_common_vendor:/opt/ros/jazzy/opt/gz_math_vendor:/opt/ros/jazzy/opt/gz_utils_vendor:/opt/ros/jazzy/opt/gz_tools_vendor:/opt/ros/jazzy/opt/gz_ogre_next_vendor:/opt/ros/jazzy/opt/gz_dartsim_vendor:/opt/ros/jazzy/opt/gz_cmake_vendor:/home/ibrahim/ros2_ws/install/arm_serial_bridge:/opt/ros/jazzy DEBUGINFOD_URLS=https://debuginfod.ubuntu.com PS1=\[\e]0;\u@\h: \w\a\]${debian_chroot:+($debian_chroot)}\[\033[01;32m\]\u@\h\[\033[00m\]:\[\033[01;34m\]\w\[\033[00m\]\$ /usr/bin/cmake --install /home/ibrahim/ros2_ws/build/mycobot_ros2
[10.968s] Level 1:colcon.colcon_core.shell:create_environment_hook('mycobot_ros2', 'cmake_prefix_path')
[10.968s] INFO:colcon.colcon_core.shell:Creating environment hook '/home/ibrahim/ros2_ws/install/mycobot_ros2/share/mycobot_ros2/hook/cmake_prefix_path.ps1'
[10.969s] INFO:colcon.colcon_core.shell:Creating environment descriptor '/home/ibrahim/ros2_ws/install/mycobot_ros2/share/mycobot_ros2/hook/cmake_prefix_path.dsv'
[10.969s] INFO:colcon.colcon_core.shell:Creating environment hook '/home/ibrahim/ros2_ws/install/mycobot_ros2/share/mycobot_ros2/hook/cmake_prefix_path.sh'
[10.970s] Level 1:colcon.colcon_core.environment:checking '/home/ibrahim/ros2_ws/install/mycobot_ros2/bin'
[10.970s] Level 1:colcon.colcon_core.environment:checking '/home/ibrahim/ros2_ws/install/mycobot_ros2/lib/pkgconfig/mycobot_ros2.pc'
[10.971s] Level 1:colcon.colcon_core.environment:checking '/home/ibrahim/ros2_ws/install/mycobot_ros2/lib/python3.12/site-packages'
[10.971s] Level 1:colcon.colcon_core.environment:checking '/home/ibrahim/ros2_ws/install/mycobot_ros2/bin'
[10.971s] INFO:colcon.colcon_core.shell:Creating package script '/home/ibrahim/ros2_ws/install/mycobot_ros2/share/mycobot_ros2/package.ps1'
[10.972s] INFO:colcon.colcon_core.shell:Creating package descriptor '/home/ibrahim/ros2_ws/install/mycobot_ros2/share/mycobot_ros2/package.dsv'
[10.973s] INFO:colcon.colcon_core.shell:Creating package script '/home/ibrahim/ros2_ws/install/mycobot_ros2/share/mycobot_ros2/package.sh'
[10.973s] INFO:colcon.colcon_core.shell:Creating package script '/home/ibrahim/ros2_ws/install/mycobot_ros2/share/mycobot_ros2/package.bash'
[10.974s] INFO:colcon.colcon_core.shell:Creating package script '/home/ibrahim/ros2_ws/install/mycobot_ros2/share/mycobot_ros2/package.zsh'
[10.975s] Level 1:colcon.colcon_core.environment:create_file_with_runtime_dependencies(/home/ibrahim/ros2_ws/install/mycobot_ros2/share/colcon-core/packages/mycobot_ros2)
[10.976s] Level 1:colcon.colcon_core.environment:create_environment_scripts_only(mycobot_ros2)
[10.976s] Level 1:colcon.colcon_core.environment:checking '/home/ibrahim/ros2_ws/install/mycobot_ros2' for CMake module files
[10.977s] Level 1:colcon.colcon_core.environment:checking '/home/ibrahim/ros2_ws/install/mycobot_ros2' for CMake config files
[10.977s] Level 1:colcon.colcon_core.shell:create_environment_hook('mycobot_ros2', 'cmake_prefix_path')
[10.977s] INFO:colcon.colcon_core.shell:Creating environment hook '/home/ibrahim/ros2_ws/install/mycobot_ros2/share/mycobot_ros2/hook/cmake_prefix_path.ps1'
[10.978s] INFO:colcon.colcon_core.shell:Creating environment descriptor '/home/ibrahim/ros2_ws/install/mycobot_ros2/share/mycobot_ros2/hook/cmake_prefix_path.dsv'
[10.981s] INFO:colcon.colcon_core.shell:Creating environment hook '/home/ibrahim/ros2_ws/install/mycobot_ros2/share/mycobot_ros2/hook/cmake_prefix_path.sh'
[10.982s] Level 1:colcon.colcon_core.environment:checking '/home/ibrahim/ros2_ws/install/mycobot_ros2/bin'
[10.982s] Level 1:colcon.colcon_core.environment:checking '/home/ibrahim/ros2_ws/install/mycobot_ros2/lib/pkgconfig/mycobot_ros2.pc'
[10.982s] Level 1:colcon.colcon_core.environment:checking '/home/ibrahim/ros2_ws/install/mycobot_ros2/lib/python3.12/site-packages'
[10.983s] Level 1:colcon.colcon_core.environment:checking '/home/ibrahim/ros2_ws/install/mycobot_ros2/bin'
[10.983s] INFO:colcon.colcon_core.shell:Creating package script '/home/ibrahim/ros2_ws/install/mycobot_ros2/share/mycobot_ros2/package.ps1'
[10.984s] INFO:colcon.colcon_core.shell:Creating package descriptor '/home/ibrahim/ros2_ws/install/mycobot_ros2/share/mycobot_ros2/package.dsv'
[11.021s] INFO:colcon.colcon_core.shell:Creating package script '/home/ibrahim/ros2_ws/install/mycobot_ros2/share/mycobot_ros2/package.sh'
[11.022s] INFO:colcon.colcon_core.shell:Creating package script '/home/ibrahim/ros2_ws/install/mycobot_ros2/share/mycobot_ros2/package.bash'
[11.029s] INFO:colcon.colcon_core.shell:Creating package script '/home/ibrahim/ros2_ws/install/mycobot_ros2/share/mycobot_ros2/package.zsh'
[11.033s] Level 1:colcon.colcon_core.environment:create_file_with_runtime_dependencies(/home/ibrahim/ros2_ws/install/mycobot_ros2/share/colcon-core/packages/mycobot_ros2)
[44.951s] DEBUG:colcon.colcon_core.event_handler.log_command:Invoked command in '/home/ibrahim/ros2_ws/build/mycobot_moveit_demos' returned '0': CMAKE_PREFIX_PATH=${CMAKE_PREFIX_PATH}:/home/ibrahim/ros2_ws/install/arm_serial_bridge:/opt/ros/jazzy DEBUGINFOD_URLS=https://debuginfod.ubuntu.com PS1=\[\e]0;\u@\h: \w\a\]${debian_chroot:+($debian_chroot)}\[\033[01;32m\]\u@\h\[\033[00m\]:\[\033[01;34m\]\w\[\033[00m\]\$ /usr/bin/cmake --build /home/ibrahim/ros2_ws/build/mycobot_moveit_demos -- -j4 -l4
[45.066s] DEBUG:colcon.colcon_core.event_handler.log_command:Invoking command in '/home/ibrahim/ros2_ws/build/mycobot_moveit_demos': CMAKE_PREFIX_PATH=${CMAKE_PREFIX_PATH}:/home/ibrahim/ros2_ws/install/arm_serial_bridge:/opt/ros/jazzy DEBUGINFOD_URLS=https://debuginfod.ubuntu.com PS1=\[\e]0;\u@\h: \w\a\]${debian_chroot:+($debian_chroot)}\[\033[01;32m\]\u@\h\[\033[00m\]:\[\033[01;34m\]\w\[\033[00m\]\$ /usr/bin/cmake --install /home/ibrahim/ros2_ws/build/mycobot_moveit_demos
[45.335s] Level 1:colcon.colcon_core.environment:create_environment_scripts_only(mycobot_moveit_demos)
[45.336s] DEBUG:colcon.colcon_core.event_handler.log_command:Invoked command in '/home/ibrahim/ros2_ws/build/mycobot_moveit_demos' returned '0': CMAKE_PREFIX_PATH=${CMAKE_PREFIX_PATH}:/home/ibrahim/ros2_ws/install/arm_serial_bridge:/opt/ros/jazzy DEBUGINFOD_URLS=https://debuginfod.ubuntu.com PS1=\[\e]0;\u@\h: \w\a\]${debian_chroot:+($debian_chroot)}\[\033[01;32m\]\u@\h\[\033[00m\]:\[\033[01;34m\]\w\[\033[00m\]\$ /usr/bin/cmake --install /home/ibrahim/ros2_ws/build/mycobot_moveit_demos
[45.336s] Level 1:colcon.colcon_core.environment:checking '/home/ibrahim/ros2_ws/install/mycobot_moveit_demos' for CMake module files
[45.366s] Level 1:colcon.colcon_core.environment:checking '/home/ibrahim/ros2_ws/install/mycobot_moveit_demos' for CMake config files
[45.443s] Level 1:colcon.colcon_core.shell:create_environment_hook('mycobot_moveit_demos', 'cmake_prefix_path')
[45.443s] INFO:colcon.colcon_core.shell:Creating environment hook '/home/ibrahim/ros2_ws/install/mycobot_moveit_demos/share/mycobot_moveit_demos/hook/cmake_prefix_path.ps1'
[45.462s] INFO:colcon.colcon_core.shell:Creating environment descriptor '/home/ibrahim/ros2_ws/install/mycobot_moveit_demos/share/mycobot_moveit_demos/hook/cmake_prefix_path.dsv'
[45.497s] INFO:colcon.colcon_core.shell:Creating environment hook '/home/ibrahim/ros2_ws/install/mycobot_moveit_demos/share/mycobot_moveit_demos/hook/cmake_prefix_path.sh'
[45.518s] Level 1:colcon.colcon_core.environment:checking '/home/ibrahim/ros2_ws/install/mycobot_moveit_demos/lib'
[45.518s] Level 1:colcon.colcon_core.environment:checking '/home/ibrahim/ros2_ws/install/mycobot_moveit_demos/bin'
[45.518s] Level 1:colcon.colcon_core.environment:checking '/home/ibrahim/ros2_ws/install/mycobot_moveit_demos/lib/pkgconfig/mycobot_moveit_demos.pc'
[45.519s] Level 1:colcon.colcon_core.environment:checking '/home/ibrahim/ros2_ws/install/mycobot_moveit_demos/lib/python3.12/site-packages'
[45.519s] Level 1:colcon.colcon_core.environment:checking '/home/ibrahim/ros2_ws/install/mycobot_moveit_demos/bin'
[45.519s] INFO:colcon.colcon_core.shell:Creating package script '/home/ibrahim/ros2_ws/install/mycobot_moveit_demos/share/mycobot_moveit_demos/package.ps1'
[45.554s] INFO:colcon.colcon_core.shell:Creating package descriptor '/home/ibrahim/ros2_ws/install/mycobot_moveit_demos/share/mycobot_moveit_demos/package.dsv'
[45.556s] INFO:colcon.colcon_core.shell:Creating package script '/home/ibrahim/ros2_ws/install/mycobot_moveit_demos/share/mycobot_moveit_demos/package.sh'
[45.564s] INFO:colcon.colcon_core.shell:Creating package script '/home/ibrahim/ros2_ws/install/mycobot_moveit_demos/share/mycobot_moveit_demos/package.bash'
[45.589s] INFO:colcon.colcon_core.shell:Creating package script '/home/ibrahim/ros2_ws/install/mycobot_moveit_demos/share/mycobot_moveit_demos/package.zsh'
[45.601s] Level 1:colcon.colcon_core.environment:create_file_with_runtime_dependencies(/home/ibrahim/ros2_ws/install/mycobot_moveit_demos/share/colcon-core/packages/mycobot_moveit_demos)
[45.602s] Level 1:colcon.colcon_core.environment:create_environment_scripts_only(mycobot_moveit_demos)
[45.602s] Level 1:colcon.colcon_core.environment:checking '/home/ibrahim/ros2_ws/install/mycobot_moveit_demos' for CMake module files
[45.603s] Level 1:colcon.colcon_core.environment:checking '/home/ibrahim/ros2_ws/install/mycobot_moveit_demos' for CMake config files
[45.603s] Level 1:colcon.colcon_core.shell:create_environment_hook('mycobot_moveit_demos', 'cmake_prefix_path')
[45.603s] INFO:colcon.colcon_core.shell:Creating environment hook '/home/ibrahim/ros2_ws/install/mycobot_moveit_demos/share/mycobot_moveit_demos/hook/cmake_prefix_path.ps1'
[45.603s] INFO:colcon.colcon_core.shell:Creating environment descriptor '/home/ibrahim/ros2_ws/install/mycobot_moveit_demos/share/mycobot_moveit_demos/hook/cmake_prefix_path.dsv'
[45.605s] INFO:colcon.colcon_core.shell:Creating environment hook '/home/ibrahim/ros2_ws/install/mycobot_moveit_demos/share/mycobot_moveit_demos/hook/cmake_prefix_path.sh'
[45.606s] Level 1:colcon.colcon_core.environment:checking '/home/ibrahim/ros2_ws/install/mycobot_moveit_demos/lib'
[45.606s] Level 1:colcon.colcon_core.environment:checking '/home/ibrahim/ros2_ws/install/mycobot_moveit_demos/bin'
[45.606s] Level 1:colcon.colcon_core.environment:checking '/home/ibrahim/ros2_ws/install/mycobot_moveit_demos/lib/pkgconfig/mycobot_moveit_demos.pc'
[45.607s] Level 1:colcon.colcon_core.environment:checking '/home/ibrahim/ros2_ws/install/mycobot_moveit_demos/lib/python3.12/site-packages'
[45.607s] Level 1:colcon.colcon_core.environment:checking '/home/ibrahim/ros2_ws/install/mycobot_moveit_demos/bin'
[45.607s] INFO:colcon.colcon_core.shell:Creating package script '/home/ibrahim/ros2_ws/install/mycobot_moveit_demos/share/mycobot_moveit_demos/package.ps1'
[45.608s] INFO:colcon.colcon_core.shell:Creating package descriptor '/home/ibrahim/ros2_ws/install/mycobot_moveit_demos/share/mycobot_moveit_demos/package.dsv'
[45.610s] INFO:colcon.colcon_core.shell:Creating package script '/home/ibrahim/ros2_ws/install/mycobot_moveit_demos/share/mycobot_moveit_demos/package.sh'
[45.611s] INFO:colcon.colcon_core.shell:Creating package script '/home/ibrahim/ros2_ws/install/mycobot_moveit_demos/share/mycobot_moveit_demos/package.bash'
[45.611s] INFO:colcon.colcon_core.shell:Creating package script '/home/ibrahim/ros2_ws/install/mycobot_moveit_demos/share/mycobot_moveit_demos/package.zsh'
[45.612s] Level 1:colcon.colcon_core.environment:create_file_with_runtime_dependencies(/home/ibrahim/ros2_ws/install/mycobot_moveit_demos/share/colcon-core/packages/mycobot_moveit_demos)
[70.061s] DEBUG:colcon.colcon_core.event_handler.log_command:Invoked command in '/home/ibrahim/ros2_ws/build/mycobot_mtc_demos' returned '0': CMAKE_PREFIX_PATH=${CMAKE_PREFIX_PATH}:/home/ibrahim/ros2_ws/install/arm_serial_bridge:/opt/ros/jazzy DEBUGINFOD_URLS=https://debuginfod.ubuntu.com PS1=\[\e]0;\u@\h: \w\a\]${debian_chroot:+($debian_chroot)}\[\033[01;32m\]\u@\h\[\033[00m\]:\[\033[01;34m\]\w\[\033[00m\]\$ /usr/bin/cmake --build /home/ibrahim/ros2_ws/build/mycobot_mtc_demos -- -j4 -l4
[70.072s] DEBUG:colcon.colcon_core.event_handler.log_command:Invoking command in '/home/ibrahim/ros2_ws/build/mycobot_mtc_demos': CMAKE_PREFIX_PATH=${CMAKE_PREFIX_PATH}:/home/ibrahim/ros2_ws/install/arm_serial_bridge:/opt/ros/jazzy DEBUGINFOD_URLS=https://debuginfod.ubuntu.com PS1=\[\e]0;\u@\h: \w\a\]${debian_chroot:+($debian_chroot)}\[\033[01;32m\]\u@\h\[\033[00m\]:\[\033[01;34m\]\w\[\033[00m\]\$ /usr/bin/cmake --install /home/ibrahim/ros2_ws/build/mycobot_mtc_demos
[70.521s] Level 1:colcon.colcon_core.environment:create_environment_scripts_only(mycobot_mtc_demos)
[70.522s] Level 1:colcon.colcon_core.environment:checking '/home/ibrahim/ros2_ws/install/mycobot_mtc_demos' for CMake module files
[70.523s] Level 1:colcon.colcon_core.environment:checking '/home/ibrahim/ros2_ws/install/mycobot_mtc_demos' for CMake config files
[70.522s] DEBUG:colcon.colcon_core.event_handler.log_command:Invoked command in '/home/ibrahim/ros2_ws/build/mycobot_mtc_demos' returned '0': CMAKE_PREFIX_PATH=${CMAKE_PREFIX_PATH}:/home/ibrahim/ros2_ws/install/arm_serial_bridge:/opt/ros/jazzy DEBUGINFOD_URLS=https://debuginfod.ubuntu.com PS1=\[\e]0;\u@\h: \w\a\]${debian_chroot:+($debian_chroot)}\[\033[01;32m\]\u@\h\[\033[00m\]:\[\033[01;34m\]\w\[\033[00m\]\$ /usr/bin/cmake --install /home/ibrahim/ros2_ws/build/mycobot_mtc_demos
[70.540s] Level 1:colcon.colcon_core.shell:create_environment_hook('mycobot_mtc_demos', 'cmake_prefix_path')
[70.541s] INFO:colcon.colcon_core.shell:Creating environment hook '/home/ibrahim/ros2_ws/install/mycobot_mtc_demos/share/mycobot_mtc_demos/hook/cmake_prefix_path.ps1'
[70.541s] INFO:colcon.colcon_core.shell:Creating environment descriptor '/home/ibrahim/ros2_ws/install/mycobot_mtc_demos/share/mycobot_mtc_demos/hook/cmake_prefix_path.dsv'
[70.542s] INFO:colcon.colcon_core.shell:Creating environment hook '/home/ibrahim/ros2_ws/install/mycobot_mtc_demos/share/mycobot_mtc_demos/hook/cmake_prefix_path.sh'
[70.543s] Level 1:colcon.colcon_core.environment:checking '/home/ibrahim/ros2_ws/install/mycobot_mtc_demos/lib'
[70.543s] Level 1:colcon.colcon_core.environment:checking '/home/ibrahim/ros2_ws/install/mycobot_mtc_demos/bin'
[70.543s] Level 1:colcon.colcon_core.environment:checking '/home/ibrahim/ros2_ws/install/mycobot_mtc_demos/lib/pkgconfig/mycobot_mtc_demos.pc'
[70.543s] Level 1:colcon.colcon_core.environment:checking '/home/ibrahim/ros2_ws/install/mycobot_mtc_demos/lib/python3.12/site-packages'
[70.544s] Level 1:colcon.colcon_core.environment:checking '/home/ibrahim/ros2_ws/install/mycobot_mtc_demos/bin'
[70.545s] INFO:colcon.colcon_core.shell:Creating package script '/home/ibrahim/ros2_ws/install/mycobot_mtc_demos/share/mycobot_mtc_demos/package.ps1'
[70.546s] INFO:colcon.colcon_core.shell:Creating package descriptor '/home/ibrahim/ros2_ws/install/mycobot_mtc_demos/share/mycobot_mtc_demos/package.dsv'
[70.546s] INFO:colcon.colcon_core.shell:Creating package script '/home/ibrahim/ros2_ws/install/mycobot_mtc_demos/share/mycobot_mtc_demos/package.sh'
[70.547s] INFO:colcon.colcon_core.shell:Creating package script '/home/ibrahim/ros2_ws/install/mycobot_mtc_demos/share/mycobot_mtc_demos/package.bash'
[70.548s] INFO:colcon.colcon_core.shell:Creating package script '/home/ibrahim/ros2_ws/install/mycobot_mtc_demos/share/mycobot_mtc_demos/package.zsh'
[70.548s] Level 1:colcon.colcon_core.environment:create_file_with_runtime_dependencies(/home/ibrahim/ros2_ws/install/mycobot_mtc_demos/share/colcon-core/packages/mycobot_mtc_demos)
[70.549s] Level 1:colcon.colcon_core.environment:create_environment_scripts_only(mycobot_mtc_demos)
[70.550s] Level 1:colcon.colcon_core.environment:checking '/home/ibrahim/ros2_ws/install/mycobot_mtc_demos' for CMake module files
[70.550s] Level 1:colcon.colcon_core.environment:checking '/home/ibrahim/ros2_ws/install/mycobot_mtc_demos' for CMake config files
[70.551s] Level 1:colcon.colcon_core.shell:create_environment_hook('mycobot_mtc_demos', 'cmake_prefix_path')
[70.551s] INFO:colcon.colcon_core.shell:Creating environment hook '/home/ibrahim/ros2_ws/install/mycobot_mtc_demos/share/mycobot_mtc_demos/hook/cmake_prefix_path.ps1'
[70.552s] INFO:colcon.colcon_core.shell:Creating environment descriptor '/home/ibrahim/ros2_ws/install/mycobot_mtc_demos/share/mycobot_mtc_demos/hook/cmake_prefix_path.dsv'
[70.552s] INFO:colcon.colcon_core.shell:Creating environment hook '/home/ibrahim/ros2_ws/install/mycobot_mtc_demos/share/mycobot_mtc_demos/hook/cmake_prefix_path.sh'
[70.553s] Level 1:colcon.colcon_core.environment:checking '/home/ibrahim/ros2_ws/install/mycobot_mtc_demos/lib'
[70.553s] Level 1:colcon.colcon_core.environment:checking '/home/ibrahim/ros2_ws/install/mycobot_mtc_demos/bin'
[70.553s] Level 1:colcon.colcon_core.environment:checking '/home/ibrahim/ros2_ws/install/mycobot_mtc_demos/lib/pkgconfig/mycobot_mtc_demos.pc'
[70.554s] Level 1:colcon.colcon_core.environment:checking '/home/ibrahim/ros2_ws/install/mycobot_mtc_demos/lib/python3.12/site-packages'
[70.554s] Level 1:colcon.colcon_core.environment:checking '/home/ibrahim/ros2_ws/install/mycobot_mtc_demos/bin'
[70.555s] INFO:colcon.colcon_core.shell:Creating package script '/home/ibrahim/ros2_ws/install/mycobot_mtc_demos/share/mycobot_mtc_demos/package.ps1'
[70.556s] INFO:colcon.colcon_core.shell:Creating package descriptor '/home/ibrahim/ros2_ws/install/mycobot_mtc_demos/share/mycobot_mtc_demos/package.dsv'
[70.557s] INFO:colcon.colcon_core.shell:Creating package script '/home/ibrahim/ros2_ws/install/mycobot_mtc_demos/share/mycobot_mtc_demos/package.sh'
[70.557s] INFO:colcon.colcon_core.shell:Creating package script '/home/ibrahim/ros2_ws/install/mycobot_mtc_demos/share/mycobot_mtc_demos/package.bash'
[70.558s] INFO:colcon.colcon_core.shell:Creating package script '/home/ibrahim/ros2_ws/install/mycobot_mtc_demos/share/mycobot_mtc_demos/package.zsh'
[70.559s] Level 1:colcon.colcon_core.environment:create_file_with_runtime_dependencies(/home/ibrahim/ros2_ws/install/mycobot_mtc_demos/share/colcon-core/packages/mycobot_mtc_demos)
[194.413s] Level 1:colcon.colcon_core.environment:create_environment_scripts_only(mycobot_mtc_pick_place_demo)
[194.414s] Level 1:colcon.colcon_core.environment:checking '/home/ibrahim/ros2_ws/install/mycobot_mtc_pick_place_demo' for CMake module files
[194.428s] ERROR:colcon.colcon_core.event_reactor:Exception in event handler extension 'log': [Errno 28] No space left on device [log/build_2026-04-27_01-20-12/mycobot_mtc_pick_place_demo/command.log]
[194.429s] DEBUG:colcon.colcon_core.event_handler.log_command:Invoked command in '/home/ibrahim/ros2_ws/build/mycobot_mtc_pick_place_demo' returned '2': CMAKE_PREFIX_PATH=/home/ibrahim/ros2_ws/install/mycobot_interfaces:/home/ibrahim/ros2_ws/install/mycobot_ros2:/home/ibrahim/ros2_ws/install/mycobot_system_tests:/home/ibrahim/ros2_ws/install/mycobot_mtc_pick_place_demo:/home/ibrahim/ros2_ws/install/mycobot_mtc_demos:/home/ibrahim/ros2_ws/install/mycobot_moveit_demos:/home/ibrahim/ros2_ws/install/mycobot_moveit_config:/home/ibrahim/ros2_ws/install/mycobot_gazebo:/home/ibrahim/ros2_ws/install/mycobot_description:/home/ibrahim/ros2_ws/install/mycobot_bringup:/opt/ros/jazzy/opt/gz_sim_vendor:/opt/ros/jazzy/opt/gz_sensors_vendor:/opt/ros/jazzy/opt/gz_physics_vendor:/opt/ros/jazzy/opt/sdformat_vendor:/opt/ros/jazzy/opt/gz_gui_vendor:/opt/ros/jazzy/opt/gz_transport_vendor:/opt/ros/jazzy/opt/gz_rendering_vendor:/opt/ros/jazzy/opt/gz_plugin_vendor:/opt/ros/jazzy/opt/gz_fuel_tools_vendor:/opt/ros/jazzy/opt/gz_msgs_vendor:/opt/ros/jazzy/opt/gz_common_vendor:/opt/ros/jazzy/opt/gz_math_vendor:/opt/ros/jazzy/opt/gz_utils_vendor:/opt/ros/jazzy/opt/gz_tools_vendor:/opt/ros/jazzy/opt/gz_ogre_next_vendor:/opt/ros/jazzy/opt/gz_dartsim_vendor:/opt/ros/jazzy/opt/gz_cmake_vendor:/home/ibrahim/ros2_ws/install/arm_serial_bridge:/opt/ros/jazzy DEBUGINFOD_URLS=https://debuginfod.ubuntu.com LD_LIBRARY_PATH=/home/ibrahim/ros2_ws/install/mycobot_interfaces/lib:/home/ibrahim/ros2_ws/install/mycobot_mtc_pick_place_demo/lib:/opt/ros/jazzy/opt/gz_sim_vendor/lib:/opt/ros/jazzy/opt/gz_sensors_vendor/lib:/opt/ros/jazzy/opt/gz_physics_vendor/lib:/opt/ros/jazzy/opt/sdformat_vendor/lib:/opt/ros/jazzy/opt/rviz_ogre_vendor/lib:/opt/ros/jazzy/lib/x86_64-linux-gnu:/opt/ros/jazzy/opt/gz_gui_vendor/lib:/opt/ros/jazzy/opt/gz_transport_vendor/lib:/opt/ros/jazzy/opt/gz_rendering_vendor/lib:/opt/ros/jazzy/opt/gz_plugin_vendor/lib:/opt/ros/jazzy/opt/gz_fuel_tools_vendor/lib:/opt/ros/jazzy/opt/gz_msgs_vendor/lib:/opt/ros/jazzy/opt/gz_common_vendor/lib:/opt/ros/jazzy/opt/gz_math_vendor/lib:/opt/ros/jazzy/opt/gz_utils_vendor/lib:/opt/ros/jazzy/opt/gz_tools_vendor/lib:/opt/ros/jazzy/opt/gz_ogre_next_vendor/lib:/opt/ros/jazzy/opt/gz_dartsim_vendor/lib:/opt/ros/jazzy/opt/gz_cmake_vendor/lib:/opt/ros/jazzy/lib PS1=\[\e]0;\u@\h: \w\a\]${debian_chroot:+($debian_chroot)}\[\033[01;32m\]\u@\h\[\033[00m\]:\[\033[01;34m\]\w\[\033[00m\]\$ /usr/bin/cmake --build /home/ibrahim/ros2_ws/build/mycobot_mtc_pick_place_demo -- -j4 -l4
[194.671s] Level 1:colcon.colcon_core.environment:checking '/home/ibrahim/ros2_ws/install/mycobot_mtc_pick_place_demo' for CMake config files
[194.986s] Level 1:colcon.colcon_core.shell:create_environment_hook('mycobot_mtc_pick_place_demo', 'cmake_prefix_path')
[194.986s] INFO:colcon.colcon_core.shell:Creating environment hook '/home/ibrahim/ros2_ws/install/mycobot_mtc_pick_place_demo/share/mycobot_mtc_pick_place_demo/hook/cmake_prefix_path.ps1'
[195.868s] ERROR:colcon.colcon_core.shell:Exception in shell extension 'powershell': [Errno 28] No space left on device
OSError: [Errno 28] No space left on device

During handling of the above exception, another exception occurred:

Traceback (most recent call last):
  File "/usr/lib/python3/dist-packages/colcon_core/shell/__init__.py", line 461, in create_environment_hook
    hook = extension.create_hook_prepend_value(
           ^^^^^^^^^^^^^^^^^^^^^^^^^^^^^^^^^^^^
  File "/usr/lib/python3/dist-packages/colcon_powershell/shell/powershell.py", line 148, in create_hook_prepend_value
    expand_template(
  File "/usr/lib/python3/dist-packages/colcon_core/shell/template/__init__.py", line 68, in expand_template
    with destination_path.open('w') as h:
OSError: [Errno 28] No space left on device

[196.475s] INFO:colcon.colcon_core.shell:Creating environment descriptor '/home/ibrahim/ros2_ws/install/mycobot_mtc_pick_place_demo/share/mycobot_mtc_pick_place_demo/hook/cmake_prefix_path.dsv'
[196.480s] INFO:colcon.colcon_core.shell:Creating environment hook '/home/ibrahim/ros2_ws/install/mycobot_mtc_pick_place_demo/share/mycobot_mtc_pick_place_demo/hook/cmake_prefix_path.sh'
[196.482s] Level 1:colcon.colcon_core.environment:checking '/home/ibrahim/ros2_ws/install/mycobot_mtc_pick_place_demo/lib'
[196.482s] Level 1:colcon.colcon_core.shell:create_environment_hook('mycobot_mtc_pick_place_demo', 'ld_library_path_lib')
[196.482s] INFO:colcon.colcon_core.shell:Creating environment hook '/home/ibrahim/ros2_ws/install/mycobot_mtc_pick_place_demo/share/mycobot_mtc_pick_place_demo/hook/ld_library_path_lib.ps1'
[196.483s] INFO:colcon.colcon_core.shell:Creating environment descriptor '/home/ibrahim/ros2_ws/install/mycobot_mtc_pick_place_demo/share/mycobot_mtc_pick_place_demo/hook/ld_library_path_lib.dsv'
[196.483s] INFO:colcon.colcon_core.shell:Creating environment hook '/home/ibrahim/ros2_ws/install/mycobot_mtc_pick_place_demo/share/mycobot_mtc_pick_place_demo/hook/ld_library_path_lib.sh'
[196.484s] Level 1:colcon.colcon_core.environment:checking '/home/ibrahim/ros2_ws/install/mycobot_mtc_pick_place_demo/bin'
[196.484s] Level 1:colcon.colcon_core.environment:checking '/home/ibrahim/ros2_ws/install/mycobot_mtc_pick_place_demo/lib/pkgconfig/mycobot_mtc_pick_place_demo.pc'
[196.485s] Level 1:colcon.colcon_core.environment:checking '/home/ibrahim/ros2_ws/install/mycobot_mtc_pick_place_demo/lib/python3.12/site-packages'
[196.488s] Level 1:colcon.colcon_core.environment:checking '/home/ibrahim/ros2_ws/install/mycobot_mtc_pick_place_demo/bin'
[196.488s] INFO:colcon.colcon_core.shell:Creating package script '/home/ibrahim/ros2_ws/install/mycobot_mtc_pick_place_demo/share/mycobot_mtc_pick_place_demo/package.ps1'
[196.489s] INFO:colcon.colcon_core.shell:Creating package descriptor '/home/ibrahim/ros2_ws/install/mycobot_mtc_pick_place_demo/share/mycobot_mtc_pick_place_demo/package.dsv'
[196.491s] INFO:colcon.colcon_core.shell:Creating package script '/home/ibrahim/ros2_ws/install/mycobot_mtc_pick_place_demo/share/mycobot_mtc_pick_place_demo/package.sh'
[196.492s] INFO:colcon.colcon_core.shell:Creating package script '/home/ibrahim/ros2_ws/install/mycobot_mtc_pick_place_demo/share/mycobot_mtc_pick_place_demo/package.bash'
[196.492s] INFO:colcon.colcon_core.shell:Creating package script '/home/ibrahim/ros2_ws/install/mycobot_mtc_pick_place_demo/share/mycobot_mtc_pick_place_demo/package.zsh'
[196.495s] Level 1:colcon.colcon_core.environment:create_file_with_runtime_dependencies(/home/ibrahim/ros2_ws/install/mycobot_mtc_pick_place_demo/share/colcon-core/packages/mycobot_mtc_pick_place_demo)
[196.507s] DEBUG:colcon.colcon_parallel_executor.executor.parallel:closing loop
[196.509s] DEBUG:colcon.colcon_parallel_executor.executor.parallel:loop closed
[196.509s] DEBUG:colcon.colcon_parallel_executor.executor.parallel:run_until_complete finished with '2'
[196.509s] DEBUG:colcon.colcon_core.event_reactor:joining thread
[196.660s] INFO:colcon.colcon_core.plugin_system:Skipping extension 'colcon_notification.desktop_notification.terminal_notifier': Not used on non-Darwin systems
[196.660s] INFO:colcon.colcon_core.plugin_system:Skipping extension 'colcon_notification.desktop_notification.win32': Not used on non-Windows systems
[196.660s] INFO:colcon.colcon_notification.desktop_notification:Sending desktop notification using 'notify2'
[196.683s] DEBUG:colcon.colcon_core.event_reactor:joined thread
[196.683s] INFO:colcon.colcon_core.shell:Creating prefix script '/home/ibrahim/ros2_ws/install/local_setup.ps1'
[196.686s] INFO:colcon.colcon_core.shell:Creating prefix util module '/home/ibrahim/ros2_ws/install/_local_setup_util_ps1.py'
[196.696s] INFO:colcon.colcon_core.shell:Creating prefix chain script '/home/ibrahim/ros2_ws/install/setup.ps1'
[196.728s] INFO:colcon.colcon_core.shell:Creating prefix script '/home/ibrahim/ros2_ws/install/local_setup.sh'
[196.750s] INFO:colcon.colcon_core.shell:Creating prefix util module '/home/ibrahim/ros2_ws/install/_local_setup_util_sh.py'
[196.751s] INFO:colcon.colcon_core.shell:Creating prefix chain script '/home/ibrahim/ros2_ws/install/setup.sh'
[196.768s] INFO:colcon.colcon_core.shell:Creating prefix script '/home/ibrahim/ros2_ws/install/local_setup.bash'
[196.820s] INFO:colcon.colcon_core.shell:Creating prefix chain script '/home/ibrahim/ros2_ws/install/setup.bash'
[196.847s] INFO:colcon.colcon_core.shell:Creating prefix script '/home/ibrahim/ros2_ws/install/local_setup.zsh'
[196.851s] INFO:colcon.colcon_core.shell:Creating prefix chain script '/home/ibrahim/ros2_ws/install/setup.zsh'
