[0.214s] Invoking command in '/home/ibrahim/ros2_ws/build/mycobot_gazebo': CMAKE_PREFIX_PATH=${CMAKE_PREFIX_PATH}:/home/ibrahim/ros2_ws/install/arm_serial_bridge:/opt/ros/jazzy DEBUGINFOD_URLS=https://debuginfod.ubuntu.com /usr/bin/cmake --build /home/ibrahim/ros2_ws/build/mycobot_gazebo -- -j4 -l4
[1.986s] Invoked command in '/home/ibrahim/ros2_ws/build/mycobot_gazebo' returned '0': CMAKE_PREFIX_PATH=${CMAKE_PREFIX_PATH}:/home/ibrahim/ros2_ws/install/arm_serial_bridge:/opt/ros/jazzy DEBUGINFOD_URLS=https://debuginfod.ubuntu.com /usr/bin/cmake --build /home/ibrahim/ros2_ws/build/mycobot_gazebo -- -j4 -l4
[2.026s] Invoking command in '/home/ibrahim/ros2_ws/build/mycobot_gazebo': CMAKE_PREFIX_PATH=${CMAKE_PREFIX_PATH}:/home/ibrahim/ros2_ws/install/arm_serial_bridge:/opt/ros/jazzy DEBUGINFOD_URLS=https://debuginfod.ubuntu.com /usr/bin/cmake --install /home/ibrahim/ros2_ws/build/mycobot_gazebo
[2.045s] -- Install configuration: ""
[2.083s] -- Up-to-date: /home/ibrahim/ros2_ws/install/mycobot_gazebo/share/mycobot_gazebo/config
[2.113s] -- Up-to-date: /home/ibrahim/ros2_ws/install/mycobot_gazebo/share/mycobot_gazebo/config/ros_gz_bridge.yaml
[2.137s] -- Up-to-date: /home/ibrahim/ros2_ws/install/mycobot_gazebo/share/mycobot_gazebo/launch
[2.155s] -- Up-to-date: /home/ibrahim/ros2_ws/install/mycobot_gazebo/share/mycobot_gazebo/launch/mycobot.gazebo.launch.py
[2.155s] -- Up-to-date: /home/ibrahim/ros2_ws/install/mycobot_gazebo/share/mycobot_gazebo/models
[2.169s] -- Up-to-date: /home/ibrahim/ros2_ws/install/mycobot_gazebo/share/mycobot_gazebo/models/aws_robomaker_residential_KitchenUtensils_01
[2.189s] -- Up-to-date: /home/ibrahim/ros2_ws/install/mycobot_gazebo/share/mycobot_gazebo/models/aws_robomaker_residential_KitchenUtensils_01/model.sdf
[2.189s] -- Up-to-date: /home/ibrahim/ros2_ws/install/mycobot_gazebo/share/mycobot_gazebo/models/aws_robomaker_residential_KitchenUtensils_01/materials
[2.190s] -- Up-to-date: /home/ibrahim/ros2_ws/install/mycobot_gazebo/share/mycobot_gazebo/models/aws_robomaker_residential_KitchenUtensils_01/materials/textures
[2.209s] -- Up-to-date: /home/ibrahim/ros2_ws/install/mycobot_gazebo/share/mycobot_gazebo/models/aws_robomaker_residential_KitchenUtensils_01/materials/textures/aws_KitchenUtensils_01.png
[2.214s] -- Up-to-date: /home/ibrahim/ros2_ws/install/mycobot_gazebo/share/mycobot_gazebo/models/aws_robomaker_residential_KitchenUtensils_01/meshes
[2.215s] -- Up-to-date: /home/ibrahim/ros2_ws/install/mycobot_gazebo/share/mycobot_gazebo/models/aws_robomaker_residential_KitchenUtensils_01/meshes/aws_KitchenUtensils_01_visual.DAE
[2.215s] -- Up-to-date: /home/ibrahim/ros2_ws/install/mycobot_gazebo/share/mycobot_gazebo/models/aws_robomaker_residential_KitchenUtensils_01/meshes/aws_KitchenUtensils_01_collision.DAE
[2.215s] -- Up-to-date: /home/ibrahim/ros2_ws/install/mycobot_gazebo/share/mycobot_gazebo/models/aws_robomaker_residential_KitchenUtensils_01/model.config
[2.215s] -- Up-to-date: /home/ibrahim/ros2_ws/install/mycobot_gazebo/share/mycobot_gazebo/models/aws_robomaker_warehouse_GroundB_01
[2.243s] -- Up-to-date: /home/ibrahim/ros2_ws/install/mycobot_gazebo/share/mycobot_gazebo/models/aws_robomaker_warehouse_GroundB_01/model.sdf
[2.243s] -- Up-to-date: /home/ibrahim/ros2_ws/install/mycobot_gazebo/share/mycobot_gazebo/models/aws_robomaker_warehouse_GroundB_01/materials
[2.251s] -- Up-to-date: /home/ibrahim/ros2_ws/install/mycobot_gazebo/share/mycobot_gazebo/models/aws_robomaker_warehouse_GroundB_01/materials/textures
[2.267s] -- Up-to-date: /home/ibrahim/ros2_ws/install/mycobot_gazebo/share/mycobot_gazebo/models/aws_robomaker_warehouse_GroundB_01/materials/textures/aws_robomaker_warehouse_GroundB_02.png
[2.267s] -- Up-to-date: /home/ibrahim/ros2_ws/install/mycobot_gazebo/share/mycobot_gazebo/models/aws_robomaker_warehouse_GroundB_01/materials/textures/aws_robomaker_warehouse_GroundB_01.png
[2.267s] -- Up-to-date: /home/ibrahim/ros2_ws/install/mycobot_gazebo/share/mycobot_gazebo/models/aws_robomaker_warehouse_GroundB_01/meshes
[2.288s] -- Up-to-date: /home/ibrahim/ros2_ws/install/mycobot_gazebo/share/mycobot_gazebo/models/aws_robomaker_warehouse_GroundB_01/meshes/aws_robomaker_warehouse_GroundB_01_visual.DAE
[2.288s] -- Up-to-date: /home/ibrahim/ros2_ws/install/mycobot_gazebo/share/mycobot_gazebo/models/aws_robomaker_warehouse_GroundB_01/meshes/aws_robomaker_warehouse_GroundB_01_collision.DAE
[2.288s] -- Up-to-date: /home/ibrahim/ros2_ws/install/mycobot_gazebo/share/mycobot_gazebo/models/aws_robomaker_warehouse_GroundB_01/model.config
[2.288s] -- Up-to-date: /home/ibrahim/ros2_ws/install/mycobot_gazebo/share/mycobot_gazebo/models/aws_robomaker_residential_CookingBench_01
[2.319s] -- Up-to-date: /home/ibrahim/ros2_ws/install/mycobot_gazebo/share/mycobot_gazebo/models/aws_robomaker_residential_CookingBench_01/model.sdf
[2.320s] -- Up-to-date: /home/ibrahim/ros2_ws/install/mycobot_gazebo/share/mycobot_gazebo/models/aws_robomaker_residential_CookingBench_01/materials
[2.331s] -- Up-to-date: /home/ibrahim/ros2_ws/install/mycobot_gazebo/share/mycobot_gazebo/models/aws_robomaker_residential_CookingBench_01/materials/textures
[2.359s] -- Up-to-date: /home/ibrahim/ros2_ws/install/mycobot_gazebo/share/mycobot_gazebo/models/aws_robomaker_residential_CookingBench_01/materials/textures/aws_CookingBench_01.png
[2.359s] -- Up-to-date: /home/ibrahim/ros2_ws/install/mycobot_gazebo/share/mycobot_gazebo/models/aws_robomaker_residential_CookingBench_01/meshes
[2.379s] -- Up-to-date: /home/ibrahim/ros2_ws/install/mycobot_gazebo/share/mycobot_gazebo/models/aws_robomaker_residential_CookingBench_01/meshes/aws_CookingBench_01_visual.DAE
[2.380s] -- Up-to-date: /home/ibrahim/ros2_ws/install/mycobot_gazebo/share/mycobot_gazebo/models/aws_robomaker_residential_CookingBench_01/meshes/aws_CookingBench_01_collision.DAE
[2.380s] -- Up-to-date: /home/ibrahim/ros2_ws/install/mycobot_gazebo/share/mycobot_gazebo/models/aws_robomaker_residential_CookingBench_01/meshes/aws_CookingBench_01.DAE
[2.380s] -- Up-to-date: /home/ibrahim/ros2_ws/install/mycobot_gazebo/share/mycobot_gazebo/models/aws_robomaker_residential_CookingBench_01/model.config
[2.380s] -- Up-to-date: /home/ibrahim/ros2_ws/install/mycobot_gazebo/share/mycobot_gazebo/models/aws_robomaker_warehouse_ShelfF_01
[2.402s] -- Up-to-date: /home/ibrahim/ros2_ws/install/mycobot_gazebo/share/mycobot_gazebo/models/aws_robomaker_warehouse_ShelfF_01/model.sdf
[2.402s] -- Up-to-date: /home/ibrahim/ros2_ws/install/mycobot_gazebo/share/mycobot_gazebo/models/aws_robomaker_warehouse_ShelfF_01/materials
[2.422s] -- Up-to-date: /home/ibrahim/ros2_ws/install/mycobot_gazebo/share/mycobot_gazebo/models/aws_robomaker_warehouse_ShelfF_01/materials/textures
[2.436s] -- Up-to-date: /home/ibrahim/ros2_ws/install/mycobot_gazebo/share/mycobot_gazebo/models/aws_robomaker_warehouse_ShelfF_01/materials/textures/aws_robomaker_warehouse_ShelfF_03.png
[2.436s] -- Up-to-date: /home/ibrahim/ros2_ws/install/mycobot_gazebo/share/mycobot_gazebo/models/aws_robomaker_warehouse_ShelfF_01/materials/textures/aws_robomaker_warehouse_ShelfF_01.png
[2.436s] -- Up-to-date: /home/ibrahim/ros2_ws/install/mycobot_gazebo/share/mycobot_gazebo/models/aws_robomaker_warehouse_ShelfF_01/materials/textures/aws_robomaker_warehouse_ShelfF_02.png
[2.437s] -- Up-to-date: /home/ibrahim/ros2_ws/install/mycobot_gazebo/share/mycobot_gazebo/models/aws_robomaker_warehouse_ShelfF_01/meshes
[2.449s] -- Up-to-date: /home/ibrahim/ros2_ws/install/mycobot_gazebo/share/mycobot_gazebo/models/aws_robomaker_warehouse_ShelfF_01/meshes/aws_robomaker_warehouse_ShelfF_01_collision.DAE
[2.450s] -- Up-to-date: /home/ibrahim/ros2_ws/install/mycobot_gazebo/share/mycobot_gazebo/models/aws_robomaker_warehouse_ShelfF_01/meshes/aws_robomaker_warehouse_ShelfF_01_visual.DAE
[2.450s] -- Up-to-date: /home/ibrahim/ros2_ws/install/mycobot_gazebo/share/mycobot_gazebo/models/aws_robomaker_warehouse_ShelfF_01/model.config
[2.450s] -- Up-to-date: /home/ibrahim/ros2_ws/install/mycobot_gazebo/share/mycobot_gazebo/models/aws_robomaker_warehouse_Lamp_01
[2.464s] -- Up-to-date: /home/ibrahim/ros2_ws/install/mycobot_gazebo/share/mycobot_gazebo/models/aws_robomaker_warehouse_Lamp_01/model.sdf
[2.464s] -- Up-to-date: /home/ibrahim/ros2_ws/install/mycobot_gazebo/share/mycobot_gazebo/models/aws_robomaker_warehouse_Lamp_01/materials
[2.464s] -- Up-to-date: /home/ibrahim/ros2_ws/install/mycobot_gazebo/share/mycobot_gazebo/models/aws_robomaker_warehouse_Lamp_01/materials/textures
[2.491s] -- Up-to-date: /home/ibrahim/ros2_ws/install/mycobot_gazebo/share/mycobot_gazebo/models/aws_robomaker_warehouse_Lamp_01/materials/textures/aws_robomaker_warehouse_Lamp_01.png
[2.491s] -- Up-to-date: /home/ibrahim/ros2_ws/install/mycobot_gazebo/share/mycobot_gazebo/models/aws_robomaker_warehouse_Lamp_01/meshes
[2.493s] -- Up-to-date: /home/ibrahim/ros2_ws/install/mycobot_gazebo/share/mycobot_gazebo/models/aws_robomaker_warehouse_Lamp_01/meshes/aws_robomaker_warehouse_Lamp_01_collision.DAE
[2.493s] -- Up-to-date: /home/ibrahim/ros2_ws/install/mycobot_gazebo/share/mycobot_gazebo/models/aws_robomaker_warehouse_Lamp_01/meshes/aws_robomaker_warehouse_Lamp_01_visual.DAE
[2.493s] -- Up-to-date: /home/ibrahim/ros2_ws/install/mycobot_gazebo/share/mycobot_gazebo/models/aws_robomaker_warehouse_Lamp_01/model.config
[2.494s] -- Up-to-date: /home/ibrahim/ros2_ws/install/mycobot_gazebo/share/mycobot_gazebo/models/aws_robomaker_residential_Trash_01
[2.513s] -- Up-to-date: /home/ibrahim/ros2_ws/install/mycobot_gazebo/share/mycobot_gazebo/models/aws_robomaker_residential_Trash_01/model.sdf
[2.513s] -- Up-to-date: /home/ibrahim/ros2_ws/install/mycobot_gazebo/share/mycobot_gazebo/models/aws_robomaker_residential_Trash_01/materials
[2.540s] -- Up-to-date: /home/ibrahim/ros2_ws/install/mycobot_gazebo/share/mycobot_gazebo/models/aws_robomaker_residential_Trash_01/materials/textures
[2.547s] -- Up-to-date: /home/ibrahim/ros2_ws/install/mycobot_gazebo/share/mycobot_gazebo/models/aws_robomaker_residential_Trash_01/materials/textures/aws_Trash_01.png
[2.548s] -- Up-to-date: /home/ibrahim/ros2_ws/install/mycobot_gazebo/share/mycobot_gazebo/models/aws_robomaker_residential_Trash_01/meshes
[2.557s] -- Up-to-date: /home/ibrahim/ros2_ws/install/mycobot_gazebo/share/mycobot_gazebo/models/aws_robomaker_residential_Trash_01/meshes/aws_Trash_01_visual.DAE
[2.557s] -- Up-to-date: /home/ibrahim/ros2_ws/install/mycobot_gazebo/share/mycobot_gazebo/models/aws_robomaker_residential_Trash_01/meshes/aws_Trash_01_collision.DAE
[2.557s] -- Up-to-date: /home/ibrahim/ros2_ws/install/mycobot_gazebo/share/mycobot_gazebo/models/aws_robomaker_residential_Trash_01/model.config
[2.557s] -- Up-to-date: /home/ibrahim/ros2_ws/install/mycobot_gazebo/share/mycobot_gazebo/models/coke_can
[2.590s] -- Up-to-date: /home/ibrahim/ros2_ws/install/mycobot_gazebo/share/mycobot_gazebo/models/coke_can/model.sdf
[2.590s] -- Up-to-date: /home/ibrahim/ros2_ws/install/mycobot_gazebo/share/mycobot_gazebo/models/coke_can/materials
[2.592s] -- Up-to-date: /home/ibrahim/ros2_ws/install/mycobot_gazebo/share/mycobot_gazebo/models/coke_can/materials/textures
[2.608s] -- Up-to-date: /home/ibrahim/ros2_ws/install/mycobot_gazebo/share/mycobot_gazebo/models/coke_can/materials/textures/coke_can.png
[2.608s] -- Up-to-date: /home/ibrahim/ros2_ws/install/mycobot_gazebo/share/mycobot_gazebo/models/coke_can/model-1_3.sdf
[2.608s] -- Up-to-date: /home/ibrahim/ros2_ws/install/mycobot_gazebo/share/mycobot_gazebo/models/coke_can/model-1_2.sdf
[2.608s] -- Up-to-date: /home/ibrahim/ros2_ws/install/mycobot_gazebo/share/mycobot_gazebo/models/coke_can/model-1_4.sdf
[2.608s] -- Up-to-date: /home/ibrahim/ros2_ws/install/mycobot_gazebo/share/mycobot_gazebo/models/coke_can/meshes
[2.627s] -- Up-to-date: /home/ibrahim/ros2_ws/install/mycobot_gazebo/share/mycobot_gazebo/models/coke_can/meshes/coke_can.dae
[2.629s] -- Up-to-date: /home/ibrahim/ros2_ws/install/mycobot_gazebo/share/mycobot_gazebo/models/coke_can/model.config
[2.629s] -- Up-to-date: /home/ibrahim/ros2_ws/install/mycobot_gazebo/share/mycobot_gazebo/models/aws_robomaker_warehouse_ShelfD_01
[2.631s] -- Up-to-date: /home/ibrahim/ros2_ws/install/mycobot_gazebo/share/mycobot_gazebo/models/aws_robomaker_warehouse_ShelfD_01/model.sdf
[2.631s] -- Up-to-date: /home/ibrahim/ros2_ws/install/mycobot_gazebo/share/mycobot_gazebo/models/aws_robomaker_warehouse_ShelfD_01/materials
[2.655s] -- Up-to-date: /home/ibrahim/ros2_ws/install/mycobot_gazebo/share/mycobot_gazebo/models/aws_robomaker_warehouse_ShelfD_01/materials/textures
[2.697s] -- Up-to-date: /home/ibrahim/ros2_ws/install/mycobot_gazebo/share/mycobot_gazebo/models/aws_robomaker_warehouse_ShelfD_01/materials/textures/aws_robomaker_warehouse_ShelfD_03.png
[2.698s] -- Up-to-date: /home/ibrahim/ros2_ws/install/mycobot_gazebo/share/mycobot_gazebo/models/aws_robomaker_warehouse_ShelfD_01/materials/textures/aws_robomaker_warehouse_ShelfD_01.png
[2.698s] -- Up-to-date: /home/ibrahim/ros2_ws/install/mycobot_gazebo/share/mycobot_gazebo/models/aws_robomaker_warehouse_ShelfD_01/materials/textures/aws_robomaker_warehouse_ShelfD_04.png
[2.700s] -- Up-to-date: /home/ibrahim/ros2_ws/install/mycobot_gazebo/share/mycobot_gazebo/models/aws_robomaker_warehouse_ShelfD_01/materials/textures/aws_robomaker_warehouse_ShelfD_02.png
[2.702s] -- Up-to-date: /home/ibrahim/ros2_ws/install/mycobot_gazebo/share/mycobot_gazebo/models/aws_robomaker_warehouse_ShelfD_01/meshes
[2.728s] -- Up-to-date: /home/ibrahim/ros2_ws/install/mycobot_gazebo/share/mycobot_gazebo/models/aws_robomaker_warehouse_ShelfD_01/meshes/aws_robomaker_warehouse_ShelfD_01_collision.DAE
[2.728s] -- Up-to-date: /home/ibrahim/ros2_ws/install/mycobot_gazebo/share/mycobot_gazebo/models/aws_robomaker_warehouse_ShelfD_01/meshes/aws_robomaker_warehouse_ShelfD_01_visual.DAE
[2.728s] -- Up-to-date: /home/ibrahim/ros2_ws/install/mycobot_gazebo/share/mycobot_gazebo/models/aws_robomaker_warehouse_ShelfD_01/model.config
[2.729s] -- Up-to-date: /home/ibrahim/ros2_ws/install/mycobot_gazebo/share/mycobot_gazebo/models/aws_robomaker_residential_RoomWall_01
[2.760s] -- Up-to-date: /home/ibrahim/ros2_ws/install/mycobot_gazebo/share/mycobot_gazebo/models/aws_robomaker_residential_RoomWall_01/model.sdf
[2.760s] -- Up-to-date: /home/ibrahim/ros2_ws/install/mycobot_gazebo/share/mycobot_gazebo/models/aws_robomaker_residential_RoomWall_01/materials
[2.784s] -- Up-to-date: /home/ibrahim/ros2_ws/install/mycobot_gazebo/share/mycobot_gazebo/models/aws_robomaker_residential_RoomWall_01/materials/textures
[2.796s] -- Up-to-date: /home/ibrahim/ros2_ws/install/mycobot_gazebo/share/mycobot_gazebo/models/aws_robomaker_residential_RoomWall_01/materials/textures/aws_RoomWall_01.png
[2.797s] -- Up-to-date: /home/ibrahim/ros2_ws/install/mycobot_gazebo/share/mycobot_gazebo/models/aws_robomaker_residential_RoomWall_01/meshes
[2.810s] -- Up-to-date: /home/ibrahim/ros2_ws/install/mycobot_gazebo/share/mycobot_gazebo/models/aws_robomaker_residential_RoomWall_01/meshes/aws_RoomWall_01_visual.DAE
[2.810s] -- Up-to-date: /home/ibrahim/ros2_ws/install/mycobot_gazebo/share/mycobot_gazebo/models/aws_robomaker_residential_RoomWall_01/meshes/aws_RoomWall_01_collision.DAE
[2.811s] -- Up-to-date: /home/ibrahim/ros2_ws/install/mycobot_gazebo/share/mycobot_gazebo/models/aws_robomaker_residential_RoomWall_01/model.config
[2.811s] -- Up-to-date: /home/ibrahim/ros2_ws/install/mycobot_gazebo/share/mycobot_gazebo/models/brown_table
[2.813s] -- Up-to-date: /home/ibrahim/ros2_ws/install/mycobot_gazebo/share/mycobot_gazebo/models/brown_table/model.sdf
[2.814s] -- Up-to-date: /home/ibrahim/ros2_ws/install/mycobot_gazebo/share/mycobot_gazebo/models/brown_table/model.config
[2.817s] -- Up-to-date: /home/ibrahim/ros2_ws/install/mycobot_gazebo/share/mycobot_gazebo/models/aws_robomaker_residential_FloorB_01
[2.839s] -- Up-to-date: /home/ibrahim/ros2_ws/install/mycobot_gazebo/share/mycobot_gazebo/models/aws_robomaker_residential_FloorB_01/model.sdf
[2.840s] -- Up-to-date: /home/ibrahim/ros2_ws/install/mycobot_gazebo/share/mycobot_gazebo/models/aws_robomaker_residential_FloorB_01/materials
[2.870s] -- Up-to-date: /home/ibrahim/ros2_ws/install/mycobot_gazebo/share/mycobot_gazebo/models/aws_robomaker_residential_FloorB_01/materials/textures
[2.890s] -- Up-to-date: /home/ibrahim/ros2_ws/install/mycobot_gazebo/share/mycobot_gazebo/models/aws_robomaker_residential_FloorB_01/materials/textures/aws_FloorB_01.png
[2.891s] -- Up-to-date: /home/ibrahim/ros2_ws/install/mycobot_gazebo/share/mycobot_gazebo/models/aws_robomaker_residential_FloorB_01/meshes
[2.895s] -- Up-to-date: /home/ibrahim/ros2_ws/install/mycobot_gazebo/share/mycobot_gazebo/models/aws_robomaker_residential_FloorB_01/meshes/aws_FloorB_01_collision.DAE
[2.895s] -- Up-to-date: /home/ibrahim/ros2_ws/install/mycobot_gazebo/share/mycobot_gazebo/models/aws_robomaker_residential_FloorB_01/meshes/aws_FloorB_01_visual.DAE
[2.896s] -- Up-to-date: /home/ibrahim/ros2_ws/install/mycobot_gazebo/share/mycobot_gazebo/models/aws_robomaker_residential_FloorB_01/model.config
[2.896s] -- Up-to-date: /home/ibrahim/ros2_ws/install/mycobot_gazebo/share/mycobot_gazebo/models/aws_robomaker_residential_PortraitB_01
[2.898s] -- Up-to-date: /home/ibrahim/ros2_ws/install/mycobot_gazebo/share/mycobot_gazebo/models/aws_robomaker_residential_PortraitB_01/model.sdf
[2.898s] -- Up-to-date: /home/ibrahim/ros2_ws/install/mycobot_gazebo/share/mycobot_gazebo/models/aws_robomaker_residential_PortraitB_01/materials
[2.901s] -- Up-to-date: /home/ibrahim/ros2_ws/install/mycobot_gazebo/share/mycobot_gazebo/models/aws_robomaker_residential_PortraitB_01/materials/textures
[2.903s] -- Up-to-date: /home/ibrahim/ros2_ws/install/mycobot_gazebo/share/mycobot_gazebo/models/aws_robomaker_residential_PortraitB_01/materials/textures/aws_PortraitB_01.png
[2.903s] -- Up-to-date: /home/ibrahim/ros2_ws/install/mycobot_gazebo/share/mycobot_gazebo/models/aws_robomaker_residential_PortraitB_01/materials/textures/PortraitB_01.jpg
[2.903s] -- Up-to-date: /home/ibrahim/ros2_ws/install/mycobot_gazebo/share/mycobot_gazebo/models/aws_robomaker_residential_PortraitB_01/materials/textures/aws_PortraitB_02.png
[2.904s] -- Up-to-date: /home/ibrahim/ros2_ws/install/mycobot_gazebo/share/mycobot_gazebo/models/aws_robomaker_residential_PortraitB_01/meshes
[2.905s] -- Up-to-date: /home/ibrahim/ros2_ws/install/mycobot_gazebo/share/mycobot_gazebo/models/aws_robomaker_residential_PortraitB_01/meshes/aws_PortraitB_01_collision.DAE
[2.905s] -- Up-to-date: /home/ibrahim/ros2_ws/install/mycobot_gazebo/share/mycobot_gazebo/models/aws_robomaker_residential_PortraitB_01/meshes/aws_PortraitB_01_visual.DAE
[2.906s] -- Up-to-date: /home/ibrahim/ros2_ws/install/mycobot_gazebo/share/mycobot_gazebo/models/aws_robomaker_residential_PortraitB_01/model.config
[2.909s] -- Up-to-date: /home/ibrahim/ros2_ws/install/mycobot_gazebo/share/mycobot_gazebo/models/aws_robomaker_residential_PortraitD_01
[2.935s] -- Up-to-date: /home/ibrahim/ros2_ws/install/mycobot_gazebo/share/mycobot_gazebo/models/aws_robomaker_residential_PortraitD_01/model.sdf
[2.936s] -- Up-to-date: /home/ibrahim/ros2_ws/install/mycobot_gazebo/share/mycobot_gazebo/models/aws_robomaker_residential_PortraitD_01/materials
[2.938s] -- Up-to-date: /home/ibrahim/ros2_ws/install/mycobot_gazebo/share/mycobot_gazebo/models/aws_robomaker_residential_PortraitD_01/materials/textures
[2.941s] -- Up-to-date: /home/ibrahim/ros2_ws/install/mycobot_gazebo/share/mycobot_gazebo/models/aws_robomaker_residential_PortraitD_01/materials/textures/PortraitD_01.jpg
[2.942s] -- Up-to-date: /home/ibrahim/ros2_ws/install/mycobot_gazebo/share/mycobot_gazebo/models/aws_robomaker_residential_PortraitD_01/materials/textures/aws_PortraitD_01.png
[2.942s] -- Up-to-date: /home/ibrahim/ros2_ws/install/mycobot_gazebo/share/mycobot_gazebo/models/aws_robomaker_residential_PortraitD_01/materials/textures/aws_PortraitD_02.png
[2.942s] -- Up-to-date: /home/ibrahim/ros2_ws/install/mycobot_gazebo/share/mycobot_gazebo/models/aws_robomaker_residential_PortraitD_01/meshes
[2.952s] -- Up-to-date: /home/ibrahim/ros2_ws/install/mycobot_gazebo/share/mycobot_gazebo/models/aws_robomaker_residential_PortraitD_01/meshes/aws_PortraitD_01_visual.DAE
[2.952s] -- Up-to-date: /home/ibrahim/ros2_ws/install/mycobot_gazebo/share/mycobot_gazebo/models/aws_robomaker_residential_PortraitD_01/meshes/aws_PortraitD_01_collision.DAE
[2.953s] -- Up-to-date: /home/ibrahim/ros2_ws/install/mycobot_gazebo/share/mycobot_gazebo/models/aws_robomaker_residential_PortraitD_01/model.config
[2.953s] -- Up-to-date: /home/ibrahim/ros2_ws/install/mycobot_gazebo/share/mycobot_gazebo/models/aws_robomaker_warehouse_PalletJackB_01
[2.979s] -- Up-to-date: /home/ibrahim/ros2_ws/install/mycobot_gazebo/share/mycobot_gazebo/models/aws_robomaker_warehouse_PalletJackB_01/model.sdf
[2.979s] -- Up-to-date: /home/ibrahim/ros2_ws/install/mycobot_gazebo/share/mycobot_gazebo/models/aws_robomaker_warehouse_PalletJackB_01/materials
[2.981s] -- Up-to-date: /home/ibrahim/ros2_ws/install/mycobot_gazebo/share/mycobot_gazebo/models/aws_robomaker_warehouse_PalletJackB_01/materials/textures
[3.017s] -- Up-to-date: /home/ibrahim/ros2_ws/install/mycobot_gazebo/share/mycobot_gazebo/models/aws_robomaker_warehouse_PalletJackB_01/materials/textures/aws_robomaker_warehouse_PalletJackB_02.png
[3.017s] -- Up-to-date: /home/ibrahim/ros2_ws/install/mycobot_gazebo/share/mycobot_gazebo/models/aws_robomaker_warehouse_PalletJackB_01/materials/textures/aws_robomaker_warehouse_PalletJackB_01.png
[3.017s] -- Up-to-date: /home/ibrahim/ros2_ws/install/mycobot_gazebo/share/mycobot_gazebo/models/aws_robomaker_warehouse_PalletJackB_01/materials/.DS_Store
[3.017s] -- Up-to-date: /home/ibrahim/ros2_ws/install/mycobot_gazebo/share/mycobot_gazebo/models/aws_robomaker_warehouse_PalletJackB_01/.DS_Store
[3.018s] -- Up-to-date: /home/ibrahim/ros2_ws/install/mycobot_gazebo/share/mycobot_gazebo/models/aws_robomaker_warehouse_PalletJackB_01/meshes
[3.053s] -- Up-to-date: /home/ibrahim/ros2_ws/install/mycobot_gazebo/share/mycobot_gazebo/models/aws_robomaker_warehouse_PalletJackB_01/meshes/aws_robomaker_warehouse_PalletJackB_01_collision.DAE
[3.054s] -- Up-to-date: /home/ibrahim/ros2_ws/install/mycobot_gazebo/share/mycobot_gazebo/models/aws_robomaker_warehouse_PalletJackB_01/meshes/aws_robomaker_warehouse_PalletJackB_01_visual.DAE
[3.054s] -- Up-to-date: /home/ibrahim/ros2_ws/install/mycobot_gazebo/share/mycobot_gazebo/models/aws_robomaker_warehouse_PalletJackB_01/model.config
[3.054s] -- Up-to-date: /home/ibrahim/ros2_ws/install/mycobot_gazebo/share/mycobot_gazebo/models/aws_robomaker_residential_DeskPortraitD_02
[3.117s] -- Up-to-date: /home/ibrahim/ros2_ws/install/mycobot_gazebo/share/mycobot_gazebo/models/aws_robomaker_residential_DeskPortraitD_02/model.sdf
[3.118s] -- Up-to-date: /home/ibrahim/ros2_ws/install/mycobot_gazebo/share/mycobot_gazebo/models/aws_robomaker_residential_DeskPortraitD_02/materials
[3.118s] -- Up-to-date: /home/ibrahim/ros2_ws/install/mycobot_gazebo/share/mycobot_gazebo/models/aws_robomaker_residential_DeskPortraitD_02/materials/textures
[3.118s] -- Up-to-date: /home/ibrahim/ros2_ws/install/mycobot_gazebo/share/mycobot_gazebo/models/aws_robomaker_residential_DeskPortraitD_02/materials/textures/aws_DeskPortraitD_02.png
[3.118s] -- Up-to-date: /home/ibrahim/ros2_ws/install/mycobot_gazebo/share/mycobot_gazebo/models/aws_robomaker_residential_DeskPortraitD_02/materials/textures/DeskPortraitD_02.jpg
[3.118s] -- Up-to-date: /home/ibrahim/ros2_ws/install/mycobot_gazebo/share/mycobot_gazebo/models/aws_robomaker_residential_DeskPortraitD_02/materials/textures/aws_DeskPortraitD_01.png
[3.119s] -- Up-to-date: /home/ibrahim/ros2_ws/install/mycobot_gazebo/share/mycobot_gazebo/models/aws_robomaker_residential_DeskPortraitD_02/meshes
[3.131s] -- Up-to-date: /home/ibrahim/ros2_ws/install/mycobot_gazebo/share/mycobot_gazebo/models/aws_robomaker_residential_DeskPortraitD_02/meshes/aws_DeskPortraitD_01_collision.DAE
[3.132s] -- Up-to-date: /home/ibrahim/ros2_ws/install/mycobot_gazebo/share/mycobot_gazebo/models/aws_robomaker_residential_DeskPortraitD_02/meshes/aws_DeskPortraitD_01_visual.DAE
[3.132s] -- Up-to-date: /home/ibrahim/ros2_ws/install/mycobot_gazebo/share/mycobot_gazebo/models/aws_robomaker_residential_DeskPortraitD_02/model.config
[3.134s] -- Up-to-date: /home/ibrahim/ros2_ws/install/mycobot_gazebo/share/mycobot_gazebo/models/aws_robomaker_residential_Carpet_01
[3.145s] -- Up-to-date: /home/ibrahim/ros2_ws/install/mycobot_gazebo/share/mycobot_gazebo/models/aws_robomaker_residential_Carpet_01/model.sdf
[3.147s] -- Up-to-date: /home/ibrahim/ros2_ws/install/mycobot_gazebo/share/mycobot_gazebo/models/aws_robomaker_residential_Carpet_01/materials
[3.195s] -- Up-to-date: /home/ibrahim/ros2_ws/install/mycobot_gazebo/share/mycobot_gazebo/models/aws_robomaker_residential_Carpet_01/materials/textures
[3.214s] -- Up-to-date: /home/ibrahim/ros2_ws/install/mycobot_gazebo/share/mycobot_gazebo/models/aws_robomaker_residential_Carpet_01/materials/textures/aws_Carpet_01.png
[3.214s] -- Up-to-date: /home/ibrahim/ros2_ws/install/mycobot_gazebo/share/mycobot_gazebo/models/aws_robomaker_residential_Carpet_01/meshes
[3.242s] -- Up-to-date: /home/ibrahim/ros2_ws/install/mycobot_gazebo/share/mycobot_gazebo/models/aws_robomaker_residential_Carpet_01/meshes/aws_Carpet_01_visual.DAE
[3.242s] -- Up-to-date: /home/ibrahim/ros2_ws/install/mycobot_gazebo/share/mycobot_gazebo/models/aws_robomaker_residential_Carpet_01/meshes/aws_Carpet_01_collision.DAE
[3.242s] -- Up-to-date: /home/ibrahim/ros2_ws/install/mycobot_gazebo/share/mycobot_gazebo/models/aws_robomaker_residential_Carpet_01/model.config
[3.242s] -- Up-to-date: /home/ibrahim/ros2_ws/install/mycobot_gazebo/share/mycobot_gazebo/models/aws_robomaker_residential_Rangehood_01
[3.252s] -- Up-to-date: /home/ibrahim/ros2_ws/install/mycobot_gazebo/share/mycobot_gazebo/models/aws_robomaker_residential_Rangehood_01/model.sdf
[3.252s] -- Up-to-date: /home/ibrahim/ros2_ws/install/mycobot_gazebo/share/mycobot_gazebo/models/aws_robomaker_residential_Rangehood_01/materials
[3.259s] -- Up-to-date: /home/ibrahim/ros2_ws/install/mycobot_gazebo/share/mycobot_gazebo/models/aws_robomaker_residential_Rangehood_01/materials/textures
[3.272s] -- Up-to-date: /home/ibrahim/ros2_ws/install/mycobot_gazebo/share/mycobot_gazebo/models/aws_robomaker_residential_Rangehood_01/materials/textures/aws_Rangehood_01.png
[3.272s] -- Up-to-date: /home/ibrahim/ros2_ws/install/mycobot_gazebo/share/mycobot_gazebo/models/aws_robomaker_residential_Rangehood_01/meshes
[3.272s] -- Up-to-date: /home/ibrahim/ros2_ws/install/mycobot_gazebo/share/mycobot_gazebo/models/aws_robomaker_residential_Rangehood_01/meshes/aws_Rangehood_01_visual.DAE
[3.273s] -- Up-to-date: /home/ibrahim/ros2_ws/install/mycobot_gazebo/share/mycobot_gazebo/models/aws_robomaker_residential_Rangehood_01/meshes/aws_Rangehood_01_collision.DAE
[3.273s] -- Up-to-date: /home/ibrahim/ros2_ws/install/mycobot_gazebo/share/mycobot_gazebo/models/aws_robomaker_residential_Rangehood_01/model.config
[3.273s] -- Up-to-date: /home/ibrahim/ros2_ws/install/mycobot_gazebo/share/mycobot_gazebo/models/aws_robomaker_residential_Pillow_01
[3.285s] -- Up-to-date: /home/ibrahim/ros2_ws/install/mycobot_gazebo/share/mycobot_gazebo/models/aws_robomaker_residential_Pillow_01/model.sdf
[3.285s] -- Up-to-date: /home/ibrahim/ros2_ws/install/mycobot_gazebo/share/mycobot_gazebo/models/aws_robomaker_residential_Pillow_01/materials
[3.301s] -- Up-to-date: /home/ibrahim/ros2_ws/install/mycobot_gazebo/share/mycobot_gazebo/models/aws_robomaker_residential_Pillow_01/materials/textures
[3.305s] -- Up-to-date: /home/ibrahim/ros2_ws/install/mycobot_gazebo/share/mycobot_gazebo/models/aws_robomaker_residential_Pillow_01/materials/textures/aws_Pillow_01.png
[3.305s] -- Up-to-date: /home/ibrahim/ros2_ws/install/mycobot_gazebo/share/mycobot_gazebo/models/aws_robomaker_residential_Pillow_01/meshes
[3.305s] -- Up-to-date: /home/ibrahim/ros2_ws/install/mycobot_gazebo/share/mycobot_gazebo/models/aws_robomaker_residential_Pillow_01/meshes/aws_Pillow_01_visual.DAE
[3.305s] -- Up-to-date: /home/ibrahim/ros2_ws/install/mycobot_gazebo/share/mycobot_gazebo/models/aws_robomaker_residential_Pillow_01/meshes/aws_Pillow_01_collision.DAE
[3.305s] -- Up-to-date: /home/ibrahim/ros2_ws/install/mycobot_gazebo/share/mycobot_gazebo/models/aws_robomaker_residential_Pillow_01/model.config
[3.305s] -- Up-to-date: /home/ibrahim/ros2_ws/install/mycobot_gazebo/share/mycobot_gazebo/models/aws_robomaker_residential_TVCabinet_01
[3.330s] -- Up-to-date: /home/ibrahim/ros2_ws/install/mycobot_gazebo/share/mycobot_gazebo/models/aws_robomaker_residential_TVCabinet_01/model.sdf
[3.330s] -- Up-to-date: /home/ibrahim/ros2_ws/install/mycobot_gazebo/share/mycobot_gazebo/models/aws_robomaker_residential_TVCabinet_01/materials
[3.331s] -- Up-to-date: /home/ibrahim/ros2_ws/install/mycobot_gazebo/share/mycobot_gazebo/models/aws_robomaker_residential_TVCabinet_01/materials/textures
[3.331s] -- Up-to-date: /home/ibrahim/ros2_ws/install/mycobot_gazebo/share/mycobot_gazebo/models/aws_robomaker_residential_TVCabinet_01/materials/textures/aws_TVCabinet_01.png
[3.331s] -- Up-to-date: /home/ibrahim/ros2_ws/install/mycobot_gazebo/share/mycobot_gazebo/models/aws_robomaker_residential_TVCabinet_01/meshes
[3.331s] -- Up-to-date: /home/ibrahim/ros2_ws/install/mycobot_gazebo/share/mycobot_gazebo/models/aws_robomaker_residential_TVCabinet_01/meshes/aws_TVCabinet_01_visual.DAE
[3.331s] -- Up-to-date: /home/ibrahim/ros2_ws/install/mycobot_gazebo/share/mycobot_gazebo/models/aws_robomaker_residential_TVCabinet_01/meshes/aws_TVCabinet_01_collision.DAE
[3.332s] -- Up-to-date: /home/ibrahim/ros2_ws/install/mycobot_gazebo/share/mycobot_gazebo/models/aws_robomaker_residential_TVCabinet_01/model.config
[3.332s] -- Up-to-date: /home/ibrahim/ros2_ws/install/mycobot_gazebo/share/mycobot_gazebo/models/aws_robomaker_residential_SofaC_01
[3.335s] -- Up-to-date: /home/ibrahim/ros2_ws/install/mycobot_gazebo/share/mycobot_gazebo/models/aws_robomaker_residential_SofaC_01/model.sdf
[3.335s] -- Up-to-date: /home/ibrahim/ros2_ws/install/mycobot_gazebo/share/mycobot_gazebo/models/aws_robomaker_residential_SofaC_01/materials
[3.336s] -- Up-to-date: /home/ibrahim/ros2_ws/install/mycobot_gazebo/share/mycobot_gazebo/models/aws_robomaker_residential_SofaC_01/materials/textures
[3.339s] -- Up-to-date: /home/ibrahim/ros2_ws/install/mycobot_gazebo/share/mycobot_gazebo/models/aws_robomaker_residential_SofaC_01/materials/textures/aws_SofaC_01.png
[3.339s] -- Up-to-date: /home/ibrahim/ros2_ws/install/mycobot_gazebo/share/mycobot_gazebo/models/aws_robomaker_residential_SofaC_01/meshes
[3.352s] -- Up-to-date: /home/ibrahim/ros2_ws/install/mycobot_gazebo/share/mycobot_gazebo/models/aws_robomaker_residential_SofaC_01/meshes/aws_SofaC_01_collision.DAE
[3.353s] -- Up-to-date: /home/ibrahim/ros2_ws/install/mycobot_gazebo/share/mycobot_gazebo/models/aws_robomaker_residential_SofaC_01/meshes/aws_SofaC_01_visual.DAE
[3.354s] -- Up-to-date: /home/ibrahim/ros2_ws/install/mycobot_gazebo/share/mycobot_gazebo/models/aws_robomaker_residential_SofaC_01/model.config
[3.355s] -- Up-to-date: /home/ibrahim/ros2_ws/install/mycobot_gazebo/share/mycobot_gazebo/models/aws_robomaker_residential_DeskPortraitD_01
[3.383s] -- Up-to-date: /home/ibrahim/ros2_ws/install/mycobot_gazebo/share/mycobot_gazebo/models/aws_robomaker_residential_DeskPortraitD_01/model.sdf
[3.384s] -- Up-to-date: /home/ibrahim/ros2_ws/install/mycobot_gazebo/share/mycobot_gazebo/models/aws_robomaker_residential_DeskPortraitD_01/materials
[3.395s] -- Up-to-date: /home/ibrahim/ros2_ws/install/mycobot_gazebo/share/mycobot_gazebo/models/aws_robomaker_residential_DeskPortraitD_01/materials/textures
[3.397s] -- Up-to-date: /home/ibrahim/ros2_ws/install/mycobot_gazebo/share/mycobot_gazebo/models/aws_robomaker_residential_DeskPortraitD_01/materials/textures/aws_DeskPortraitD_02.png
[3.397s] -- Up-to-date: /home/ibrahim/ros2_ws/install/mycobot_gazebo/share/mycobot_gazebo/models/aws_robomaker_residential_DeskPortraitD_01/materials/textures/aws_DeskPortraitD_01.png
[3.397s] -- Up-to-date: /home/ibrahim/ros2_ws/install/mycobot_gazebo/share/mycobot_gazebo/models/aws_robomaker_residential_DeskPortraitD_01/materials/textures/DeskPortraitD_01.jpg
[3.398s] -- Up-to-date: /home/ibrahim/ros2_ws/install/mycobot_gazebo/share/mycobot_gazebo/models/aws_robomaker_residential_DeskPortraitD_01/meshes
[3.400s] -- Up-to-date: /home/ibrahim/ros2_ws/install/mycobot_gazebo/share/mycobot_gazebo/models/aws_robomaker_residential_DeskPortraitD_01/meshes/aws_DeskPortraitD_01_collision.DAE
[3.400s] -- Up-to-date: /home/ibrahim/ros2_ws/install/mycobot_gazebo/share/mycobot_gazebo/models/aws_robomaker_residential_DeskPortraitD_01/meshes/aws_DeskPortraitD_01_visual.DAE
[3.400s] -- Up-to-date: /home/ibrahim/ros2_ws/install/mycobot_gazebo/share/mycobot_gazebo/models/aws_robomaker_residential_DeskPortraitD_01/model.config
[3.400s] -- Up-to-date: /home/ibrahim/ros2_ws/install/mycobot_gazebo/share/mycobot_gazebo/models/aws_robomaker_residential_TV_02
[3.404s] -- Up-to-date: /home/ibrahim/ros2_ws/install/mycobot_gazebo/share/mycobot_gazebo/models/aws_robomaker_residential_TV_02/model.sdf
[3.405s] -- Up-to-date: /home/ibrahim/ros2_ws/install/mycobot_gazebo/share/mycobot_gazebo/models/aws_robomaker_residential_TV_02/materials
[3.406s] -- Up-to-date: /home/ibrahim/ros2_ws/install/mycobot_gazebo/share/mycobot_gazebo/models/aws_robomaker_residential_TV_02/materials/textures
[3.406s] -- Up-to-date: /home/ibrahim/ros2_ws/install/mycobot_gazebo/share/mycobot_gazebo/models/aws_robomaker_residential_TV_02/materials/textures/aws_TV_01.png
[3.406s] -- Up-to-date: /home/ibrahim/ros2_ws/install/mycobot_gazebo/share/mycobot_gazebo/models/aws_robomaker_residential_TV_02/meshes
[3.407s] -- Up-to-date: /home/ibrahim/ros2_ws/install/mycobot_gazebo/share/mycobot_gazebo/models/aws_robomaker_residential_TV_02/meshes/aws_TV_01_collision.DAE
[3.410s] -- Up-to-date: /home/ibrahim/ros2_ws/install/mycobot_gazebo/share/mycobot_gazebo/models/aws_robomaker_residential_TV_02/meshes/aws_TV_01_visual.DAE
[3.411s] -- Up-to-date: /home/ibrahim/ros2_ws/install/mycobot_gazebo/share/mycobot_gazebo/models/aws_robomaker_residential_TV_02/model.config
[3.411s] -- Up-to-date: /home/ibrahim/ros2_ws/install/mycobot_gazebo/share/mycobot_gazebo/models/aws_robomaker_residential_FoldingDoor_01
[3.412s] -- Up-to-date: /home/ibrahim/ros2_ws/install/mycobot_gazebo/share/mycobot_gazebo/models/aws_robomaker_residential_FoldingDoor_01/model.sdf
[3.412s] -- Up-to-date: /home/ibrahim/ros2_ws/install/mycobot_gazebo/share/mycobot_gazebo/models/aws_robomaker_residential_FoldingDoor_01/materials
[3.413s] -- Up-to-date: /home/ibrahim/ros2_ws/install/mycobot_gazebo/share/mycobot_gazebo/models/aws_robomaker_residential_FoldingDoor_01/materials/textures
[3.449s] -- Up-to-date: /home/ibrahim/ros2_ws/install/mycobot_gazebo/share/mycobot_gazebo/models/aws_robomaker_residential_FoldingDoor_01/materials/textures/aws_FoldingDoor_01.png
[3.449s] -- Up-to-date: /home/ibrahim/ros2_ws/install/mycobot_gazebo/share/mycobot_gazebo/models/aws_robomaker_residential_FoldingDoor_01/meshes
[3.468s] -- Up-to-date: /home/ibrahim/ros2_ws/install/mycobot_gazebo/share/mycobot_gazebo/models/aws_robomaker_residential_FoldingDoor_01/meshes/aws_FoldingDoor_01_collision.DAE
[3.469s] -- Up-to-date: /home/ibrahim/ros2_ws/install/mycobot_gazebo/share/mycobot_gazebo/models/aws_robomaker_residential_FoldingDoor_01/meshes/aws_FoldingDoor_01_visual.DAE
[3.470s] -- Up-to-date: /home/ibrahim/ros2_ws/install/mycobot_gazebo/share/mycobot_gazebo/models/aws_robomaker_residential_FoldingDoor_01/model.config
[3.471s] -- Up-to-date: /home/ibrahim/ros2_ws/install/mycobot_gazebo/share/mycobot_gazebo/models/aws_robomaker_residential_Handle_01
[3.477s] -- Up-to-date: /home/ibrahim/ros2_ws/install/mycobot_gazebo/share/mycobot_gazebo/models/aws_robomaker_residential_Handle_01/model.sdf
[3.477s] -- Up-to-date: /home/ibrahim/ros2_ws/install/mycobot_gazebo/share/mycobot_gazebo/models/aws_robomaker_residential_Handle_01/materials
[3.499s] -- Up-to-date: /home/ibrahim/ros2_ws/install/mycobot_gazebo/share/mycobot_gazebo/models/aws_robomaker_residential_Handle_01/materials/textures
[3.501s] -- Up-to-date: /home/ibrahim/ros2_ws/install/mycobot_gazebo/share/mycobot_gazebo/models/aws_robomaker_residential_Handle_01/materials/textures/aws_Handle_01.png
[3.501s] -- Up-to-date: /home/ibrahim/ros2_ws/install/mycobot_gazebo/share/mycobot_gazebo/models/aws_robomaker_residential_Handle_01/meshes
[3.506s] -- Up-to-date: /home/ibrahim/ros2_ws/install/mycobot_gazebo/share/mycobot_gazebo/models/aws_robomaker_residential_Handle_01/meshes/aws_Handle_01_visual.DAE
[3.506s] -- Up-to-date: /home/ibrahim/ros2_ws/install/mycobot_gazebo/share/mycobot_gazebo/models/aws_robomaker_residential_Handle_01/meshes/aws_Handle_01_collision.DAE
[3.506s] -- Up-to-date: /home/ibrahim/ros2_ws/install/mycobot_gazebo/share/mycobot_gazebo/models/aws_robomaker_residential_Handle_01/model.config
[3.507s] -- Up-to-date: /home/ibrahim/ros2_ws/install/mycobot_gazebo/share/mycobot_gazebo/models/aws_robomaker_warehouse_ShelfE_01
[3.509s] -- Up-to-date: /home/ibrahim/ros2_ws/install/mycobot_gazebo/share/mycobot_gazebo/models/aws_robomaker_warehouse_ShelfE_01/model.sdf
[3.511s] -- Up-to-date: /home/ibrahim/ros2_ws/install/mycobot_gazebo/share/mycobot_gazebo/models/aws_robomaker_warehouse_ShelfE_01/materials
[3.517s] -- Up-to-date: /home/ibrahim/ros2_ws/install/mycobot_gazebo/share/mycobot_gazebo/models/aws_robomaker_warehouse_ShelfE_01/materials/textures
[3.519s] -- Up-to-date: /home/ibrahim/ros2_ws/install/mycobot_gazebo/share/mycobot_gazebo/models/aws_robomaker_warehouse_ShelfE_01/materials/textures/aws_robomaker_warehouse_ShelfE_01.png
[3.519s] -- Up-to-date: /home/ibrahim/ros2_ws/install/mycobot_gazebo/share/mycobot_gazebo/models/aws_robomaker_warehouse_ShelfE_01/materials/textures/aws_robomaker_warehouse_ShelfE_03.png
[3.519s] -- Up-to-date: /home/ibrahim/ros2_ws/install/mycobot_gazebo/share/mycobot_gazebo/models/aws_robomaker_warehouse_ShelfE_01/materials/textures/aws_robomaker_warehouse_ShelfE_04.png
[3.519s] -- Up-to-date: /home/ibrahim/ros2_ws/install/mycobot_gazebo/share/mycobot_gazebo/models/aws_robomaker_warehouse_ShelfE_01/materials/textures/aws_robomaker_warehouse_ShelfE_02.png
[3.519s] -- Up-to-date: /home/ibrahim/ros2_ws/install/mycobot_gazebo/share/mycobot_gazebo/models/aws_robomaker_warehouse_ShelfE_01/materials/.DS_Store
[3.519s] -- Up-to-date: /home/ibrahim/ros2_ws/install/mycobot_gazebo/share/mycobot_gazebo/models/aws_robomaker_warehouse_ShelfE_01/.DS_Store
[3.519s] -- Up-to-date: /home/ibrahim/ros2_ws/install/mycobot_gazebo/share/mycobot_gazebo/models/aws_robomaker_warehouse_ShelfE_01/meshes
[3.521s] -- Up-to-date: /home/ibrahim/ros2_ws/install/mycobot_gazebo/share/mycobot_gazebo/models/aws_robomaker_warehouse_ShelfE_01/meshes/aws_robomaker_warehouse_ShelfE_01_collision.DAE
[3.521s] -- Up-to-date: /home/ibrahim/ros2_ws/install/mycobot_gazebo/share/mycobot_gazebo/models/aws_robomaker_warehouse_ShelfE_01/meshes/aws_robomaker_warehouse_ShelfE_01_visual.DAE
[3.521s] -- Up-to-date: /home/ibrahim/ros2_ws/install/mycobot_gazebo/share/mycobot_gazebo/models/aws_robomaker_warehouse_ShelfE_01/model.config
[3.521s] -- Up-to-date: /home/ibrahim/ros2_ws/install/mycobot_gazebo/share/mycobot_gazebo/models/aws_robomaker_residential_CoffeeTable_01
[3.534s] -- Up-to-date: /home/ibrahim/ros2_ws/install/mycobot_gazebo/share/mycobot_gazebo/models/aws_robomaker_residential_CoffeeTable_01/model.sdf
[3.535s] -- Up-to-date: /home/ibrahim/ros2_ws/install/mycobot_gazebo/share/mycobot_gazebo/models/aws_robomaker_residential_CoffeeTable_01/materials
[3.536s] -- Up-to-date: /home/ibrahim/ros2_ws/install/mycobot_gazebo/share/mycobot_gazebo/models/aws_robomaker_residential_CoffeeTable_01/materials/textures
[3.538s] -- Up-to-date: /home/ibrahim/ros2_ws/install/mycobot_gazebo/share/mycobot_gazebo/models/aws_robomaker_residential_CoffeeTable_01/materials/textures/aws_CoffeeTable_01.png
[3.539s] -- Up-to-date: /home/ibrahim/ros2_ws/install/mycobot_gazebo/share/mycobot_gazebo/models/aws_robomaker_residential_CoffeeTable_01/meshes
[3.540s] -- Up-to-date: /home/ibrahim/ros2_ws/install/mycobot_gazebo/share/mycobot_gazebo/models/aws_robomaker_residential_CoffeeTable_01/meshes/aws_CoffeeTable_01_visual.DAE
[3.541s] -- Up-to-date: /home/ibrahim/ros2_ws/install/mycobot_gazebo/share/mycobot_gazebo/models/aws_robomaker_residential_CoffeeTable_01/meshes/aws_CoffeeTable_01_collision.DAE
[3.541s] -- Up-to-date: /home/ibrahim/ros2_ws/install/mycobot_gazebo/share/mycobot_gazebo/models/aws_robomaker_residential_CoffeeTable_01/model.config
[3.542s] -- Up-to-date: /home/ibrahim/ros2_ws/install/mycobot_gazebo/share/mycobot_gazebo/models/aws_robomaker_residential_PortraitC_01
[3.561s] -- Up-to-date: /home/ibrahim/ros2_ws/install/mycobot_gazebo/share/mycobot_gazebo/models/aws_robomaker_residential_PortraitC_01/model.sdf
[3.561s] -- Up-to-date: /home/ibrahim/ros2_ws/install/mycobot_gazebo/share/mycobot_gazebo/models/aws_robomaker_residential_PortraitC_01/materials
[3.561s] -- Up-to-date: /home/ibrahim/ros2_ws/install/mycobot_gazebo/share/mycobot_gazebo/models/aws_robomaker_residential_PortraitC_01/materials/textures
[3.561s] -- Up-to-date: /home/ibrahim/ros2_ws/install/mycobot_gazebo/share/mycobot_gazebo/models/aws_robomaker_residential_PortraitC_01/materials/textures/aws_PortraitC_01.png
[3.561s] -- Up-to-date: /home/ibrahim/ros2_ws/install/mycobot_gazebo/share/mycobot_gazebo/models/aws_robomaker_residential_PortraitC_01/materials/textures/PortraitC_01.jpg
[3.564s] -- Up-to-date: /home/ibrahim/ros2_ws/install/mycobot_gazebo/share/mycobot_gazebo/models/aws_robomaker_residential_PortraitC_01/materials/textures/aws_PortraitC_02.png
[3.564s] -- Up-to-date: /home/ibrahim/ros2_ws/install/mycobot_gazebo/share/mycobot_gazebo/models/aws_robomaker_residential_PortraitC_01/meshes
[3.564s] -- Up-to-date: /home/ibrahim/ros2_ws/install/mycobot_gazebo/share/mycobot_gazebo/models/aws_robomaker_residential_PortraitC_01/meshes/aws_PortraitC_01_visual.DAE
[3.565s] -- Up-to-date: /home/ibrahim/ros2_ws/install/mycobot_gazebo/share/mycobot_gazebo/models/aws_robomaker_residential_PortraitC_01/meshes/aws_PortraitC_01_collision.DAE
[3.565s] -- Up-to-date: /home/ibrahim/ros2_ws/install/mycobot_gazebo/share/mycobot_gazebo/models/aws_robomaker_residential_PortraitC_01/model.config
[3.565s] -- Up-to-date: /home/ibrahim/ros2_ws/install/mycobot_gazebo/share/mycobot_gazebo/models/red_cylinder
[3.568s] -- Up-to-date: /home/ibrahim/ros2_ws/install/mycobot_gazebo/share/mycobot_gazebo/models/red_cylinder/model.sdf
[3.568s] -- Up-to-date: /home/ibrahim/ros2_ws/install/mycobot_gazebo/share/mycobot_gazebo/models/red_cylinder/model.config
[3.568s] -- Up-to-date: /home/ibrahim/ros2_ws/install/mycobot_gazebo/share/mycobot_gazebo/models/aws_robomaker_residential_AirconditionerA_01
[3.585s] -- Up-to-date: /home/ibrahim/ros2_ws/install/mycobot_gazebo/share/mycobot_gazebo/models/aws_robomaker_residential_AirconditionerA_01/model.sdf
[3.586s] -- Up-to-date: /home/ibrahim/ros2_ws/install/mycobot_gazebo/share/mycobot_gazebo/models/aws_robomaker_residential_AirconditionerA_01/materials
[3.592s] -- Up-to-date: /home/ibrahim/ros2_ws/install/mycobot_gazebo/share/mycobot_gazebo/models/aws_robomaker_residential_AirconditionerA_01/materials/textures
[3.593s] -- Up-to-date: /home/ibrahim/ros2_ws/install/mycobot_gazebo/share/mycobot_gazebo/models/aws_robomaker_residential_AirconditionerA_01/materials/textures/aws_AirconditionerA_01.png
[3.593s] -- Up-to-date: /home/ibrahim/ros2_ws/install/mycobot_gazebo/share/mycobot_gazebo/models/aws_robomaker_residential_AirconditionerA_01/meshes
[3.601s] -- Up-to-date: /home/ibrahim/ros2_ws/install/mycobot_gazebo/share/mycobot_gazebo/models/aws_robomaker_residential_AirconditionerA_01/meshes/aws_AirconditionerA_01_collision.DAE
[3.601s] -- Up-to-date: /home/ibrahim/ros2_ws/install/mycobot_gazebo/share/mycobot_gazebo/models/aws_robomaker_residential_AirconditionerA_01/meshes/aws_AirconditionerA_01_visual.DAE
[3.601s] -- Up-to-date: /home/ibrahim/ros2_ws/install/mycobot_gazebo/share/mycobot_gazebo/models/aws_robomaker_residential_AirconditionerA_01/model.config
[3.601s] -- Up-to-date: /home/ibrahim/ros2_ws/install/mycobot_gazebo/share/mycobot_gazebo/models/aws_robomaker_residential_Vase_01
[3.602s] -- Up-to-date: /home/ibrahim/ros2_ws/install/mycobot_gazebo/share/mycobot_gazebo/models/aws_robomaker_residential_Vase_01/model.sdf
[3.602s] -- Up-to-date: /home/ibrahim/ros2_ws/install/mycobot_gazebo/share/mycobot_gazebo/models/aws_robomaker_residential_Vase_01/materials
[3.611s] -- Up-to-date: /home/ibrahim/ros2_ws/install/mycobot_gazebo/share/mycobot_gazebo/models/aws_robomaker_residential_Vase_01/materials/textures
[3.614s] -- Up-to-date: /home/ibrahim/ros2_ws/install/mycobot_gazebo/share/mycobot_gazebo/models/aws_robomaker_residential_Vase_01/materials/textures/aws_Vase_01.png
[3.638s] -- Up-to-date: /home/ibrahim/ros2_ws/install/mycobot_gazebo/share/mycobot_gazebo/models/aws_robomaker_residential_Vase_01/meshes
[3.641s] -- Up-to-date: /home/ibrahim/ros2_ws/install/mycobot_gazebo/share/mycobot_gazebo/models/aws_robomaker_residential_Vase_01/meshes/aws_Vase_01_visual.DAE
[3.641s] -- Up-to-date: /home/ibrahim/ros2_ws/install/mycobot_gazebo/share/mycobot_gazebo/models/aws_robomaker_residential_Vase_01/meshes/aws_Vase_01_collision.DAE
[3.641s] -- Up-to-date: /home/ibrahim/ros2_ws/install/mycobot_gazebo/share/mycobot_gazebo/models/aws_robomaker_residential_Vase_01/model.config
[3.641s] -- Up-to-date: /home/ibrahim/ros2_ws/install/mycobot_gazebo/share/mycobot_gazebo/models/aws_robomaker_warehouse_WallB_01
[3.644s] -- Up-to-date: /home/ibrahim/ros2_ws/install/mycobot_gazebo/share/mycobot_gazebo/models/aws_robomaker_warehouse_WallB_01/model.sdf
[3.644s] -- Up-to-date: /home/ibrahim/ros2_ws/install/mycobot_gazebo/share/mycobot_gazebo/models/aws_robomaker_warehouse_WallB_01/materials
[3.645s] -- Up-to-date: /home/ibrahim/ros2_ws/install/mycobot_gazebo/share/mycobot_gazebo/models/aws_robomaker_warehouse_WallB_01/materials/textures
[3.646s] -- Up-to-date: /home/ibrahim/ros2_ws/install/mycobot_gazebo/share/mycobot_gazebo/models/aws_robomaker_warehouse_WallB_01/materials/textures/aws_robomaker_warehouse_WallB_01.png
[3.647s] -- Up-to-date: /home/ibrahim/ros2_ws/install/mycobot_gazebo/share/mycobot_gazebo/models/aws_robomaker_warehouse_WallB_01/meshes
[3.671s] -- Up-to-date: /home/ibrahim/ros2_ws/install/mycobot_gazebo/share/mycobot_gazebo/models/aws_robomaker_warehouse_WallB_01/meshes/aws_robomaker_warehouse_WallB_01_visual.DAE
[3.672s] -- Up-to-date: /home/ibrahim/ros2_ws/install/mycobot_gazebo/share/mycobot_gazebo/models/aws_robomaker_warehouse_WallB_01/meshes/aws_robomaker_warehouse_WallB_01_collision.DAE
[3.672s] -- Up-to-date: /home/ibrahim/ros2_ws/install/mycobot_gazebo/share/mycobot_gazebo/models/aws_robomaker_warehouse_WallB_01/model.config
[3.672s] -- Up-to-date: /home/ibrahim/ros2_ws/install/mycobot_gazebo/share/mycobot_gazebo/models/aws_robomaker_residential_KitchenCabinet_01
[3.703s] -- Up-to-date: /home/ibrahim/ros2_ws/install/mycobot_gazebo/share/mycobot_gazebo/models/aws_robomaker_residential_KitchenCabinet_01/model.sdf
[3.703s] -- Up-to-date: /home/ibrahim/ros2_ws/install/mycobot_gazebo/share/mycobot_gazebo/models/aws_robomaker_residential_KitchenCabinet_01/materials
[3.703s] -- Up-to-date: /home/ibrahim/ros2_ws/install/mycobot_gazebo/share/mycobot_gazebo/models/aws_robomaker_residential_KitchenCabinet_01/materials/textures
[3.703s] -- Up-to-date: /home/ibrahim/ros2_ws/install/mycobot_gazebo/share/mycobot_gazebo/models/aws_robomaker_residential_KitchenCabinet_01/materials/textures/aws_KitchenCabinet_01.png
[3.703s] -- Up-to-date: /home/ibrahim/ros2_ws/install/mycobot_gazebo/share/mycobot_gazebo/models/aws_robomaker_residential_KitchenCabinet_01/meshes
[3.703s] -- Up-to-date: /home/ibrahim/ros2_ws/install/mycobot_gazebo/share/mycobot_gazebo/models/aws_robomaker_residential_KitchenCabinet_01/meshes/aws_KitchenCabinet_01_visual.DAE
[3.703s] -- Up-to-date: /home/ibrahim/ros2_ws/install/mycobot_gazebo/share/mycobot_gazebo/models/aws_robomaker_residential_KitchenCabinet_01/meshes/aws_KitchenCabinet_01_collision.DAE
[3.703s] -- Up-to-date: /home/ibrahim/ros2_ws/install/mycobot_gazebo/share/mycobot_gazebo/models/aws_robomaker_residential_KitchenCabinet_01/model.config
[3.703s] -- Up-to-date: /home/ibrahim/ros2_ws/install/mycobot_gazebo/share/mycobot_gazebo/models/aws_robomaker_warehouse_ClutteringD_01
[3.730s] -- Up-to-date: /home/ibrahim/ros2_ws/install/mycobot_gazebo/share/mycobot_gazebo/models/aws_robomaker_warehouse_ClutteringD_01/model.sdf
[3.730s] -- Up-to-date: /home/ibrahim/ros2_ws/install/mycobot_gazebo/share/mycobot_gazebo/models/aws_robomaker_warehouse_ClutteringD_01/materials
[3.748s] -- Up-to-date: /home/ibrahim/ros2_ws/install/mycobot_gazebo/share/mycobot_gazebo/models/aws_robomaker_warehouse_ClutteringD_01/materials/textures
[3.763s] -- Up-to-date: /home/ibrahim/ros2_ws/install/mycobot_gazebo/share/mycobot_gazebo/models/aws_robomaker_warehouse_ClutteringD_01/materials/textures/aws_robomaker_warehouse_ClutteringD_01.png
[3.763s] -- Up-to-date: /home/ibrahim/ros2_ws/install/mycobot_gazebo/share/mycobot_gazebo/models/aws_robomaker_warehouse_ClutteringD_01/materials/textures/aws_robomaker_warehouse_ClutteringD_02.png
[3.763s] -- Up-to-date: /home/ibrahim/ros2_ws/install/mycobot_gazebo/share/mycobot_gazebo/models/aws_robomaker_warehouse_ClutteringD_01/meshes
[3.780s] -- Up-to-date: /home/ibrahim/ros2_ws/install/mycobot_gazebo/share/mycobot_gazebo/models/aws_robomaker_warehouse_ClutteringD_01/meshes/aws_robomaker_warehouse_ClutteringD_01_visual.DAE
[3.780s] -- Up-to-date: /home/ibrahim/ros2_ws/install/mycobot_gazebo/share/mycobot_gazebo/models/aws_robomaker_warehouse_ClutteringD_01/meshes/aws_robomaker_warehouse_ClutteringD_01_collision.DAE
[3.780s] -- Up-to-date: /home/ibrahim/ros2_ws/install/mycobot_gazebo/share/mycobot_gazebo/models/aws_robomaker_warehouse_ClutteringD_01/model.config
[3.780s] -- Up-to-date: /home/ibrahim/ros2_ws/install/mycobot_gazebo/share/mycobot_gazebo/models/aws_robomaker_residential_TV_01
[3.801s] -- Up-to-date: /home/ibrahim/ros2_ws/install/mycobot_gazebo/share/mycobot_gazebo/models/aws_robomaker_residential_TV_01/model.sdf
[3.801s] -- Up-to-date: /home/ibrahim/ros2_ws/install/mycobot_gazebo/share/mycobot_gazebo/models/aws_robomaker_residential_TV_01/materials
[3.877s] -- Up-to-date: /home/ibrahim/ros2_ws/install/mycobot_gazebo/share/mycobot_gazebo/models/aws_robomaker_residential_TV_01/materials/textures
[3.902s] -- Up-to-date: /home/ibrahim/ros2_ws/install/mycobot_gazebo/share/mycobot_gazebo/models/aws_robomaker_residential_TV_01/materials/textures/aws_TV_01.png
[3.902s] -- Up-to-date: /home/ibrahim/ros2_ws/install/mycobot_gazebo/share/mycobot_gazebo/models/aws_robomaker_residential_TV_01/meshes
[3.903s] -- Up-to-date: /home/ibrahim/ros2_ws/install/mycobot_gazebo/share/mycobot_gazebo/models/aws_robomaker_residential_TV_01/meshes/aws_TV_01_collision.DAE
[3.903s] -- Up-to-date: /home/ibrahim/ros2_ws/install/mycobot_gazebo/share/mycobot_gazebo/models/aws_robomaker_residential_TV_01/meshes/aws_TV_01_visual.DAE
[3.903s] -- Up-to-date: /home/ibrahim/ros2_ws/install/mycobot_gazebo/share/mycobot_gazebo/models/aws_robomaker_residential_TV_01/model.config
[3.903s] -- Up-to-date: /home/ibrahim/ros2_ws/install/mycobot_gazebo/share/mycobot_gazebo/models/aws_robomaker_residential_Quilt_01
[3.903s] -- Up-to-date: /home/ibrahim/ros2_ws/install/mycobot_gazebo/share/mycobot_gazebo/models/aws_robomaker_residential_Quilt_01/model.sdf
[3.903s] -- Up-to-date: /home/ibrahim/ros2_ws/install/mycobot_gazebo/share/mycobot_gazebo/models/aws_robomaker_residential_Quilt_01/materials
[3.904s] -- Up-to-date: /home/ibrahim/ros2_ws/install/mycobot_gazebo/share/mycobot_gazebo/models/aws_robomaker_residential_Quilt_01/materials/textures
[3.908s] -- Up-to-date: /home/ibrahim/ros2_ws/install/mycobot_gazebo/share/mycobot_gazebo/models/aws_robomaker_residential_Quilt_01/materials/textures/aws_Quilt_01.png
[3.908s] -- Up-to-date: /home/ibrahim/ros2_ws/install/mycobot_gazebo/share/mycobot_gazebo/models/aws_robomaker_residential_Quilt_01/meshes
[3.912s] -- Up-to-date: /home/ibrahim/ros2_ws/install/mycobot_gazebo/share/mycobot_gazebo/models/aws_robomaker_residential_Quilt_01/meshes/aws_Quilt_01_visual.DAE
[3.913s] -- Up-to-date: /home/ibrahim/ros2_ws/install/mycobot_gazebo/share/mycobot_gazebo/models/aws_robomaker_residential_Quilt_01/meshes/aws_Quilt_01_collision.DAE
[3.913s] -- Up-to-date: /home/ibrahim/ros2_ws/install/mycobot_gazebo/share/mycobot_gazebo/models/aws_robomaker_residential_Quilt_01/model.config
[3.926s] -- Up-to-date: /home/ibrahim/ros2_ws/install/mycobot_gazebo/share/mycobot_gazebo/models/aws_robomaker_residential_Dumbbell_01
[3.926s] -- Up-to-date: /home/ibrahim/ros2_ws/install/mycobot_gazebo/share/mycobot_gazebo/models/aws_robomaker_residential_Dumbbell_01/model.sdf
[3.927s] -- Up-to-date: /home/ibrahim/ros2_ws/install/mycobot_gazebo/share/mycobot_gazebo/models/aws_robomaker_residential_Dumbbell_01/materials
[3.927s] -- Up-to-date: /home/ibrahim/ros2_ws/install/mycobot_gazebo/share/mycobot_gazebo/models/aws_robomaker_residential_Dumbbell_01/materials/textures
[3.929s] -- Up-to-date: /home/ibrahim/ros2_ws/install/mycobot_gazebo/share/mycobot_gazebo/models/aws_robomaker_residential_Dumbbell_01/materials/textures/aws_Dumbbell_01.png
[3.930s] -- Up-to-date: /home/ibrahim/ros2_ws/install/mycobot_gazebo/share/mycobot_gazebo/models/aws_robomaker_residential_Dumbbell_01/meshes
[3.930s] -- Up-to-date: /home/ibrahim/ros2_ws/install/mycobot_gazebo/share/mycobot_gazebo/models/aws_robomaker_residential_Dumbbell_01/meshes/aws_Dumbbell_01_collision.DAE
[3.931s] -- Up-to-date: /home/ibrahim/ros2_ws/install/mycobot_gazebo/share/mycobot_gazebo/models/aws_robomaker_residential_Dumbbell_01/meshes/aws_Dumbbell_01_visual.DAE
[3.935s] -- Up-to-date: /home/ibrahim/ros2_ws/install/mycobot_gazebo/share/mycobot_gazebo/models/aws_robomaker_residential_Dumbbell_01/model.config
[3.935s] -- Up-to-date: /home/ibrahim/ros2_ws/install/mycobot_gazebo/share/mycobot_gazebo/models/aws_robomaker_residential_DeskPortraitD_04
[3.935s] -- Up-to-date: /home/ibrahim/ros2_ws/install/mycobot_gazebo/share/mycobot_gazebo/models/aws_robomaker_residential_DeskPortraitD_04/model.sdf
[3.935s] -- Up-to-date: /home/ibrahim/ros2_ws/install/mycobot_gazebo/share/mycobot_gazebo/models/aws_robomaker_residential_DeskPortraitD_04/materials
[3.936s] -- Up-to-date: /home/ibrahim/ros2_ws/install/mycobot_gazebo/share/mycobot_gazebo/models/aws_robomaker_residential_DeskPortraitD_04/materials/textures
[3.936s] -- Up-to-date: /home/ibrahim/ros2_ws/install/mycobot_gazebo/share/mycobot_gazebo/models/aws_robomaker_residential_DeskPortraitD_04/materials/textures/aws_DeskPortraitD_02.png
[3.936s] -- Up-to-date: /home/ibrahim/ros2_ws/install/mycobot_gazebo/share/mycobot_gazebo/models/aws_robomaker_residential_DeskPortraitD_04/materials/textures/DeskPortraitD_04.jpg
[3.936s] -- Up-to-date: /home/ibrahim/ros2_ws/install/mycobot_gazebo/share/mycobot_gazebo/models/aws_robomaker_residential_DeskPortraitD_04/materials/textures/aws_DeskPortraitD_01.png
[3.944s] -- Up-to-date: /home/ibrahim/ros2_ws/install/mycobot_gazebo/share/mycobot_gazebo/models/aws_robomaker_residential_DeskPortraitD_04/meshes
[3.944s] -- Up-to-date: /home/ibrahim/ros2_ws/install/mycobot_gazebo/share/mycobot_gazebo/models/aws_robomaker_residential_DeskPortraitD_04/meshes/aws_DeskPortraitD_01_collision.DAE
[3.944s] -- Up-to-date: /home/ibrahim/ros2_ws/install/mycobot_gazebo/share/mycobot_gazebo/models/aws_robomaker_residential_DeskPortraitD_04/meshes/aws_DeskPortraitD_01_visual.DAE
[3.944s] -- Up-to-date: /home/ibrahim/ros2_ws/install/mycobot_gazebo/share/mycobot_gazebo/models/aws_robomaker_residential_DeskPortraitD_04/model.config
[3.945s] -- Up-to-date: /home/ibrahim/ros2_ws/install/mycobot_gazebo/share/mycobot_gazebo/models/sun
[3.945s] -- Up-to-date: /home/ibrahim/ros2_ws/install/mycobot_gazebo/share/mycobot_gazebo/models/sun/model.sdf
[3.945s] -- Up-to-date: /home/ibrahim/ros2_ws/install/mycobot_gazebo/share/mycobot_gazebo/models/sun/model-1_3.sdf
[3.950s] -- Up-to-date: /home/ibrahim/ros2_ws/install/mycobot_gazebo/share/mycobot_gazebo/models/sun/model-1_2.sdf
[3.951s] -- Up-to-date: /home/ibrahim/ros2_ws/install/mycobot_gazebo/share/mycobot_gazebo/models/sun/model-1_4.sdf
[3.951s] -- Up-to-date: /home/ibrahim/ros2_ws/install/mycobot_gazebo/share/mycobot_gazebo/models/sun/model.config
[3.951s] -- Up-to-date: /home/ibrahim/ros2_ws/install/mycobot_gazebo/share/mycobot_gazebo/models/aws_robomaker_residential_Wardrobe_01
[3.951s] -- Up-to-date: /home/ibrahim/ros2_ws/install/mycobot_gazebo/share/mycobot_gazebo/models/aws_robomaker_residential_Wardrobe_01/model.sdf
[3.951s] -- Up-to-date: /home/ibrahim/ros2_ws/install/mycobot_gazebo/share/mycobot_gazebo/models/aws_robomaker_residential_Wardrobe_01/materials
[3.951s] -- Up-to-date: /home/ibrahim/ros2_ws/install/mycobot_gazebo/share/mycobot_gazebo/models/aws_robomaker_residential_Wardrobe_01/materials/textures
[3.959s] -- Up-to-date: /home/ibrahim/ros2_ws/install/mycobot_gazebo/share/mycobot_gazebo/models/aws_robomaker_residential_Wardrobe_01/materials/textures/aws_Wardrobe_01.png
[3.959s] -- Up-to-date: /home/ibrahim/ros2_ws/install/mycobot_gazebo/share/mycobot_gazebo/models/aws_robomaker_residential_Wardrobe_01/meshes
[3.959s] -- Up-to-date: /home/ibrahim/ros2_ws/install/mycobot_gazebo/share/mycobot_gazebo/models/aws_robomaker_residential_Wardrobe_01/meshes/aws_Wardrobe_01_collision.DAE
[3.960s] -- Up-to-date: /home/ibrahim/ros2_ws/install/mycobot_gazebo/share/mycobot_gazebo/models/aws_robomaker_residential_Wardrobe_01/meshes/aws_Wardrobe_01_visual.DAE
[3.974s] -- Up-to-date: /home/ibrahim/ros2_ws/install/mycobot_gazebo/share/mycobot_gazebo/models/aws_robomaker_residential_Wardrobe_01/model.config
[3.974s] -- Up-to-date: /home/ibrahim/ros2_ws/install/mycobot_gazebo/share/mycobot_gazebo/models/aws_robomaker_residential_Bed_01
[3.976s] -- Up-to-date: /home/ibrahim/ros2_ws/install/mycobot_gazebo/share/mycobot_gazebo/models/aws_robomaker_residential_Bed_01/model.sdf
[3.976s] -- Up-to-date: /home/ibrahim/ros2_ws/install/mycobot_gazebo/share/mycobot_gazebo/models/aws_robomaker_residential_Bed_01/materials
[3.976s] -- Up-to-date: /home/ibrahim/ros2_ws/install/mycobot_gazebo/share/mycobot_gazebo/models/aws_robomaker_residential_Bed_01/materials/textures
[3.977s] -- Up-to-date: /home/ibrahim/ros2_ws/install/mycobot_gazebo/share/mycobot_gazebo/models/aws_robomaker_residential_Bed_01/materials/textures/aws_BedC_01.png
[3.977s] -- Up-to-date: /home/ibrahim/ros2_ws/install/mycobot_gazebo/share/mycobot_gazebo/models/aws_robomaker_residential_Bed_01/materials/textures/aws_BedB_01.png
[3.977s] -- Up-to-date: /home/ibrahim/ros2_ws/install/mycobot_gazebo/share/mycobot_gazebo/models/aws_robomaker_residential_Bed_01/materials/textures/aws_BedA_01.png
[3.977s] -- Up-to-date: /home/ibrahim/ros2_ws/install/mycobot_gazebo/share/mycobot_gazebo/models/aws_robomaker_residential_Bed_01/materials/textures/aws_Bed_01.png
[3.977s] -- Up-to-date: /home/ibrahim/ros2_ws/install/mycobot_gazebo/share/mycobot_gazebo/models/aws_robomaker_residential_Bed_01/meshes
[3.978s] -- Up-to-date: /home/ibrahim/ros2_ws/install/mycobot_gazebo/share/mycobot_gazebo/models/aws_robomaker_residential_Bed_01/meshes/aws_Bed_01_collision.DAE
[3.979s] -- Up-to-date: /home/ibrahim/ros2_ws/install/mycobot_gazebo/share/mycobot_gazebo/models/aws_robomaker_residential_Bed_01/meshes/aws_Bed_01_visual.DAE
[3.980s] -- Up-to-date: /home/ibrahim/ros2_ws/install/mycobot_gazebo/share/mycobot_gazebo/models/aws_robomaker_residential_Bed_01/model.config
[4.001s] -- Up-to-date: /home/ibrahim/ros2_ws/install/mycobot_gazebo/share/mycobot_gazebo/models/aws_robomaker_residential_Board_01
[4.002s] -- Up-to-date: /home/ibrahim/ros2_ws/install/mycobot_gazebo/share/mycobot_gazebo/models/aws_robomaker_residential_Board_01/model.sdf
[4.002s] -- Up-to-date: /home/ibrahim/ros2_ws/install/mycobot_gazebo/share/mycobot_gazebo/models/aws_robomaker_residential_Board_01/materials
[4.002s] -- Up-to-date: /home/ibrahim/ros2_ws/install/mycobot_gazebo/share/mycobot_gazebo/models/aws_robomaker_residential_Board_01/materials/textures
[4.003s] -- Up-to-date: /home/ibrahim/ros2_ws/install/mycobot_gazebo/share/mycobot_gazebo/models/aws_robomaker_residential_Board_01/materials/textures/aws_Board_01.png
[4.003s] -- Up-to-date: /home/ibrahim/ros2_ws/install/mycobot_gazebo/share/mycobot_gazebo/models/aws_robomaker_residential_Board_01/meshes
[4.003s] -- Up-to-date: /home/ibrahim/ros2_ws/install/mycobot_gazebo/share/mycobot_gazebo/models/aws_robomaker_residential_Board_01/meshes/aws_Board_01_visual.DAE
[4.003s] -- Up-to-date: /home/ibrahim/ros2_ws/install/mycobot_gazebo/share/mycobot_gazebo/models/aws_robomaker_residential_Board_01/meshes/aws_Board_01_collision.DAE
[4.004s] -- Up-to-date: /home/ibrahim/ros2_ws/install/mycobot_gazebo/share/mycobot_gazebo/models/aws_robomaker_residential_Board_01/model.config
[4.004s] -- Up-to-date: /home/ibrahim/ros2_ws/install/mycobot_gazebo/share/mycobot_gazebo/models/aws_robomaker_residential_ChairA_01
[4.004s] -- Up-to-date: /home/ibrahim/ros2_ws/install/mycobot_gazebo/share/mycobot_gazebo/models/aws_robomaker_residential_ChairA_01/model.sdf
[4.004s] -- Up-to-date: /home/ibrahim/ros2_ws/install/mycobot_gazebo/share/mycobot_gazebo/models/aws_robomaker_residential_ChairA_01/materials
[4.005s] -- Up-to-date: /home/ibrahim/ros2_ws/install/mycobot_gazebo/share/mycobot_gazebo/models/aws_robomaker_residential_ChairA_01/materials/textures
[4.006s] -- Up-to-date: /home/ibrahim/ros2_ws/install/mycobot_gazebo/share/mycobot_gazebo/models/aws_robomaker_residential_ChairA_01/materials/textures/aws_ChairA_01.png
[4.006s] -- Up-to-date: /home/ibrahim/ros2_ws/install/mycobot_gazebo/share/mycobot_gazebo/models/aws_robomaker_residential_ChairA_01/meshes
[4.007s] -- Up-to-date: /home/ibrahim/ros2_ws/install/mycobot_gazebo/share/mycobot_gazebo/models/aws_robomaker_residential_ChairA_01/meshes/aws_ChairA_01_visual.DAE
[4.007s] -- Up-to-date: /home/ibrahim/ros2_ws/install/mycobot_gazebo/share/mycobot_gazebo/models/aws_robomaker_residential_ChairA_01/meshes/aws_ChairA_01_collision.DAE
[4.007s] -- Up-to-date: /home/ibrahim/ros2_ws/install/mycobot_gazebo/share/mycobot_gazebo/models/aws_robomaker_residential_ChairA_01/model.config
[4.011s] -- Up-to-date: /home/ibrahim/ros2_ws/install/mycobot_gazebo/share/mycobot_gazebo/models/aws_robomaker_residential_Chandelier_01
[4.011s] -- Up-to-date: /home/ibrahim/ros2_ws/install/mycobot_gazebo/share/mycobot_gazebo/models/aws_robomaker_residential_Chandelier_01/model.sdf
[4.012s] -- Up-to-date: /home/ibrahim/ros2_ws/install/mycobot_gazebo/share/mycobot_gazebo/models/aws_robomaker_residential_Chandelier_01/materials
[4.012s] -- Up-to-date: /home/ibrahim/ros2_ws/install/mycobot_gazebo/share/mycobot_gazebo/models/aws_robomaker_residential_Chandelier_01/materials/textures
[4.012s] -- Up-to-date: /home/ibrahim/ros2_ws/install/mycobot_gazebo/share/mycobot_gazebo/models/aws_robomaker_residential_Chandelier_01/materials/textures/aws_Chandelier_01.png
[4.012s] -- Up-to-date: /home/ibrahim/ros2_ws/install/mycobot_gazebo/share/mycobot_gazebo/models/aws_robomaker_residential_Chandelier_01/meshes
[4.026s] -- Up-to-date: /home/ibrahim/ros2_ws/install/mycobot_gazebo/share/mycobot_gazebo/models/aws_robomaker_residential_Chandelier_01/meshes/aws_Chandelier_01.DAE
[4.026s] -- Up-to-date: /home/ibrahim/ros2_ws/install/mycobot_gazebo/share/mycobot_gazebo/models/aws_robomaker_residential_Chandelier_01/meshes/aws_Chandelier_01_collision.DAE
[4.026s] -- Up-to-date: /home/ibrahim/ros2_ws/install/mycobot_gazebo/share/mycobot_gazebo/models/aws_robomaker_residential_Chandelier_01/meshes/aws_Chandelier_01_visual.DAE
[4.026s] -- Up-to-date: /home/ibrahim/ros2_ws/install/mycobot_gazebo/share/mycobot_gazebo/models/aws_robomaker_residential_Chandelier_01/model.config
[4.026s] -- Up-to-date: /home/ibrahim/ros2_ws/install/mycobot_gazebo/share/mycobot_gazebo/models/aws_robomaker_residential_KitchenTable_01
[4.050s] -- Up-to-date: /home/ibrahim/ros2_ws/install/mycobot_gazebo/share/mycobot_gazebo/models/aws_robomaker_residential_KitchenTable_01/model.sdf
[4.050s] -- Up-to-date: /home/ibrahim/ros2_ws/install/mycobot_gazebo/share/mycobot_gazebo/models/aws_robomaker_residential_KitchenTable_01/materials
[4.051s] -- Up-to-date: /home/ibrahim/ros2_ws/install/mycobot_gazebo/share/mycobot_gazebo/models/aws_robomaker_residential_KitchenTable_01/materials/textures
[4.059s] -- Up-to-date: /home/ibrahim/ros2_ws/install/mycobot_gazebo/share/mycobot_gazebo/models/aws_robomaker_residential_KitchenTable_01/materials/textures/aws_KitchenTable_01.png
[4.059s] -- Up-to-date: /home/ibrahim/ros2_ws/install/mycobot_gazebo/share/mycobot_gazebo/models/aws_robomaker_residential_KitchenTable_01/meshes
[4.061s] -- Up-to-date: /home/ibrahim/ros2_ws/install/mycobot_gazebo/share/mycobot_gazebo/models/aws_robomaker_residential_KitchenTable_01/meshes/aws_KitchenTable_01_visual.DAE
[4.062s] -- Up-to-date: /home/ibrahim/ros2_ws/install/mycobot_gazebo/share/mycobot_gazebo/models/aws_robomaker_residential_KitchenTable_01/meshes/aws_KitchenTable_01_collision.DAE
[4.062s] -- Up-to-date: /home/ibrahim/ros2_ws/install/mycobot_gazebo/share/mycobot_gazebo/models/aws_robomaker_residential_KitchenTable_01/model.config
[4.062s] -- Up-to-date: /home/ibrahim/ros2_ws/install/mycobot_gazebo/share/mycobot_gazebo/models/aws_robomaker_residential_FoldingDoor_02
[4.091s] -- Up-to-date: /home/ibrahim/ros2_ws/install/mycobot_gazebo/share/mycobot_gazebo/models/aws_robomaker_residential_FoldingDoor_02/model.sdf
[4.091s] -- Up-to-date: /home/ibrahim/ros2_ws/install/mycobot_gazebo/share/mycobot_gazebo/models/aws_robomaker_residential_FoldingDoor_02/materials
[4.091s] -- Up-to-date: /home/ibrahim/ros2_ws/install/mycobot_gazebo/share/mycobot_gazebo/models/aws_robomaker_residential_FoldingDoor_02/materials/textures
[4.091s] -- Up-to-date: /home/ibrahim/ros2_ws/install/mycobot_gazebo/share/mycobot_gazebo/models/aws_robomaker_residential_FoldingDoor_02/materials/textures/aws_FoldingDoor_02.png
[4.091s] -- Up-to-date: /home/ibrahim/ros2_ws/install/mycobot_gazebo/share/mycobot_gazebo/models/aws_robomaker_residential_FoldingDoor_02/meshes
[4.113s] -- Up-to-date: /home/ibrahim/ros2_ws/install/mycobot_gazebo/share/mycobot_gazebo/models/aws_robomaker_residential_FoldingDoor_02/meshes/aws_FoldingDoor_02_collision.DAE
[4.113s] -- Up-to-date: /home/ibrahim/ros2_ws/install/mycobot_gazebo/share/mycobot_gazebo/models/aws_robomaker_residential_FoldingDoor_02/meshes/aws_FoldingDoor_02_visual.DAE
[4.113s] -- Up-to-date: /home/ibrahim/ros2_ws/install/mycobot_gazebo/share/mycobot_gazebo/models/aws_robomaker_residential_FoldingDoor_02/model.config
[4.114s] -- Up-to-date: /home/ibrahim/ros2_ws/install/mycobot_gazebo/share/mycobot_gazebo/models/aws_robomaker_warehouse_DeskC_01
[4.114s] -- Up-to-date: /home/ibrahim/ros2_ws/install/mycobot_gazebo/share/mycobot_gazebo/models/aws_robomaker_warehouse_DeskC_01/model.sdf
[4.114s] -- Up-to-date: /home/ibrahim/ros2_ws/install/mycobot_gazebo/share/mycobot_gazebo/models/aws_robomaker_warehouse_DeskC_01/materials
[4.120s] -- Up-to-date: /home/ibrahim/ros2_ws/install/mycobot_gazebo/share/mycobot_gazebo/models/aws_robomaker_warehouse_DeskC_01/materials/textures
[4.122s] -- Up-to-date: /home/ibrahim/ros2_ws/install/mycobot_gazebo/share/mycobot_gazebo/models/aws_robomaker_warehouse_DeskC_01/materials/textures/aws_robomaker_warehouse_DeskC_01.png
[4.122s] -- Up-to-date: /home/ibrahim/ros2_ws/install/mycobot_gazebo/share/mycobot_gazebo/models/aws_robomaker_warehouse_DeskC_01/materials/textures/aws_robomaker_warehouse_DeskC_03.png
[4.122s] -- Up-to-date: /home/ibrahim/ros2_ws/install/mycobot_gazebo/share/mycobot_gazebo/models/aws_robomaker_warehouse_DeskC_01/materials/textures/aws_robomaker_warehouse_DeskC_04.png
[4.122s] -- Up-to-date: /home/ibrahim/ros2_ws/install/mycobot_gazebo/share/mycobot_gazebo/models/aws_robomaker_warehouse_DeskC_01/materials/textures/aws_robomaker_warehouse_DeskC_02.png
[4.122s] -- Up-to-date: /home/ibrahim/ros2_ws/install/mycobot_gazebo/share/mycobot_gazebo/models/aws_robomaker_warehouse_DeskC_01/materials/textures/aws_robomaker_warehouse_DeskC_03.psd
[4.122s] -- Up-to-date: /home/ibrahim/ros2_ws/install/mycobot_gazebo/share/mycobot_gazebo/models/aws_robomaker_warehouse_DeskC_01/materials/.DS_Store
[4.122s] -- Up-to-date: /home/ibrahim/ros2_ws/install/mycobot_gazebo/share/mycobot_gazebo/models/aws_robomaker_warehouse_DeskC_01/meshes
[4.140s] -- Up-to-date: /home/ibrahim/ros2_ws/install/mycobot_gazebo/share/mycobot_gazebo/models/aws_robomaker_warehouse_DeskC_01/meshes/aws_robomaker_warehouse_DeskC_01_collision.DAE
[4.141s] -- Up-to-date: /home/ibrahim/ros2_ws/install/mycobot_gazebo/share/mycobot_gazebo/models/aws_robomaker_warehouse_DeskC_01/meshes/aws_robomaker_warehouse_DeskC_01_visual.DAE
[4.141s] -- Up-to-date: /home/ibrahim/ros2_ws/install/mycobot_gazebo/share/mycobot_gazebo/models/aws_robomaker_warehouse_DeskC_01/model.config
[4.141s] -- Up-to-date: /home/ibrahim/ros2_ws/install/mycobot_gazebo/share/mycobot_gazebo/models/aws_robomaker_residential_BalconyTable_01
[4.142s] -- Up-to-date: /home/ibrahim/ros2_ws/install/mycobot_gazebo/share/mycobot_gazebo/models/aws_robomaker_residential_BalconyTable_01/model.sdf
[4.145s] -- Up-to-date: /home/ibrahim/ros2_ws/install/mycobot_gazebo/share/mycobot_gazebo/models/aws_robomaker_residential_BalconyTable_01/materials
[4.145s] -- Up-to-date: /home/ibrahim/ros2_ws/install/mycobot_gazebo/share/mycobot_gazebo/models/aws_robomaker_residential_BalconyTable_01/materials/textures
[4.145s] -- Up-to-date: /home/ibrahim/ros2_ws/install/mycobot_gazebo/share/mycobot_gazebo/models/aws_robomaker_residential_BalconyTable_01/materials/textures/aws_BalconyTable_01.png
[4.145s] -- Up-to-date: /home/ibrahim/ros2_ws/install/mycobot_gazebo/share/mycobot_gazebo/models/aws_robomaker_residential_BalconyTable_01/meshes
[4.146s] -- Up-to-date: /home/ibrahim/ros2_ws/install/mycobot_gazebo/share/mycobot_gazebo/models/aws_robomaker_residential_BalconyTable_01/meshes/aws_BalconyTable_01_visual.DAE
[4.146s] -- Up-to-date: /home/ibrahim/ros2_ws/install/mycobot_gazebo/share/mycobot_gazebo/models/aws_robomaker_residential_BalconyTable_01/meshes/aws_BalconyTable_01_collision.DAE
[4.146s] -- Up-to-date: /home/ibrahim/ros2_ws/install/mycobot_gazebo/share/mycobot_gazebo/models/aws_robomaker_residential_BalconyTable_01/model.config
[4.146s] -- Up-to-date: /home/ibrahim/ros2_ws/install/mycobot_gazebo/share/mycobot_gazebo/models/aws_robomaker_warehouse_Bucket_01
[4.150s] -- Up-to-date: /home/ibrahim/ros2_ws/install/mycobot_gazebo/share/mycobot_gazebo/models/aws_robomaker_warehouse_Bucket_01/model.sdf
[4.150s] -- Up-to-date: /home/ibrahim/ros2_ws/install/mycobot_gazebo/share/mycobot_gazebo/models/aws_robomaker_warehouse_Bucket_01/materials
[4.170s] -- Up-to-date: /home/ibrahim/ros2_ws/install/mycobot_gazebo/share/mycobot_gazebo/models/aws_robomaker_warehouse_Bucket_01/materials/textures
[4.191s] -- Up-to-date: /home/ibrahim/ros2_ws/install/mycobot_gazebo/share/mycobot_gazebo/models/aws_robomaker_warehouse_Bucket_01/materials/textures/aws_robomaker_warehouse_Bucket_01.png
[4.191s] -- Up-to-date: /home/ibrahim/ros2_ws/install/mycobot_gazebo/share/mycobot_gazebo/models/aws_robomaker_warehouse_Bucket_01/materials/.DS_Store
[4.191s] -- Up-to-date: /home/ibrahim/ros2_ws/install/mycobot_gazebo/share/mycobot_gazebo/models/aws_robomaker_warehouse_Bucket_01/.DS_Store
[4.191s] -- Up-to-date: /home/ibrahim/ros2_ws/install/mycobot_gazebo/share/mycobot_gazebo/models/aws_robomaker_warehouse_Bucket_01/meshes
[4.191s] -- Up-to-date: /home/ibrahim/ros2_ws/install/mycobot_gazebo/share/mycobot_gazebo/models/aws_robomaker_warehouse_Bucket_01/meshes/aws_robomaker_warehouse_Bucket_01_collision.DAE
[4.191s] -- Up-to-date: /home/ibrahim/ros2_ws/install/mycobot_gazebo/share/mycobot_gazebo/models/aws_robomaker_warehouse_Bucket_01/meshes/aws_robomaker_warehouse_Bucket_01_visual.DAE
[4.191s] -- Up-to-date: /home/ibrahim/ros2_ws/install/mycobot_gazebo/share/mycobot_gazebo/models/aws_robomaker_warehouse_Bucket_01/model.config
[4.191s] -- Up-to-date: /home/ibrahim/ros2_ws/install/mycobot_gazebo/share/mycobot_gazebo/models/aws_robomaker_residential_FitnessEquipment_01
[4.192s] -- Up-to-date: /home/ibrahim/ros2_ws/install/mycobot_gazebo/share/mycobot_gazebo/models/aws_robomaker_residential_FitnessEquipment_01/model.sdf
[4.192s] -- Up-to-date: /home/ibrahim/ros2_ws/install/mycobot_gazebo/share/mycobot_gazebo/models/aws_robomaker_residential_FitnessEquipment_01/materials
[4.207s] -- Up-to-date: /home/ibrahim/ros2_ws/install/mycobot_gazebo/share/mycobot_gazebo/models/aws_robomaker_residential_FitnessEquipment_01/materials/textures
[4.211s] -- Up-to-date: /home/ibrahim/ros2_ws/install/mycobot_gazebo/share/mycobot_gazebo/models/aws_robomaker_residential_FitnessEquipment_01/materials/textures/aws_FitnessEquipment_01.png
[4.211s] -- Up-to-date: /home/ibrahim/ros2_ws/install/mycobot_gazebo/share/mycobot_gazebo/models/aws_robomaker_residential_FitnessEquipment_01/meshes
[4.218s] -- Up-to-date: /home/ibrahim/ros2_ws/install/mycobot_gazebo/share/mycobot_gazebo/models/aws_robomaker_residential_FitnessEquipment_01/meshes/aws_FitnessEquipment_01_collision.DAE
[4.218s] -- Up-to-date: /home/ibrahim/ros2_ws/install/mycobot_gazebo/share/mycobot_gazebo/models/aws_robomaker_residential_FitnessEquipment_01/meshes/aws_FitnessEquipment_01_visual.DAE
[4.218s] -- Up-to-date: /home/ibrahim/ros2_ws/install/mycobot_gazebo/share/mycobot_gazebo/models/aws_robomaker_residential_FitnessEquipment_01/model.config
[4.218s] -- Up-to-date: /home/ibrahim/ros2_ws/install/mycobot_gazebo/share/mycobot_gazebo/models/aws_robomaker_residential_Refrigerator_01
[4.221s] -- Up-to-date: /home/ibrahim/ros2_ws/install/mycobot_gazebo/share/mycobot_gazebo/models/aws_robomaker_residential_Refrigerator_01/model.sdf
[4.221s] -- Up-to-date: /home/ibrahim/ros2_ws/install/mycobot_gazebo/share/mycobot_gazebo/models/aws_robomaker_residential_Refrigerator_01/materials
[4.222s] -- Up-to-date: /home/ibrahim/ros2_ws/install/mycobot_gazebo/share/mycobot_gazebo/models/aws_robomaker_residential_Refrigerator_01/materials/textures
[4.222s] -- Up-to-date: /home/ibrahim/ros2_ws/install/mycobot_gazebo/share/mycobot_gazebo/models/aws_robomaker_residential_Refrigerator_01/materials/textures/aws_Refrigerator_02.png
[4.223s] -- Up-to-date: /home/ibrahim/ros2_ws/install/mycobot_gazebo/share/mycobot_gazebo/models/aws_robomaker_residential_Refrigerator_01/materials/textures/aws_Refrigerator_01.png
[4.223s] -- Up-to-date: /home/ibrahim/ros2_ws/install/mycobot_gazebo/share/mycobot_gazebo/models/aws_robomaker_residential_Refrigerator_01/meshes
[4.241s] -- Up-to-date: /home/ibrahim/ros2_ws/install/mycobot_gazebo/share/mycobot_gazebo/models/aws_robomaker_residential_Refrigerator_01/meshes/aws_Refrigerator_01_visual.DAE
[4.241s] -- Up-to-date: /home/ibrahim/ros2_ws/install/mycobot_gazebo/share/mycobot_gazebo/models/aws_robomaker_residential_Refrigerator_01/meshes/aws_Refrigerator_01_collision.DAE
[4.242s] -- Up-to-date: /home/ibrahim/ros2_ws/install/mycobot_gazebo/share/mycobot_gazebo/models/aws_robomaker_residential_Refrigerator_01/meshes/aws_Refrigerator_01.DAE
[4.242s] -- Up-to-date: /home/ibrahim/ros2_ws/install/mycobot_gazebo/share/mycobot_gazebo/models/aws_robomaker_residential_Refrigerator_01/model.config
[4.242s] -- Up-to-date: /home/ibrahim/ros2_ws/install/mycobot_gazebo/share/mycobot_gazebo/models/aws_robomaker_warehouse_ClutteringC_01
[4.257s] -- Up-to-date: /home/ibrahim/ros2_ws/install/mycobot_gazebo/share/mycobot_gazebo/models/aws_robomaker_warehouse_ClutteringC_01/model.sdf
[4.257s] -- Up-to-date: /home/ibrahim/ros2_ws/install/mycobot_gazebo/share/mycobot_gazebo/models/aws_robomaker_warehouse_ClutteringC_01/materials
[4.277s] -- Up-to-date: /home/ibrahim/ros2_ws/install/mycobot_gazebo/share/mycobot_gazebo/models/aws_robomaker_warehouse_ClutteringC_01/materials/textures
[4.308s] -- Up-to-date: /home/ibrahim/ros2_ws/install/mycobot_gazebo/share/mycobot_gazebo/models/aws_robomaker_warehouse_ClutteringC_01/materials/textures/aws_robomaker_warehouse_ClutteringC_02.png
[4.308s] -- Up-to-date: /home/ibrahim/ros2_ws/install/mycobot_gazebo/share/mycobot_gazebo/models/aws_robomaker_warehouse_ClutteringC_01/materials/textures/aws_robomaker_warehouse_ClutteringC_01.png
[4.308s] -- Up-to-date: /home/ibrahim/ros2_ws/install/mycobot_gazebo/share/mycobot_gazebo/models/aws_robomaker_warehouse_ClutteringC_01/meshes
[4.336s] -- Up-to-date: /home/ibrahim/ros2_ws/install/mycobot_gazebo/share/mycobot_gazebo/models/aws_robomaker_warehouse_ClutteringC_01/meshes/aws_robomaker_warehouse_ClutteringC_01_collision.DAE
[4.337s] -- Up-to-date: /home/ibrahim/ros2_ws/install/mycobot_gazebo/share/mycobot_gazebo/models/aws_robomaker_warehouse_ClutteringC_01/meshes/aws_robomaker_warehouse_ClutteringC_01_visual.DAE
[4.337s] -- Up-to-date: /home/ibrahim/ros2_ws/install/mycobot_gazebo/share/mycobot_gazebo/models/aws_robomaker_warehouse_ClutteringC_01/model.config
[4.337s] -- Up-to-date: /home/ibrahim/ros2_ws/install/mycobot_gazebo/share/mycobot_gazebo/models/aws_robomaker_residential_HouseWallB_01
[4.337s] -- Up-to-date: /home/ibrahim/ros2_ws/install/mycobot_gazebo/share/mycobot_gazebo/models/aws_robomaker_residential_HouseWallB_01/model.sdf
[4.337s] -- Up-to-date: /home/ibrahim/ros2_ws/install/mycobot_gazebo/share/mycobot_gazebo/models/aws_robomaker_residential_HouseWallB_01/materials
[4.348s] -- Up-to-date: /home/ibrahim/ros2_ws/install/mycobot_gazebo/share/mycobot_gazebo/models/aws_robomaker_residential_HouseWallB_01/materials/textures
[4.361s] -- Up-to-date: /home/ibrahim/ros2_ws/install/mycobot_gazebo/share/mycobot_gazebo/models/aws_robomaker_residential_HouseWallB_01/materials/textures/aws_HouseWallB_01.png
[4.361s] -- Up-to-date: /home/ibrahim/ros2_ws/install/mycobot_gazebo/share/mycobot_gazebo/models/aws_robomaker_residential_HouseWallB_01/meshes
[4.384s] -- Up-to-date: /home/ibrahim/ros2_ws/install/mycobot_gazebo/share/mycobot_gazebo/models/aws_robomaker_residential_HouseWallB_01/meshes/aws_HouseWallB_01_collision.DAE
[4.385s] -- Up-to-date: /home/ibrahim/ros2_ws/install/mycobot_gazebo/share/mycobot_gazebo/models/aws_robomaker_residential_HouseWallB_01/meshes/aws_HouseWallB_01_visual.DAE
[4.386s] -- Up-to-date: /home/ibrahim/ros2_ws/install/mycobot_gazebo/share/mycobot_gazebo/models/aws_robomaker_residential_HouseWallB_01/model.config
[4.387s] -- Up-to-date: /home/ibrahim/ros2_ws/install/mycobot_gazebo/share/mycobot_gazebo/models/aws_robomaker_residential_Tablet_01
[4.420s] -- Up-to-date: /home/ibrahim/ros2_ws/install/mycobot_gazebo/share/mycobot_gazebo/models/aws_robomaker_residential_Tablet_01/model.sdf
[4.420s] -- Up-to-date: /home/ibrahim/ros2_ws/install/mycobot_gazebo/share/mycobot_gazebo/models/aws_robomaker_residential_Tablet_01/materials
[4.420s] -- Up-to-date: /home/ibrahim/ros2_ws/install/mycobot_gazebo/share/mycobot_gazebo/models/aws_robomaker_residential_Tablet_01/materials/textures
[4.420s] -- Up-to-date: /home/ibrahim/ros2_ws/install/mycobot_gazebo/share/mycobot_gazebo/models/aws_robomaker_residential_Tablet_01/materials/textures/aws_Tablet_01_nologo.png
[4.420s] -- Up-to-date: /home/ibrahim/ros2_ws/install/mycobot_gazebo/share/mycobot_gazebo/models/aws_robomaker_residential_Tablet_01/materials/.DS_Store
[4.420s] -- Up-to-date: /home/ibrahim/ros2_ws/install/mycobot_gazebo/share/mycobot_gazebo/models/aws_robomaker_residential_Tablet_01/.DS_Store
[4.421s] -- Up-to-date: /home/ibrahim/ros2_ws/install/mycobot_gazebo/share/mycobot_gazebo/models/aws_robomaker_residential_Tablet_01/meshes
[4.421s] -- Up-to-date: /home/ibrahim/ros2_ws/install/mycobot_gazebo/share/mycobot_gazebo/models/aws_robomaker_residential_Tablet_01/meshes/aws_Tablet_01_collision.DAE
[4.421s] -- Up-to-date: /home/ibrahim/ros2_ws/install/mycobot_gazebo/share/mycobot_gazebo/models/aws_robomaker_residential_Tablet_01/meshes/aws_Tablet_01_visual.DAE
[4.421s] -- Up-to-date: /home/ibrahim/ros2_ws/install/mycobot_gazebo/share/mycobot_gazebo/models/aws_robomaker_residential_Tablet_01/model.config
[4.421s] -- Up-to-date: /home/ibrahim/ros2_ws/install/mycobot_gazebo/share/mycobot_gazebo/models/aws_robomaker_residential_ShoeRack_01
[4.421s] -- Up-to-date: /home/ibrahim/ros2_ws/install/mycobot_gazebo/share/mycobot_gazebo/models/aws_robomaker_residential_ShoeRack_01/model.sdf
[4.421s] -- Up-to-date: /home/ibrahim/ros2_ws/install/mycobot_gazebo/share/mycobot_gazebo/models/aws_robomaker_residential_ShoeRack_01/materials
[4.421s] -- Up-to-date: /home/ibrahim/ros2_ws/install/mycobot_gazebo/share/mycobot_gazebo/models/aws_robomaker_residential_ShoeRack_01/materials/textures
[4.421s] -- Up-to-date: /home/ibrahim/ros2_ws/install/mycobot_gazebo/share/mycobot_gazebo/models/aws_robomaker_residential_ShoeRack_01/materials/textures/aws_ShoeRack_01.png
[4.421s] -- Up-to-date: /home/ibrahim/ros2_ws/install/mycobot_gazebo/share/mycobot_gazebo/models/aws_robomaker_residential_ShoeRack_01/meshes
[4.422s] -- Up-to-date: /home/ibrahim/ros2_ws/install/mycobot_gazebo/share/mycobot_gazebo/models/aws_robomaker_residential_ShoeRack_01/meshes/aws_ShoeRack_01_visual.DAE
[4.422s] -- Up-to-date: /home/ibrahim/ros2_ws/install/mycobot_gazebo/share/mycobot_gazebo/models/aws_robomaker_residential_ShoeRack_01/meshes/aws_ShoeRack_01_collision.DAE
[4.425s] -- Up-to-date: /home/ibrahim/ros2_ws/install/mycobot_gazebo/share/mycobot_gazebo/models/aws_robomaker_residential_ShoeRack_01/model.config
[4.425s] -- Up-to-date: /home/ibrahim/ros2_ws/install/mycobot_gazebo/share/mycobot_gazebo/models/aws_robomaker_residential_Sofa_01
[4.427s] -- Up-to-date: /home/ibrahim/ros2_ws/install/mycobot_gazebo/share/mycobot_gazebo/models/aws_robomaker_residential_Sofa_01/model.sdf
[4.427s] -- Up-to-date: /home/ibrahim/ros2_ws/install/mycobot_gazebo/share/mycobot_gazebo/models/aws_robomaker_residential_Sofa_01/materials
[4.428s] -- Up-to-date: /home/ibrahim/ros2_ws/install/mycobot_gazebo/share/mycobot_gazebo/models/aws_robomaker_residential_Sofa_01/materials/textures
[4.430s] -- Up-to-date: /home/ibrahim/ros2_ws/install/mycobot_gazebo/share/mycobot_gazebo/models/aws_robomaker_residential_Sofa_01/materials/textures/aws_Sofa_01.png
[4.430s] -- Up-to-date: /home/ibrahim/ros2_ws/install/mycobot_gazebo/share/mycobot_gazebo/models/aws_robomaker_residential_Sofa_01/meshes
[4.432s] -- Up-to-date: /home/ibrahim/ros2_ws/install/mycobot_gazebo/share/mycobot_gazebo/models/aws_robomaker_residential_Sofa_01/meshes/aws_Sofa_01_collision.DAE
[4.437s] -- Up-to-date: /home/ibrahim/ros2_ws/install/mycobot_gazebo/share/mycobot_gazebo/models/aws_robomaker_residential_Sofa_01/meshes/aws_Sofa_01.DAE
[4.438s] -- Up-to-date: /home/ibrahim/ros2_ws/install/mycobot_gazebo/share/mycobot_gazebo/models/aws_robomaker_residential_Sofa_01/meshes/aws_Sofa_01_visual.DAE
[4.438s] -- Up-to-date: /home/ibrahim/ros2_ws/install/mycobot_gazebo/share/mycobot_gazebo/models/aws_robomaker_residential_Sofa_01/model.config
[4.438s] -- Up-to-date: /home/ibrahim/ros2_ws/install/mycobot_gazebo/share/mycobot_gazebo/models/aws_robomaker_residential_LightC_01
[4.438s] -- Up-to-date: /home/ibrahim/ros2_ws/install/mycobot_gazebo/share/mycobot_gazebo/models/aws_robomaker_residential_LightC_01/model.sdf
[4.440s] -- Up-to-date: /home/ibrahim/ros2_ws/install/mycobot_gazebo/share/mycobot_gazebo/models/aws_robomaker_residential_LightC_01/materials
[4.440s] -- Up-to-date: /home/ibrahim/ros2_ws/install/mycobot_gazebo/share/mycobot_gazebo/models/aws_robomaker_residential_LightC_01/materials/textures
[4.440s] -- Up-to-date: /home/ibrahim/ros2_ws/install/mycobot_gazebo/share/mycobot_gazebo/models/aws_robomaker_residential_LightC_01/materials/textures/aws_LightC_01.png
[4.440s] -- Up-to-date: /home/ibrahim/ros2_ws/install/mycobot_gazebo/share/mycobot_gazebo/models/aws_robomaker_residential_LightC_01/meshes
[4.444s] -- Up-to-date: /home/ibrahim/ros2_ws/install/mycobot_gazebo/share/mycobot_gazebo/models/aws_robomaker_residential_LightC_01/meshes/aws_LightC_01_collision.DAE
[4.444s] -- Up-to-date: /home/ibrahim/ros2_ws/install/mycobot_gazebo/share/mycobot_gazebo/models/aws_robomaker_residential_LightC_01/meshes/aws_LightC_01_visual.DAE
[4.444s] -- Up-to-date: /home/ibrahim/ros2_ws/install/mycobot_gazebo/share/mycobot_gazebo/models/aws_robomaker_residential_LightC_01/model.config
[4.445s] -- Up-to-date: /home/ibrahim/ros2_ws/install/mycobot_gazebo/share/mycobot_gazebo/models/aws_robomaker_residential_NightStand_01
[4.453s] -- Up-to-date: /home/ibrahim/ros2_ws/install/mycobot_gazebo/share/mycobot_gazebo/models/aws_robomaker_residential_NightStand_01/model.sdf
[4.453s] -- Up-to-date: /home/ibrahim/ros2_ws/install/mycobot_gazebo/share/mycobot_gazebo/models/aws_robomaker_residential_NightStand_01/materials
[4.477s] -- Up-to-date: /home/ibrahim/ros2_ws/install/mycobot_gazebo/share/mycobot_gazebo/models/aws_robomaker_residential_NightStand_01/materials/textures
[4.488s] -- Up-to-date: /home/ibrahim/ros2_ws/install/mycobot_gazebo/share/mycobot_gazebo/models/aws_robomaker_residential_NightStand_01/materials/textures/aws_NightStand_01.png
[4.488s] -- Up-to-date: /home/ibrahim/ros2_ws/install/mycobot_gazebo/share/mycobot_gazebo/models/aws_robomaker_residential_NightStand_01/meshes
[4.506s] -- Up-to-date: /home/ibrahim/ros2_ws/install/mycobot_gazebo/share/mycobot_gazebo/models/aws_robomaker_residential_NightStand_01/meshes/aws_NightStand_01_visual.DAE
[4.506s] -- Up-to-date: /home/ibrahim/ros2_ws/install/mycobot_gazebo/share/mycobot_gazebo/models/aws_robomaker_residential_NightStand_01/meshes/aws_NightStand_01_collision.DAE
[4.506s] -- Up-to-date: /home/ibrahim/ros2_ws/install/mycobot_gazebo/share/mycobot_gazebo/models/aws_robomaker_residential_NightStand_01/model.config
[4.507s] -- Up-to-date: /home/ibrahim/ros2_ws/install/mycobot_gazebo/share/mycobot_gazebo/models/aws_robomaker_residential_DeskPortraitA_01
[4.541s] -- Up-to-date: /home/ibrahim/ros2_ws/install/mycobot_gazebo/share/mycobot_gazebo/models/aws_robomaker_residential_DeskPortraitA_01/model.sdf
[4.542s] -- Up-to-date: /home/ibrahim/ros2_ws/install/mycobot_gazebo/share/mycobot_gazebo/models/aws_robomaker_residential_DeskPortraitA_01/materials
[4.560s] -- Up-to-date: /home/ibrahim/ros2_ws/install/mycobot_gazebo/share/mycobot_gazebo/models/aws_robomaker_residential_DeskPortraitA_01/materials/textures
[4.578s] -- Up-to-date: /home/ibrahim/ros2_ws/install/mycobot_gazebo/share/mycobot_gazebo/models/aws_robomaker_residential_DeskPortraitA_01/materials/textures/DeskPortraitA_01.jpg
[4.578s] -- Up-to-date: /home/ibrahim/ros2_ws/install/mycobot_gazebo/share/mycobot_gazebo/models/aws_robomaker_residential_DeskPortraitA_01/materials/textures/aws_DeskPortraitA_01.png
[4.578s] -- Up-to-date: /home/ibrahim/ros2_ws/install/mycobot_gazebo/share/mycobot_gazebo/models/aws_robomaker_residential_DeskPortraitA_01/materials/textures/aws_DeskPortraitA_02.png
[4.578s] -- Up-to-date: /home/ibrahim/ros2_ws/install/mycobot_gazebo/share/mycobot_gazebo/models/aws_robomaker_residential_DeskPortraitA_01/meshes
[4.606s] -- Up-to-date: /home/ibrahim/ros2_ws/install/mycobot_gazebo/share/mycobot_gazebo/models/aws_robomaker_residential_DeskPortraitA_01/meshes/aws_DeskPortraitA_01_collision.DAE
[4.606s] -- Up-to-date: /home/ibrahim/ros2_ws/install/mycobot_gazebo/share/mycobot_gazebo/models/aws_robomaker_residential_DeskPortraitA_01/meshes/aws_DeskPortraitA_01_visual.DAE
[4.606s] -- Up-to-date: /home/ibrahim/ros2_ws/install/mycobot_gazebo/share/mycobot_gazebo/models/aws_robomaker_residential_DeskPortraitA_01/model.config
[4.606s] -- Up-to-date: /home/ibrahim/ros2_ws/install/mycobot_gazebo/share/mycobot_gazebo/models/aws_robomaker_residential_Ball_01
[4.621s] -- Up-to-date: /home/ibrahim/ros2_ws/install/mycobot_gazebo/share/mycobot_gazebo/models/aws_robomaker_residential_Ball_01/model.sdf
[4.621s] -- Up-to-date: /home/ibrahim/ros2_ws/install/mycobot_gazebo/share/mycobot_gazebo/models/aws_robomaker_residential_Ball_01/materials
[4.638s] -- Up-to-date: /home/ibrahim/ros2_ws/install/mycobot_gazebo/share/mycobot_gazebo/models/aws_robomaker_residential_Ball_01/materials/textures
[4.641s] -- Up-to-date: /home/ibrahim/ros2_ws/install/mycobot_gazebo/share/mycobot_gazebo/models/aws_robomaker_residential_Ball_01/materials/textures/aws_Ball_01.png
[4.641s] -- Up-to-date: /home/ibrahim/ros2_ws/install/mycobot_gazebo/share/mycobot_gazebo/models/aws_robomaker_residential_Ball_01/meshes
[4.643s] -- Up-to-date: /home/ibrahim/ros2_ws/install/mycobot_gazebo/share/mycobot_gazebo/models/aws_robomaker_residential_Ball_01/meshes/aws_Ball_01_visual.DAE
[4.643s] -- Up-to-date: /home/ibrahim/ros2_ws/install/mycobot_gazebo/share/mycobot_gazebo/models/aws_robomaker_residential_Ball_01/meshes/aws_Ball_01_collision.DAE
[4.644s] -- Up-to-date: /home/ibrahim/ros2_ws/install/mycobot_gazebo/share/mycobot_gazebo/models/aws_robomaker_residential_Ball_01/model.config
[4.644s] -- Up-to-date: /home/ibrahim/ros2_ws/install/mycobot_gazebo/share/mycobot_gazebo/models/cheezit_big_original
[4.662s] -- Up-to-date: /home/ibrahim/ros2_ws/install/mycobot_gazebo/share/mycobot_gazebo/models/cheezit_big_original/model.sdf
[4.663s] -- Up-to-date: /home/ibrahim/ros2_ws/install/mycobot_gazebo/share/mycobot_gazebo/models/cheezit_big_original/meshes
[4.664s] -- Up-to-date: /home/ibrahim/ros2_ws/install/mycobot_gazebo/share/mycobot_gazebo/models/cheezit_big_original/meshes/cheezit_big_original.dae
[4.664s] -- Up-to-date: /home/ibrahim/ros2_ws/install/mycobot_gazebo/share/mycobot_gazebo/models/cheezit_big_original/meshes/cheez_tex_0.jpg
[4.664s] -- Up-to-date: /home/ibrahim/ros2_ws/install/mycobot_gazebo/share/mycobot_gazebo/models/cheezit_big_original/model.config
[4.664s] -- Up-to-date: /home/ibrahim/ros2_ws/install/mycobot_gazebo/share/mycobot_gazebo/models/aws_robomaker_residential_RoomCeiling_01
[4.704s] -- Up-to-date: /home/ibrahim/ros2_ws/install/mycobot_gazebo/share/mycobot_gazebo/models/aws_robomaker_residential_RoomCeiling_01/model.sdf
[4.704s] -- Up-to-date: /home/ibrahim/ros2_ws/install/mycobot_gazebo/share/mycobot_gazebo/models/aws_robomaker_residential_RoomCeiling_01/materials
[4.733s] -- Up-to-date: /home/ibrahim/ros2_ws/install/mycobot_gazebo/share/mycobot_gazebo/models/aws_robomaker_residential_RoomCeiling_01/materials/textures
[4.750s] -- Up-to-date: /home/ibrahim/ros2_ws/install/mycobot_gazebo/share/mycobot_gazebo/models/aws_robomaker_residential_RoomCeiling_01/materials/textures/aws_RoomCeiling_01.png
[4.750s] -- Up-to-date: /home/ibrahim/ros2_ws/install/mycobot_gazebo/share/mycobot_gazebo/models/aws_robomaker_residential_RoomCeiling_01/meshes
[4.769s] -- Up-to-date: /home/ibrahim/ros2_ws/install/mycobot_gazebo/share/mycobot_gazebo/models/aws_robomaker_residential_RoomCeiling_01/meshes/aws_RoomCeiling_01_visual.DAE
[4.769s] -- Up-to-date: /home/ibrahim/ros2_ws/install/mycobot_gazebo/share/mycobot_gazebo/models/aws_robomaker_residential_RoomCeiling_01/meshes/aws_RoomCeiling_01_collision.DAE
[4.769s] -- Up-to-date: /home/ibrahim/ros2_ws/install/mycobot_gazebo/share/mycobot_gazebo/models/aws_robomaker_residential_RoomCeiling_01/model.config
[4.770s] -- Up-to-date: /home/ibrahim/ros2_ws/install/mycobot_gazebo/share/mycobot_gazebo/models/aws_robomaker_residential_Tableware_01
[4.798s] -- Up-to-date: /home/ibrahim/ros2_ws/install/mycobot_gazebo/share/mycobot_gazebo/models/aws_robomaker_residential_Tableware_01/model.sdf
[4.800s] -- Up-to-date: /home/ibrahim/ros2_ws/install/mycobot_gazebo/share/mycobot_gazebo/models/aws_robomaker_residential_Tableware_01/materials
[4.822s] -- Up-to-date: /home/ibrahim/ros2_ws/install/mycobot_gazebo/share/mycobot_gazebo/models/aws_robomaker_residential_Tableware_01/materials/textures
[4.836s] -- Up-to-date: /home/ibrahim/ros2_ws/install/mycobot_gazebo/share/mycobot_gazebo/models/aws_robomaker_residential_Tableware_01/materials/textures/aws_Tableware_01.png
[4.837s] -- Up-to-date: /home/ibrahim/ros2_ws/install/mycobot_gazebo/share/mycobot_gazebo/models/aws_robomaker_residential_Tableware_01/meshes
[4.848s] -- Up-to-date: /home/ibrahim/ros2_ws/install/mycobot_gazebo/share/mycobot_gazebo/models/aws_robomaker_residential_Tableware_01/meshes/aws_Tableware_01_collision.DAE
[4.848s] -- Up-to-date: /home/ibrahim/ros2_ws/install/mycobot_gazebo/share/mycobot_gazebo/models/aws_robomaker_residential_Tableware_01/meshes/aws_Tableware_01_visual.DAE
[4.849s] -- Up-to-date: /home/ibrahim/ros2_ws/install/mycobot_gazebo/share/mycobot_gazebo/models/aws_robomaker_residential_Tableware_01/model.config
[4.849s] -- Up-to-date: /home/ibrahim/ros2_ws/install/mycobot_gazebo/share/mycobot_gazebo/models/mustard
[4.861s] -- Up-to-date: /home/ibrahim/ros2_ws/install/mycobot_gazebo/share/mycobot_gazebo/models/mustard/model.sdf
[4.861s] -- Up-to-date: /home/ibrahim/ros2_ws/install/mycobot_gazebo/share/mycobot_gazebo/models/mustard/materials
[4.881s] -- Up-to-date: /home/ibrahim/ros2_ws/install/mycobot_gazebo/share/mycobot_gazebo/models/mustard/materials/textures
[4.896s] -- Up-to-date: /home/ibrahim/ros2_ws/install/mycobot_gazebo/share/mycobot_gazebo/models/mustard/materials/textures/optimized_tsdf_texture_mapped_mesh.png
[4.897s] -- Up-to-date: /home/ibrahim/ros2_ws/install/mycobot_gazebo/share/mycobot_gazebo/models/mustard/materials/scripts
[4.926s] -- Up-to-date: /home/ibrahim/ros2_ws/install/mycobot_gazebo/share/mycobot_gazebo/models/mustard/materials/scripts/mustard.material
[4.926s] -- Up-to-date: /home/ibrahim/ros2_ws/install/mycobot_gazebo/share/mycobot_gazebo/models/mustard/meshes
[4.928s] -- Up-to-date: /home/ibrahim/ros2_ws/install/mycobot_gazebo/share/mycobot_gazebo/models/mustard/meshes/texture_map.png
[4.929s] -- Up-to-date: /home/ibrahim/ros2_ws/install/mycobot_gazebo/share/mycobot_gazebo/models/mustard/meshes/mustard.dae
[4.929s] -- Up-to-date: /home/ibrahim/ros2_ws/install/mycobot_gazebo/share/mycobot_gazebo/models/mustard/model.config
[4.929s] -- Up-to-date: /home/ibrahim/ros2_ws/install/mycobot_gazebo/share/mycobot_gazebo/models/aws_robomaker_residential_SofaB_01
[4.930s] -- Up-to-date: /home/ibrahim/ros2_ws/install/mycobot_gazebo/share/mycobot_gazebo/models/aws_robomaker_residential_SofaB_01/model.sdf
[4.931s] -- Up-to-date: /home/ibrahim/ros2_ws/install/mycobot_gazebo/share/mycobot_gazebo/models/aws_robomaker_residential_SofaB_01/materials
[4.932s] -- Up-to-date: /home/ibrahim/ros2_ws/install/mycobot_gazebo/share/mycobot_gazebo/models/aws_robomaker_residential_SofaB_01/materials/textures
[4.954s] -- Up-to-date: /home/ibrahim/ros2_ws/install/mycobot_gazebo/share/mycobot_gazebo/models/aws_robomaker_residential_SofaB_01/materials/textures/aws_SofaB_01.png
[4.954s] -- Up-to-date: /home/ibrahim/ros2_ws/install/mycobot_gazebo/share/mycobot_gazebo/models/aws_robomaker_residential_SofaB_01/meshes
[4.973s] -- Up-to-date: /home/ibrahim/ros2_ws/install/mycobot_gazebo/share/mycobot_gazebo/models/aws_robomaker_residential_SofaB_01/meshes/aws_SofaB_01_collision.DAE
[4.973s] -- Up-to-date: /home/ibrahim/ros2_ws/install/mycobot_gazebo/share/mycobot_gazebo/models/aws_robomaker_residential_SofaB_01/meshes/aws_SofaB_01_visual.DAE
[4.973s] -- Up-to-date: /home/ibrahim/ros2_ws/install/mycobot_gazebo/share/mycobot_gazebo/models/aws_robomaker_residential_SofaB_01/model.config
[4.973s] -- Up-to-date: /home/ibrahim/ros2_ws/install/mycobot_gazebo/share/mycobot_gazebo/models/aws_robomaker_residential_PortraitE_01
[4.991s] -- Up-to-date: /home/ibrahim/ros2_ws/install/mycobot_gazebo/share/mycobot_gazebo/models/aws_robomaker_residential_PortraitE_01/model.sdf
[4.991s] -- Up-to-date: /home/ibrahim/ros2_ws/install/mycobot_gazebo/share/mycobot_gazebo/models/aws_robomaker_residential_PortraitE_01/materials
[5.004s] -- Up-to-date: /home/ibrahim/ros2_ws/install/mycobot_gazebo/share/mycobot_gazebo/models/aws_robomaker_residential_PortraitE_01/materials/textures
[5.022s] -- Up-to-date: /home/ibrahim/ros2_ws/install/mycobot_gazebo/share/mycobot_gazebo/models/aws_robomaker_residential_PortraitE_01/materials/textures/aws_PortraitE_02.png
[5.022s] -- Up-to-date: /home/ibrahim/ros2_ws/install/mycobot_gazebo/share/mycobot_gazebo/models/aws_robomaker_residential_PortraitE_01/materials/textures/PortraitE_01.jpg
[5.022s] -- Up-to-date: /home/ibrahim/ros2_ws/install/mycobot_gazebo/share/mycobot_gazebo/models/aws_robomaker_residential_PortraitE_01/materials/textures/aws_PortraitE_01.png
[5.022s] -- Up-to-date: /home/ibrahim/ros2_ws/install/mycobot_gazebo/share/mycobot_gazebo/models/aws_robomaker_residential_PortraitE_01/meshes
[5.032s] -- Up-to-date: /home/ibrahim/ros2_ws/install/mycobot_gazebo/share/mycobot_gazebo/models/aws_robomaker_residential_PortraitE_01/meshes/aws_PortraitE_01_visual.DAE
[5.032s] -- Up-to-date: /home/ibrahim/ros2_ws/install/mycobot_gazebo/share/mycobot_gazebo/models/aws_robomaker_residential_PortraitE_01/meshes/aws_PortraitE_01_collision.DAE
[5.033s] -- Up-to-date: /home/ibrahim/ros2_ws/install/mycobot_gazebo/share/mycobot_gazebo/models/aws_robomaker_residential_PortraitE_01/model.config
[5.033s] -- Up-to-date: /home/ibrahim/ros2_ws/install/mycobot_gazebo/share/mycobot_gazebo/models/aws_robomaker_residential_Door_01
[5.036s] -- Up-to-date: /home/ibrahim/ros2_ws/install/mycobot_gazebo/share/mycobot_gazebo/models/aws_robomaker_residential_Door_01/model.sdf
[5.036s] -- Up-to-date: /home/ibrahim/ros2_ws/install/mycobot_gazebo/share/mycobot_gazebo/models/aws_robomaker_residential_Door_01/materials
[5.056s] -- Up-to-date: /home/ibrahim/ros2_ws/install/mycobot_gazebo/share/mycobot_gazebo/models/aws_robomaker_residential_Door_01/materials/textures
[5.068s] -- Up-to-date: /home/ibrahim/ros2_ws/install/mycobot_gazebo/share/mycobot_gazebo/models/aws_robomaker_residential_Door_01/materials/textures/aws_Door_01.png
[5.068s] -- Up-to-date: /home/ibrahim/ros2_ws/install/mycobot_gazebo/share/mycobot_gazebo/models/aws_robomaker_residential_Door_01/meshes
[5.091s] -- Up-to-date: /home/ibrahim/ros2_ws/install/mycobot_gazebo/share/mycobot_gazebo/models/aws_robomaker_residential_Door_01/meshes/aws_Door_01_collision.DAE
[5.091s] -- Up-to-date: /home/ibrahim/ros2_ws/install/mycobot_gazebo/share/mycobot_gazebo/models/aws_robomaker_residential_Door_01/meshes/aws_Door_01_visual.DAE
[5.091s] -- Up-to-date: /home/ibrahim/ros2_ws/install/mycobot_gazebo/share/mycobot_gazebo/models/aws_robomaker_residential_Door_01/model.config
[5.091s] -- Up-to-date: /home/ibrahim/ros2_ws/install/mycobot_gazebo/share/mycobot_gazebo/models/ground_plane
[5.109s] -- Up-to-date: /home/ibrahim/ros2_ws/install/mycobot_gazebo/share/mycobot_gazebo/models/ground_plane/model.sdf
[5.109s] -- Up-to-date: /home/ibrahim/ros2_ws/install/mycobot_gazebo/share/mycobot_gazebo/models/ground_plane/model-1_3.sdf
[5.110s] -- Up-to-date: /home/ibrahim/ros2_ws/install/mycobot_gazebo/share/mycobot_gazebo/models/ground_plane/model-1_2.sdf
[5.110s] -- Up-to-date: /home/ibrahim/ros2_ws/install/mycobot_gazebo/share/mycobot_gazebo/models/ground_plane/model-1_4.sdf
[5.110s] -- Up-to-date: /home/ibrahim/ros2_ws/install/mycobot_gazebo/share/mycobot_gazebo/models/ground_plane/model.config
[5.110s] -- Up-to-date: /home/ibrahim/ros2_ws/install/mycobot_gazebo/share/mycobot_gazebo/models/aws_robomaker_residential_DeskPortraitB_01
[5.129s] -- Up-to-date: /home/ibrahim/ros2_ws/install/mycobot_gazebo/share/mycobot_gazebo/models/aws_robomaker_residential_DeskPortraitB_01/model.sdf
[5.130s] -- Up-to-date: /home/ibrahim/ros2_ws/install/mycobot_gazebo/share/mycobot_gazebo/models/aws_robomaker_residential_DeskPortraitB_01/materials
[5.142s] -- Up-to-date: /home/ibrahim/ros2_ws/install/mycobot_gazebo/share/mycobot_gazebo/models/aws_robomaker_residential_DeskPortraitB_01/materials/textures
[5.166s] -- Up-to-date: /home/ibrahim/ros2_ws/install/mycobot_gazebo/share/mycobot_gazebo/models/aws_robomaker_residential_DeskPortraitB_01/materials/textures/aws_DeskPortraitB_02.png
[5.166s] -- Up-to-date: /home/ibrahim/ros2_ws/install/mycobot_gazebo/share/mycobot_gazebo/models/aws_robomaker_residential_DeskPortraitB_01/materials/textures/aws_DeskPortraitB_01.png
[5.166s] -- Up-to-date: /home/ibrahim/ros2_ws/install/mycobot_gazebo/share/mycobot_gazebo/models/aws_robomaker_residential_DeskPortraitB_01/materials/textures/DeskPortraitB_01.jpg
[5.166s] -- Up-to-date: /home/ibrahim/ros2_ws/install/mycobot_gazebo/share/mycobot_gazebo/models/aws_robomaker_residential_DeskPortraitB_01/meshes
[5.175s] -- Up-to-date: /home/ibrahim/ros2_ws/install/mycobot_gazebo/share/mycobot_gazebo/models/aws_robomaker_residential_DeskPortraitB_01/meshes/aws_DeskPortraitB_01_visual.DAE
[5.175s] -- Up-to-date: /home/ibrahim/ros2_ws/install/mycobot_gazebo/share/mycobot_gazebo/models/aws_robomaker_residential_DeskPortraitB_01/meshes/aws_DeskPortraitB_01_collision.DAE
[5.176s] -- Up-to-date: /home/ibrahim/ros2_ws/install/mycobot_gazebo/share/mycobot_gazebo/models/aws_robomaker_residential_DeskPortraitB_01/model.config
[5.176s] -- Up-to-date: /home/ibrahim/ros2_ws/install/mycobot_gazebo/share/mycobot_gazebo/models/aws_robomaker_residential_ReadingDesk_01
[5.204s] -- Up-to-date: /home/ibrahim/ros2_ws/install/mycobot_gazebo/share/mycobot_gazebo/models/aws_robomaker_residential_ReadingDesk_01/model.sdf
[5.205s] -- Up-to-date: /home/ibrahim/ros2_ws/install/mycobot_gazebo/share/mycobot_gazebo/models/aws_robomaker_residential_ReadingDesk_01/materials
[5.230s] -- Up-to-date: /home/ibrahim/ros2_ws/install/mycobot_gazebo/share/mycobot_gazebo/models/aws_robomaker_residential_ReadingDesk_01/materials/textures
[5.255s] -- Up-to-date: /home/ibrahim/ros2_ws/install/mycobot_gazebo/share/mycobot_gazebo/models/aws_robomaker_residential_ReadingDesk_01/materials/textures/aws_ReadingDesk_01.png
[5.255s] -- Up-to-date: /home/ibrahim/ros2_ws/install/mycobot_gazebo/share/mycobot_gazebo/models/aws_robomaker_residential_ReadingDesk_01/meshes
[5.257s] -- Up-to-date: /home/ibrahim/ros2_ws/install/mycobot_gazebo/share/mycobot_gazebo/models/aws_robomaker_residential_ReadingDesk_01/meshes/aws_ReadingDesk_01_visual.DAE
[5.257s] -- Up-to-date: /home/ibrahim/ros2_ws/install/mycobot_gazebo/share/mycobot_gazebo/models/aws_robomaker_residential_ReadingDesk_01/meshes/aws_ReadingDesk_01_collision.DAE
[5.257s] -- Up-to-date: /home/ibrahim/ros2_ws/install/mycobot_gazebo/share/mycobot_gazebo/models/aws_robomaker_residential_ReadingDesk_01/model.config
[5.257s] -- Up-to-date: /home/ibrahim/ros2_ws/install/mycobot_gazebo/share/mycobot_gazebo/models/aws_robomaker_residential_Curtain_01
[5.272s] -- Up-to-date: /home/ibrahim/ros2_ws/install/mycobot_gazebo/share/mycobot_gazebo/models/aws_robomaker_residential_Curtain_01/model.sdf
[5.272s] -- Up-to-date: /home/ibrahim/ros2_ws/install/mycobot_gazebo/share/mycobot_gazebo/models/aws_robomaker_residential_Curtain_01/materials
[5.296s] -- Up-to-date: /home/ibrahim/ros2_ws/install/mycobot_gazebo/share/mycobot_gazebo/models/aws_robomaker_residential_Curtain_01/materials/textures
[5.358s] -- Up-to-date: /home/ibrahim/ros2_ws/install/mycobot_gazebo/share/mycobot_gazebo/models/aws_robomaker_residential_Curtain_01/materials/textures/aws_Curtain_01.png
[5.363s] -- Up-to-date: /home/ibrahim/ros2_ws/install/mycobot_gazebo/share/mycobot_gazebo/models/aws_robomaker_residential_Curtain_01/meshes
[5.363s] -- Up-to-date: /home/ibrahim/ros2_ws/install/mycobot_gazebo/share/mycobot_gazebo/models/aws_robomaker_residential_Curtain_01/meshes/aws_Curtain_01_collision.DAE
[5.364s] -- Up-to-date: /home/ibrahim/ros2_ws/install/mycobot_gazebo/share/mycobot_gazebo/models/aws_robomaker_residential_Curtain_01/meshes/aws_Curtain_01_visual.DAE
[5.364s] -- Up-to-date: /home/ibrahim/ros2_ws/install/mycobot_gazebo/share/mycobot_gazebo/models/aws_robomaker_residential_Curtain_01/model.config
[5.364s] -- Up-to-date: /home/ibrahim/ros2_ws/install/mycobot_gazebo/share/mycobot_gazebo/models/aws_robomaker_warehouse_RoofB_01
[5.388s] -- Up-to-date: /home/ibrahim/ros2_ws/install/mycobot_gazebo/share/mycobot_gazebo/models/aws_robomaker_warehouse_RoofB_01/model.sdf
[5.388s] -- Up-to-date: /home/ibrahim/ros2_ws/install/mycobot_gazebo/share/mycobot_gazebo/models/aws_robomaker_warehouse_RoofB_01/materials
[5.401s] -- Up-to-date: /home/ibrahim/ros2_ws/install/mycobot_gazebo/share/mycobot_gazebo/models/aws_robomaker_warehouse_RoofB_01/materials/textures
[5.402s] -- Up-to-date: /home/ibrahim/ros2_ws/install/mycobot_gazebo/share/mycobot_gazebo/models/aws_robomaker_warehouse_RoofB_01/materials/textures/aws_robomaker_warehouse_RoofB_01.png
[5.402s] -- Up-to-date: /home/ibrahim/ros2_ws/install/mycobot_gazebo/share/mycobot_gazebo/models/aws_robomaker_warehouse_RoofB_01/meshes
[5.419s] -- Up-to-date: /home/ibrahim/ros2_ws/install/mycobot_gazebo/share/mycobot_gazebo/models/aws_robomaker_warehouse_RoofB_01/meshes/aws_robomaker_warehouse_RoofB_01_collision.DAE
[5.419s] -- Up-to-date: /home/ibrahim/ros2_ws/install/mycobot_gazebo/share/mycobot_gazebo/models/aws_robomaker_warehouse_RoofB_01/meshes/aws_robomaker_warehouse_RoofB_01_visual.DAE
[5.419s] -- Up-to-date: /home/ibrahim/ros2_ws/install/mycobot_gazebo/share/mycobot_gazebo/models/aws_robomaker_warehouse_RoofB_01/model.config
[5.419s] -- Up-to-date: /home/ibrahim/ros2_ws/install/mycobot_gazebo/share/mycobot_gazebo/models/aws_robomaker_residential_PortraitB_03
[5.435s] -- Up-to-date: /home/ibrahim/ros2_ws/install/mycobot_gazebo/share/mycobot_gazebo/models/aws_robomaker_residential_PortraitB_03/model.sdf
[5.436s] -- Up-to-date: /home/ibrahim/ros2_ws/install/mycobot_gazebo/share/mycobot_gazebo/models/aws_robomaker_residential_PortraitB_03/materials
[5.436s] -- Up-to-date: /home/ibrahim/ros2_ws/install/mycobot_gazebo/share/mycobot_gazebo/models/aws_robomaker_residential_PortraitB_03/materials/textures
[5.446s] -- Up-to-date: /home/ibrahim/ros2_ws/install/mycobot_gazebo/share/mycobot_gazebo/models/aws_robomaker_residential_PortraitB_03/materials/textures/aws_PortraitB_01.png
[5.446s] -- Up-to-date: /home/ibrahim/ros2_ws/install/mycobot_gazebo/share/mycobot_gazebo/models/aws_robomaker_residential_PortraitB_03/materials/textures/PortraitB_03.jpg
[5.446s] -- Up-to-date: /home/ibrahim/ros2_ws/install/mycobot_gazebo/share/mycobot_gazebo/models/aws_robomaker_residential_PortraitB_03/materials/textures/aws_PortraitB_02.png
[5.447s] -- Up-to-date: /home/ibrahim/ros2_ws/install/mycobot_gazebo/share/mycobot_gazebo/models/aws_robomaker_residential_PortraitB_03/meshes
[5.447s] -- Up-to-date: /home/ibrahim/ros2_ws/install/mycobot_gazebo/share/mycobot_gazebo/models/aws_robomaker_residential_PortraitB_03/meshes/aws_PortraitB_01_collision.DAE
[5.447s] -- Up-to-date: /home/ibrahim/ros2_ws/install/mycobot_gazebo/share/mycobot_gazebo/models/aws_robomaker_residential_PortraitB_03/meshes/aws_PortraitB_01_visual.DAE
[5.447s] -- Up-to-date: /home/ibrahim/ros2_ws/install/mycobot_gazebo/share/mycobot_gazebo/models/aws_robomaker_residential_PortraitB_03/model.config
[5.447s] -- Up-to-date: /home/ibrahim/ros2_ws/install/mycobot_gazebo/share/mycobot_gazebo/models/aws_robomaker_residential_RoomWindow_01
[5.447s] -- Up-to-date: /home/ibrahim/ros2_ws/install/mycobot_gazebo/share/mycobot_gazebo/models/aws_robomaker_residential_RoomWindow_01/model.sdf
[5.447s] -- Up-to-date: /home/ibrahim/ros2_ws/install/mycobot_gazebo/share/mycobot_gazebo/models/aws_robomaker_residential_RoomWindow_01/materials
[5.447s] -- Up-to-date: /home/ibrahim/ros2_ws/install/mycobot_gazebo/share/mycobot_gazebo/models/aws_robomaker_residential_RoomWindow_01/materials/textures
[5.455s] -- Up-to-date: /home/ibrahim/ros2_ws/install/mycobot_gazebo/share/mycobot_gazebo/models/aws_robomaker_residential_RoomWindow_01/materials/textures/aws_RoomWindow_01.png
[5.470s] -- Up-to-date: /home/ibrahim/ros2_ws/install/mycobot_gazebo/share/mycobot_gazebo/models/aws_robomaker_residential_RoomWindow_01/meshes
[5.489s] -- Up-to-date: /home/ibrahim/ros2_ws/install/mycobot_gazebo/share/mycobot_gazebo/models/aws_robomaker_residential_RoomWindow_01/meshes/aws_RoomWindow_01_visual.DAE
[5.489s] -- Up-to-date: /home/ibrahim/ros2_ws/install/mycobot_gazebo/share/mycobot_gazebo/models/aws_robomaker_residential_RoomWindow_01/meshes/aws_RoomWindow_01_collision.DAE
[5.489s] -- Up-to-date: /home/ibrahim/ros2_ws/install/mycobot_gazebo/share/mycobot_gazebo/models/aws_robomaker_residential_RoomWindow_01/model.config
[5.489s] -- Up-to-date: /home/ibrahim/ros2_ws/install/mycobot_gazebo/share/mycobot_gazebo/models/aws_robomaker_residential_DeskPortraitD_03
[5.558s] -- Up-to-date: /home/ibrahim/ros2_ws/install/mycobot_gazebo/share/mycobot_gazebo/models/aws_robomaker_residential_DeskPortraitD_03/model.sdf
[5.558s] -- Up-to-date: /home/ibrahim/ros2_ws/install/mycobot_gazebo/share/mycobot_gazebo/models/aws_robomaker_residential_DeskPortraitD_03/materials
[5.584s] -- Up-to-date: /home/ibrahim/ros2_ws/install/mycobot_gazebo/share/mycobot_gazebo/models/aws_robomaker_residential_DeskPortraitD_03/materials/textures
[5.616s] -- Up-to-date: /home/ibrahim/ros2_ws/install/mycobot_gazebo/share/mycobot_gazebo/models/aws_robomaker_residential_DeskPortraitD_03/materials/textures/DeskPortraitD_03.jpg
[5.617s] -- Up-to-date: /home/ibrahim/ros2_ws/install/mycobot_gazebo/share/mycobot_gazebo/models/aws_robomaker_residential_DeskPortraitD_03/materials/textures/aws_DeskPortraitD_02.png
[5.617s] -- Up-to-date: /home/ibrahim/ros2_ws/install/mycobot_gazebo/share/mycobot_gazebo/models/aws_robomaker_residential_DeskPortraitD_03/materials/textures/aws_DeskPortraitD_01.png
[5.617s] -- Up-to-date: /home/ibrahim/ros2_ws/install/mycobot_gazebo/share/mycobot_gazebo/models/aws_robomaker_residential_DeskPortraitD_03/meshes
[5.640s] -- Up-to-date: /home/ibrahim/ros2_ws/install/mycobot_gazebo/share/mycobot_gazebo/models/aws_robomaker_residential_DeskPortraitD_03/meshes/aws_DeskPortraitD_01_collision.DAE
[5.640s] -- Up-to-date: /home/ibrahim/ros2_ws/install/mycobot_gazebo/share/mycobot_gazebo/models/aws_robomaker_residential_DeskPortraitD_03/meshes/aws_DeskPortraitD_01_visual.DAE
[5.641s] -- Up-to-date: /home/ibrahim/ros2_ws/install/mycobot_gazebo/share/mycobot_gazebo/models/aws_robomaker_residential_DeskPortraitD_03/model.config
[5.641s] -- Up-to-date: /home/ibrahim/ros2_ws/install/mycobot_gazebo/share/mycobot_gazebo/models/aws_robomaker_residential_DeskPortraitC_02
[5.646s] -- Up-to-date: /home/ibrahim/ros2_ws/install/mycobot_gazebo/share/mycobot_gazebo/models/aws_robomaker_residential_DeskPortraitC_02/model.sdf
[5.646s] -- Up-to-date: /home/ibrahim/ros2_ws/install/mycobot_gazebo/share/mycobot_gazebo/models/aws_robomaker_residential_DeskPortraitC_02/materials
[5.667s] -- Up-to-date: /home/ibrahim/ros2_ws/install/mycobot_gazebo/share/mycobot_gazebo/models/aws_robomaker_residential_DeskPortraitC_02/materials/textures
[5.691s] -- Up-to-date: /home/ibrahim/ros2_ws/install/mycobot_gazebo/share/mycobot_gazebo/models/aws_robomaker_residential_DeskPortraitC_02/materials/textures/DeskPortraitC_02.jpg
[5.691s] -- Up-to-date: /home/ibrahim/ros2_ws/install/mycobot_gazebo/share/mycobot_gazebo/models/aws_robomaker_residential_DeskPortraitC_02/materials/textures/aws_DeskPortraitC_01.png
[5.691s] -- Up-to-date: /home/ibrahim/ros2_ws/install/mycobot_gazebo/share/mycobot_gazebo/models/aws_robomaker_residential_DeskPortraitC_02/materials/textures/aws_DeskPortraitC_02.png
[5.691s] -- Up-to-date: /home/ibrahim/ros2_ws/install/mycobot_gazebo/share/mycobot_gazebo/models/aws_robomaker_residential_DeskPortraitC_02/meshes
[5.710s] -- Up-to-date: /home/ibrahim/ros2_ws/install/mycobot_gazebo/share/mycobot_gazebo/models/aws_robomaker_residential_DeskPortraitC_02/meshes/aws_DeskPortraitC_01_visual.DAE
[5.710s] -- Up-to-date: /home/ibrahim/ros2_ws/install/mycobot_gazebo/share/mycobot_gazebo/models/aws_robomaker_residential_DeskPortraitC_02/meshes/aws_DeskPortraitC_01_collision.DAE
[5.710s] -- Up-to-date: /home/ibrahim/ros2_ws/install/mycobot_gazebo/share/mycobot_gazebo/models/aws_robomaker_residential_DeskPortraitC_02/model.config
[5.711s] -- Up-to-date: /home/ibrahim/ros2_ws/install/mycobot_gazebo/share/mycobot_gazebo/models/aws_robomaker_warehouse_TrashCanC_01
[5.740s] -- Up-to-date: /home/ibrahim/ros2_ws/install/mycobot_gazebo/share/mycobot_gazebo/models/aws_robomaker_warehouse_TrashCanC_01/model.sdf
[5.740s] -- Up-to-date: /home/ibrahim/ros2_ws/install/mycobot_gazebo/share/mycobot_gazebo/models/aws_robomaker_warehouse_TrashCanC_01/materials
[5.751s] -- Up-to-date: /home/ibrahim/ros2_ws/install/mycobot_gazebo/share/mycobot_gazebo/models/aws_robomaker_warehouse_TrashCanC_01/materials/textures
[5.789s] -- Up-to-date: /home/ibrahim/ros2_ws/install/mycobot_gazebo/share/mycobot_gazebo/models/aws_robomaker_warehouse_TrashCanC_01/materials/textures/aws_robomaker_warehouse_TrashCanC_01.png
[5.798s] -- Up-to-date: /home/ibrahim/ros2_ws/install/mycobot_gazebo/share/mycobot_gazebo/models/aws_robomaker_warehouse_TrashCanC_01/meshes
[5.809s] -- Up-to-date: /home/ibrahim/ros2_ws/install/mycobot_gazebo/share/mycobot_gazebo/models/aws_robomaker_warehouse_TrashCanC_01/meshes/aws_robomaker_warehouse_TrashCanC_01_collision.DAE
[5.811s] -- Up-to-date: /home/ibrahim/ros2_ws/install/mycobot_gazebo/share/mycobot_gazebo/models/aws_robomaker_warehouse_TrashCanC_01/meshes/aws_robomaker_warehouse_TrashCanC_01_visual.DAE
[5.811s] -- Up-to-date: /home/ibrahim/ros2_ws/install/mycobot_gazebo/share/mycobot_gazebo/models/aws_robomaker_warehouse_TrashCanC_01/model.config
[5.811s] -- Up-to-date: /home/ibrahim/ros2_ws/install/mycobot_gazebo/share/mycobot_gazebo/models/aws_robomaker_residential_DeskPortraitC_01
[5.816s] -- Up-to-date: /home/ibrahim/ros2_ws/install/mycobot_gazebo/share/mycobot_gazebo/models/aws_robomaker_residential_DeskPortraitC_01/model.sdf
[5.820s] -- Up-to-date: /home/ibrahim/ros2_ws/install/mycobot_gazebo/share/mycobot_gazebo/models/aws_robomaker_residential_DeskPortraitC_01/materials
[5.830s] -- Up-to-date: /home/ibrahim/ros2_ws/install/mycobot_gazebo/share/mycobot_gazebo/models/aws_robomaker_residential_DeskPortraitC_01/materials/textures
[5.840s] -- Up-to-date: /home/ibrahim/ros2_ws/install/mycobot_gazebo/share/mycobot_gazebo/models/aws_robomaker_residential_DeskPortraitC_01/materials/textures/aws_DeskPortraitC_01.png
[5.841s] -- Up-to-date: /home/ibrahim/ros2_ws/install/mycobot_gazebo/share/mycobot_gazebo/models/aws_robomaker_residential_DeskPortraitC_01/materials/textures/DeskPortraitC_01.jpg
[5.841s] -- Up-to-date: /home/ibrahim/ros2_ws/install/mycobot_gazebo/share/mycobot_gazebo/models/aws_robomaker_residential_DeskPortraitC_01/materials/textures/aws_DeskPortraitC_02.png
[5.841s] -- Up-to-date: /home/ibrahim/ros2_ws/install/mycobot_gazebo/share/mycobot_gazebo/models/aws_robomaker_residential_DeskPortraitC_01/meshes
[5.860s] -- Up-to-date: /home/ibrahim/ros2_ws/install/mycobot_gazebo/share/mycobot_gazebo/models/aws_robomaker_residential_DeskPortraitC_01/meshes/aws_DeskPortraitC_01_visual.DAE
[5.860s] -- Up-to-date: /home/ibrahim/ros2_ws/install/mycobot_gazebo/share/mycobot_gazebo/models/aws_robomaker_residential_DeskPortraitC_01/meshes/aws_DeskPortraitC_01_collision.DAE
[5.860s] -- Up-to-date: /home/ibrahim/ros2_ws/install/mycobot_gazebo/share/mycobot_gazebo/models/aws_robomaker_residential_DeskPortraitC_01/model.config
[5.860s] -- Up-to-date: /home/ibrahim/ros2_ws/install/mycobot_gazebo/share/mycobot_gazebo/models/aws_robomaker_residential_DeskPortraitB_02
[5.878s] -- Up-to-date: /home/ibrahim/ros2_ws/install/mycobot_gazebo/share/mycobot_gazebo/models/aws_robomaker_residential_DeskPortraitB_02/model.sdf
[5.879s] -- Up-to-date: /home/ibrahim/ros2_ws/install/mycobot_gazebo/share/mycobot_gazebo/models/aws_robomaker_residential_DeskPortraitB_02/materials
[5.902s] -- Up-to-date: /home/ibrahim/ros2_ws/install/mycobot_gazebo/share/mycobot_gazebo/models/aws_robomaker_residential_DeskPortraitB_02/materials/textures
[5.934s] -- Up-to-date: /home/ibrahim/ros2_ws/install/mycobot_gazebo/share/mycobot_gazebo/models/aws_robomaker_residential_DeskPortraitB_02/materials/textures/DeskPortraitB_02.jpg
[5.935s] -- Up-to-date: /home/ibrahim/ros2_ws/install/mycobot_gazebo/share/mycobot_gazebo/models/aws_robomaker_residential_DeskPortraitB_02/materials/textures/aws_DeskPortraitB_02.png
[5.936s] -- Up-to-date: /home/ibrahim/ros2_ws/install/mycobot_gazebo/share/mycobot_gazebo/models/aws_robomaker_residential_DeskPortraitB_02/materials/textures/aws_DeskPortraitB_01.png
[5.936s] -- Up-to-date: /home/ibrahim/ros2_ws/install/mycobot_gazebo/share/mycobot_gazebo/models/aws_robomaker_residential_DeskPortraitB_02/meshes
[5.963s] -- Up-to-date: /home/ibrahim/ros2_ws/install/mycobot_gazebo/share/mycobot_gazebo/models/aws_robomaker_residential_DeskPortraitB_02/meshes/aws_DeskPortraitB_01_visual.DAE
[5.963s] -- Up-to-date: /home/ibrahim/ros2_ws/install/mycobot_gazebo/share/mycobot_gazebo/models/aws_robomaker_residential_DeskPortraitB_02/meshes/aws_DeskPortraitB_01_collision.DAE
[5.963s] -- Up-to-date: /home/ibrahim/ros2_ws/install/mycobot_gazebo/share/mycobot_gazebo/models/aws_robomaker_residential_DeskPortraitB_02/model.config
[5.963s] -- Up-to-date: /home/ibrahim/ros2_ws/install/mycobot_gazebo/share/mycobot_gazebo/models/aws_robomaker_residential_DeskPortraitA_02
[5.985s] -- Up-to-date: /home/ibrahim/ros2_ws/install/mycobot_gazebo/share/mycobot_gazebo/models/aws_robomaker_residential_DeskPortraitA_02/model.sdf
[5.986s] -- Up-to-date: /home/ibrahim/ros2_ws/install/mycobot_gazebo/share/mycobot_gazebo/models/aws_robomaker_residential_DeskPortraitA_02/materials
[5.987s] -- Up-to-date: /home/ibrahim/ros2_ws/install/mycobot_gazebo/share/mycobot_gazebo/models/aws_robomaker_residential_DeskPortraitA_02/materials/textures
[5.995s] -- Up-to-date: /home/ibrahim/ros2_ws/install/mycobot_gazebo/share/mycobot_gazebo/models/aws_robomaker_residential_DeskPortraitA_02/materials/textures/aws_DeskPortraitA_01.png
[5.995s] -- Up-to-date: /home/ibrahim/ros2_ws/install/mycobot_gazebo/share/mycobot_gazebo/models/aws_robomaker_residential_DeskPortraitA_02/materials/textures/DeskPortraitA_02.jpg
[5.996s] -- Up-to-date: /home/ibrahim/ros2_ws/install/mycobot_gazebo/share/mycobot_gazebo/models/aws_robomaker_residential_DeskPortraitA_02/materials/textures/aws_DeskPortraitA_02.png
[5.996s] -- Up-to-date: /home/ibrahim/ros2_ws/install/mycobot_gazebo/share/mycobot_gazebo/models/aws_robomaker_residential_DeskPortraitA_02/meshes
[5.997s] -- Up-to-date: /home/ibrahim/ros2_ws/install/mycobot_gazebo/share/mycobot_gazebo/models/aws_robomaker_residential_DeskPortraitA_02/meshes/aws_DeskPortraitA_01_collision.DAE
[5.997s] -- Up-to-date: /home/ibrahim/ros2_ws/install/mycobot_gazebo/share/mycobot_gazebo/models/aws_robomaker_residential_DeskPortraitA_02/meshes/aws_DeskPortraitA_01_visual.DAE
[6.010s] -- Up-to-date: /home/ibrahim/ros2_ws/install/mycobot_gazebo/share/mycobot_gazebo/models/aws_robomaker_residential_DeskPortraitA_02/model.config
[6.010s] -- Up-to-date: /home/ibrahim/ros2_ws/install/mycobot_gazebo/share/mycobot_gazebo/models/cardboard_box
[6.010s] -- Up-to-date: /home/ibrahim/ros2_ws/install/mycobot_gazebo/share/mycobot_gazebo/models/cardboard_box/model.sdf
[6.010s] -- Up-to-date: /home/ibrahim/ros2_ws/install/mycobot_gazebo/share/mycobot_gazebo/models/cardboard_box/materials
[6.010s] -- Up-to-date: /home/ibrahim/ros2_ws/install/mycobot_gazebo/share/mycobot_gazebo/models/cardboard_box/materials/textures
[6.037s] -- Up-to-date: /home/ibrahim/ros2_ws/install/mycobot_gazebo/share/mycobot_gazebo/models/cardboard_box/materials/textures/cardboard_box.png
[6.037s] -- Up-to-date: /home/ibrahim/ros2_ws/install/mycobot_gazebo/share/mycobot_gazebo/models/cardboard_box/meshes
[6.053s] -- Up-to-date: /home/ibrahim/ros2_ws/install/mycobot_gazebo/share/mycobot_gazebo/models/cardboard_box/meshes/cardboard_box.png
[6.053s] -- Up-to-date: /home/ibrahim/ros2_ws/install/mycobot_gazebo/share/mycobot_gazebo/models/cardboard_box/meshes/cardboard_box.dae
[6.053s] -- Up-to-date: /home/ibrahim/ros2_ws/install/mycobot_gazebo/share/mycobot_gazebo/models/cardboard_box/model.config
[6.053s] -- Up-to-date: /home/ibrahim/ros2_ws/install/mycobot_gazebo/share/mycobot_gazebo/models/aws_robomaker_warehouse_ClutteringA_01
[6.053s] -- Up-to-date: /home/ibrahim/ros2_ws/install/mycobot_gazebo/share/mycobot_gazebo/models/aws_robomaker_warehouse_ClutteringA_01/model.sdf
[6.053s] -- Up-to-date: /home/ibrahim/ros2_ws/install/mycobot_gazebo/share/mycobot_gazebo/models/aws_robomaker_warehouse_ClutteringA_01/materials
[6.056s] -- Up-to-date: /home/ibrahim/ros2_ws/install/mycobot_gazebo/share/mycobot_gazebo/models/aws_robomaker_warehouse_ClutteringA_01/materials/textures
[6.067s] -- Up-to-date: /home/ibrahim/ros2_ws/install/mycobot_gazebo/share/mycobot_gazebo/models/aws_robomaker_warehouse_ClutteringA_01/materials/textures/aws_robomaker_warehouse_ClutteringA_01.png
[6.067s] -- Up-to-date: /home/ibrahim/ros2_ws/install/mycobot_gazebo/share/mycobot_gazebo/models/aws_robomaker_warehouse_ClutteringA_01/materials/textures/.DS_Store
[6.067s] -- Up-to-date: /home/ibrahim/ros2_ws/install/mycobot_gazebo/share/mycobot_gazebo/models/aws_robomaker_warehouse_ClutteringA_01/materials/textures/aws_robomaker_warehouse_ClutteringA_02.png
[6.067s] -- Up-to-date: /home/ibrahim/ros2_ws/install/mycobot_gazebo/share/mycobot_gazebo/models/aws_robomaker_warehouse_ClutteringA_01/materials/textures/aws_robomaker_warehouse_ClutteringA_03.png
[6.069s] -- Up-to-date: /home/ibrahim/ros2_ws/install/mycobot_gazebo/share/mycobot_gazebo/models/aws_robomaker_warehouse_ClutteringA_01/materials/.DS_Store
[6.069s] -- Up-to-date: /home/ibrahim/ros2_ws/install/mycobot_gazebo/share/mycobot_gazebo/models/aws_robomaker_warehouse_ClutteringA_01/.DS_Store
[6.070s] -- Up-to-date: /home/ibrahim/ros2_ws/install/mycobot_gazebo/share/mycobot_gazebo/models/aws_robomaker_warehouse_ClutteringA_01/meshes
[6.072s] -- Up-to-date: /home/ibrahim/ros2_ws/install/mycobot_gazebo/share/mycobot_gazebo/models/aws_robomaker_warehouse_ClutteringA_01/meshes/aws_robomaker_warehouse_ClutteringA_01_collision.DAE
[6.072s] -- Up-to-date: /home/ibrahim/ros2_ws/install/mycobot_gazebo/share/mycobot_gazebo/models/aws_robomaker_warehouse_ClutteringA_01/meshes/aws_robomaker_warehouse_ClutteringA_01_visual.DAE
[6.072s] -- Up-to-date: /home/ibrahim/ros2_ws/install/mycobot_gazebo/share/mycobot_gazebo/models/aws_robomaker_warehouse_ClutteringA_01/model.config
[6.072s] -- Up-to-date: /home/ibrahim/ros2_ws/install/mycobot_gazebo/share/mycobot_gazebo/models/aws_robomaker_residential_SeasoningBox_01
[6.112s] -- Up-to-date: /home/ibrahim/ros2_ws/install/mycobot_gazebo/share/mycobot_gazebo/models/aws_robomaker_residential_SeasoningBox_01/model.sdf
[6.113s] -- Up-to-date: /home/ibrahim/ros2_ws/install/mycobot_gazebo/share/mycobot_gazebo/models/aws_robomaker_residential_SeasoningBox_01/materials
[6.117s] -- Up-to-date: /home/ibrahim/ros2_ws/install/mycobot_gazebo/share/mycobot_gazebo/models/aws_robomaker_residential_SeasoningBox_01/materials/textures
[6.126s] -- Up-to-date: /home/ibrahim/ros2_ws/install/mycobot_gazebo/share/mycobot_gazebo/models/aws_robomaker_residential_SeasoningBox_01/materials/textures/aws_SeasoningBox_01.png
[6.126s] -- Up-to-date: /home/ibrahim/ros2_ws/install/mycobot_gazebo/share/mycobot_gazebo/models/aws_robomaker_residential_SeasoningBox_01/meshes
[6.142s] -- Up-to-date: /home/ibrahim/ros2_ws/install/mycobot_gazebo/share/mycobot_gazebo/models/aws_robomaker_residential_SeasoningBox_01/meshes/aws_SeasoningBox_01_visual.DAE
[6.143s] -- Up-to-date: /home/ibrahim/ros2_ws/install/mycobot_gazebo/share/mycobot_gazebo/models/aws_robomaker_residential_SeasoningBox_01/meshes/aws_SeasoningBox_01_collision.DAE
[6.143s] -- Up-to-date: /home/ibrahim/ros2_ws/install/mycobot_gazebo/share/mycobot_gazebo/models/aws_robomaker_residential_SeasoningBox_01/model.config
[6.143s] -- Up-to-date: /home/ibrahim/ros2_ws/install/mycobot_gazebo/share/mycobot_gazebo/models/aws_robomaker_residential_PortraitA_01
[6.160s] -- Up-to-date: /home/ibrahim/ros2_ws/install/mycobot_gazebo/share/mycobot_gazebo/models/aws_robomaker_residential_PortraitA_01/model.sdf
[6.160s] -- Up-to-date: /home/ibrahim/ros2_ws/install/mycobot_gazebo/share/mycobot_gazebo/models/aws_robomaker_residential_PortraitA_01/materials
[6.172s] -- Up-to-date: /home/ibrahim/ros2_ws/install/mycobot_gazebo/share/mycobot_gazebo/models/aws_robomaker_residential_PortraitA_01/materials/textures
[6.245s] -- Up-to-date: /home/ibrahim/ros2_ws/install/mycobot_gazebo/share/mycobot_gazebo/models/aws_robomaker_residential_PortraitA_01/materials/textures/aws_PortraitA_01.png
[6.245s] -- Up-to-date: /home/ibrahim/ros2_ws/install/mycobot_gazebo/share/mycobot_gazebo/models/aws_robomaker_residential_PortraitA_01/materials/textures/aws_PortraitA_02.png
[6.245s] -- Up-to-date: /home/ibrahim/ros2_ws/install/mycobot_gazebo/share/mycobot_gazebo/models/aws_robomaker_residential_PortraitA_01/materials/textures/PortraitA_01.jpg
[6.246s] -- Up-to-date: /home/ibrahim/ros2_ws/install/mycobot_gazebo/share/mycobot_gazebo/models/aws_robomaker_residential_PortraitA_01/meshes
[6.261s] -- Up-to-date: /home/ibrahim/ros2_ws/install/mycobot_gazebo/share/mycobot_gazebo/models/aws_robomaker_residential_PortraitA_01/meshes/aws_PortraitA_01_collision.DAE
[6.261s] -- Up-to-date: /home/ibrahim/ros2_ws/install/mycobot_gazebo/share/mycobot_gazebo/models/aws_robomaker_residential_PortraitA_01/meshes/aws_PortraitA_01_visual.DAE
[6.262s] -- Up-to-date: /home/ibrahim/ros2_ws/install/mycobot_gazebo/share/mycobot_gazebo/models/aws_robomaker_residential_PortraitA_01/model.config
[6.262s] -- Up-to-date: /home/ibrahim/ros2_ws/install/mycobot_gazebo/share/mycobot_gazebo/models/aws_robomaker_residential_PortraitE_02
[6.270s] -- Up-to-date: /home/ibrahim/ros2_ws/install/mycobot_gazebo/share/mycobot_gazebo/models/aws_robomaker_residential_PortraitE_02/model.sdf
[6.278s] -- Up-to-date: /home/ibrahim/ros2_ws/install/mycobot_gazebo/share/mycobot_gazebo/models/aws_robomaker_residential_PortraitE_02/materials
[6.303s] -- Up-to-date: /home/ibrahim/ros2_ws/install/mycobot_gazebo/share/mycobot_gazebo/models/aws_robomaker_residential_PortraitE_02/materials/textures
[6.304s] -- Up-to-date: /home/ibrahim/ros2_ws/install/mycobot_gazebo/share/mycobot_gazebo/models/aws_robomaker_residential_PortraitE_02/materials/textures/aws_PortraitE_02.png
[6.305s] -- Up-to-date: /home/ibrahim/ros2_ws/install/mycobot_gazebo/share/mycobot_gazebo/models/aws_robomaker_residential_PortraitE_02/materials/textures/aws_PortraitE_01.png
[6.305s] -- Up-to-date: /home/ibrahim/ros2_ws/install/mycobot_gazebo/share/mycobot_gazebo/models/aws_robomaker_residential_PortraitE_02/materials/textures/PortraitE_02.jpg
[6.305s] -- Up-to-date: /home/ibrahim/ros2_ws/install/mycobot_gazebo/share/mycobot_gazebo/models/aws_robomaker_residential_PortraitE_02/meshes
[6.309s] -- Up-to-date: /home/ibrahim/ros2_ws/install/mycobot_gazebo/share/mycobot_gazebo/models/aws_robomaker_residential_PortraitE_02/meshes/aws_PortraitE_01_visual.DAE
[6.309s] -- Up-to-date: /home/ibrahim/ros2_ws/install/mycobot_gazebo/share/mycobot_gazebo/models/aws_robomaker_residential_PortraitE_02/meshes/aws_PortraitE_01_collision.DAE
[6.310s] -- Up-to-date: /home/ibrahim/ros2_ws/install/mycobot_gazebo/share/mycobot_gazebo/models/aws_robomaker_residential_PortraitE_02/model.config
[6.310s] -- Up-to-date: /home/ibrahim/ros2_ws/install/mycobot_gazebo/share/mycobot_gazebo/models/aws_robomaker_residential_PortraitD_02
[6.310s] -- Up-to-date: /home/ibrahim/ros2_ws/install/mycobot_gazebo/share/mycobot_gazebo/models/aws_robomaker_residential_PortraitD_02/model.sdf
[6.310s] -- Up-to-date: /home/ibrahim/ros2_ws/install/mycobot_gazebo/share/mycobot_gazebo/models/aws_robomaker_residential_PortraitD_02/materials
[6.312s] -- Up-to-date: /home/ibrahim/ros2_ws/install/mycobot_gazebo/share/mycobot_gazebo/models/aws_robomaker_residential_PortraitD_02/materials/textures
[6.314s] -- Up-to-date: /home/ibrahim/ros2_ws/install/mycobot_gazebo/share/mycobot_gazebo/models/aws_robomaker_residential_PortraitD_02/materials/textures/PortraitD_02.jpg
[6.314s] -- Up-to-date: /home/ibrahim/ros2_ws/install/mycobot_gazebo/share/mycobot_gazebo/models/aws_robomaker_residential_PortraitD_02/materials/textures/aws_PortraitD_01.png
[6.314s] -- Up-to-date: /home/ibrahim/ros2_ws/install/mycobot_gazebo/share/mycobot_gazebo/models/aws_robomaker_residential_PortraitD_02/materials/textures/aws_PortraitD_02.png
[6.315s] -- Up-to-date: /home/ibrahim/ros2_ws/install/mycobot_gazebo/share/mycobot_gazebo/models/aws_robomaker_residential_PortraitD_02/meshes
[6.317s] -- Up-to-date: /home/ibrahim/ros2_ws/install/mycobot_gazebo/share/mycobot_gazebo/models/aws_robomaker_residential_PortraitD_02/meshes/aws_PortraitD_01_visual.DAE
[6.317s] -- Up-to-date: /home/ibrahim/ros2_ws/install/mycobot_gazebo/share/mycobot_gazebo/models/aws_robomaker_residential_PortraitD_02/meshes/aws_PortraitD_01_collision.DAE
[6.318s] -- Up-to-date: /home/ibrahim/ros2_ws/install/mycobot_gazebo/share/mycobot_gazebo/models/aws_robomaker_residential_PortraitD_02/model.config
[6.318s] -- Up-to-date: /home/ibrahim/ros2_ws/install/mycobot_gazebo/share/mycobot_gazebo/models/aws_robomaker_residential_SecurityCamera_01
[6.370s] -- Up-to-date: /home/ibrahim/ros2_ws/install/mycobot_gazebo/share/mycobot_gazebo/models/aws_robomaker_residential_SecurityCamera_01/model.sdf
[6.370s] -- Up-to-date: /home/ibrahim/ros2_ws/install/mycobot_gazebo/share/mycobot_gazebo/models/aws_robomaker_residential_SecurityCamera_01/materials
[6.372s] -- Up-to-date: /home/ibrahim/ros2_ws/install/mycobot_gazebo/share/mycobot_gazebo/models/aws_robomaker_residential_SecurityCamera_01/materials/textures
[6.387s] -- Up-to-date: /home/ibrahim/ros2_ws/install/mycobot_gazebo/share/mycobot_gazebo/models/aws_robomaker_residential_SecurityCamera_01/materials/textures/aws_SecurityCamera_01.png
[6.387s] -- Up-to-date: /home/ibrahim/ros2_ws/install/mycobot_gazebo/share/mycobot_gazebo/models/aws_robomaker_residential_SecurityCamera_01/meshes
[6.406s] -- Up-to-date: /home/ibrahim/ros2_ws/install/mycobot_gazebo/share/mycobot_gazebo/models/aws_robomaker_residential_SecurityCamera_01/meshes/aws_SecurityCamera_01_collision.DAE
[6.406s] -- Up-to-date: /home/ibrahim/ros2_ws/install/mycobot_gazebo/share/mycobot_gazebo/models/aws_robomaker_residential_SecurityCamera_01/meshes/aws_SecurityCamera_01_visual.DAE
[6.406s] -- Up-to-date: /home/ibrahim/ros2_ws/install/mycobot_gazebo/share/mycobot_gazebo/models/aws_robomaker_residential_SecurityCamera_01/model.config
[6.406s] -- Up-to-date: /home/ibrahim/ros2_ws/install/mycobot_gazebo/share/mycobot_gazebo/models/aws_robomaker_residential_ChairD_01
[6.423s] -- Up-to-date: /home/ibrahim/ros2_ws/install/mycobot_gazebo/share/mycobot_gazebo/models/aws_robomaker_residential_ChairD_01/model.sdf
[6.430s] -- Up-to-date: /home/ibrahim/ros2_ws/install/mycobot_gazebo/share/mycobot_gazebo/models/aws_robomaker_residential_ChairD_01/materials
[6.437s] -- Up-to-date: /home/ibrahim/ros2_ws/install/mycobot_gazebo/share/mycobot_gazebo/models/aws_robomaker_residential_ChairD_01/materials/textures
[6.454s] -- Up-to-date: /home/ibrahim/ros2_ws/install/mycobot_gazebo/share/mycobot_gazebo/models/aws_robomaker_residential_ChairD_01/materials/textures/aws_ChairD_01.png
[6.454s] -- Up-to-date: /home/ibrahim/ros2_ws/install/mycobot_gazebo/share/mycobot_gazebo/models/aws_robomaker_residential_ChairD_01/meshes
[6.466s] -- Up-to-date: /home/ibrahim/ros2_ws/install/mycobot_gazebo/share/mycobot_gazebo/models/aws_robomaker_residential_ChairD_01/meshes/aws_ChairD_01_collision.DAE
[6.467s] -- Up-to-date: /home/ibrahim/ros2_ws/install/mycobot_gazebo/share/mycobot_gazebo/models/aws_robomaker_residential_ChairD_01/meshes/aws_ChairD_01_visual.DAE
[6.467s] -- Up-to-date: /home/ibrahim/ros2_ws/install/mycobot_gazebo/share/mycobot_gazebo/models/aws_robomaker_residential_ChairD_01/model.config
[6.470s] -- Up-to-date: /home/ibrahim/ros2_ws/install/mycobot_gazebo/share/mycobot_gazebo/models/aws_robomaker_residential_PortraitA_02
[6.480s] -- Up-to-date: /home/ibrahim/ros2_ws/install/mycobot_gazebo/share/mycobot_gazebo/models/aws_robomaker_residential_PortraitA_02/model.sdf
[6.481s] -- Up-to-date: /home/ibrahim/ros2_ws/install/mycobot_gazebo/share/mycobot_gazebo/models/aws_robomaker_residential_PortraitA_02/materials
[6.481s] -- Up-to-date: /home/ibrahim/ros2_ws/install/mycobot_gazebo/share/mycobot_gazebo/models/aws_robomaker_residential_PortraitA_02/materials/textures
[6.484s] -- Up-to-date: /home/ibrahim/ros2_ws/install/mycobot_gazebo/share/mycobot_gazebo/models/aws_robomaker_residential_PortraitA_02/materials/textures/aws_PortraitA_01.png
[6.484s] -- Up-to-date: /home/ibrahim/ros2_ws/install/mycobot_gazebo/share/mycobot_gazebo/models/aws_robomaker_residential_PortraitA_02/materials/textures/aws_PortraitA_02.png
[6.484s] -- Up-to-date: /home/ibrahim/ros2_ws/install/mycobot_gazebo/share/mycobot_gazebo/models/aws_robomaker_residential_PortraitA_02/materials/textures/PortraitA_02.jpg
[6.484s] -- Up-to-date: /home/ibrahim/ros2_ws/install/mycobot_gazebo/share/mycobot_gazebo/models/aws_robomaker_residential_PortraitA_02/meshes
[6.505s] -- Up-to-date: /home/ibrahim/ros2_ws/install/mycobot_gazebo/share/mycobot_gazebo/models/aws_robomaker_residential_PortraitA_02/meshes/aws_PortraitA_01_collision.DAE
[6.505s] -- Up-to-date: /home/ibrahim/ros2_ws/install/mycobot_gazebo/share/mycobot_gazebo/models/aws_robomaker_residential_PortraitA_02/meshes/aws_PortraitA_01_visual.DAE
[6.505s] -- Up-to-date: /home/ibrahim/ros2_ws/install/mycobot_gazebo/share/mycobot_gazebo/models/aws_robomaker_residential_PortraitA_02/model.config
[6.505s] -- Up-to-date: /home/ibrahim/ros2_ws/install/mycobot_gazebo/share/mycobot_gazebo/models/aws_robomaker_residential_AirconditionerB_01
[6.515s] -- Up-to-date: /home/ibrahim/ros2_ws/install/mycobot_gazebo/share/mycobot_gazebo/models/aws_robomaker_residential_AirconditionerB_01/model.sdf
[6.516s] -- Up-to-date: /home/ibrahim/ros2_ws/install/mycobot_gazebo/share/mycobot_gazebo/models/aws_robomaker_residential_AirconditionerB_01/materials
[6.538s] -- Up-to-date: /home/ibrahim/ros2_ws/install/mycobot_gazebo/share/mycobot_gazebo/models/aws_robomaker_residential_AirconditionerB_01/materials/textures
[6.549s] -- Up-to-date: /home/ibrahim/ros2_ws/install/mycobot_gazebo/share/mycobot_gazebo/models/aws_robomaker_residential_AirconditionerB_01/materials/textures/aws_AirconditionerB_01.png
[6.549s] -- Up-to-date: /home/ibrahim/ros2_ws/install/mycobot_gazebo/share/mycobot_gazebo/models/aws_robomaker_residential_AirconditionerB_01/meshes
[6.549s] -- Up-to-date: /home/ibrahim/ros2_ws/install/mycobot_gazebo/share/mycobot_gazebo/models/aws_robomaker_residential_AirconditionerB_01/meshes/aws_AirconditionerB_01_visual.DAE
[6.551s] -- Up-to-date: /home/ibrahim/ros2_ws/install/mycobot_gazebo/share/mycobot_gazebo/models/aws_robomaker_residential_AirconditionerB_01/meshes/aws_AirconditionerB_01_collision.DAE
[6.551s] -- Up-to-date: /home/ibrahim/ros2_ws/install/mycobot_gazebo/share/mycobot_gazebo/models/aws_robomaker_residential_AirconditionerB_01/model.config
[6.552s] -- Up-to-date: /home/ibrahim/ros2_ws/install/mycobot_gazebo/share/mycobot_gazebo/models/aws_robomaker_residential_PortraitB_02
[6.552s] -- Up-to-date: /home/ibrahim/ros2_ws/install/mycobot_gazebo/share/mycobot_gazebo/models/aws_robomaker_residential_PortraitB_02/model.sdf
[6.554s] -- Up-to-date: /home/ibrahim/ros2_ws/install/mycobot_gazebo/share/mycobot_gazebo/models/aws_robomaker_residential_PortraitB_02/materials
[6.555s] -- Up-to-date: /home/ibrahim/ros2_ws/install/mycobot_gazebo/share/mycobot_gazebo/models/aws_robomaker_residential_PortraitB_02/materials/textures
[6.569s] -- Up-to-date: /home/ibrahim/ros2_ws/install/mycobot_gazebo/share/mycobot_gazebo/models/aws_robomaker_residential_PortraitB_02/materials/textures/aws_PortraitB_01.png
[6.569s] -- Up-to-date: /home/ibrahim/ros2_ws/install/mycobot_gazebo/share/mycobot_gazebo/models/aws_robomaker_residential_PortraitB_02/materials/textures/aws_PortraitB_02.png
[6.569s] -- Up-to-date: /home/ibrahim/ros2_ws/install/mycobot_gazebo/share/mycobot_gazebo/models/aws_robomaker_residential_PortraitB_02/materials/textures/PortraitB_02.jpg
[6.569s] -- Up-to-date: /home/ibrahim/ros2_ws/install/mycobot_gazebo/share/mycobot_gazebo/models/aws_robomaker_residential_PortraitB_02/meshes
[6.578s] -- Up-to-date: /home/ibrahim/ros2_ws/install/mycobot_gazebo/share/mycobot_gazebo/models/aws_robomaker_residential_PortraitB_02/meshes/aws_PortraitB_01_collision.DAE
[6.578s] -- Up-to-date: /home/ibrahim/ros2_ws/install/mycobot_gazebo/share/mycobot_gazebo/models/aws_robomaker_residential_PortraitB_02/meshes/aws_PortraitB_01_visual.DAE
[6.578s] -- Up-to-date: /home/ibrahim/ros2_ws/install/mycobot_gazebo/share/mycobot_gazebo/models/aws_robomaker_residential_PortraitB_02/model.config
[6.579s] -- Up-to-date: /home/ibrahim/ros2_ws/install/mycobot_gazebo/share/mycobot_gazebo/worlds
[6.587s] -- Up-to-date: /home/ibrahim/ros2_ws/install/mycobot_gazebo/share/mycobot_gazebo/worlds/house.world
[6.589s] -- Up-to-date: /home/ibrahim/ros2_ws/install/mycobot_gazebo/share/mycobot_gazebo/worlds/pick_and_place_demo.world
[6.590s] -- Up-to-date: /home/ibrahim/ros2_ws/install/mycobot_gazebo/share/mycobot_gazebo/worlds/empty.world
[6.591s] -- Up-to-date: /home/ibrahim/ros2_ws/install/mycobot_gazebo/share/ament_index/resource_index/package_run_dependencies/mycobot_gazebo
[6.591s] -- Up-to-date: /home/ibrahim/ros2_ws/install/mycobot_gazebo/share/ament_index/resource_index/parent_prefix_path/mycobot_gazebo
[6.591s] -- Up-to-date: /home/ibrahim/ros2_ws/install/mycobot_gazebo/share/mycobot_gazebo/environment/ament_prefix_path.sh
[6.597s] -- Up-to-date: /home/ibrahim/ros2_ws/install/mycobot_gazebo/share/mycobot_gazebo/environment/ament_prefix_path.dsv
[6.598s] -- Up-to-date: /home/ibrahim/ros2_ws/install/mycobot_gazebo/share/mycobot_gazebo/environment/path.sh
[6.598s] -- Up-to-date: /home/ibrahim/ros2_ws/install/mycobot_gazebo/share/mycobot_gazebo/environment/path.dsv
[6.599s] -- Up-to-date: /home/ibrahim/ros2_ws/install/mycobot_gazebo/share/mycobot_gazebo/local_setup.bash
[6.599s] -- Up-to-date: /home/ibrahim/ros2_ws/install/mycobot_gazebo/share/mycobot_gazebo/local_setup.sh
[6.599s] -- Up-to-date: /home/ibrahim/ros2_ws/install/mycobot_gazebo/share/mycobot_gazebo/local_setup.zsh
[6.599s] -- Up-to-date: /home/ibrahim/ros2_ws/install/mycobot_gazebo/share/mycobot_gazebo/local_setup.dsv
[6.599s] -- Installing: /home/ibrahim/ros2_ws/install/mycobot_gazebo/share/mycobot_gazebo/package.dsv
[6.620s] -- Up-to-date: /home/ibrahim/ros2_ws/install/mycobot_gazebo/share/ament_index/resource_index/packages/mycobot_gazebo
[6.629s] -- Up-to-date: /home/ibrahim/ros2_ws/install/mycobot_gazebo/share/mycobot_gazebo/cmake/mycobot_gazeboConfig.cmake
[6.629s] -- Up-to-date: /home/ibrahim/ros2_ws/install/mycobot_gazebo/share/mycobot_gazebo/cmake/mycobot_gazeboConfig-version.cmake
[6.630s] -- Up-to-date: /home/ibrahim/ros2_ws/install/mycobot_gazebo/share/mycobot_gazebo/package.xml
[6.673s] Invoked command in '/home/ibrahim/ros2_ws/build/mycobot_gazebo' returned '0': CMAKE_PREFIX_PATH=${CMAKE_PREFIX_PATH}:/home/ibrahim/ros2_ws/install/arm_serial_bridge:/opt/ros/jazzy DEBUGINFOD_URLS=https://debuginfod.ubuntu.com /usr/bin/cmake --install /home/ibrahim/ros2_ws/build/mycobot_gazebo
