[0.626s] DEBUG:colcon:Command line arguments: ['/usr/bin/colcon', 'build']
[0.627s] DEBUG:colcon:Parsed command line arguments: Namespace(log_base=None, log_level=None, verb_name='build', build_base='build', install_base='install', merge_install=False, symlink_install=False, test_result_base=None, continue_on_error=False, executor='parallel', parallel_workers=4, event_handlers=None, ignore_user_meta=False, metas=['./colcon.meta'], base_paths=['.'], packages_ignore=None, packages_ignore_regex=None, paths=None, packages_up_to=None, packages_up_to_regex=None, packages_above=None, packages_above_and_dependencies=None, packages_above_depth=None, packages_select_by_dep=None, packages_skip_by_dep=None, packages_skip_up_to=None, packages_select_build_failed=False, packages_skip_build_finished=False, packages_select_test_failures=False, packages_skip_test_passed=False, packages_select=None, packages_skip=None, packages_select_regex=None, packages_skip_regex=None, packages_start=None, packages_end=None, allow_overriding=[], cmake_args=None, cmake_target=None, cmake_target_skip_unavailable=False, cmake_clean_cache=False, cmake_clean_first=False, cmake_force_configure=False, ament_cmake_args=None, catkin_cmake_args=None, catkin_skip_building_tests=False, verb_parser=<colcon_defaults.argument_parser.defaults.DefaultArgumentsDecorator object at 0x7c647d27a9f0>, verb_extension=<colcon_core.verb.build.BuildVerb object at 0x7c647d27a840>, main=<bound method BuildVerb.main of <colcon_core.verb.build.BuildVerb object at 0x7c647d27a840>>)
[0.710s] Level 1:colcon.colcon_core.package_discovery:discover_packages(colcon_meta) check parameters
[0.710s] Level 1:colcon.colcon_core.package_discovery:discover_packages(recursive) check parameters
[0.710s] Level 1:colcon.colcon_core.package_discovery:discover_packages(ignore) check parameters
[0.710s] Level 1:colcon.colcon_core.package_discovery:discover_packages(path) check parameters
[0.710s] Level 1:colcon.colcon_core.package_discovery:discover_packages(colcon_meta) discover
[0.710s] Level 1:colcon.colcon_core.package_discovery:discover_packages(recursive) discover
[0.711s] INFO:colcon.colcon_core.package_discovery:Crawling recursively for packages in '/home/ibrahim/ros2_ws'
[0.729s] Level 1:colcon.colcon_core.package_identification:_identify(.) by extensions ['ignore', 'ignore_ament_install']
[0.730s] Level 1:colcon.colcon_core.package_identification:_identify(.) by extension 'ignore'
[0.730s] Level 1:colcon.colcon_core.package_identification:_identify(.) by extension 'ignore_ament_install'
[0.730s] Level 1:colcon.colcon_core.package_identification:_identify(.) by extensions ['colcon_pkg']
[0.730s] Level 1:colcon.colcon_core.package_identification:_identify(.) by extension 'colcon_pkg'
[0.730s] Level 1:colcon.colcon_core.package_identification:_identify(.) by extensions ['colcon_meta']
[0.730s] Level 1:colcon.colcon_core.package_identification:_identify(.) by extension 'colcon_meta'
[0.730s] Level 1:colcon.colcon_core.package_identification:_identify(.) by extensions ['ros']
[0.730s] Level 1:colcon.colcon_core.package_identification:_identify(.) by extension 'ros'
[0.833s] Level 1:colcon.colcon_core.package_identification:_identify(.) by extensions ['cmake', 'python']
[0.833s] Level 1:colcon.colcon_core.package_identification:_identify(.) by extension 'cmake'
[0.833s] Level 1:colcon.colcon_core.package_identification:_identify(.) by extension 'python'
[0.833s] Level 1:colcon.colcon_core.package_identification:_identify(.) by extensions ['python_setup_py']
[0.833s] Level 1:colcon.colcon_core.package_identification:_identify(.) by extension 'python_setup_py'
[0.833s] Level 1:colcon.colcon_core.package_identification:_identify(build) by extensions ['ignore', 'ignore_ament_install']
[0.833s] Level 1:colcon.colcon_core.package_identification:_identify(build) by extension 'ignore'
[0.833s] Level 1:colcon.colcon_core.package_identification:_identify(build) ignored
[0.834s] Level 1:colcon.colcon_core.package_identification:_identify(install) by extensions ['ignore', 'ignore_ament_install']
[0.834s] Level 1:colcon.colcon_core.package_identification:_identify(install) by extension 'ignore'
[0.834s] Level 1:colcon.colcon_core.package_identification:_identify(install) ignored
[0.834s] Level 1:colcon.colcon_core.package_identification:_identify(log) by extensions ['ignore', 'ignore_ament_install']
[0.834s] Level 1:colcon.colcon_core.package_identification:_identify(log) by extension 'ignore'
[0.834s] Level 1:colcon.colcon_core.package_identification:_identify(log) ignored
[0.834s] Level 1:colcon.colcon_core.package_identification:_identify(src) by extensions ['ignore', 'ignore_ament_install']
[0.834s] Level 1:colcon.colcon_core.package_identification:_identify(src) by extension 'ignore'
[0.834s] Level 1:colcon.colcon_core.package_identification:_identify(src) by extension 'ignore_ament_install'
[0.834s] Level 1:colcon.colcon_core.package_identification:_identify(src) by extensions ['colcon_pkg']
[0.834s] Level 1:colcon.colcon_core.package_identification:_identify(src) by extension 'colcon_pkg'
[0.834s] Level 1:colcon.colcon_core.package_identification:_identify(src) by extensions ['colcon_meta']
[0.834s] Level 1:colcon.colcon_core.package_identification:_identify(src) by extension 'colcon_meta'
[0.834s] Level 1:colcon.colcon_core.package_identification:_identify(src) by extensions ['ros']
[0.834s] Level 1:colcon.colcon_core.package_identification:_identify(src) by extension 'ros'
[0.834s] Level 1:colcon.colcon_core.package_identification:_identify(src) by extensions ['cmake', 'python']
[0.834s] Level 1:colcon.colcon_core.package_identification:_identify(src) by extension 'cmake'
[0.834s] Level 1:colcon.colcon_core.package_identification:_identify(src) by extension 'python'
[0.834s] Level 1:colcon.colcon_core.package_identification:_identify(src) by extensions ['python_setup_py']
[0.834s] Level 1:colcon.colcon_core.package_identification:_identify(src) by extension 'python_setup_py'
[0.835s] Level 1:colcon.colcon_core.package_identification:_identify(src/arm_serial_bridge) by extensions ['ignore', 'ignore_ament_install']
[0.835s] Level 1:colcon.colcon_core.package_identification:_identify(src/arm_serial_bridge) by extension 'ignore'
[0.835s] Level 1:colcon.colcon_core.package_identification:_identify(src/arm_serial_bridge) by extension 'ignore_ament_install'
[0.835s] Level 1:colcon.colcon_core.package_identification:_identify(src/arm_serial_bridge) by extensions ['colcon_pkg']
[0.835s] Level 1:colcon.colcon_core.package_identification:_identify(src/arm_serial_bridge) by extension 'colcon_pkg'
[0.835s] Level 1:colcon.colcon_core.package_identification:_identify(src/arm_serial_bridge) by extensions ['colcon_meta']
[0.835s] Level 1:colcon.colcon_core.package_identification:_identify(src/arm_serial_bridge) by extension 'colcon_meta'
[0.835s] Level 1:colcon.colcon_core.package_identification:_identify(src/arm_serial_bridge) by extensions ['ros']
[0.835s] Level 1:colcon.colcon_core.package_identification:_identify(src/arm_serial_bridge) by extension 'ros'
[0.855s] DEBUG:colcon.colcon_core.package_identification:Package 'src/arm_serial_bridge' with type 'ros.ament_python' and name 'arm_serial_bridge'
[0.855s] Level 1:colcon.colcon_core.package_identification:_identify(src/mycobot_ros2) by extensions ['ignore', 'ignore_ament_install']
[0.855s] Level 1:colcon.colcon_core.package_identification:_identify(src/mycobot_ros2) by extension 'ignore'
[0.856s] Level 1:colcon.colcon_core.package_identification:_identify(src/mycobot_ros2) by extension 'ignore_ament_install'
[0.856s] Level 1:colcon.colcon_core.package_identification:_identify(src/mycobot_ros2) by extensions ['colcon_pkg']
[0.856s] Level 1:colcon.colcon_core.package_identification:_identify(src/mycobot_ros2) by extension 'colcon_pkg'
[0.856s] Level 1:colcon.colcon_core.package_identification:_identify(src/mycobot_ros2) by extensions ['colcon_meta']
[0.856s] Level 1:colcon.colcon_core.package_identification:_identify(src/mycobot_ros2) by extension 'colcon_meta'
[0.856s] Level 1:colcon.colcon_core.package_identification:_identify(src/mycobot_ros2) by extensions ['ros']
[0.856s] Level 1:colcon.colcon_core.package_identification:_identify(src/mycobot_ros2) by extension 'ros'
[0.856s] Level 1:colcon.colcon_core.package_identification:_identify(src/mycobot_ros2) by extensions ['cmake', 'python']
[0.856s] Level 1:colcon.colcon_core.package_identification:_identify(src/mycobot_ros2) by extension 'cmake'
[0.856s] Level 1:colcon.colcon_core.package_identification:_identify(src/mycobot_ros2) by extension 'python'
[0.856s] Level 1:colcon.colcon_core.package_identification:_identify(src/mycobot_ros2) by extensions ['python_setup_py']
[0.856s] Level 1:colcon.colcon_core.package_identification:_identify(src/mycobot_ros2) by extension 'python_setup_py'
[0.856s] Level 1:colcon.colcon_core.package_identification:_identify(src/mycobot_ros2/mycobot_bringup) by extensions ['ignore', 'ignore_ament_install']
[0.856s] Level 1:colcon.colcon_core.package_identification:_identify(src/mycobot_ros2/mycobot_bringup) by extension 'ignore'
[0.856s] Level 1:colcon.colcon_core.package_identification:_identify(src/mycobot_ros2/mycobot_bringup) by extension 'ignore_ament_install'
[0.856s] Level 1:colcon.colcon_core.package_identification:_identify(src/mycobot_ros2/mycobot_bringup) by extensions ['colcon_pkg']
[0.856s] Level 1:colcon.colcon_core.package_identification:_identify(src/mycobot_ros2/mycobot_bringup) by extension 'colcon_pkg'
[0.856s] Level 1:colcon.colcon_core.package_identification:_identify(src/mycobot_ros2/mycobot_bringup) by extensions ['colcon_meta']
[0.856s] Level 1:colcon.colcon_core.package_identification:_identify(src/mycobot_ros2/mycobot_bringup) by extension 'colcon_meta'
[0.857s] Level 1:colcon.colcon_core.package_identification:_identify(src/mycobot_ros2/mycobot_bringup) by extensions ['ros']
[0.857s] Level 1:colcon.colcon_core.package_identification:_identify(src/mycobot_ros2/mycobot_bringup) by extension 'ros'
[0.857s] DEBUG:colcon.colcon_core.package_identification:Package 'src/mycobot_ros2/mycobot_bringup' with type 'ros.ament_cmake' and name 'mycobot_bringup'
[0.857s] Level 1:colcon.colcon_core.package_identification:_identify(src/mycobot_ros2/mycobot_description) by extensions ['ignore', 'ignore_ament_install']
[0.857s] Level 1:colcon.colcon_core.package_identification:_identify(src/mycobot_ros2/mycobot_description) by extension 'ignore'
[0.857s] Level 1:colcon.colcon_core.package_identification:_identify(src/mycobot_ros2/mycobot_description) by extension 'ignore_ament_install'
[0.857s] Level 1:colcon.colcon_core.package_identification:_identify(src/mycobot_ros2/mycobot_description) by extensions ['colcon_pkg']
[0.857s] Level 1:colcon.colcon_core.package_identification:_identify(src/mycobot_ros2/mycobot_description) by extension 'colcon_pkg'
[0.857s] Level 1:colcon.colcon_core.package_identification:_identify(src/mycobot_ros2/mycobot_description) by extensions ['colcon_meta']
[0.857s] Level 1:colcon.colcon_core.package_identification:_identify(src/mycobot_ros2/mycobot_description) by extension 'colcon_meta'
[0.857s] Level 1:colcon.colcon_core.package_identification:_identify(src/mycobot_ros2/mycobot_description) by extensions ['ros']
[0.857s] Level 1:colcon.colcon_core.package_identification:_identify(src/mycobot_ros2/mycobot_description) by extension 'ros'
[0.858s] DEBUG:colcon.colcon_core.package_identification:Package 'src/mycobot_ros2/mycobot_description' with type 'ros.ament_cmake' and name 'mycobot_description'
[0.858s] Level 1:colcon.colcon_core.package_identification:_identify(src/mycobot_ros2/mycobot_gazebo) by extensions ['ignore', 'ignore_ament_install']
[0.858s] Level 1:colcon.colcon_core.package_identification:_identify(src/mycobot_ros2/mycobot_gazebo) by extension 'ignore'
[0.858s] Level 1:colcon.colcon_core.package_identification:_identify(src/mycobot_ros2/mycobot_gazebo) by extension 'ignore_ament_install'
[0.858s] Level 1:colcon.colcon_core.package_identification:_identify(src/mycobot_ros2/mycobot_gazebo) by extensions ['colcon_pkg']
[0.858s] Level 1:colcon.colcon_core.package_identification:_identify(src/mycobot_ros2/mycobot_gazebo) by extension 'colcon_pkg'
[0.858s] Level 1:colcon.colcon_core.package_identification:_identify(src/mycobot_ros2/mycobot_gazebo) by extensions ['colcon_meta']
[0.858s] Level 1:colcon.colcon_core.package_identification:_identify(src/mycobot_ros2/mycobot_gazebo) by extension 'colcon_meta'
[0.858s] Level 1:colcon.colcon_core.package_identification:_identify(src/mycobot_ros2/mycobot_gazebo) by extensions ['ros']
[0.858s] Level 1:colcon.colcon_core.package_identification:_identify(src/mycobot_ros2/mycobot_gazebo) by extension 'ros'
[0.859s] DEBUG:colcon.colcon_core.package_identification:Package 'src/mycobot_ros2/mycobot_gazebo' with type 'ros.ament_cmake' and name 'mycobot_gazebo'
[0.859s] Level 1:colcon.colcon_core.package_identification:_identify(src/mycobot_ros2/mycobot_interfaces) by extensions ['ignore', 'ignore_ament_install']
[0.859s] Level 1:colcon.colcon_core.package_identification:_identify(src/mycobot_ros2/mycobot_interfaces) by extension 'ignore'
[0.860s] Level 1:colcon.colcon_core.package_identification:_identify(src/mycobot_ros2/mycobot_interfaces) by extension 'ignore_ament_install'
[0.860s] Level 1:colcon.colcon_core.package_identification:_identify(src/mycobot_ros2/mycobot_interfaces) by extensions ['colcon_pkg']
[0.860s] Level 1:colcon.colcon_core.package_identification:_identify(src/mycobot_ros2/mycobot_interfaces) by extension 'colcon_pkg'
[0.860s] Level 1:colcon.colcon_core.package_identification:_identify(src/mycobot_ros2/mycobot_interfaces) by extensions ['colcon_meta']
[0.860s] Level 1:colcon.colcon_core.package_identification:_identify(src/mycobot_ros2/mycobot_interfaces) by extension 'colcon_meta'
[0.860s] Level 1:colcon.colcon_core.package_identification:_identify(src/mycobot_ros2/mycobot_interfaces) by extensions ['ros']
[0.860s] Level 1:colcon.colcon_core.package_identification:_identify(src/mycobot_ros2/mycobot_interfaces) by extension 'ros'
[0.860s] DEBUG:colcon.colcon_core.package_identification:Package 'src/mycobot_ros2/mycobot_interfaces' with type 'ros.ament_cmake' and name 'mycobot_interfaces'
[0.861s] Level 1:colcon.colcon_core.package_identification:_identify(src/mycobot_ros2/mycobot_moveit_config) by extensions ['ignore', 'ignore_ament_install']
[0.861s] Level 1:colcon.colcon_core.package_identification:_identify(src/mycobot_ros2/mycobot_moveit_config) by extension 'ignore'
[0.861s] Level 1:colcon.colcon_core.package_identification:_identify(src/mycobot_ros2/mycobot_moveit_config) by extension 'ignore_ament_install'
[0.861s] Level 1:colcon.colcon_core.package_identification:_identify(src/mycobot_ros2/mycobot_moveit_config) by extensions ['colcon_pkg']
[0.861s] Level 1:colcon.colcon_core.package_identification:_identify(src/mycobot_ros2/mycobot_moveit_config) by extension 'colcon_pkg'
[0.861s] Level 1:colcon.colcon_core.package_identification:_identify(src/mycobot_ros2/mycobot_moveit_config) by extensions ['colcon_meta']
[0.861s] Level 1:colcon.colcon_core.package_identification:_identify(src/mycobot_ros2/mycobot_moveit_config) by extension 'colcon_meta'
[0.861s] Level 1:colcon.colcon_core.package_identification:_identify(src/mycobot_ros2/mycobot_moveit_config) by extensions ['ros']
[0.861s] Level 1:colcon.colcon_core.package_identification:_identify(src/mycobot_ros2/mycobot_moveit_config) by extension 'ros'
[0.862s] DEBUG:colcon.colcon_core.package_identification:Package 'src/mycobot_ros2/mycobot_moveit_config' with type 'ros.ament_cmake' and name 'mycobot_moveit_config'
[0.862s] Level 1:colcon.colcon_core.package_identification:_identify(src/mycobot_ros2/mycobot_moveit_demos) by extensions ['ignore', 'ignore_ament_install']
[0.862s] Level 1:colcon.colcon_core.package_identification:_identify(src/mycobot_ros2/mycobot_moveit_demos) by extension 'ignore'
[0.862s] Level 1:colcon.colcon_core.package_identification:_identify(src/mycobot_ros2/mycobot_moveit_demos) by extension 'ignore_ament_install'
[0.862s] Level 1:colcon.colcon_core.package_identification:_identify(src/mycobot_ros2/mycobot_moveit_demos) by extensions ['colcon_pkg']
[0.862s] Level 1:colcon.colcon_core.package_identification:_identify(src/mycobot_ros2/mycobot_moveit_demos) by extension 'colcon_pkg'
[0.862s] Level 1:colcon.colcon_core.package_identification:_identify(src/mycobot_ros2/mycobot_moveit_demos) by extensions ['colcon_meta']
[0.862s] Level 1:colcon.colcon_core.package_identification:_identify(src/mycobot_ros2/mycobot_moveit_demos) by extension 'colcon_meta'
[0.862s] Level 1:colcon.colcon_core.package_identification:_identify(src/mycobot_ros2/mycobot_moveit_demos) by extensions ['ros']
[0.862s] Level 1:colcon.colcon_core.package_identification:_identify(src/mycobot_ros2/mycobot_moveit_demos) by extension 'ros'
[0.863s] DEBUG:colcon.colcon_core.package_identification:Package 'src/mycobot_ros2/mycobot_moveit_demos' with type 'ros.ament_cmake' and name 'mycobot_moveit_demos'
[0.863s] Level 1:colcon.colcon_core.package_identification:_identify(src/mycobot_ros2/mycobot_mtc_demos) by extensions ['ignore', 'ignore_ament_install']
[0.863s] Level 1:colcon.colcon_core.package_identification:_identify(src/mycobot_ros2/mycobot_mtc_demos) by extension 'ignore'
[0.863s] Level 1:colcon.colcon_core.package_identification:_identify(src/mycobot_ros2/mycobot_mtc_demos) by extension 'ignore_ament_install'
[0.863s] Level 1:colcon.colcon_core.package_identification:_identify(src/mycobot_ros2/mycobot_mtc_demos) by extensions ['colcon_pkg']
[0.863s] Level 1:colcon.colcon_core.package_identification:_identify(src/mycobot_ros2/mycobot_mtc_demos) by extension 'colcon_pkg'
[0.863s] Level 1:colcon.colcon_core.package_identification:_identify(src/mycobot_ros2/mycobot_mtc_demos) by extensions ['colcon_meta']
[0.863s] Level 1:colcon.colcon_core.package_identification:_identify(src/mycobot_ros2/mycobot_mtc_demos) by extension 'colcon_meta'
[0.863s] Level 1:colcon.colcon_core.package_identification:_identify(src/mycobot_ros2/mycobot_mtc_demos) by extensions ['ros']
[0.863s] Level 1:colcon.colcon_core.package_identification:_identify(src/mycobot_ros2/mycobot_mtc_demos) by extension 'ros'
[0.865s] DEBUG:colcon.colcon_core.package_identification:Package 'src/mycobot_ros2/mycobot_mtc_demos' with type 'ros.ament_cmake' and name 'mycobot_mtc_demos'
[0.865s] Level 1:colcon.colcon_core.package_identification:_identify(src/mycobot_ros2/mycobot_mtc_pick_place_demo) by extensions ['ignore', 'ignore_ament_install']
[0.865s] Level 1:colcon.colcon_core.package_identification:_identify(src/mycobot_ros2/mycobot_mtc_pick_place_demo) by extension 'ignore'
[0.866s] Level 1:colcon.colcon_core.package_identification:_identify(src/mycobot_ros2/mycobot_mtc_pick_place_demo) by extension 'ignore_ament_install'
[0.866s] Level 1:colcon.colcon_core.package_identification:_identify(src/mycobot_ros2/mycobot_mtc_pick_place_demo) by extensions ['colcon_pkg']
[0.866s] Level 1:colcon.colcon_core.package_identification:_identify(src/mycobot_ros2/mycobot_mtc_pick_place_demo) by extension 'colcon_pkg'
[0.866s] Level 1:colcon.colcon_core.package_identification:_identify(src/mycobot_ros2/mycobot_mtc_pick_place_demo) by extensions ['colcon_meta']
[0.866s] Level 1:colcon.colcon_core.package_identification:_identify(src/mycobot_ros2/mycobot_mtc_pick_place_demo) by extension 'colcon_meta'
[0.866s] Level 1:colcon.colcon_core.package_identification:_identify(src/mycobot_ros2/mycobot_mtc_pick_place_demo) by extensions ['ros']
[0.866s] Level 1:colcon.colcon_core.package_identification:_identify(src/mycobot_ros2/mycobot_mtc_pick_place_demo) by extension 'ros'
[0.868s] DEBUG:colcon.colcon_core.package_identification:Package 'src/mycobot_ros2/mycobot_mtc_pick_place_demo' with type 'ros.ament_cmake' and name 'mycobot_mtc_pick_place_demo'
[0.868s] Level 1:colcon.colcon_core.package_identification:_identify(src/mycobot_ros2/mycobot_ros2) by extensions ['ignore', 'ignore_ament_install']
[0.868s] Level 1:colcon.colcon_core.package_identification:_identify(src/mycobot_ros2/mycobot_ros2) by extension 'ignore'
[0.868s] Level 1:colcon.colcon_core.package_identification:_identify(src/mycobot_ros2/mycobot_ros2) by extension 'ignore_ament_install'
[0.868s] Level 1:colcon.colcon_core.package_identification:_identify(src/mycobot_ros2/mycobot_ros2) by extensions ['colcon_pkg']
[0.868s] Level 1:colcon.colcon_core.package_identification:_identify(src/mycobot_ros2/mycobot_ros2) by extension 'colcon_pkg'
[0.868s] Level 1:colcon.colcon_core.package_identification:_identify(src/mycobot_ros2/mycobot_ros2) by extensions ['colcon_meta']
[0.868s] Level 1:colcon.colcon_core.package_identification:_identify(src/mycobot_ros2/mycobot_ros2) by extension 'colcon_meta'
[0.868s] Level 1:colcon.colcon_core.package_identification:_identify(src/mycobot_ros2/mycobot_ros2) by extensions ['ros']
[0.868s] Level 1:colcon.colcon_core.package_identification:_identify(src/mycobot_ros2/mycobot_ros2) by extension 'ros'
[0.870s] DEBUG:colcon.colcon_core.package_identification:Package 'src/mycobot_ros2/mycobot_ros2' with type 'ros.ament_cmake' and name 'mycobot_ros2'
[0.870s] Level 1:colcon.colcon_core.package_identification:_identify(src/mycobot_ros2/mycobot_system_tests) by extensions ['ignore', 'ignore_ament_install']
[0.870s] Level 1:colcon.colcon_core.package_identification:_identify(src/mycobot_ros2/mycobot_system_tests) by extension 'ignore'
[0.870s] Level 1:colcon.colcon_core.package_identification:_identify(src/mycobot_ros2/mycobot_system_tests) by extension 'ignore_ament_install'
[0.870s] Level 1:colcon.colcon_core.package_identification:_identify(src/mycobot_ros2/mycobot_system_tests) by extensions ['colcon_pkg']
[0.870s] Level 1:colcon.colcon_core.package_identification:_identify(src/mycobot_ros2/mycobot_system_tests) by extension 'colcon_pkg'
[0.870s] Level 1:colcon.colcon_core.package_identification:_identify(src/mycobot_ros2/mycobot_system_tests) by extensions ['colcon_meta']
[0.870s] Level 1:colcon.colcon_core.package_identification:_identify(src/mycobot_ros2/mycobot_system_tests) by extension 'colcon_meta'
[0.870s] Level 1:colcon.colcon_core.package_identification:_identify(src/mycobot_ros2/mycobot_system_tests) by extensions ['ros']
[0.870s] Level 1:colcon.colcon_core.package_identification:_identify(src/mycobot_ros2/mycobot_system_tests) by extension 'ros'
[0.870s] DEBUG:colcon.colcon_core.package_identification:Package 'src/mycobot_ros2/mycobot_system_tests' with type 'ros.ament_cmake' and name 'mycobot_system_tests'
[0.870s] Level 1:colcon.colcon_core.package_discovery:discover_packages(recursive) using defaults
[0.871s] Level 1:colcon.colcon_core.package_discovery:discover_packages(ignore) discover
[0.871s] Level 1:colcon.colcon_core.package_discovery:discover_packages(ignore) using defaults
[0.871s] Level 1:colcon.colcon_core.package_discovery:discover_packages(path) discover
[0.871s] Level 1:colcon.colcon_core.package_discovery:discover_packages(path) using defaults
[1.006s] Level 1:colcon.colcon_core.package_discovery:discover_packages(prefix_path) check parameters
[1.007s] Level 1:colcon.colcon_core.package_discovery:discover_packages(prefix_path) discover
[1.012s] WARNING:colcon.colcon_ros.prefix_path.ament:The path '/home/ibrahim/ros2_ws/install/mycobot_mtc_pick_place_demo' in the environment variable AMENT_PREFIX_PATH doesn't exist
[1.014s] WARNING:colcon.colcon_ros.prefix_path.catkin:The path '/home/ibrahim/ros2_ws/install/mycobot_mtc_pick_place_demo' in the environment variable CMAKE_PREFIX_PATH doesn't exist
[1.018s] DEBUG:colcon.colcon_installed_package_information.package_discovery:Found 10 installed packages in /home/ibrahim/ros2_ws/install
[1.020s] DEBUG:colcon.colcon_installed_package_information.package_discovery:Found 425 installed packages in /opt/ros/jazzy
[1.021s] Level 1:colcon.colcon_core.package_discovery:discover_packages(prefix_path) using defaults
[3.957s] Level 5:colcon.colcon_core.verb:set package 'arm_serial_bridge' build argument 'cmake_args' from command line to 'None'
[3.957s] Level 5:colcon.colcon_core.verb:set package 'arm_serial_bridge' build argument 'cmake_target' from command line to 'None'
[3.958s] Level 5:colcon.colcon_core.verb:set package 'arm_serial_bridge' build argument 'cmake_target_skip_unavailable' from command line to 'False'
[3.958s] Level 5:colcon.colcon_core.verb:set package 'arm_serial_bridge' build argument 'cmake_clean_cache' from command line to 'False'
[3.958s] Level 5:colcon.colcon_core.verb:set package 'arm_serial_bridge' build argument 'cmake_clean_first' from command line to 'False'
[3.958s] Level 5:colcon.colcon_core.verb:set package 'arm_serial_bridge' build argument 'cmake_force_configure' from command line to 'False'
[3.958s] Level 5:colcon.colcon_core.verb:set package 'arm_serial_bridge' build argument 'ament_cmake_args' from command line to 'None'
[3.958s] Level 5:colcon.colcon_core.verb:set package 'arm_serial_bridge' build argument 'catkin_cmake_args' from command line to 'None'
[3.958s] Level 5:colcon.colcon_core.verb:set package 'arm_serial_bridge' build argument 'catkin_skip_building_tests' from command line to 'False'
[3.958s] DEBUG:colcon.colcon_core.verb:Building package 'arm_serial_bridge' with the following arguments: {'ament_cmake_args': None, 'build_base': '/home/ibrahim/ros2_ws/build/arm_serial_bridge', 'catkin_cmake_args': None, 'catkin_skip_building_tests': False, 'cmake_args': None, 'cmake_clean_cache': False, 'cmake_clean_first': False, 'cmake_force_configure': False, 'cmake_target': None, 'cmake_target_skip_unavailable': False, 'install_base': '/home/ibrahim/ros2_ws/install/arm_serial_bridge', 'merge_install': False, 'path': '/home/ibrahim/ros2_ws/src/arm_serial_bridge', 'symlink_install': False, 'test_result_base': None}
[3.958s] Level 5:colcon.colcon_core.verb:set package 'mycobot_bringup' build argument 'cmake_args' from command line to 'None'
[3.958s] Level 5:colcon.colcon_core.verb:set package 'mycobot_bringup' build argument 'cmake_target' from command line to 'None'
[3.958s] Level 5:colcon.colcon_core.verb:set package 'mycobot_bringup' build argument 'cmake_target_skip_unavailable' from command line to 'False'
[3.958s] Level 5:colcon.colcon_core.verb:set package 'mycobot_bringup' build argument 'cmake_clean_cache' from command line to 'False'
[3.958s] Level 5:colcon.colcon_core.verb:set package 'mycobot_bringup' build argument 'cmake_clean_first' from command line to 'False'
[3.958s] Level 5:colcon.colcon_core.verb:set package 'mycobot_bringup' build argument 'cmake_force_configure' from command line to 'False'
[3.958s] Level 5:colcon.colcon_core.verb:set package 'mycobot_bringup' build argument 'ament_cmake_args' from command line to 'None'
[3.958s] Level 5:colcon.colcon_core.verb:set package 'mycobot_bringup' build argument 'catkin_cmake_args' from command line to 'None'
[3.958s] Level 5:colcon.colcon_core.verb:set package 'mycobot_bringup' build argument 'catkin_skip_building_tests' from command line to 'False'
[3.958s] DEBUG:colcon.colcon_core.verb:Building package 'mycobot_bringup' with the following arguments: {'ament_cmake_args': None, 'build_base': '/home/ibrahim/ros2_ws/build/mycobot_bringup', 'catkin_cmake_args': None, 'catkin_skip_building_tests': False, 'cmake_args': None, 'cmake_clean_cache': False, 'cmake_clean_first': False, 'cmake_force_configure': False, 'cmake_target': None, 'cmake_target_skip_unavailable': False, 'install_base': '/home/ibrahim/ros2_ws/install/mycobot_bringup', 'merge_install': False, 'path': '/home/ibrahim/ros2_ws/src/mycobot_ros2/mycobot_bringup', 'symlink_install': False, 'test_result_base': None}
[3.959s] Level 5:colcon.colcon_core.verb:set package 'mycobot_description' build argument 'cmake_args' from command line to 'None'
[3.959s] Level 5:colcon.colcon_core.verb:set package 'mycobot_description' build argument 'cmake_target' from command line to 'None'
[3.959s] Level 5:colcon.colcon_core.verb:set package 'mycobot_description' build argument 'cmake_target_skip_unavailable' from command line to 'False'
[3.959s] Level 5:colcon.colcon_core.verb:set package 'mycobot_description' build argument 'cmake_clean_cache' from command line to 'False'
[3.959s] Level 5:colcon.colcon_core.verb:set package 'mycobot_description' build argument 'cmake_clean_first' from command line to 'False'
[3.959s] Level 5:colcon.colcon_core.verb:set package 'mycobot_description' build argument 'cmake_force_configure' from command line to 'False'
[3.959s] Level 5:colcon.colcon_core.verb:set package 'mycobot_description' build argument 'ament_cmake_args' from command line to 'None'
[3.959s] Level 5:colcon.colcon_core.verb:set package 'mycobot_description' build argument 'catkin_cmake_args' from command line to 'None'
[3.959s] Level 5:colcon.colcon_core.verb:set package 'mycobot_description' build argument 'catkin_skip_building_tests' from command line to 'False'
[3.959s] DEBUG:colcon.colcon_core.verb:Building package 'mycobot_description' with the following arguments: {'ament_cmake_args': None, 'build_base': '/home/ibrahim/ros2_ws/build/mycobot_description', 'catkin_cmake_args': None, 'catkin_skip_building_tests': False, 'cmake_args': None, 'cmake_clean_cache': False, 'cmake_clean_first': False, 'cmake_force_configure': False, 'cmake_target': None, 'cmake_target_skip_unavailable': False, 'install_base': '/home/ibrahim/ros2_ws/install/mycobot_description', 'merge_install': False, 'path': '/home/ibrahim/ros2_ws/src/mycobot_ros2/mycobot_description', 'symlink_install': False, 'test_result_base': None}
[3.959s] Level 5:colcon.colcon_core.verb:set package 'mycobot_gazebo' build argument 'cmake_args' from command line to 'None'
[3.959s] Level 5:colcon.colcon_core.verb:set package 'mycobot_gazebo' build argument 'cmake_target' from command line to 'None'
[3.959s] Level 5:colcon.colcon_core.verb:set package 'mycobot_gazebo' build argument 'cmake_target_skip_unavailable' from command line to 'False'
[3.959s] Level 5:colcon.colcon_core.verb:set package 'mycobot_gazebo' build argument 'cmake_clean_cache' from command line to 'False'
[3.959s] Level 5:colcon.colcon_core.verb:set package 'mycobot_gazebo' build argument 'cmake_clean_first' from command line to 'False'
[3.959s] Level 5:colcon.colcon_core.verb:set package 'mycobot_gazebo' build argument 'cmake_force_configure' from command line to 'False'
[3.959s] Level 5:colcon.colcon_core.verb:set package 'mycobot_gazebo' build argument 'ament_cmake_args' from command line to 'None'
[3.959s] Level 5:colcon.colcon_core.verb:set package 'mycobot_gazebo' build argument 'catkin_cmake_args' from command line to 'None'
[3.959s] Level 5:colcon.colcon_core.verb:set package 'mycobot_gazebo' build argument 'catkin_skip_building_tests' from command line to 'False'
[3.959s] DEBUG:colcon.colcon_core.verb:Building package 'mycobot_gazebo' with the following arguments: {'ament_cmake_args': None, 'build_base': '/home/ibrahim/ros2_ws/build/mycobot_gazebo', 'catkin_cmake_args': None, 'catkin_skip_building_tests': False, 'cmake_args': None, 'cmake_clean_cache': False, 'cmake_clean_first': False, 'cmake_force_configure': False, 'cmake_target': None, 'cmake_target_skip_unavailable': False, 'install_base': '/home/ibrahim/ros2_ws/install/mycobot_gazebo', 'merge_install': False, 'path': '/home/ibrahim/ros2_ws/src/mycobot_ros2/mycobot_gazebo', 'symlink_install': False, 'test_result_base': None}
[3.959s] Level 5:colcon.colcon_core.verb:set package 'mycobot_interfaces' build argument 'cmake_args' from command line to 'None'
[3.959s] Level 5:colcon.colcon_core.verb:set package 'mycobot_interfaces' build argument 'cmake_target' from command line to 'None'
[3.959s] Level 5:colcon.colcon_core.verb:set package 'mycobot_interfaces' build argument 'cmake_target_skip_unavailable' from command line to 'False'
[3.960s] Level 5:colcon.colcon_core.verb:set package 'mycobot_interfaces' build argument 'cmake_clean_cache' from command line to 'False'
[3.960s] Level 5:colcon.colcon_core.verb:set package 'mycobot_interfaces' build argument 'cmake_clean_first' from command line to 'False'
[3.960s] Level 5:colcon.colcon_core.verb:set package 'mycobot_interfaces' build argument 'cmake_force_configure' from command line to 'False'
[3.960s] Level 5:colcon.colcon_core.verb:set package 'mycobot_interfaces' build argument 'ament_cmake_args' from command line to 'None'
[3.960s] Level 5:colcon.colcon_core.verb:set package 'mycobot_interfaces' build argument 'catkin_cmake_args' from command line to 'None'
[3.960s] Level 5:colcon.colcon_core.verb:set package 'mycobot_interfaces' build argument 'catkin_skip_building_tests' from command line to 'False'
[3.960s] DEBUG:colcon.colcon_core.verb:Building package 'mycobot_interfaces' with the following arguments: {'ament_cmake_args': None, 'build_base': '/home/ibrahim/ros2_ws/build/mycobot_interfaces', 'catkin_cmake_args': None, 'catkin_skip_building_tests': False, 'cmake_args': None, 'cmake_clean_cache': False, 'cmake_clean_first': False, 'cmake_force_configure': False, 'cmake_target': None, 'cmake_target_skip_unavailable': False, 'install_base': '/home/ibrahim/ros2_ws/install/mycobot_interfaces', 'merge_install': False, 'path': '/home/ibrahim/ros2_ws/src/mycobot_ros2/mycobot_interfaces', 'symlink_install': False, 'test_result_base': None}
[3.960s] Level 5:colcon.colcon_core.verb:set package 'mycobot_moveit_config' build argument 'cmake_args' from command line to 'None'
[3.960s] Level 5:colcon.colcon_core.verb:set package 'mycobot_moveit_config' build argument 'cmake_target' from command line to 'None'
[3.960s] Level 5:colcon.colcon_core.verb:set package 'mycobot_moveit_config' build argument 'cmake_target_skip_unavailable' from command line to 'False'
[3.960s] Level 5:colcon.colcon_core.verb:set package 'mycobot_moveit_config' build argument 'cmake_clean_cache' from command line to 'False'
[3.960s] Level 5:colcon.colcon_core.verb:set package 'mycobot_moveit_config' build argument 'cmake_clean_first' from command line to 'False'
[3.960s] Level 5:colcon.colcon_core.verb:set package 'mycobot_moveit_config' build argument 'cmake_force_configure' from command line to 'False'
[3.960s] Level 5:colcon.colcon_core.verb:set package 'mycobot_moveit_config' build argument 'ament_cmake_args' from command line to 'None'
[3.960s] Level 5:colcon.colcon_core.verb:set package 'mycobot_moveit_config' build argument 'catkin_cmake_args' from command line to 'None'
[3.960s] Level 5:colcon.colcon_core.verb:set package 'mycobot_moveit_config' build argument 'catkin_skip_building_tests' from command line to 'False'
[3.960s] DEBUG:colcon.colcon_core.verb:Building package 'mycobot_moveit_config' with the following arguments: {'ament_cmake_args': None, 'build_base': '/home/ibrahim/ros2_ws/build/mycobot_moveit_config', 'catkin_cmake_args': None, 'catkin_skip_building_tests': False, 'cmake_args': None, 'cmake_clean_cache': False, 'cmake_clean_first': False, 'cmake_force_configure': False, 'cmake_target': None, 'cmake_target_skip_unavailable': False, 'install_base': '/home/ibrahim/ros2_ws/install/mycobot_moveit_config', 'merge_install': False, 'path': '/home/ibrahim/ros2_ws/src/mycobot_ros2/mycobot_moveit_config', 'symlink_install': False, 'test_result_base': None}
[3.960s] Level 5:colcon.colcon_core.verb:set package 'mycobot_moveit_demos' build argument 'cmake_args' from command line to 'None'
[3.960s] Level 5:colcon.colcon_core.verb:set package 'mycobot_moveit_demos' build argument 'cmake_target' from command line to 'None'
[3.960s] Level 5:colcon.colcon_core.verb:set package 'mycobot_moveit_demos' build argument 'cmake_target_skip_unavailable' from command line to 'False'
[3.960s] Level 5:colcon.colcon_core.verb:set package 'mycobot_moveit_demos' build argument 'cmake_clean_cache' from command line to 'False'
[3.960s] Level 5:colcon.colcon_core.verb:set package 'mycobot_moveit_demos' build argument 'cmake_clean_first' from command line to 'False'
[3.960s] Level 5:colcon.colcon_core.verb:set package 'mycobot_moveit_demos' build argument 'cmake_force_configure' from command line to 'False'
[3.960s] Level 5:colcon.colcon_core.verb:set package 'mycobot_moveit_demos' build argument 'ament_cmake_args' from command line to 'None'
[3.960s] Level 5:colcon.colcon_core.verb:set package 'mycobot_moveit_demos' build argument 'catkin_cmake_args' from command line to 'None'
[3.960s] Level 5:colcon.colcon_core.verb:set package 'mycobot_moveit_demos' build argument 'catkin_skip_building_tests' from command line to 'False'
[3.960s] DEBUG:colcon.colcon_core.verb:Building package 'mycobot_moveit_demos' with the following arguments: {'ament_cmake_args': None, 'build_base': '/home/ibrahim/ros2_ws/build/mycobot_moveit_demos', 'catkin_cmake_args': None, 'catkin_skip_building_tests': False, 'cmake_args': None, 'cmake_clean_cache': False, 'cmake_clean_first': False, 'cmake_force_configure': False, 'cmake_target': None, 'cmake_target_skip_unavailable': False, 'install_base': '/home/ibrahim/ros2_ws/install/mycobot_moveit_demos', 'merge_install': False, 'path': '/home/ibrahim/ros2_ws/src/mycobot_ros2/mycobot_moveit_demos', 'symlink_install': False, 'test_result_base': None}
[3.961s] Level 5:colcon.colcon_core.verb:set package 'mycobot_mtc_demos' build argument 'cmake_args' from command line to 'None'
[3.961s] Level 5:colcon.colcon_core.verb:set package 'mycobot_mtc_demos' build argument 'cmake_target' from command line to 'None'
[3.961s] Level 5:colcon.colcon_core.verb:set package 'mycobot_mtc_demos' build argument 'cmake_target_skip_unavailable' from command line to 'False'
[3.961s] Level 5:colcon.colcon_core.verb:set package 'mycobot_mtc_demos' build argument 'cmake_clean_cache' from command line to 'False'
[3.961s] Level 5:colcon.colcon_core.verb:set package 'mycobot_mtc_demos' build argument 'cmake_clean_first' from command line to 'False'
[3.961s] Level 5:colcon.colcon_core.verb:set package 'mycobot_mtc_demos' build argument 'cmake_force_configure' from command line to 'False'
[3.961s] Level 5:colcon.colcon_core.verb:set package 'mycobot_mtc_demos' build argument 'ament_cmake_args' from command line to 'None'
[3.961s] Level 5:colcon.colcon_core.verb:set package 'mycobot_mtc_demos' build argument 'catkin_cmake_args' from command line to 'None'
[3.961s] Level 5:colcon.colcon_core.verb:set package 'mycobot_mtc_demos' build argument 'catkin_skip_building_tests' from command line to 'False'
[3.961s] DEBUG:colcon.colcon_core.verb:Building package 'mycobot_mtc_demos' with the following arguments: {'ament_cmake_args': None, 'build_base': '/home/ibrahim/ros2_ws/build/mycobot_mtc_demos', 'catkin_cmake_args': None, 'catkin_skip_building_tests': False, 'cmake_args': None, 'cmake_clean_cache': False, 'cmake_clean_first': False, 'cmake_force_configure': False, 'cmake_target': None, 'cmake_target_skip_unavailable': False, 'install_base': '/home/ibrahim/ros2_ws/install/mycobot_mtc_demos', 'merge_install': False, 'path': '/home/ibrahim/ros2_ws/src/mycobot_ros2/mycobot_mtc_demos', 'symlink_install': False, 'test_result_base': None}
[3.961s] Level 5:colcon.colcon_core.verb:set package 'mycobot_system_tests' build argument 'cmake_args' from command line to 'None'
[3.961s] Level 5:colcon.colcon_core.verb:set package 'mycobot_system_tests' build argument 'cmake_target' from command line to 'None'
[3.961s] Level 5:colcon.colcon_core.verb:set package 'mycobot_system_tests' build argument 'cmake_target_skip_unavailable' from command line to 'False'
[3.961s] Level 5:colcon.colcon_core.verb:set package 'mycobot_system_tests' build argument 'cmake_clean_cache' from command line to 'False'
[3.961s] Level 5:colcon.colcon_core.verb:set package 'mycobot_system_tests' build argument 'cmake_clean_first' from command line to 'False'
[3.961s] Level 5:colcon.colcon_core.verb:set package 'mycobot_system_tests' build argument 'cmake_force_configure' from command line to 'False'
[3.961s] Level 5:colcon.colcon_core.verb:set package 'mycobot_system_tests' build argument 'ament_cmake_args' from command line to 'None'
[3.961s] Level 5:colcon.colcon_core.verb:set package 'mycobot_system_tests' build argument 'catkin_cmake_args' from command line to 'None'
[3.961s] Level 5:colcon.colcon_core.verb:set package 'mycobot_system_tests' build argument 'catkin_skip_building_tests' from command line to 'False'
[3.961s] DEBUG:colcon.colcon_core.verb:Building package 'mycobot_system_tests' with the following arguments: {'ament_cmake_args': None, 'build_base': '/home/ibrahim/ros2_ws/build/mycobot_system_tests', 'catkin_cmake_args': None, 'catkin_skip_building_tests': False, 'cmake_args': None, 'cmake_clean_cache': False, 'cmake_clean_first': False, 'cmake_force_configure': False, 'cmake_target': None, 'cmake_target_skip_unavailable': False, 'install_base': '/home/ibrahim/ros2_ws/install/mycobot_system_tests', 'merge_install': False, 'path': '/home/ibrahim/ros2_ws/src/mycobot_ros2/mycobot_system_tests', 'symlink_install': False, 'test_result_base': None}
[3.961s] Level 5:colcon.colcon_core.verb:set package 'mycobot_mtc_pick_place_demo' build argument 'cmake_args' from command line to 'None'
[3.961s] Level 5:colcon.colcon_core.verb:set package 'mycobot_mtc_pick_place_demo' build argument 'cmake_target' from command line to 'None'
[3.961s] Level 5:colcon.colcon_core.verb:set package 'mycobot_mtc_pick_place_demo' build argument 'cmake_target_skip_unavailable' from command line to 'False'
[3.961s] Level 5:colcon.colcon_core.verb:set package 'mycobot_mtc_pick_place_demo' build argument 'cmake_clean_cache' from command line to 'False'
[3.961s] Level 5:colcon.colcon_core.verb:set package 'mycobot_mtc_pick_place_demo' build argument 'cmake_clean_first' from command line to 'False'
[3.961s] Level 5:colcon.colcon_core.verb:set package 'mycobot_mtc_pick_place_demo' build argument 'cmake_force_configure' from command line to 'False'
[3.961s] Level 5:colcon.colcon_core.verb:set package 'mycobot_mtc_pick_place_demo' build argument 'ament_cmake_args' from command line to 'None'
[3.961s] Level 5:colcon.colcon_core.verb:set package 'mycobot_mtc_pick_place_demo' build argument 'catkin_cmake_args' from command line to 'None'
[3.962s] Level 5:colcon.colcon_core.verb:set package 'mycobot_mtc_pick_place_demo' build argument 'catkin_skip_building_tests' from command line to 'False'
[3.962s] DEBUG:colcon.colcon_core.verb:Building package 'mycobot_mtc_pick_place_demo' with the following arguments: {'ament_cmake_args': None, 'build_base': '/home/ibrahim/ros2_ws/build/mycobot_mtc_pick_place_demo', 'catkin_cmake_args': None, 'catkin_skip_building_tests': False, 'cmake_args': None, 'cmake_clean_cache': False, 'cmake_clean_first': False, 'cmake_force_configure': False, 'cmake_target': None, 'cmake_target_skip_unavailable': False, 'install_base': '/home/ibrahim/ros2_ws/install/mycobot_mtc_pick_place_demo', 'merge_install': False, 'path': '/home/ibrahim/ros2_ws/src/mycobot_ros2/mycobot_mtc_pick_place_demo', 'symlink_install': False, 'test_result_base': None}
[3.962s] Level 5:colcon.colcon_core.verb:set package 'mycobot_ros2' build argument 'cmake_args' from command line to 'None'
[3.962s] Level 5:colcon.colcon_core.verb:set package 'mycobot_ros2' build argument 'cmake_target' from command line to 'None'
[3.962s] Level 5:colcon.colcon_core.verb:set package 'mycobot_ros2' build argument 'cmake_target_skip_unavailable' from command line to 'False'
[3.962s] Level 5:colcon.colcon_core.verb:set package 'mycobot_ros2' build argument 'cmake_clean_cache' from command line to 'False'
[3.962s] Level 5:colcon.colcon_core.verb:set package 'mycobot_ros2' build argument 'cmake_clean_first' from command line to 'False'
[3.962s] Level 5:colcon.colcon_core.verb:set package 'mycobot_ros2' build argument 'cmake_force_configure' from command line to 'False'
[3.962s] Level 5:colcon.colcon_core.verb:set package 'mycobot_ros2' build argument 'ament_cmake_args' from command line to 'None'
[3.962s] Level 5:colcon.colcon_core.verb:set package 'mycobot_ros2' build argument 'catkin_cmake_args' from command line to 'None'
[3.962s] Level 5:colcon.colcon_core.verb:set package 'mycobot_ros2' build argument 'catkin_skip_building_tests' from command line to 'False'
[3.962s] DEBUG:colcon.colcon_core.verb:Building package 'mycobot_ros2' with the following arguments: {'ament_cmake_args': None, 'build_base': '/home/ibrahim/ros2_ws/build/mycobot_ros2', 'catkin_cmake_args': None, 'catkin_skip_building_tests': False, 'cmake_args': None, 'cmake_clean_cache': False, 'cmake_clean_first': False, 'cmake_force_configure': False, 'cmake_target': None, 'cmake_target_skip_unavailable': False, 'install_base': '/home/ibrahim/ros2_ws/install/mycobot_ros2', 'merge_install': False, 'path': '/home/ibrahim/ros2_ws/src/mycobot_ros2/mycobot_ros2', 'symlink_install': False, 'test_result_base': None}
[3.962s] INFO:colcon.colcon_core.executor:Executing jobs using 'parallel' executor
[3.963s] DEBUG:colcon.colcon_parallel_executor.executor.parallel:run_until_complete
[3.964s] INFO:colcon.colcon_ros.task.ament_cmake.build:Building ROS package in '/home/ibrahim/ros2_ws/src/mycobot_ros2/mycobot_bringup' with build type 'ament_cmake'
[3.964s] INFO:colcon.colcon_cmake.task.cmake.build:Building CMake package in '/home/ibrahim/ros2_ws/src/mycobot_ros2/mycobot_bringup'
[4.001s] INFO:colcon.colcon_core.plugin_system:Skipping extension 'colcon_core.shell.bat': Not used on non-Windows systems
[4.002s] INFO:colcon.colcon_core.shell:Skip shell extension 'powershell' for command environment: Not usable outside of PowerShell
[4.002s] DEBUG:colcon.colcon_core.shell:Skip shell extension 'dsv' for command environment
[4.007s] INFO:colcon.colcon_ros.task.ament_cmake.build:Building ROS package in '/home/ibrahim/ros2_ws/src/mycobot_ros2/mycobot_description' with build type 'ament_cmake'
[4.007s] INFO:colcon.colcon_cmake.task.cmake.build:Building CMake package in '/home/ibrahim/ros2_ws/src/mycobot_ros2/mycobot_description'
[4.007s] INFO:colcon.colcon_core.shell:Skip shell extension 'powershell' for command environment: Not usable outside of PowerShell
[4.007s] DEBUG:colcon.colcon_core.shell:Skip shell extension 'dsv' for command environment
[4.014s] INFO:colcon.colcon_ros.task.ament_cmake.build:Building ROS package in '/home/ibrahim/ros2_ws/src/mycobot_ros2/mycobot_gazebo' with build type 'ament_cmake'
[4.014s] INFO:colcon.colcon_cmake.task.cmake.build:Building CMake package in '/home/ibrahim/ros2_ws/src/mycobot_ros2/mycobot_gazebo'
[4.014s] INFO:colcon.colcon_core.shell:Skip shell extension 'powershell' for command environment: Not usable outside of PowerShell
[4.014s] DEBUG:colcon.colcon_core.shell:Skip shell extension 'dsv' for command environment
[4.022s] INFO:colcon.colcon_ros.task.ament_cmake.build:Building ROS package in '/home/ibrahim/ros2_ws/src/mycobot_ros2/mycobot_interfaces' with build type 'ament_cmake'
[4.022s] INFO:colcon.colcon_cmake.task.cmake.build:Building CMake package in '/home/ibrahim/ros2_ws/src/mycobot_ros2/mycobot_interfaces'
[4.022s] INFO:colcon.colcon_core.shell:Skip shell extension 'powershell' for command environment: Not usable outside of PowerShell
[4.023s] DEBUG:colcon.colcon_core.shell:Skip shell extension 'dsv' for command environment
[4.053s] DEBUG:colcon.colcon_core.event_handler.log_command:Invoking command in '/home/ibrahim/ros2_ws/build/mycobot_bringup': CMAKE_PREFIX_PATH=${CMAKE_PREFIX_PATH}:/home/ibrahim/ros2_ws/install/arm_serial_bridge:/opt/ros/jazzy DEBUGINFOD_URLS=https://debuginfod.ubuntu.com PS1=\[\e]0;\u@\h: \w\a\]${debian_chroot:+($debian_chroot)}\[\033[01;32m\]\u@\h\[\033[00m\]:\[\033[01;34m\]\w\[\033[00m\]\$ /usr/bin/cmake --build /home/ibrahim/ros2_ws/build/mycobot_bringup -- -j4 -l4
[4.097s] DEBUG:colcon.colcon_core.event_handler.log_command:Invoking command in '/home/ibrahim/ros2_ws/build/mycobot_description': CMAKE_PREFIX_PATH=${CMAKE_PREFIX_PATH}:/home/ibrahim/ros2_ws/install/arm_serial_bridge:/opt/ros/jazzy DEBUGINFOD_URLS=https://debuginfod.ubuntu.com PS1=\[\e]0;\u@\h: \w\a\]${debian_chroot:+($debian_chroot)}\[\033[01;32m\]\u@\h\[\033[00m\]:\[\033[01;34m\]\w\[\033[00m\]\$ /usr/bin/cmake --build /home/ibrahim/ros2_ws/build/mycobot_description -- -j4 -l4
[4.132s] DEBUG:colcon.colcon_core.event_handler.log_command:Invoking command in '/home/ibrahim/ros2_ws/build/mycobot_gazebo': CMAKE_PREFIX_PATH=${CMAKE_PREFIX_PATH}:/home/ibrahim/ros2_ws/install/arm_serial_bridge:/opt/ros/jazzy DEBUGINFOD_URLS=https://debuginfod.ubuntu.com PS1=\[\e]0;\u@\h: \w\a\]${debian_chroot:+($debian_chroot)}\[\033[01;32m\]\u@\h\[\033[00m\]:\[\033[01;34m\]\w\[\033[00m\]\$ /usr/bin/cmake --build /home/ibrahim/ros2_ws/build/mycobot_gazebo -- -j4 -l4
[4.180s] DEBUG:colcon.colcon_core.event_handler.log_command:Invoking command in '/home/ibrahim/ros2_ws/build/mycobot_interfaces': CMAKE_PREFIX_PATH=${CMAKE_PREFIX_PATH}:/home/ibrahim/ros2_ws/install/arm_serial_bridge:/opt/ros/jazzy DEBUGINFOD_URLS=https://debuginfod.ubuntu.com PS1=\[\e]0;\u@\h: \w\a\]${debian_chroot:+($debian_chroot)}\[\033[01;32m\]\u@\h\[\033[00m\]:\[\033[01;34m\]\w\[\033[00m\]\$ /usr/bin/cmake --build /home/ibrahim/ros2_ws/build/mycobot_interfaces -- -j4 -l4
[4.188s] DEBUG:colcon.colcon_core.event_handler.log_command:Invoked command in '/home/ibrahim/ros2_ws/build/mycobot_bringup' returned '0': CMAKE_PREFIX_PATH=${CMAKE_PREFIX_PATH}:/home/ibrahim/ros2_ws/install/arm_serial_bridge:/opt/ros/jazzy DEBUGINFOD_URLS=https://debuginfod.ubuntu.com PS1=\[\e]0;\u@\h: \w\a\]${debian_chroot:+($debian_chroot)}\[\033[01;32m\]\u@\h\[\033[00m\]:\[\033[01;34m\]\w\[\033[00m\]\$ /usr/bin/cmake --build /home/ibrahim/ros2_ws/build/mycobot_bringup -- -j4 -l4
[4.213s] DEBUG:colcon.colcon_core.event_handler.log_command:Invoking command in '/home/ibrahim/ros2_ws/build/mycobot_bringup': CMAKE_PREFIX_PATH=${CMAKE_PREFIX_PATH}:/home/ibrahim/ros2_ws/install/arm_serial_bridge:/opt/ros/jazzy DEBUGINFOD_URLS=https://debuginfod.ubuntu.com PS1=\[\e]0;\u@\h: \w\a\]${debian_chroot:+($debian_chroot)}\[\033[01;32m\]\u@\h\[\033[00m\]:\[\033[01;34m\]\w\[\033[00m\]\$ /usr/bin/cmake --install /home/ibrahim/ros2_ws/build/mycobot_bringup
[4.215s] DEBUG:colcon.colcon_core.event_handler.log_command:Invoked command in '/home/ibrahim/ros2_ws/build/mycobot_description' returned '0': CMAKE_PREFIX_PATH=${CMAKE_PREFIX_PATH}:/home/ibrahim/ros2_ws/install/arm_serial_bridge:/opt/ros/jazzy DEBUGINFOD_URLS=https://debuginfod.ubuntu.com PS1=\[\e]0;\u@\h: \w\a\]${debian_chroot:+($debian_chroot)}\[\033[01;32m\]\u@\h\[\033[00m\]:\[\033[01;34m\]\w\[\033[00m\]\$ /usr/bin/cmake --build /home/ibrahim/ros2_ws/build/mycobot_description -- -j4 -l4
[4.227s] DEBUG:colcon.colcon_core.event_handler.log_command:Invoking command in '/home/ibrahim/ros2_ws/build/mycobot_description': CMAKE_PREFIX_PATH=${CMAKE_PREFIX_PATH}:/home/ibrahim/ros2_ws/install/arm_serial_bridge:/opt/ros/jazzy DEBUGINFOD_URLS=https://debuginfod.ubuntu.com PS1=\[\e]0;\u@\h: \w\a\]${debian_chroot:+($debian_chroot)}\[\033[01;32m\]\u@\h\[\033[00m\]:\[\033[01;34m\]\w\[\033[00m\]\$ /usr/bin/cmake --install /home/ibrahim/ros2_ws/build/mycobot_description
[4.253s] Level 1:colcon.colcon_core.environment:create_environment_scripts_only(mycobot_bringup)
[4.254s] DEBUG:colcon.colcon_core.event_handler.log_command:Invoked command in '/home/ibrahim/ros2_ws/build/mycobot_bringup' returned '0': CMAKE_PREFIX_PATH=${CMAKE_PREFIX_PATH}:/home/ibrahim/ros2_ws/install/arm_serial_bridge:/opt/ros/jazzy DEBUGINFOD_URLS=https://debuginfod.ubuntu.com PS1=\[\e]0;\u@\h: \w\a\]${debian_chroot:+($debian_chroot)}\[\033[01;32m\]\u@\h\[\033[00m\]:\[\033[01;34m\]\w\[\033[00m\]\$ /usr/bin/cmake --install /home/ibrahim/ros2_ws/build/mycobot_bringup
[4.336s] Level 1:colcon.colcon_core.environment:checking '/home/ibrahim/ros2_ws/install/mycobot_bringup' for CMake module files
[4.338s] Level 1:colcon.colcon_core.environment:checking '/home/ibrahim/ros2_ws/install/mycobot_bringup' for CMake config files
[4.339s] Level 1:colcon.colcon_core.shell:create_environment_hook('mycobot_bringup', 'cmake_prefix_path')
[4.339s] INFO:colcon.colcon_core.shell:Creating environment hook '/home/ibrahim/ros2_ws/install/mycobot_bringup/share/mycobot_bringup/hook/cmake_prefix_path.ps1'
[4.340s] INFO:colcon.colcon_core.shell:Creating environment descriptor '/home/ibrahim/ros2_ws/install/mycobot_bringup/share/mycobot_bringup/hook/cmake_prefix_path.dsv'
[4.342s] INFO:colcon.colcon_core.shell:Creating environment hook '/home/ibrahim/ros2_ws/install/mycobot_bringup/share/mycobot_bringup/hook/cmake_prefix_path.sh'
[4.346s] Level 1:colcon.colcon_core.environment:checking '/home/ibrahim/ros2_ws/install/mycobot_bringup/bin'
[4.347s] Level 1:colcon.colcon_core.environment:checking '/home/ibrahim/ros2_ws/install/mycobot_bringup/lib/pkgconfig/mycobot_bringup.pc'
[4.347s] Level 1:colcon.colcon_core.environment:checking '/home/ibrahim/ros2_ws/install/mycobot_bringup/lib/python3.12/site-packages'
[4.347s] Level 1:colcon.colcon_core.environment:checking '/home/ibrahim/ros2_ws/install/mycobot_bringup/bin'
[4.348s] INFO:colcon.colcon_core.shell:Creating package script '/home/ibrahim/ros2_ws/install/mycobot_bringup/share/mycobot_bringup/package.ps1'
[4.349s] INFO:colcon.colcon_core.shell:Creating package descriptor '/home/ibrahim/ros2_ws/install/mycobot_bringup/share/mycobot_bringup/package.dsv'
[4.351s] INFO:colcon.colcon_core.shell:Creating package script '/home/ibrahim/ros2_ws/install/mycobot_bringup/share/mycobot_bringup/package.sh'
[4.353s] INFO:colcon.colcon_core.shell:Creating package script '/home/ibrahim/ros2_ws/install/mycobot_bringup/share/mycobot_bringup/package.bash'
[4.354s] INFO:colcon.colcon_core.shell:Creating package script '/home/ibrahim/ros2_ws/install/mycobot_bringup/share/mycobot_bringup/package.zsh'
[4.355s] Level 1:colcon.colcon_core.environment:create_file_with_runtime_dependencies(/home/ibrahim/ros2_ws/install/mycobot_bringup/share/colcon-core/packages/mycobot_bringup)
[4.356s] Level 1:colcon.colcon_core.environment:create_environment_scripts_only(mycobot_bringup)
[4.356s] Level 1:colcon.colcon_core.environment:checking '/home/ibrahim/ros2_ws/install/mycobot_bringup' for CMake module files
[4.357s] Level 1:colcon.colcon_core.environment:checking '/home/ibrahim/ros2_ws/install/mycobot_bringup' for CMake config files
[4.357s] Level 1:colcon.colcon_core.shell:create_environment_hook('mycobot_bringup', 'cmake_prefix_path')
[4.357s] INFO:colcon.colcon_core.shell:Creating environment hook '/home/ibrahim/ros2_ws/install/mycobot_bringup/share/mycobot_bringup/hook/cmake_prefix_path.ps1'
[4.358s] INFO:colcon.colcon_core.shell:Creating environment descriptor '/home/ibrahim/ros2_ws/install/mycobot_bringup/share/mycobot_bringup/hook/cmake_prefix_path.dsv'
[4.358s] INFO:colcon.colcon_core.shell:Creating environment hook '/home/ibrahim/ros2_ws/install/mycobot_bringup/share/mycobot_bringup/hook/cmake_prefix_path.sh'
[4.359s] Level 1:colcon.colcon_core.environment:checking '/home/ibrahim/ros2_ws/install/mycobot_bringup/bin'
[4.359s] Level 1:colcon.colcon_core.environment:checking '/home/ibrahim/ros2_ws/install/mycobot_bringup/lib/pkgconfig/mycobot_bringup.pc'
[4.360s] Level 1:colcon.colcon_core.environment:checking '/home/ibrahim/ros2_ws/install/mycobot_bringup/lib/python3.12/site-packages'
[4.360s] Level 1:colcon.colcon_core.environment:checking '/home/ibrahim/ros2_ws/install/mycobot_bringup/bin'
[4.360s] INFO:colcon.colcon_core.shell:Creating package script '/home/ibrahim/ros2_ws/install/mycobot_bringup/share/mycobot_bringup/package.ps1'
[4.361s] INFO:colcon.colcon_core.shell:Creating package descriptor '/home/ibrahim/ros2_ws/install/mycobot_bringup/share/mycobot_bringup/package.dsv'
[4.362s] INFO:colcon.colcon_core.shell:Creating package script '/home/ibrahim/ros2_ws/install/mycobot_bringup/share/mycobot_bringup/package.sh'
[4.363s] INFO:colcon.colcon_core.shell:Creating package script '/home/ibrahim/ros2_ws/install/mycobot_bringup/share/mycobot_bringup/package.bash'
[4.364s] INFO:colcon.colcon_core.shell:Creating package script '/home/ibrahim/ros2_ws/install/mycobot_bringup/share/mycobot_bringup/package.zsh'
[4.364s] Level 1:colcon.colcon_core.environment:create_file_with_runtime_dependencies(/home/ibrahim/ros2_ws/install/mycobot_bringup/share/colcon-core/packages/mycobot_bringup)
[4.365s] INFO:colcon.colcon_ros.task.ament_cmake.build:Building ROS package in '/home/ibrahim/ros2_ws/src/mycobot_ros2/mycobot_moveit_config' with build type 'ament_cmake'
[4.365s] INFO:colcon.colcon_cmake.task.cmake.build:Building CMake package in '/home/ibrahim/ros2_ws/src/mycobot_ros2/mycobot_moveit_config'
[4.365s] INFO:colcon.colcon_core.shell:Skip shell extension 'powershell' for command environment: Not usable outside of PowerShell
[4.365s] DEBUG:colcon.colcon_core.shell:Skip shell extension 'dsv' for command environment
[4.373s] Level 1:colcon.colcon_core.environment:create_environment_scripts_only(mycobot_description)
[4.373s] Level 1:colcon.colcon_core.environment:checking '/home/ibrahim/ros2_ws/install/mycobot_description' for CMake module files
[4.378s] Level 1:colcon.colcon_core.environment:checking '/home/ibrahim/ros2_ws/install/mycobot_description' for CMake config files
[4.380s] Level 1:colcon.colcon_core.shell:create_environment_hook('mycobot_description', 'cmake_prefix_path')
[4.380s] INFO:colcon.colcon_core.shell:Creating environment hook '/home/ibrahim/ros2_ws/install/mycobot_description/share/mycobot_description/hook/cmake_prefix_path.ps1'
[4.381s] DEBUG:colcon.colcon_core.event_handler.log_command:Invoked command in '/home/ibrahim/ros2_ws/build/mycobot_description' returned '0': CMAKE_PREFIX_PATH=${CMAKE_PREFIX_PATH}:/home/ibrahim/ros2_ws/install/arm_serial_bridge:/opt/ros/jazzy DEBUGINFOD_URLS=https://debuginfod.ubuntu.com PS1=\[\e]0;\u@\h: \w\a\]${debian_chroot:+($debian_chroot)}\[\033[01;32m\]\u@\h\[\033[00m\]:\[\033[01;34m\]\w\[\033[00m\]\$ /usr/bin/cmake --install /home/ibrahim/ros2_ws/build/mycobot_description
[4.384s] INFO:colcon.colcon_core.shell:Creating environment descriptor '/home/ibrahim/ros2_ws/install/mycobot_description/share/mycobot_description/hook/cmake_prefix_path.dsv'
[4.385s] INFO:colcon.colcon_core.shell:Creating environment hook '/home/ibrahim/ros2_ws/install/mycobot_description/share/mycobot_description/hook/cmake_prefix_path.sh'
[4.386s] Level 1:colcon.colcon_core.environment:checking '/home/ibrahim/ros2_ws/install/mycobot_description/bin'
[4.386s] Level 1:colcon.colcon_core.environment:checking '/home/ibrahim/ros2_ws/install/mycobot_description/lib/pkgconfig/mycobot_description.pc'
[4.386s] Level 1:colcon.colcon_core.environment:checking '/home/ibrahim/ros2_ws/install/mycobot_description/lib/python3.12/site-packages'
[4.387s] Level 1:colcon.colcon_core.environment:checking '/home/ibrahim/ros2_ws/install/mycobot_description/bin'
[4.387s] INFO:colcon.colcon_core.shell:Creating package script '/home/ibrahim/ros2_ws/install/mycobot_description/share/mycobot_description/package.ps1'
[4.388s] INFO:colcon.colcon_core.shell:Creating package descriptor '/home/ibrahim/ros2_ws/install/mycobot_description/share/mycobot_description/package.dsv'
[4.389s] INFO:colcon.colcon_core.shell:Creating package script '/home/ibrahim/ros2_ws/install/mycobot_description/share/mycobot_description/package.sh'
[4.393s] INFO:colcon.colcon_core.shell:Creating package script '/home/ibrahim/ros2_ws/install/mycobot_description/share/mycobot_description/package.bash'
[4.394s] INFO:colcon.colcon_core.shell:Creating package script '/home/ibrahim/ros2_ws/install/mycobot_description/share/mycobot_description/package.zsh'
[4.395s] Level 1:colcon.colcon_core.environment:create_file_with_runtime_dependencies(/home/ibrahim/ros2_ws/install/mycobot_description/share/colcon-core/packages/mycobot_description)
[4.396s] Level 1:colcon.colcon_core.environment:create_environment_scripts_only(mycobot_description)
[4.396s] Level 1:colcon.colcon_core.environment:checking '/home/ibrahim/ros2_ws/install/mycobot_description' for CMake module files
[4.397s] Level 1:colcon.colcon_core.environment:checking '/home/ibrahim/ros2_ws/install/mycobot_description' for CMake config files
[4.397s] Level 1:colcon.colcon_core.shell:create_environment_hook('mycobot_description', 'cmake_prefix_path')
[4.398s] INFO:colcon.colcon_core.shell:Creating environment hook '/home/ibrahim/ros2_ws/install/mycobot_description/share/mycobot_description/hook/cmake_prefix_path.ps1'
[4.398s] INFO:colcon.colcon_core.shell:Creating environment descriptor '/home/ibrahim/ros2_ws/install/mycobot_description/share/mycobot_description/hook/cmake_prefix_path.dsv'
[4.400s] INFO:colcon.colcon_core.shell:Creating environment hook '/home/ibrahim/ros2_ws/install/mycobot_description/share/mycobot_description/hook/cmake_prefix_path.sh'
[4.401s] Level 1:colcon.colcon_core.environment:checking '/home/ibrahim/ros2_ws/install/mycobot_description/bin'
[4.401s] Level 1:colcon.colcon_core.environment:checking '/home/ibrahim/ros2_ws/install/mycobot_description/lib/pkgconfig/mycobot_description.pc'
[4.401s] Level 1:colcon.colcon_core.environment:checking '/home/ibrahim/ros2_ws/install/mycobot_description/lib/python3.12/site-packages'
[4.402s] Level 1:colcon.colcon_core.environment:checking '/home/ibrahim/ros2_ws/install/mycobot_description/bin'
[4.402s] INFO:colcon.colcon_core.shell:Creating package script '/home/ibrahim/ros2_ws/install/mycobot_description/share/mycobot_description/package.ps1'
[4.403s] INFO:colcon.colcon_core.shell:Creating package descriptor '/home/ibrahim/ros2_ws/install/mycobot_description/share/mycobot_description/package.dsv'
[4.404s] INFO:colcon.colcon_core.shell:Creating package script '/home/ibrahim/ros2_ws/install/mycobot_description/share/mycobot_description/package.sh'
[4.404s] INFO:colcon.colcon_core.shell:Creating package script '/home/ibrahim/ros2_ws/install/mycobot_description/share/mycobot_description/package.bash'
[4.405s] INFO:colcon.colcon_core.shell:Creating package script '/home/ibrahim/ros2_ws/install/mycobot_description/share/mycobot_description/package.zsh'
[4.406s] Level 1:colcon.colcon_core.environment:create_file_with_runtime_dependencies(/home/ibrahim/ros2_ws/install/mycobot_description/share/colcon-core/packages/mycobot_description)
[4.407s] INFO:colcon.colcon_ros.task.ament_cmake.build:Building ROS package in '/home/ibrahim/ros2_ws/src/mycobot_ros2/mycobot_system_tests' with build type 'ament_cmake'
[4.407s] INFO:colcon.colcon_cmake.task.cmake.build:Building CMake package in '/home/ibrahim/ros2_ws/src/mycobot_ros2/mycobot_system_tests'
[4.407s] INFO:colcon.colcon_core.shell:Skip shell extension 'powershell' for command environment: Not usable outside of PowerShell
[4.407s] DEBUG:colcon.colcon_core.shell:Skip shell extension 'dsv' for command environment
[4.415s] DEBUG:colcon.colcon_core.event_handler.log_command:Invoked command in '/home/ibrahim/ros2_ws/build/mycobot_gazebo' returned '0': CMAKE_PREFIX_PATH=${CMAKE_PREFIX_PATH}:/home/ibrahim/ros2_ws/install/arm_serial_bridge:/opt/ros/jazzy DEBUGINFOD_URLS=https://debuginfod.ubuntu.com PS1=\[\e]0;\u@\h: \w\a\]${debian_chroot:+($debian_chroot)}\[\033[01;32m\]\u@\h\[\033[00m\]:\[\033[01;34m\]\w\[\033[00m\]\$ /usr/bin/cmake --build /home/ibrahim/ros2_ws/build/mycobot_gazebo -- -j4 -l4
[4.443s] DEBUG:colcon.colcon_core.event_handler.log_command:Invoking command in '/home/ibrahim/ros2_ws/build/mycobot_gazebo': CMAKE_PREFIX_PATH=${CMAKE_PREFIX_PATH}:/home/ibrahim/ros2_ws/install/arm_serial_bridge:/opt/ros/jazzy DEBUGINFOD_URLS=https://debuginfod.ubuntu.com PS1=\[\e]0;\u@\h: \w\a\]${debian_chroot:+($debian_chroot)}\[\033[01;32m\]\u@\h\[\033[00m\]:\[\033[01;34m\]\w\[\033[00m\]\$ /usr/bin/cmake --install /home/ibrahim/ros2_ws/build/mycobot_gazebo
[4.458s] DEBUG:colcon.colcon_core.event_handler.log_command:Invoking command in '/home/ibrahim/ros2_ws/build/mycobot_moveit_config': CMAKE_PREFIX_PATH=${CMAKE_PREFIX_PATH}:/home/ibrahim/ros2_ws/install/arm_serial_bridge:/opt/ros/jazzy DEBUGINFOD_URLS=https://debuginfod.ubuntu.com PS1=\[\e]0;\u@\h: \w\a\]${debian_chroot:+($debian_chroot)}\[\033[01;32m\]\u@\h\[\033[00m\]:\[\033[01;34m\]\w\[\033[00m\]\$ /usr/bin/cmake --build /home/ibrahim/ros2_ws/build/mycobot_moveit_config -- -j4 -l4
[4.530s] DEBUG:colcon.colcon_core.event_handler.log_command:Invoking command in '/home/ibrahim/ros2_ws/build/mycobot_system_tests': CMAKE_PREFIX_PATH=${CMAKE_PREFIX_PATH}:/home/ibrahim/ros2_ws/install/arm_serial_bridge:/opt/ros/jazzy DEBUGINFOD_URLS=https://debuginfod.ubuntu.com PS1=\[\e]0;\u@\h: \w\a\]${debian_chroot:+($debian_chroot)}\[\033[01;32m\]\u@\h\[\033[00m\]:\[\033[01;34m\]\w\[\033[00m\]\$ /usr/bin/cmake --build /home/ibrahim/ros2_ws/build/mycobot_system_tests -- -j4 -l4
[4.550s] Level 1:colcon.colcon_core.environment:create_environment_scripts_only(mycobot_gazebo)
[4.550s] Level 1:colcon.colcon_core.environment:checking '/home/ibrahim/ros2_ws/install/mycobot_gazebo' for CMake module files
[4.557s] Level 1:colcon.colcon_core.environment:checking '/home/ibrahim/ros2_ws/install/mycobot_gazebo' for CMake config files
[4.635s] DEBUG:colcon.colcon_core.event_handler.log_command:Invoked command in '/home/ibrahim/ros2_ws/build/mycobot_gazebo' returned '0': CMAKE_PREFIX_PATH=${CMAKE_PREFIX_PATH}:/home/ibrahim/ros2_ws/install/arm_serial_bridge:/opt/ros/jazzy DEBUGINFOD_URLS=https://debuginfod.ubuntu.com PS1=\[\e]0;\u@\h: \w\a\]${debian_chroot:+($debian_chroot)}\[\033[01;32m\]\u@\h\[\033[00m\]:\[\033[01;34m\]\w\[\033[00m\]\$ /usr/bin/cmake --install /home/ibrahim/ros2_ws/build/mycobot_gazebo
[4.638s] Level 1:colcon.colcon_core.shell:create_environment_hook('mycobot_gazebo', 'cmake_prefix_path')
[4.638s] INFO:colcon.colcon_core.shell:Creating environment hook '/home/ibrahim/ros2_ws/install/mycobot_gazebo/share/mycobot_gazebo/hook/cmake_prefix_path.ps1'
[4.640s] INFO:colcon.colcon_core.shell:Creating environment descriptor '/home/ibrahim/ros2_ws/install/mycobot_gazebo/share/mycobot_gazebo/hook/cmake_prefix_path.dsv'
[4.641s] INFO:colcon.colcon_core.shell:Creating environment hook '/home/ibrahim/ros2_ws/install/mycobot_gazebo/share/mycobot_gazebo/hook/cmake_prefix_path.sh'
[4.642s] Level 1:colcon.colcon_core.environment:checking '/home/ibrahim/ros2_ws/install/mycobot_gazebo/bin'
[4.642s] Level 1:colcon.colcon_core.environment:checking '/home/ibrahim/ros2_ws/install/mycobot_gazebo/lib/pkgconfig/mycobot_gazebo.pc'
[4.642s] Level 1:colcon.colcon_core.environment:checking '/home/ibrahim/ros2_ws/install/mycobot_gazebo/lib/python3.12/site-packages'
[4.643s] Level 1:colcon.colcon_core.environment:checking '/home/ibrahim/ros2_ws/install/mycobot_gazebo/bin'
[4.644s] INFO:colcon.colcon_core.shell:Creating package script '/home/ibrahim/ros2_ws/install/mycobot_gazebo/share/mycobot_gazebo/package.ps1'
[4.645s] INFO:colcon.colcon_core.shell:Creating package descriptor '/home/ibrahim/ros2_ws/install/mycobot_gazebo/share/mycobot_gazebo/package.dsv'
[4.646s] INFO:colcon.colcon_core.shell:Creating package script '/home/ibrahim/ros2_ws/install/mycobot_gazebo/share/mycobot_gazebo/package.sh'
[4.647s] INFO:colcon.colcon_core.shell:Creating package script '/home/ibrahim/ros2_ws/install/mycobot_gazebo/share/mycobot_gazebo/package.bash'
[4.648s] INFO:colcon.colcon_core.shell:Creating package script '/home/ibrahim/ros2_ws/install/mycobot_gazebo/share/mycobot_gazebo/package.zsh'
[4.649s] Level 1:colcon.colcon_core.environment:create_file_with_runtime_dependencies(/home/ibrahim/ros2_ws/install/mycobot_gazebo/share/colcon-core/packages/mycobot_gazebo)
[4.650s] Level 1:colcon.colcon_core.environment:create_environment_scripts_only(mycobot_gazebo)
[4.650s] Level 1:colcon.colcon_core.environment:checking '/home/ibrahim/ros2_ws/install/mycobot_gazebo' for CMake module files
[4.650s] Level 1:colcon.colcon_core.environment:checking '/home/ibrahim/ros2_ws/install/mycobot_gazebo' for CMake config files
[4.655s] Level 1:colcon.colcon_core.shell:create_environment_hook('mycobot_gazebo', 'cmake_prefix_path')
[4.655s] INFO:colcon.colcon_core.shell:Creating environment hook '/home/ibrahim/ros2_ws/install/mycobot_gazebo/share/mycobot_gazebo/hook/cmake_prefix_path.ps1'
[4.656s] INFO:colcon.colcon_core.shell:Creating environment descriptor '/home/ibrahim/ros2_ws/install/mycobot_gazebo/share/mycobot_gazebo/hook/cmake_prefix_path.dsv'
[4.657s] INFO:colcon.colcon_core.shell:Creating environment hook '/home/ibrahim/ros2_ws/install/mycobot_gazebo/share/mycobot_gazebo/hook/cmake_prefix_path.sh'
[4.658s] Level 1:colcon.colcon_core.environment:checking '/home/ibrahim/ros2_ws/install/mycobot_gazebo/bin'
[4.658s] Level 1:colcon.colcon_core.environment:checking '/home/ibrahim/ros2_ws/install/mycobot_gazebo/lib/pkgconfig/mycobot_gazebo.pc'
[4.658s] Level 1:colcon.colcon_core.environment:checking '/home/ibrahim/ros2_ws/install/mycobot_gazebo/lib/python3.12/site-packages'
[4.659s] Level 1:colcon.colcon_core.environment:checking '/home/ibrahim/ros2_ws/install/mycobot_gazebo/bin'
[4.659s] INFO:colcon.colcon_core.shell:Creating package script '/home/ibrahim/ros2_ws/install/mycobot_gazebo/share/mycobot_gazebo/package.ps1'
[4.660s] INFO:colcon.colcon_core.shell:Creating package descriptor '/home/ibrahim/ros2_ws/install/mycobot_gazebo/share/mycobot_gazebo/package.dsv'
[4.661s] INFO:colcon.colcon_core.shell:Creating package script '/home/ibrahim/ros2_ws/install/mycobot_gazebo/share/mycobot_gazebo/package.sh'
[4.662s] INFO:colcon.colcon_core.shell:Creating package script '/home/ibrahim/ros2_ws/install/mycobot_gazebo/share/mycobot_gazebo/package.bash'
[4.663s] INFO:colcon.colcon_core.shell:Creating package script '/home/ibrahim/ros2_ws/install/mycobot_gazebo/share/mycobot_gazebo/package.zsh'
[4.663s] Level 1:colcon.colcon_core.environment:create_file_with_runtime_dependencies(/home/ibrahim/ros2_ws/install/mycobot_gazebo/share/colcon-core/packages/mycobot_gazebo)
[4.665s] INFO:colcon.colcon_ros.task.ament_python.build:Building ROS package in '/home/ibrahim/ros2_ws/src/arm_serial_bridge' with build type 'ament_python'
[4.665s] Level 1:colcon.colcon_core.shell:create_environment_hook('arm_serial_bridge', 'ament_prefix_path')
[4.665s] INFO:colcon.colcon_core.shell:Creating environment hook '/home/ibrahim/ros2_ws/install/arm_serial_bridge/share/arm_serial_bridge/hook/ament_prefix_path.ps1'
[4.667s] INFO:colcon.colcon_core.shell:Creating environment descriptor '/home/ibrahim/ros2_ws/install/arm_serial_bridge/share/arm_serial_bridge/hook/ament_prefix_path.dsv'
[4.668s] INFO:colcon.colcon_core.shell:Creating environment hook '/home/ibrahim/ros2_ws/install/arm_serial_bridge/share/arm_serial_bridge/hook/ament_prefix_path.sh'
[4.669s] INFO:colcon.colcon_core.shell:Skip shell extension 'powershell' for command environment: Not usable outside of PowerShell
[4.669s] DEBUG:colcon.colcon_core.shell:Skip shell extension 'dsv' for command environment
[4.681s] DEBUG:colcon.colcon_core.event_handler.log_command:Invoked command in '/home/ibrahim/ros2_ws/build/mycobot_moveit_config' returned '0': CMAKE_PREFIX_PATH=${CMAKE_PREFIX_PATH}:/home/ibrahim/ros2_ws/install/arm_serial_bridge:/opt/ros/jazzy DEBUGINFOD_URLS=https://debuginfod.ubuntu.com PS1=\[\e]0;\u@\h: \w\a\]${debian_chroot:+($debian_chroot)}\[\033[01;32m\]\u@\h\[\033[00m\]:\[\033[01;34m\]\w\[\033[00m\]\$ /usr/bin/cmake --build /home/ibrahim/ros2_ws/build/mycobot_moveit_config -- -j4 -l4
[4.695s] DEBUG:colcon.colcon_core.event_handler.log_command:Invoking command in '/home/ibrahim/ros2_ws/build/mycobot_moveit_config': CMAKE_PREFIX_PATH=${CMAKE_PREFIX_PATH}:/home/ibrahim/ros2_ws/install/arm_serial_bridge:/opt/ros/jazzy DEBUGINFOD_URLS=https://debuginfod.ubuntu.com PS1=\[\e]0;\u@\h: \w\a\]${debian_chroot:+($debian_chroot)}\[\033[01;32m\]\u@\h\[\033[00m\]:\[\033[01;34m\]\w\[\033[00m\]\$ /usr/bin/cmake --install /home/ibrahim/ros2_ws/build/mycobot_moveit_config
[4.980s] WARNING:colcon.colcon_ros.task.ament_python.build:Package 'arm_serial_bridge' doesn't explicitly install a marker in the package index (colcon-ros currently does it implicitly but that fallback will be removed in the future)
[4.980s] WARNING:colcon.colcon_ros.task.ament_python.build:Package 'arm_serial_bridge' doesn't explicitly install the 'package.xml' file (colcon-ros currently does it implicitly but that fallback will be removed in the future)
[4.981s] INFO:colcon.colcon_core.task.python.build:Building Python package in '/home/ibrahim/ros2_ws/src/arm_serial_bridge'
[4.981s] INFO:colcon.colcon_core.shell:Skip shell extension 'powershell' for command environment: Not usable outside of PowerShell
[4.981s] DEBUG:colcon.colcon_core.shell:Skip shell extension 'dsv' for command environment
[5.014s] Level 1:colcon.colcon_core.environment:create_environment_scripts_only(mycobot_moveit_config)
[5.015s] Level 1:colcon.colcon_core.environment:checking '/home/ibrahim/ros2_ws/install/mycobot_moveit_config' for CMake module files
[5.016s] DEBUG:colcon.colcon_core.event_handler.log_command:Invoked command in '/home/ibrahim/ros2_ws/build/mycobot_moveit_config' returned '0': CMAKE_PREFIX_PATH=${CMAKE_PREFIX_PATH}:/home/ibrahim/ros2_ws/install/arm_serial_bridge:/opt/ros/jazzy DEBUGINFOD_URLS=https://debuginfod.ubuntu.com PS1=\[\e]0;\u@\h: \w\a\]${debian_chroot:+($debian_chroot)}\[\033[01;32m\]\u@\h\[\033[00m\]:\[\033[01;34m\]\w\[\033[00m\]\$ /usr/bin/cmake --install /home/ibrahim/ros2_ws/build/mycobot_moveit_config
[5.016s] Level 1:colcon.colcon_core.environment:checking '/home/ibrahim/ros2_ws/install/mycobot_moveit_config' for CMake config files
[5.016s] Level 1:colcon.colcon_core.shell:create_environment_hook('mycobot_moveit_config', 'cmake_prefix_path')
[5.017s] INFO:colcon.colcon_core.shell:Creating environment hook '/home/ibrahim/ros2_ws/install/mycobot_moveit_config/share/mycobot_moveit_config/hook/cmake_prefix_path.ps1'
[5.017s] INFO:colcon.colcon_core.shell:Creating environment descriptor '/home/ibrahim/ros2_ws/install/mycobot_moveit_config/share/mycobot_moveit_config/hook/cmake_prefix_path.dsv'
[5.019s] INFO:colcon.colcon_core.shell:Creating environment hook '/home/ibrahim/ros2_ws/install/mycobot_moveit_config/share/mycobot_moveit_config/hook/cmake_prefix_path.sh'
[5.020s] Level 1:colcon.colcon_core.environment:checking '/home/ibrahim/ros2_ws/install/mycobot_moveit_config/bin'
[5.020s] Level 1:colcon.colcon_core.environment:checking '/home/ibrahim/ros2_ws/install/mycobot_moveit_config/lib/pkgconfig/mycobot_moveit_config.pc'
[5.020s] Level 1:colcon.colcon_core.environment:checking '/home/ibrahim/ros2_ws/install/mycobot_moveit_config/lib/python3.12/site-packages'
[5.020s] Level 1:colcon.colcon_core.environment:checking '/home/ibrahim/ros2_ws/install/mycobot_moveit_config/bin'
[5.021s] INFO:colcon.colcon_core.shell:Creating package script '/home/ibrahim/ros2_ws/install/mycobot_moveit_config/share/mycobot_moveit_config/package.ps1'
[5.021s] INFO:colcon.colcon_core.shell:Creating package descriptor '/home/ibrahim/ros2_ws/install/mycobot_moveit_config/share/mycobot_moveit_config/package.dsv'
[5.022s] INFO:colcon.colcon_core.shell:Creating package script '/home/ibrahim/ros2_ws/install/mycobot_moveit_config/share/mycobot_moveit_config/package.sh'
[5.024s] INFO:colcon.colcon_core.shell:Creating package script '/home/ibrahim/ros2_ws/install/mycobot_moveit_config/share/mycobot_moveit_config/package.bash'
[5.024s] INFO:colcon.colcon_core.shell:Creating package script '/home/ibrahim/ros2_ws/install/mycobot_moveit_config/share/mycobot_moveit_config/package.zsh'
[5.025s] Level 1:colcon.colcon_core.environment:create_file_with_runtime_dependencies(/home/ibrahim/ros2_ws/install/mycobot_moveit_config/share/colcon-core/packages/mycobot_moveit_config)
[5.026s] Level 1:colcon.colcon_core.environment:create_environment_scripts_only(mycobot_moveit_config)
[5.026s] Level 1:colcon.colcon_core.environment:checking '/home/ibrahim/ros2_ws/install/mycobot_moveit_config' for CMake module files
[5.027s] Level 1:colcon.colcon_core.environment:checking '/home/ibrahim/ros2_ws/install/mycobot_moveit_config' for CMake config files
[5.027s] Level 1:colcon.colcon_core.shell:create_environment_hook('mycobot_moveit_config', 'cmake_prefix_path')
[5.027s] INFO:colcon.colcon_core.shell:Creating environment hook '/home/ibrahim/ros2_ws/install/mycobot_moveit_config/share/mycobot_moveit_config/hook/cmake_prefix_path.ps1'
[5.028s] INFO:colcon.colcon_core.shell:Creating environment descriptor '/home/ibrahim/ros2_ws/install/mycobot_moveit_config/share/mycobot_moveit_config/hook/cmake_prefix_path.dsv'
[5.028s] INFO:colcon.colcon_core.shell:Creating environment hook '/home/ibrahim/ros2_ws/install/mycobot_moveit_config/share/mycobot_moveit_config/hook/cmake_prefix_path.sh'
[5.029s] Level 1:colcon.colcon_core.environment:checking '/home/ibrahim/ros2_ws/install/mycobot_moveit_config/bin'
[5.029s] Level 1:colcon.colcon_core.environment:checking '/home/ibrahim/ros2_ws/install/mycobot_moveit_config/lib/pkgconfig/mycobot_moveit_config.pc'
[5.030s] Level 1:colcon.colcon_core.environment:checking '/home/ibrahim/ros2_ws/install/mycobot_moveit_config/lib/python3.12/site-packages'
[5.030s] Level 1:colcon.colcon_core.environment:checking '/home/ibrahim/ros2_ws/install/mycobot_moveit_config/bin'
[5.030s] INFO:colcon.colcon_core.shell:Creating package script '/home/ibrahim/ros2_ws/install/mycobot_moveit_config/share/mycobot_moveit_config/package.ps1'
[5.031s] INFO:colcon.colcon_core.shell:Creating package descriptor '/home/ibrahim/ros2_ws/install/mycobot_moveit_config/share/mycobot_moveit_config/package.dsv'
[5.032s] INFO:colcon.colcon_core.shell:Creating package script '/home/ibrahim/ros2_ws/install/mycobot_moveit_config/share/mycobot_moveit_config/package.sh'
[5.033s] INFO:colcon.colcon_core.shell:Creating package script '/home/ibrahim/ros2_ws/install/mycobot_moveit_config/share/mycobot_moveit_config/package.bash'
[5.034s] INFO:colcon.colcon_core.shell:Creating package script '/home/ibrahim/ros2_ws/install/mycobot_moveit_config/share/mycobot_moveit_config/package.zsh'
[5.034s] Level 1:colcon.colcon_core.environment:create_file_with_runtime_dependencies(/home/ibrahim/ros2_ws/install/mycobot_moveit_config/share/colcon-core/packages/mycobot_moveit_config)
[5.037s] DEBUG:colcon.colcon_core.event_handler.log_command:Invoked command in '/home/ibrahim/ros2_ws/build/mycobot_system_tests' returned '0': CMAKE_PREFIX_PATH=${CMAKE_PREFIX_PATH}:/home/ibrahim/ros2_ws/install/arm_serial_bridge:/opt/ros/jazzy DEBUGINFOD_URLS=https://debuginfod.ubuntu.com PS1=\[\e]0;\u@\h: \w\a\]${debian_chroot:+($debian_chroot)}\[\033[01;32m\]\u@\h\[\033[00m\]:\[\033[01;34m\]\w\[\033[00m\]\$ /usr/bin/cmake --build /home/ibrahim/ros2_ws/build/mycobot_system_tests -- -j4 -l4
[5.047s] DEBUG:colcon.colcon_core.event_handler.log_command:Invoking command in '/home/ibrahim/ros2_ws/build/mycobot_system_tests': CMAKE_PREFIX_PATH=${CMAKE_PREFIX_PATH}:/home/ibrahim/ros2_ws/install/arm_serial_bridge:/opt/ros/jazzy DEBUGINFOD_URLS=https://debuginfod.ubuntu.com PS1=\[\e]0;\u@\h: \w\a\]${debian_chroot:+($debian_chroot)}\[\033[01;32m\]\u@\h\[\033[00m\]:\[\033[01;34m\]\w\[\033[00m\]\$ /usr/bin/cmake --install /home/ibrahim/ros2_ws/build/mycobot_system_tests
[5.049s] INFO:colcon.colcon_ros.task.ament_cmake.build:Building ROS package in '/home/ibrahim/ros2_ws/src/mycobot_ros2/mycobot_moveit_demos' with build type 'ament_cmake'
[5.049s] INFO:colcon.colcon_cmake.task.cmake.build:Building CMake package in '/home/ibrahim/ros2_ws/src/mycobot_ros2/mycobot_moveit_demos'
[5.049s] INFO:colcon.colcon_core.shell:Skip shell extension 'powershell' for command environment: Not usable outside of PowerShell
[5.049s] DEBUG:colcon.colcon_core.shell:Skip shell extension 'dsv' for command environment
[5.078s] Level 1:colcon.colcon_core.environment:create_environment_scripts_only(mycobot_system_tests)
[5.079s] Level 1:colcon.colcon_core.environment:checking '/home/ibrahim/ros2_ws/install/mycobot_system_tests' for CMake module files
[5.079s] Level 1:colcon.colcon_core.environment:checking '/home/ibrahim/ros2_ws/install/mycobot_system_tests' for CMake config files
[5.079s] Level 1:colcon.colcon_core.shell:create_environment_hook('mycobot_system_tests', 'cmake_prefix_path')
[5.080s] INFO:colcon.colcon_core.shell:Creating environment hook '/home/ibrahim/ros2_ws/install/mycobot_system_tests/share/mycobot_system_tests/hook/cmake_prefix_path.ps1'
[5.082s] DEBUG:colcon.colcon_core.event_handler.log_command:Invoked command in '/home/ibrahim/ros2_ws/build/mycobot_system_tests' returned '0': CMAKE_PREFIX_PATH=${CMAKE_PREFIX_PATH}:/home/ibrahim/ros2_ws/install/arm_serial_bridge:/opt/ros/jazzy DEBUGINFOD_URLS=https://debuginfod.ubuntu.com PS1=\[\e]0;\u@\h: \w\a\]${debian_chroot:+($debian_chroot)}\[\033[01;32m\]\u@\h\[\033[00m\]:\[\033[01;34m\]\w\[\033[00m\]\$ /usr/bin/cmake --install /home/ibrahim/ros2_ws/build/mycobot_system_tests
[5.083s] INFO:colcon.colcon_core.shell:Creating environment descriptor '/home/ibrahim/ros2_ws/install/mycobot_system_tests/share/mycobot_system_tests/hook/cmake_prefix_path.dsv'
[5.083s] INFO:colcon.colcon_core.shell:Creating environment hook '/home/ibrahim/ros2_ws/install/mycobot_system_tests/share/mycobot_system_tests/hook/cmake_prefix_path.sh'
[5.085s] Level 1:colcon.colcon_core.environment:checking '/home/ibrahim/ros2_ws/install/mycobot_system_tests/lib'
[5.085s] Level 1:colcon.colcon_core.environment:checking '/home/ibrahim/ros2_ws/install/mycobot_system_tests/bin'
[5.085s] Level 1:colcon.colcon_core.environment:checking '/home/ibrahim/ros2_ws/install/mycobot_system_tests/lib/pkgconfig/mycobot_system_tests.pc'
[5.085s] Level 1:colcon.colcon_core.environment:checking '/home/ibrahim/ros2_ws/install/mycobot_system_tests/lib/python3.12/site-packages'
[5.085s] Level 1:colcon.colcon_core.environment:checking '/home/ibrahim/ros2_ws/install/mycobot_system_tests/bin'
[5.086s] INFO:colcon.colcon_core.shell:Creating package script '/home/ibrahim/ros2_ws/install/mycobot_system_tests/share/mycobot_system_tests/package.ps1'
[5.087s] INFO:colcon.colcon_core.shell:Creating package descriptor '/home/ibrahim/ros2_ws/install/mycobot_system_tests/share/mycobot_system_tests/package.dsv'
[5.088s] INFO:colcon.colcon_core.shell:Creating package script '/home/ibrahim/ros2_ws/install/mycobot_system_tests/share/mycobot_system_tests/package.sh'
[5.089s] INFO:colcon.colcon_core.shell:Creating package script '/home/ibrahim/ros2_ws/install/mycobot_system_tests/share/mycobot_system_tests/package.bash'
[5.090s] INFO:colcon.colcon_core.shell:Creating package script '/home/ibrahim/ros2_ws/install/mycobot_system_tests/share/mycobot_system_tests/package.zsh'
[5.090s] Level 1:colcon.colcon_core.environment:create_file_with_runtime_dependencies(/home/ibrahim/ros2_ws/install/mycobot_system_tests/share/colcon-core/packages/mycobot_system_tests)
[5.092s] Level 1:colcon.colcon_core.environment:create_environment_scripts_only(mycobot_system_tests)
[5.092s] Level 1:colcon.colcon_core.environment:checking '/home/ibrahim/ros2_ws/install/mycobot_system_tests' for CMake module files
[5.093s] Level 1:colcon.colcon_core.environment:checking '/home/ibrahim/ros2_ws/install/mycobot_system_tests' for CMake config files
[5.093s] Level 1:colcon.colcon_core.shell:create_environment_hook('mycobot_system_tests', 'cmake_prefix_path')
[5.093s] INFO:colcon.colcon_core.shell:Creating environment hook '/home/ibrahim/ros2_ws/install/mycobot_system_tests/share/mycobot_system_tests/hook/cmake_prefix_path.ps1'
[5.094s] INFO:colcon.colcon_core.shell:Creating environment descriptor '/home/ibrahim/ros2_ws/install/mycobot_system_tests/share/mycobot_system_tests/hook/cmake_prefix_path.dsv'
[5.096s] INFO:colcon.colcon_core.shell:Creating environment hook '/home/ibrahim/ros2_ws/install/mycobot_system_tests/share/mycobot_system_tests/hook/cmake_prefix_path.sh'
[5.101s] Level 1:colcon.colcon_core.environment:checking '/home/ibrahim/ros2_ws/install/mycobot_system_tests/lib'
[5.101s] Level 1:colcon.colcon_core.environment:checking '/home/ibrahim/ros2_ws/install/mycobot_system_tests/bin'
[5.101s] Level 1:colcon.colcon_core.environment:checking '/home/ibrahim/ros2_ws/install/mycobot_system_tests/lib/pkgconfig/mycobot_system_tests.pc'
[5.102s] Level 1:colcon.colcon_core.environment:checking '/home/ibrahim/ros2_ws/install/mycobot_system_tests/lib/python3.12/site-packages'
[5.102s] Level 1:colcon.colcon_core.environment:checking '/home/ibrahim/ros2_ws/install/mycobot_system_tests/bin'
[5.103s] INFO:colcon.colcon_core.shell:Creating package script '/home/ibrahim/ros2_ws/install/mycobot_system_tests/share/mycobot_system_tests/package.ps1'
[5.123s] INFO:colcon.colcon_core.shell:Creating package descriptor '/home/ibrahim/ros2_ws/install/mycobot_system_tests/share/mycobot_system_tests/package.dsv'
[5.124s] INFO:colcon.colcon_core.shell:Creating package script '/home/ibrahim/ros2_ws/install/mycobot_system_tests/share/mycobot_system_tests/package.sh'
[5.125s] INFO:colcon.colcon_core.shell:Creating package script '/home/ibrahim/ros2_ws/install/mycobot_system_tests/share/mycobot_system_tests/package.bash'
[5.126s] INFO:colcon.colcon_core.shell:Creating package script '/home/ibrahim/ros2_ws/install/mycobot_system_tests/share/mycobot_system_tests/package.zsh'
[5.126s] Level 1:colcon.colcon_core.environment:create_file_with_runtime_dependencies(/home/ibrahim/ros2_ws/install/mycobot_system_tests/share/colcon-core/packages/mycobot_system_tests)
[5.128s] INFO:colcon.colcon_ros.task.ament_cmake.build:Building ROS package in '/home/ibrahim/ros2_ws/src/mycobot_ros2/mycobot_mtc_demos' with build type 'ament_cmake'
[5.128s] INFO:colcon.colcon_cmake.task.cmake.build:Building CMake package in '/home/ibrahim/ros2_ws/src/mycobot_ros2/mycobot_mtc_demos'
[5.128s] INFO:colcon.colcon_core.shell:Skip shell extension 'powershell' for command environment: Not usable outside of PowerShell
[5.129s] DEBUG:colcon.colcon_core.shell:Skip shell extension 'dsv' for command environment
[5.160s] DEBUG:colcon.colcon_core.event_handler.log_command:Invoking command in '/home/ibrahim/ros2_ws/build/mycobot_moveit_demos': CMAKE_PREFIX_PATH=${CMAKE_PREFIX_PATH}:/home/ibrahim/ros2_ws/install/arm_serial_bridge:/opt/ros/jazzy DEBUGINFOD_URLS=https://debuginfod.ubuntu.com PS1=\[\e]0;\u@\h: \w\a\]${debian_chroot:+($debian_chroot)}\[\033[01;32m\]\u@\h\[\033[00m\]:\[\033[01;34m\]\w\[\033[00m\]\$ /usr/bin/cmake --build /home/ibrahim/ros2_ws/build/mycobot_moveit_demos -- -j4 -l4
[5.179s] DEBUG:colcon.colcon_core.event_handler.log_command:Invoking command in '/home/ibrahim/ros2_ws/build/mycobot_mtc_demos': CMAKE_PREFIX_PATH=${CMAKE_PREFIX_PATH}:/home/ibrahim/ros2_ws/install/arm_serial_bridge:/opt/ros/jazzy DEBUGINFOD_URLS=https://debuginfod.ubuntu.com PS1=\[\e]0;\u@\h: \w\a\]${debian_chroot:+($debian_chroot)}\[\033[01;32m\]\u@\h\[\033[00m\]:\[\033[01;34m\]\w\[\033[00m\]\$ /usr/bin/cmake --build /home/ibrahim/ros2_ws/build/mycobot_mtc_demos -- -j4 -l4
[5.794s] DEBUG:colcon.colcon_core.event_handler.log_command:Invoked command in '/home/ibrahim/ros2_ws/build/mycobot_moveit_demos' returned '0': CMAKE_PREFIX_PATH=${CMAKE_PREFIX_PATH}:/home/ibrahim/ros2_ws/install/arm_serial_bridge:/opt/ros/jazzy DEBUGINFOD_URLS=https://debuginfod.ubuntu.com PS1=\[\e]0;\u@\h: \w\a\]${debian_chroot:+($debian_chroot)}\[\033[01;32m\]\u@\h\[\033[00m\]:\[\033[01;34m\]\w\[\033[00m\]\$ /usr/bin/cmake --build /home/ibrahim/ros2_ws/build/mycobot_moveit_demos -- -j4 -l4
[5.819s] DEBUG:colcon.colcon_core.event_handler.log_command:Invoking command in '/home/ibrahim/ros2_ws/build/mycobot_moveit_demos': CMAKE_PREFIX_PATH=${CMAKE_PREFIX_PATH}:/home/ibrahim/ros2_ws/install/arm_serial_bridge:/opt/ros/jazzy DEBUGINFOD_URLS=https://debuginfod.ubuntu.com PS1=\[\e]0;\u@\h: \w\a\]${debian_chroot:+($debian_chroot)}\[\033[01;32m\]\u@\h\[\033[00m\]:\[\033[01;34m\]\w\[\033[00m\]\$ /usr/bin/cmake --install /home/ibrahim/ros2_ws/build/mycobot_moveit_demos
[5.895s] Level 1:colcon.colcon_core.environment:create_environment_scripts_only(mycobot_moveit_demos)
[5.896s] Level 1:colcon.colcon_core.environment:checking '/home/ibrahim/ros2_ws/install/mycobot_moveit_demos' for CMake module files
[5.896s] DEBUG:colcon.colcon_core.event_handler.log_command:Invoked command in '/home/ibrahim/ros2_ws/build/mycobot_moveit_demos' returned '0': CMAKE_PREFIX_PATH=${CMAKE_PREFIX_PATH}:/home/ibrahim/ros2_ws/install/arm_serial_bridge:/opt/ros/jazzy DEBUGINFOD_URLS=https://debuginfod.ubuntu.com PS1=\[\e]0;\u@\h: \w\a\]${debian_chroot:+($debian_chroot)}\[\033[01;32m\]\u@\h\[\033[00m\]:\[\033[01;34m\]\w\[\033[00m\]\$ /usr/bin/cmake --install /home/ibrahim/ros2_ws/build/mycobot_moveit_demos
[5.897s] Level 1:colcon.colcon_core.environment:checking '/home/ibrahim/ros2_ws/install/mycobot_moveit_demos' for CMake config files
[5.897s] Level 1:colcon.colcon_core.shell:create_environment_hook('mycobot_moveit_demos', 'cmake_prefix_path')
[5.897s] INFO:colcon.colcon_core.shell:Creating environment hook '/home/ibrahim/ros2_ws/install/mycobot_moveit_demos/share/mycobot_moveit_demos/hook/cmake_prefix_path.ps1'
[5.898s] INFO:colcon.colcon_core.shell:Creating environment descriptor '/home/ibrahim/ros2_ws/install/mycobot_moveit_demos/share/mycobot_moveit_demos/hook/cmake_prefix_path.dsv'
[5.899s] INFO:colcon.colcon_core.shell:Creating environment hook '/home/ibrahim/ros2_ws/install/mycobot_moveit_demos/share/mycobot_moveit_demos/hook/cmake_prefix_path.sh'
[5.900s] Level 1:colcon.colcon_core.environment:checking '/home/ibrahim/ros2_ws/install/mycobot_moveit_demos/lib'
[5.900s] Level 1:colcon.colcon_core.environment:checking '/home/ibrahim/ros2_ws/install/mycobot_moveit_demos/bin'
[5.900s] Level 1:colcon.colcon_core.environment:checking '/home/ibrahim/ros2_ws/install/mycobot_moveit_demos/lib/pkgconfig/mycobot_moveit_demos.pc'
[5.900s] Level 1:colcon.colcon_core.environment:checking '/home/ibrahim/ros2_ws/install/mycobot_moveit_demos/lib/python3.12/site-packages'
[5.901s] Level 1:colcon.colcon_core.environment:checking '/home/ibrahim/ros2_ws/install/mycobot_moveit_demos/bin'
[5.901s] INFO:colcon.colcon_core.shell:Creating package script '/home/ibrahim/ros2_ws/install/mycobot_moveit_demos/share/mycobot_moveit_demos/package.ps1'
[5.902s] INFO:colcon.colcon_core.shell:Creating package descriptor '/home/ibrahim/ros2_ws/install/mycobot_moveit_demos/share/mycobot_moveit_demos/package.dsv'
[5.903s] INFO:colcon.colcon_core.shell:Creating package script '/home/ibrahim/ros2_ws/install/mycobot_moveit_demos/share/mycobot_moveit_demos/package.sh'
[5.904s] INFO:colcon.colcon_core.shell:Creating package script '/home/ibrahim/ros2_ws/install/mycobot_moveit_demos/share/mycobot_moveit_demos/package.bash'
[5.904s] INFO:colcon.colcon_core.shell:Creating package script '/home/ibrahim/ros2_ws/install/mycobot_moveit_demos/share/mycobot_moveit_demos/package.zsh'
[5.906s] Level 1:colcon.colcon_core.environment:create_file_with_runtime_dependencies(/home/ibrahim/ros2_ws/install/mycobot_moveit_demos/share/colcon-core/packages/mycobot_moveit_demos)
[5.907s] Level 1:colcon.colcon_core.environment:create_environment_scripts_only(mycobot_moveit_demos)
[5.907s] Level 1:colcon.colcon_core.environment:checking '/home/ibrahim/ros2_ws/install/mycobot_moveit_demos' for CMake module files
[5.907s] Level 1:colcon.colcon_core.environment:checking '/home/ibrahim/ros2_ws/install/mycobot_moveit_demos' for CMake config files
[5.907s] Level 1:colcon.colcon_core.shell:create_environment_hook('mycobot_moveit_demos', 'cmake_prefix_path')
[5.908s] INFO:colcon.colcon_core.shell:Creating environment hook '/home/ibrahim/ros2_ws/install/mycobot_moveit_demos/share/mycobot_moveit_demos/hook/cmake_prefix_path.ps1'
[5.909s] INFO:colcon.colcon_core.shell:Creating environment descriptor '/home/ibrahim/ros2_ws/install/mycobot_moveit_demos/share/mycobot_moveit_demos/hook/cmake_prefix_path.dsv'
[5.911s] INFO:colcon.colcon_core.shell:Creating environment hook '/home/ibrahim/ros2_ws/install/mycobot_moveit_demos/share/mycobot_moveit_demos/hook/cmake_prefix_path.sh'
[5.912s] Level 1:colcon.colcon_core.environment:checking '/home/ibrahim/ros2_ws/install/mycobot_moveit_demos/lib'
[5.912s] Level 1:colcon.colcon_core.environment:checking '/home/ibrahim/ros2_ws/install/mycobot_moveit_demos/bin'
[5.912s] Level 1:colcon.colcon_core.environment:checking '/home/ibrahim/ros2_ws/install/mycobot_moveit_demos/lib/pkgconfig/mycobot_moveit_demos.pc'
[5.912s] Level 1:colcon.colcon_core.environment:checking '/home/ibrahim/ros2_ws/install/mycobot_moveit_demos/lib/python3.12/site-packages'
[5.913s] Level 1:colcon.colcon_core.environment:checking '/home/ibrahim/ros2_ws/install/mycobot_moveit_demos/bin'
[5.913s] INFO:colcon.colcon_core.shell:Creating package script '/home/ibrahim/ros2_ws/install/mycobot_moveit_demos/share/mycobot_moveit_demos/package.ps1'
[5.914s] INFO:colcon.colcon_core.shell:Creating package descriptor '/home/ibrahim/ros2_ws/install/mycobot_moveit_demos/share/mycobot_moveit_demos/package.dsv'
[5.915s] INFO:colcon.colcon_core.shell:Creating package script '/home/ibrahim/ros2_ws/install/mycobot_moveit_demos/share/mycobot_moveit_demos/package.sh'
[5.915s] INFO:colcon.colcon_core.shell:Creating package script '/home/ibrahim/ros2_ws/install/mycobot_moveit_demos/share/mycobot_moveit_demos/package.bash'
[5.916s] INFO:colcon.colcon_core.shell:Creating package script '/home/ibrahim/ros2_ws/install/mycobot_moveit_demos/share/mycobot_moveit_demos/package.zsh'
[5.917s] Level 1:colcon.colcon_core.environment:create_file_with_runtime_dependencies(/home/ibrahim/ros2_ws/install/mycobot_moveit_demos/share/colcon-core/packages/mycobot_moveit_demos)
[5.919s] INFO:colcon.colcon_ros.task.ament_cmake.build:Building ROS package in '/home/ibrahim/ros2_ws/src/mycobot_ros2/mycobot_ros2' with build type 'ament_cmake'
[5.919s] INFO:colcon.colcon_cmake.task.cmake.build:Building CMake package in '/home/ibrahim/ros2_ws/src/mycobot_ros2/mycobot_ros2'
[5.920s] INFO:colcon.colcon_core.shell:Skip shell extension 'powershell' for command environment: Not usable outside of PowerShell
[5.920s] DEBUG:colcon.colcon_core.shell:Skip shell extension 'dsv' for command environment
[6.168s] DEBUG:colcon.colcon_core.event_handler.log_command:Invoking command in '/home/ibrahim/ros2_ws/build/mycobot_ros2': CMAKE_PREFIX_PATH=/home/ibrahim/ros2_ws/install/mycobot_system_tests:/home/ibrahim/ros2_ws/install/mycobot_moveit_config:/home/ibrahim/ros2_ws/install/mycobot_gazebo:/home/ibrahim/ros2_ws/install/mycobot_description:/home/ibrahim/ros2_ws/install/mycobot_bringup:/home/ibrahim/ros2_ws/install/mycobot_ros2:/home/ibrahim/ros2_ws/install/mycobot_mtc_pick_place_demo:/home/ibrahim/ros2_ws/install/mycobot_mtc_demos:/home/ibrahim/ros2_ws/install/mycobot_moveit_demos:/home/ibrahim/ros2_ws/install/mycobot_interfaces:/opt/ros/jazzy/opt/gz_sim_vendor:/opt/ros/jazzy/opt/gz_sensors_vendor:/opt/ros/jazzy/opt/gz_physics_vendor:/opt/ros/jazzy/opt/sdformat_vendor:/opt/ros/jazzy/opt/gz_gui_vendor:/opt/ros/jazzy/opt/gz_transport_vendor:/opt/ros/jazzy/opt/gz_rendering_vendor:/opt/ros/jazzy/opt/gz_plugin_vendor:/opt/ros/jazzy/opt/gz_fuel_tools_vendor:/opt/ros/jazzy/opt/gz_msgs_vendor:/opt/ros/jazzy/opt/gz_common_vendor:/opt/ros/jazzy/opt/gz_math_vendor:/opt/ros/jazzy/opt/gz_utils_vendor:/opt/ros/jazzy/opt/gz_tools_vendor:/opt/ros/jazzy/opt/gz_ogre_next_vendor:/opt/ros/jazzy/opt/gz_dartsim_vendor:/opt/ros/jazzy/opt/gz_cmake_vendor:/home/ibrahim/ros2_ws/install/arm_serial_bridge:/opt/ros/jazzy DEBUGINFOD_URLS=https://debuginfod.ubuntu.com PS1=\[\e]0;\u@\h: \w\a\]${debian_chroot:+($debian_chroot)}\[\033[01;32m\]\u@\h\[\033[00m\]:\[\033[01;34m\]\w\[\033[00m\]\$ /usr/bin/cmake --build /home/ibrahim/ros2_ws/build/mycobot_ros2 -- -j4 -l4
[6.267s] DEBUG:colcon.colcon_core.event_handler.log_command:Invoked command in '/home/ibrahim/ros2_ws/build/mycobot_ros2' returned '0': CMAKE_PREFIX_PATH=/home/ibrahim/ros2_ws/install/mycobot_system_tests:/home/ibrahim/ros2_ws/install/mycobot_moveit_config:/home/ibrahim/ros2_ws/install/mycobot_gazebo:/home/ibrahim/ros2_ws/install/mycobot_description:/home/ibrahim/ros2_ws/install/mycobot_bringup:/home/ibrahim/ros2_ws/install/mycobot_ros2:/home/ibrahim/ros2_ws/install/mycobot_mtc_pick_place_demo:/home/ibrahim/ros2_ws/install/mycobot_mtc_demos:/home/ibrahim/ros2_ws/install/mycobot_moveit_demos:/home/ibrahim/ros2_ws/install/mycobot_interfaces:/opt/ros/jazzy/opt/gz_sim_vendor:/opt/ros/jazzy/opt/gz_sensors_vendor:/opt/ros/jazzy/opt/gz_physics_vendor:/opt/ros/jazzy/opt/sdformat_vendor:/opt/ros/jazzy/opt/gz_gui_vendor:/opt/ros/jazzy/opt/gz_transport_vendor:/opt/ros/jazzy/opt/gz_rendering_vendor:/opt/ros/jazzy/opt/gz_plugin_vendor:/opt/ros/jazzy/opt/gz_fuel_tools_vendor:/opt/ros/jazzy/opt/gz_msgs_vendor:/opt/ros/jazzy/opt/gz_common_vendor:/opt/ros/jazzy/opt/gz_math_vendor:/opt/ros/jazzy/opt/gz_utils_vendor:/opt/ros/jazzy/opt/gz_tools_vendor:/opt/ros/jazzy/opt/gz_ogre_next_vendor:/opt/ros/jazzy/opt/gz_dartsim_vendor:/opt/ros/jazzy/opt/gz_cmake_vendor:/home/ibrahim/ros2_ws/install/arm_serial_bridge:/opt/ros/jazzy DEBUGINFOD_URLS=https://debuginfod.ubuntu.com PS1=\[\e]0;\u@\h: \w\a\]${debian_chroot:+($debian_chroot)}\[\033[01;32m\]\u@\h\[\033[00m\]:\[\033[01;34m\]\w\[\033[00m\]\$ /usr/bin/cmake --build /home/ibrahim/ros2_ws/build/mycobot_ros2 -- -j4 -l4
[6.270s] DEBUG:colcon.colcon_core.event_handler.log_command:Invoking command in '/home/ibrahim/ros2_ws/build/mycobot_ros2': CMAKE_PREFIX_PATH=/home/ibrahim/ros2_ws/install/mycobot_system_tests:/home/ibrahim/ros2_ws/install/mycobot_moveit_config:/home/ibrahim/ros2_ws/install/mycobot_gazebo:/home/ibrahim/ros2_ws/install/mycobot_description:/home/ibrahim/ros2_ws/install/mycobot_bringup:/home/ibrahim/ros2_ws/install/mycobot_ros2:/home/ibrahim/ros2_ws/install/mycobot_mtc_pick_place_demo:/home/ibrahim/ros2_ws/install/mycobot_mtc_demos:/home/ibrahim/ros2_ws/install/mycobot_moveit_demos:/home/ibrahim/ros2_ws/install/mycobot_interfaces:/opt/ros/jazzy/opt/gz_sim_vendor:/opt/ros/jazzy/opt/gz_sensors_vendor:/opt/ros/jazzy/opt/gz_physics_vendor:/opt/ros/jazzy/opt/sdformat_vendor:/opt/ros/jazzy/opt/gz_gui_vendor:/opt/ros/jazzy/opt/gz_transport_vendor:/opt/ros/jazzy/opt/gz_rendering_vendor:/opt/ros/jazzy/opt/gz_plugin_vendor:/opt/ros/jazzy/opt/gz_fuel_tools_vendor:/opt/ros/jazzy/opt/gz_msgs_vendor:/opt/ros/jazzy/opt/gz_common_vendor:/opt/ros/jazzy/opt/gz_math_vendor:/opt/ros/jazzy/opt/gz_utils_vendor:/opt/ros/jazzy/opt/gz_tools_vendor:/opt/ros/jazzy/opt/gz_ogre_next_vendor:/opt/ros/jazzy/opt/gz_dartsim_vendor:/opt/ros/jazzy/opt/gz_cmake_vendor:/home/ibrahim/ros2_ws/install/arm_serial_bridge:/opt/ros/jazzy DEBUGINFOD_URLS=https://debuginfod.ubuntu.com PS1=\[\e]0;\u@\h: \w\a\]${debian_chroot:+($debian_chroot)}\[\033[01;32m\]\u@\h\[\033[00m\]:\[\033[01;34m\]\w\[\033[00m\]\$ /usr/bin/cmake --install /home/ibrahim/ros2_ws/build/mycobot_ros2
[6.293s] Level 1:colcon.colcon_core.environment:create_environment_scripts_only(mycobot_ros2)
[6.293s] Level 1:colcon.colcon_core.environment:checking '/home/ibrahim/ros2_ws/install/mycobot_ros2' for CMake module files
[6.294s] Level 1:colcon.colcon_core.environment:checking '/home/ibrahim/ros2_ws/install/mycobot_ros2' for CMake config files
[6.294s] Level 1:colcon.colcon_core.shell:create_environment_hook('mycobot_ros2', 'cmake_prefix_path')
[6.294s] INFO:colcon.colcon_core.shell:Creating environment hook '/home/ibrahim/ros2_ws/install/mycobot_ros2/share/mycobot_ros2/hook/cmake_prefix_path.ps1'
[6.295s] DEBUG:colcon.colcon_core.event_handler.log_command:Invoked command in '/home/ibrahim/ros2_ws/build/mycobot_ros2' returned '0': CMAKE_PREFIX_PATH=/home/ibrahim/ros2_ws/install/mycobot_system_tests:/home/ibrahim/ros2_ws/install/mycobot_moveit_config:/home/ibrahim/ros2_ws/install/mycobot_gazebo:/home/ibrahim/ros2_ws/install/mycobot_description:/home/ibrahim/ros2_ws/install/mycobot_bringup:/home/ibrahim/ros2_ws/install/mycobot_ros2:/home/ibrahim/ros2_ws/install/mycobot_mtc_pick_place_demo:/home/ibrahim/ros2_ws/install/mycobot_mtc_demos:/home/ibrahim/ros2_ws/install/mycobot_moveit_demos:/home/ibrahim/ros2_ws/install/mycobot_interfaces:/opt/ros/jazzy/opt/gz_sim_vendor:/opt/ros/jazzy/opt/gz_sensors_vendor:/opt/ros/jazzy/opt/gz_physics_vendor:/opt/ros/jazzy/opt/sdformat_vendor:/opt/ros/jazzy/opt/gz_gui_vendor:/opt/ros/jazzy/opt/gz_transport_vendor:/opt/ros/jazzy/opt/gz_rendering_vendor:/opt/ros/jazzy/opt/gz_plugin_vendor:/opt/ros/jazzy/opt/gz_fuel_tools_vendor:/opt/ros/jazzy/opt/gz_msgs_vendor:/opt/ros/jazzy/opt/gz_common_vendor:/opt/ros/jazzy/opt/gz_math_vendor:/opt/ros/jazzy/opt/gz_utils_vendor:/opt/ros/jazzy/opt/gz_tools_vendor:/opt/ros/jazzy/opt/gz_ogre_next_vendor:/opt/ros/jazzy/opt/gz_dartsim_vendor:/opt/ros/jazzy/opt/gz_cmake_vendor:/home/ibrahim/ros2_ws/install/arm_serial_bridge:/opt/ros/jazzy DEBUGINFOD_URLS=https://debuginfod.ubuntu.com PS1=\[\e]0;\u@\h: \w\a\]${debian_chroot:+($debian_chroot)}\[\033[01;32m\]\u@\h\[\033[00m\]:\[\033[01;34m\]\w\[\033[00m\]\$ /usr/bin/cmake --install /home/ibrahim/ros2_ws/build/mycobot_ros2
[6.296s] INFO:colcon.colcon_core.shell:Creating environment descriptor '/home/ibrahim/ros2_ws/install/mycobot_ros2/share/mycobot_ros2/hook/cmake_prefix_path.dsv'
[6.297s] INFO:colcon.colcon_core.shell:Creating environment hook '/home/ibrahim/ros2_ws/install/mycobot_ros2/share/mycobot_ros2/hook/cmake_prefix_path.sh'
[6.298s] Level 1:colcon.colcon_core.environment:checking '/home/ibrahim/ros2_ws/install/mycobot_ros2/bin'
[6.298s] Level 1:colcon.colcon_core.environment:checking '/home/ibrahim/ros2_ws/install/mycobot_ros2/lib/pkgconfig/mycobot_ros2.pc'
[6.298s] Level 1:colcon.colcon_core.environment:checking '/home/ibrahim/ros2_ws/install/mycobot_ros2/lib/python3.12/site-packages'
[6.299s] Level 1:colcon.colcon_core.environment:checking '/home/ibrahim/ros2_ws/install/mycobot_ros2/bin'
[6.301s] INFO:colcon.colcon_core.shell:Creating package script '/home/ibrahim/ros2_ws/install/mycobot_ros2/share/mycobot_ros2/package.ps1'
[6.303s] INFO:colcon.colcon_core.shell:Creating package descriptor '/home/ibrahim/ros2_ws/install/mycobot_ros2/share/mycobot_ros2/package.dsv'
[6.303s] INFO:colcon.colcon_core.shell:Creating package script '/home/ibrahim/ros2_ws/install/mycobot_ros2/share/mycobot_ros2/package.sh'
[6.304s] INFO:colcon.colcon_core.shell:Creating package script '/home/ibrahim/ros2_ws/install/mycobot_ros2/share/mycobot_ros2/package.bash'
[6.305s] INFO:colcon.colcon_core.shell:Creating package script '/home/ibrahim/ros2_ws/install/mycobot_ros2/share/mycobot_ros2/package.zsh'
[6.306s] Level 1:colcon.colcon_core.environment:create_file_with_runtime_dependencies(/home/ibrahim/ros2_ws/install/mycobot_ros2/share/colcon-core/packages/mycobot_ros2)
[6.307s] Level 1:colcon.colcon_core.environment:create_environment_scripts_only(mycobot_ros2)
[6.307s] Level 1:colcon.colcon_core.environment:checking '/home/ibrahim/ros2_ws/install/mycobot_ros2' for CMake module files
[6.308s] Level 1:colcon.colcon_core.environment:checking '/home/ibrahim/ros2_ws/install/mycobot_ros2' for CMake config files
[6.308s] Level 1:colcon.colcon_core.shell:create_environment_hook('mycobot_ros2', 'cmake_prefix_path')
[6.308s] INFO:colcon.colcon_core.shell:Creating environment hook '/home/ibrahim/ros2_ws/install/mycobot_ros2/share/mycobot_ros2/hook/cmake_prefix_path.ps1'
[6.309s] INFO:colcon.colcon_core.shell:Creating environment descriptor '/home/ibrahim/ros2_ws/install/mycobot_ros2/share/mycobot_ros2/hook/cmake_prefix_path.dsv'
[6.312s] INFO:colcon.colcon_core.shell:Creating environment hook '/home/ibrahim/ros2_ws/install/mycobot_ros2/share/mycobot_ros2/hook/cmake_prefix_path.sh'
[6.314s] Level 1:colcon.colcon_core.environment:checking '/home/ibrahim/ros2_ws/install/mycobot_ros2/bin'
[6.314s] Level 1:colcon.colcon_core.environment:checking '/home/ibrahim/ros2_ws/install/mycobot_ros2/lib/pkgconfig/mycobot_ros2.pc'
[6.314s] Level 1:colcon.colcon_core.environment:checking '/home/ibrahim/ros2_ws/install/mycobot_ros2/lib/python3.12/site-packages'
[6.316s] Level 1:colcon.colcon_core.environment:checking '/home/ibrahim/ros2_ws/install/mycobot_ros2/bin'
[6.316s] INFO:colcon.colcon_core.shell:Creating package script '/home/ibrahim/ros2_ws/install/mycobot_ros2/share/mycobot_ros2/package.ps1'
[6.319s] INFO:colcon.colcon_core.shell:Creating package descriptor '/home/ibrahim/ros2_ws/install/mycobot_ros2/share/mycobot_ros2/package.dsv'
[6.320s] INFO:colcon.colcon_core.shell:Creating package script '/home/ibrahim/ros2_ws/install/mycobot_ros2/share/mycobot_ros2/package.sh'
[6.322s] INFO:colcon.colcon_core.shell:Creating package script '/home/ibrahim/ros2_ws/install/mycobot_ros2/share/mycobot_ros2/package.bash'
[6.323s] INFO:colcon.colcon_core.shell:Creating package script '/home/ibrahim/ros2_ws/install/mycobot_ros2/share/mycobot_ros2/package.zsh'
[6.324s] Level 1:colcon.colcon_core.environment:create_file_with_runtime_dependencies(/home/ibrahim/ros2_ws/install/mycobot_ros2/share/colcon-core/packages/mycobot_ros2)
[6.736s] DEBUG:colcon.colcon_core.event_handler.log_command:Invoked command in '/home/ibrahim/ros2_ws/build/mycobot_interfaces' returned '0': CMAKE_PREFIX_PATH=${CMAKE_PREFIX_PATH}:/home/ibrahim/ros2_ws/install/arm_serial_bridge:/opt/ros/jazzy DEBUGINFOD_URLS=https://debuginfod.ubuntu.com PS1=\[\e]0;\u@\h: \w\a\]${debian_chroot:+($debian_chroot)}\[\033[01;32m\]\u@\h\[\033[00m\]:\[\033[01;34m\]\w\[\033[00m\]\$ /usr/bin/cmake --build /home/ibrahim/ros2_ws/build/mycobot_interfaces -- -j4 -l4
[6.742s] DEBUG:colcon.colcon_core.event_handler.log_command:Invoking command in '/home/ibrahim/ros2_ws/build/mycobot_interfaces': CMAKE_PREFIX_PATH=${CMAKE_PREFIX_PATH}:/home/ibrahim/ros2_ws/install/arm_serial_bridge:/opt/ros/jazzy DEBUGINFOD_URLS=https://debuginfod.ubuntu.com PS1=\[\e]0;\u@\h: \w\a\]${debian_chroot:+($debian_chroot)}\[\033[01;32m\]\u@\h\[\033[00m\]:\[\033[01;34m\]\w\[\033[00m\]\$ /usr/bin/cmake --install /home/ibrahim/ros2_ws/build/mycobot_interfaces
[7.118s] Level 1:colcon.colcon_core.environment:create_environment_scripts_only(mycobot_interfaces)
[7.118s] DEBUG:colcon.colcon_core.event_handler.log_command:Invoked command in '/home/ibrahim/ros2_ws/build/mycobot_interfaces' returned '0': CMAKE_PREFIX_PATH=${CMAKE_PREFIX_PATH}:/home/ibrahim/ros2_ws/install/arm_serial_bridge:/opt/ros/jazzy DEBUGINFOD_URLS=https://debuginfod.ubuntu.com PS1=\[\e]0;\u@\h: \w\a\]${debian_chroot:+($debian_chroot)}\[\033[01;32m\]\u@\h\[\033[00m\]:\[\033[01;34m\]\w\[\033[00m\]\$ /usr/bin/cmake --install /home/ibrahim/ros2_ws/build/mycobot_interfaces
[7.119s] Level 1:colcon.colcon_core.environment:checking '/home/ibrahim/ros2_ws/install/mycobot_interfaces' for CMake module files
[7.120s] Level 1:colcon.colcon_core.environment:checking '/home/ibrahim/ros2_ws/install/mycobot_interfaces' for CMake config files
[7.120s] Level 1:colcon.colcon_core.shell:create_environment_hook('mycobot_interfaces', 'cmake_prefix_path')
[7.121s] INFO:colcon.colcon_core.shell:Creating environment hook '/home/ibrahim/ros2_ws/install/mycobot_interfaces/share/mycobot_interfaces/hook/cmake_prefix_path.ps1'
[7.121s] INFO:colcon.colcon_core.shell:Creating environment descriptor '/home/ibrahim/ros2_ws/install/mycobot_interfaces/share/mycobot_interfaces/hook/cmake_prefix_path.dsv'
[7.122s] INFO:colcon.colcon_core.shell:Creating environment hook '/home/ibrahim/ros2_ws/install/mycobot_interfaces/share/mycobot_interfaces/hook/cmake_prefix_path.sh'
[7.123s] Level 1:colcon.colcon_core.environment:checking '/home/ibrahim/ros2_ws/install/mycobot_interfaces/lib'
[7.123s] Level 1:colcon.colcon_core.shell:create_environment_hook('mycobot_interfaces', 'ld_library_path_lib')
[7.123s] INFO:colcon.colcon_core.shell:Creating environment hook '/home/ibrahim/ros2_ws/install/mycobot_interfaces/share/mycobot_interfaces/hook/ld_library_path_lib.ps1'
[7.124s] INFO:colcon.colcon_core.shell:Creating environment descriptor '/home/ibrahim/ros2_ws/install/mycobot_interfaces/share/mycobot_interfaces/hook/ld_library_path_lib.dsv'
[7.125s] INFO:colcon.colcon_core.shell:Creating environment hook '/home/ibrahim/ros2_ws/install/mycobot_interfaces/share/mycobot_interfaces/hook/ld_library_path_lib.sh'
[7.125s] Level 1:colcon.colcon_core.environment:checking '/home/ibrahim/ros2_ws/install/mycobot_interfaces/bin'
[7.125s] Level 1:colcon.colcon_core.environment:checking '/home/ibrahim/ros2_ws/install/mycobot_interfaces/lib/pkgconfig/mycobot_interfaces.pc'
[7.126s] Level 1:colcon.colcon_core.environment:checking '/home/ibrahim/ros2_ws/install/mycobot_interfaces/lib/python3.12/site-packages'
[7.126s] Level 1:colcon.colcon_core.shell:create_environment_hook('mycobot_interfaces', 'pythonpath')
[7.126s] INFO:colcon.colcon_core.shell:Creating environment hook '/home/ibrahim/ros2_ws/install/mycobot_interfaces/share/mycobot_interfaces/hook/pythonpath.ps1'
[7.127s] INFO:colcon.colcon_core.shell:Creating environment descriptor '/home/ibrahim/ros2_ws/install/mycobot_interfaces/share/mycobot_interfaces/hook/pythonpath.dsv'
[7.127s] INFO:colcon.colcon_core.shell:Creating environment hook '/home/ibrahim/ros2_ws/install/mycobot_interfaces/share/mycobot_interfaces/hook/pythonpath.sh'
[7.128s] Level 1:colcon.colcon_core.environment:checking '/home/ibrahim/ros2_ws/install/mycobot_interfaces/bin'
[7.129s] INFO:colcon.colcon_core.shell:Creating package script '/home/ibrahim/ros2_ws/install/mycobot_interfaces/share/mycobot_interfaces/package.ps1'
[7.130s] INFO:colcon.colcon_core.shell:Creating package descriptor '/home/ibrahim/ros2_ws/install/mycobot_interfaces/share/mycobot_interfaces/package.dsv'
[7.131s] INFO:colcon.colcon_core.shell:Creating package script '/home/ibrahim/ros2_ws/install/mycobot_interfaces/share/mycobot_interfaces/package.sh'
[7.132s] INFO:colcon.colcon_core.shell:Creating package script '/home/ibrahim/ros2_ws/install/mycobot_interfaces/share/mycobot_interfaces/package.bash'
[7.133s] INFO:colcon.colcon_core.shell:Creating package script '/home/ibrahim/ros2_ws/install/mycobot_interfaces/share/mycobot_interfaces/package.zsh'
[7.134s] Level 1:colcon.colcon_core.environment:create_file_with_runtime_dependencies(/home/ibrahim/ros2_ws/install/mycobot_interfaces/share/colcon-core/packages/mycobot_interfaces)
[7.135s] Level 1:colcon.colcon_core.environment:create_environment_scripts_only(mycobot_interfaces)
[7.135s] Level 1:colcon.colcon_core.environment:checking '/home/ibrahim/ros2_ws/install/mycobot_interfaces' for CMake module files
[7.136s] Level 1:colcon.colcon_core.environment:checking '/home/ibrahim/ros2_ws/install/mycobot_interfaces' for CMake config files
[7.136s] Level 1:colcon.colcon_core.shell:create_environment_hook('mycobot_interfaces', 'cmake_prefix_path')
[7.136s] INFO:colcon.colcon_core.shell:Creating environment hook '/home/ibrahim/ros2_ws/install/mycobot_interfaces/share/mycobot_interfaces/hook/cmake_prefix_path.ps1'
[7.137s] INFO:colcon.colcon_core.shell:Creating environment descriptor '/home/ibrahim/ros2_ws/install/mycobot_interfaces/share/mycobot_interfaces/hook/cmake_prefix_path.dsv'
[7.138s] INFO:colcon.colcon_core.shell:Creating environment hook '/home/ibrahim/ros2_ws/install/mycobot_interfaces/share/mycobot_interfaces/hook/cmake_prefix_path.sh'
[7.139s] Level 1:colcon.colcon_core.environment:checking '/home/ibrahim/ros2_ws/install/mycobot_interfaces/lib'
[7.139s] Level 1:colcon.colcon_core.shell:create_environment_hook('mycobot_interfaces', 'ld_library_path_lib')
[7.139s] INFO:colcon.colcon_core.shell:Creating environment hook '/home/ibrahim/ros2_ws/install/mycobot_interfaces/share/mycobot_interfaces/hook/ld_library_path_lib.ps1'
[7.140s] INFO:colcon.colcon_core.shell:Creating environment descriptor '/home/ibrahim/ros2_ws/install/mycobot_interfaces/share/mycobot_interfaces/hook/ld_library_path_lib.dsv'
[7.141s] INFO:colcon.colcon_core.shell:Creating environment hook '/home/ibrahim/ros2_ws/install/mycobot_interfaces/share/mycobot_interfaces/hook/ld_library_path_lib.sh'
[7.142s] Level 1:colcon.colcon_core.environment:checking '/home/ibrahim/ros2_ws/install/mycobot_interfaces/bin'
[7.142s] Level 1:colcon.colcon_core.environment:checking '/home/ibrahim/ros2_ws/install/mycobot_interfaces/lib/pkgconfig/mycobot_interfaces.pc'
[7.142s] Level 1:colcon.colcon_core.environment:checking '/home/ibrahim/ros2_ws/install/mycobot_interfaces/lib/python3.12/site-packages'
[7.142s] Level 1:colcon.colcon_core.shell:create_environment_hook('mycobot_interfaces', 'pythonpath')
[7.142s] INFO:colcon.colcon_core.shell:Creating environment hook '/home/ibrahim/ros2_ws/install/mycobot_interfaces/share/mycobot_interfaces/hook/pythonpath.ps1'
[7.143s] INFO:colcon.colcon_core.shell:Creating environment descriptor '/home/ibrahim/ros2_ws/install/mycobot_interfaces/share/mycobot_interfaces/hook/pythonpath.dsv'
[7.144s] INFO:colcon.colcon_core.shell:Creating environment hook '/home/ibrahim/ros2_ws/install/mycobot_interfaces/share/mycobot_interfaces/hook/pythonpath.sh'
[7.145s] Level 1:colcon.colcon_core.environment:checking '/home/ibrahim/ros2_ws/install/mycobot_interfaces/bin'
[7.145s] INFO:colcon.colcon_core.shell:Creating package script '/home/ibrahim/ros2_ws/install/mycobot_interfaces/share/mycobot_interfaces/package.ps1'
[7.146s] INFO:colcon.colcon_core.shell:Creating package descriptor '/home/ibrahim/ros2_ws/install/mycobot_interfaces/share/mycobot_interfaces/package.dsv'
[7.147s] INFO:colcon.colcon_core.shell:Creating package script '/home/ibrahim/ros2_ws/install/mycobot_interfaces/share/mycobot_interfaces/package.sh'
[7.148s] INFO:colcon.colcon_core.shell:Creating package script '/home/ibrahim/ros2_ws/install/mycobot_interfaces/share/mycobot_interfaces/package.bash'
[7.149s] INFO:colcon.colcon_core.shell:Creating package script '/home/ibrahim/ros2_ws/install/mycobot_interfaces/share/mycobot_interfaces/package.zsh'
[7.150s] Level 1:colcon.colcon_core.environment:create_file_with_runtime_dependencies(/home/ibrahim/ros2_ws/install/mycobot_interfaces/share/colcon-core/packages/mycobot_interfaces)
[7.150s] INFO:colcon.colcon_ros.task.ament_cmake.build:Building ROS package in '/home/ibrahim/ros2_ws/src/mycobot_ros2/mycobot_mtc_pick_place_demo' with build type 'ament_cmake'
[7.151s] INFO:colcon.colcon_cmake.task.cmake.build:Building CMake package in '/home/ibrahim/ros2_ws/src/mycobot_ros2/mycobot_mtc_pick_place_demo'
[7.151s] INFO:colcon.colcon_core.shell:Skip shell extension 'powershell' for command environment: Not usable outside of PowerShell
[7.151s] DEBUG:colcon.colcon_core.shell:Skip shell extension 'dsv' for command environment
[7.281s] DEBUG:colcon.colcon_core.event_handler.log_command:Invoking command in '/home/ibrahim/ros2_ws/build/mycobot_mtc_pick_place_demo': CMAKE_PREFIX_PATH=/home/ibrahim/ros2_ws/install/mycobot_interfaces:/home/ibrahim/ros2_ws/install/mycobot_ros2:/home/ibrahim/ros2_ws/install/mycobot_system_tests:/home/ibrahim/ros2_ws/install/mycobot_mtc_pick_place_demo:/home/ibrahim/ros2_ws/install/mycobot_mtc_demos:/home/ibrahim/ros2_ws/install/mycobot_moveit_demos:/home/ibrahim/ros2_ws/install/mycobot_moveit_config:/home/ibrahim/ros2_ws/install/mycobot_gazebo:/home/ibrahim/ros2_ws/install/mycobot_description:/home/ibrahim/ros2_ws/install/mycobot_bringup:/opt/ros/jazzy/opt/gz_sim_vendor:/opt/ros/jazzy/opt/gz_sensors_vendor:/opt/ros/jazzy/opt/gz_physics_vendor:/opt/ros/jazzy/opt/sdformat_vendor:/opt/ros/jazzy/opt/gz_gui_vendor:/opt/ros/jazzy/opt/gz_transport_vendor:/opt/ros/jazzy/opt/gz_rendering_vendor:/opt/ros/jazzy/opt/gz_plugin_vendor:/opt/ros/jazzy/opt/gz_fuel_tools_vendor:/opt/ros/jazzy/opt/gz_msgs_vendor:/opt/ros/jazzy/opt/gz_common_vendor:/opt/ros/jazzy/opt/gz_math_vendor:/opt/ros/jazzy/opt/gz_utils_vendor:/opt/ros/jazzy/opt/gz_tools_vendor:/opt/ros/jazzy/opt/gz_ogre_next_vendor:/opt/ros/jazzy/opt/gz_dartsim_vendor:/opt/ros/jazzy/opt/gz_cmake_vendor:/home/ibrahim/ros2_ws/install/arm_serial_bridge:/opt/ros/jazzy DEBUGINFOD_URLS=https://debuginfod.ubuntu.com LD_LIBRARY_PATH=/home/ibrahim/ros2_ws/install/mycobot_interfaces/lib:/home/ibrahim/ros2_ws/install/mycobot_mtc_pick_place_demo/lib:/opt/ros/jazzy/opt/gz_sim_vendor/lib:/opt/ros/jazzy/opt/gz_sensors_vendor/lib:/opt/ros/jazzy/opt/gz_physics_vendor/lib:/opt/ros/jazzy/opt/sdformat_vendor/lib:/opt/ros/jazzy/opt/rviz_ogre_vendor/lib:/opt/ros/jazzy/lib/x86_64-linux-gnu:/opt/ros/jazzy/opt/gz_gui_vendor/lib:/opt/ros/jazzy/opt/gz_transport_vendor/lib:/opt/ros/jazzy/opt/gz_rendering_vendor/lib:/opt/ros/jazzy/opt/gz_plugin_vendor/lib:/opt/ros/jazzy/opt/gz_fuel_tools_vendor/lib:/opt/ros/jazzy/opt/gz_msgs_vendor/lib:/opt/ros/jazzy/opt/gz_common_vendor/lib:/opt/ros/jazzy/opt/gz_math_vendor/lib:/opt/ros/jazzy/opt/gz_utils_vendor/lib:/opt/ros/jazzy/opt/gz_tools_vendor/lib:/opt/ros/jazzy/opt/gz_ogre_next_vendor/lib:/opt/ros/jazzy/opt/gz_dartsim_vendor/lib:/opt/ros/jazzy/opt/gz_cmake_vendor/lib:/opt/ros/jazzy/lib PS1=\[\e]0;\u@\h: \w\a\]${debian_chroot:+($debian_chroot)}\[\033[01;32m\]\u@\h\[\033[00m\]:\[\033[01;34m\]\w\[\033[00m\]\$ /usr/bin/cmake --build /home/ibrahim/ros2_ws/build/mycobot_mtc_pick_place_demo -- -j4 -l4
[9.157s] DEBUG:colcon.colcon_core.event_handler.log_command:Invoking command in '/home/ibrahim/ros2_ws/src/arm_serial_bridge': DEBUGINFOD_URLS=https://debuginfod.ubuntu.com PS1=\[\e]0;\u@\h: \w\a\]${debian_chroot:+($debian_chroot)}\[\033[01;32m\]\u@\h\[\033[00m\]:\[\033[01;34m\]\w\[\033[00m\]\$ PYTHONPATH=/home/ibrahim/ros2_ws/build/arm_serial_bridge/prefix_override:/usr/lib/python3/dist-packages/colcon_core/task/python/colcon_distutils_commands:/home/ibrahim/ros2_ws/install/arm_serial_bridge/lib/python3.12/site-packages:${PYTHONPATH} /usr/bin/python3 -W ignore:setup.py install is deprecated -W ignore:easy_install command is deprecated setup.py egg_info --egg-base ../../build/arm_serial_bridge build --build-base /home/ibrahim/ros2_ws/build/arm_serial_bridge/build install --record /home/ibrahim/ros2_ws/build/arm_serial_bridge/install.log --single-version-externally-managed
[9.845s] Level 1:colcon.colcon_core.environment:checking '/home/ibrahim/ros2_ws/install/arm_serial_bridge' for CMake module files
[9.846s] DEBUG:colcon.colcon_core.event_handler.log_command:Invoked command in '/home/ibrahim/ros2_ws/src/arm_serial_bridge' returned '0': DEBUGINFOD_URLS=https://debuginfod.ubuntu.com PS1=\[\e]0;\u@\h: \w\a\]${debian_chroot:+($debian_chroot)}\[\033[01;32m\]\u@\h\[\033[00m\]:\[\033[01;34m\]\w\[\033[00m\]\$ PYTHONPATH=/home/ibrahim/ros2_ws/build/arm_serial_bridge/prefix_override:/usr/lib/python3/dist-packages/colcon_core/task/python/colcon_distutils_commands:/home/ibrahim/ros2_ws/install/arm_serial_bridge/lib/python3.12/site-packages:${PYTHONPATH} /usr/bin/python3 -W ignore:setup.py install is deprecated -W ignore:easy_install command is deprecated setup.py egg_info --egg-base ../../build/arm_serial_bridge build --build-base /home/ibrahim/ros2_ws/build/arm_serial_bridge/build install --record /home/ibrahim/ros2_ws/build/arm_serial_bridge/install.log --single-version-externally-managed
[9.847s] Level 1:colcon.colcon_core.environment:checking '/home/ibrahim/ros2_ws/install/arm_serial_bridge' for CMake config files
[9.912s] Level 1:colcon.colcon_core.environment:checking '/home/ibrahim/ros2_ws/install/arm_serial_bridge/lib'
[9.912s] Level 1:colcon.colcon_core.environment:checking '/home/ibrahim/ros2_ws/install/arm_serial_bridge/bin'
[9.912s] Level 1:colcon.colcon_core.environment:checking '/home/ibrahim/ros2_ws/install/arm_serial_bridge/lib/pkgconfig/arm_serial_bridge.pc'
[9.913s] Level 1:colcon.colcon_core.environment:checking '/home/ibrahim/ros2_ws/install/arm_serial_bridge/lib/python3.12/site-packages'
[9.913s] Level 1:colcon.colcon_core.shell:create_environment_hook('arm_serial_bridge', 'pythonpath')
[9.914s] INFO:colcon.colcon_core.shell:Creating environment hook '/home/ibrahim/ros2_ws/install/arm_serial_bridge/share/arm_serial_bridge/hook/pythonpath.ps1'
[9.915s] INFO:colcon.colcon_core.shell:Creating environment descriptor '/home/ibrahim/ros2_ws/install/arm_serial_bridge/share/arm_serial_bridge/hook/pythonpath.dsv'
[9.916s] INFO:colcon.colcon_core.shell:Creating environment hook '/home/ibrahim/ros2_ws/install/arm_serial_bridge/share/arm_serial_bridge/hook/pythonpath.sh'
[9.918s] Level 1:colcon.colcon_core.environment:checking '/home/ibrahim/ros2_ws/install/arm_serial_bridge/bin'
[9.918s] Level 1:colcon.colcon_core.environment:create_environment_scripts_only(arm_serial_bridge)
[9.918s] INFO:colcon.colcon_core.shell:Creating package script '/home/ibrahim/ros2_ws/install/arm_serial_bridge/share/arm_serial_bridge/package.ps1'
[9.920s] INFO:colcon.colcon_core.shell:Creating package descriptor '/home/ibrahim/ros2_ws/install/arm_serial_bridge/share/arm_serial_bridge/package.dsv'
[9.921s] INFO:colcon.colcon_core.shell:Creating package script '/home/ibrahim/ros2_ws/install/arm_serial_bridge/share/arm_serial_bridge/package.sh'
[9.922s] INFO:colcon.colcon_core.shell:Creating package script '/home/ibrahim/ros2_ws/install/arm_serial_bridge/share/arm_serial_bridge/package.bash'
[9.923s] INFO:colcon.colcon_core.shell:Creating package script '/home/ibrahim/ros2_ws/install/arm_serial_bridge/share/arm_serial_bridge/package.zsh'
[9.926s] Level 1:colcon.colcon_core.environment:create_file_with_runtime_dependencies(/home/ibrahim/ros2_ws/install/arm_serial_bridge/share/colcon-core/packages/arm_serial_bridge)
[20.149s] DEBUG:colcon.colcon_core.event_handler.log_command:Invoked command in '/home/ibrahim/ros2_ws/build/mycobot_mtc_demos' returned '0': CMAKE_PREFIX_PATH=${CMAKE_PREFIX_PATH}:/home/ibrahim/ros2_ws/install/arm_serial_bridge:/opt/ros/jazzy DEBUGINFOD_URLS=https://debuginfod.ubuntu.com PS1=\[\e]0;\u@\h: \w\a\]${debian_chroot:+($debian_chroot)}\[\033[01;32m\]\u@\h\[\033[00m\]:\[\033[01;34m\]\w\[\033[00m\]\$ /usr/bin/cmake --build /home/ibrahim/ros2_ws/build/mycobot_mtc_demos -- -j4 -l4
[20.161s] DEBUG:colcon.colcon_core.event_handler.log_command:Invoking command in '/home/ibrahim/ros2_ws/build/mycobot_mtc_demos': CMAKE_PREFIX_PATH=${CMAKE_PREFIX_PATH}:/home/ibrahim/ros2_ws/install/arm_serial_bridge:/opt/ros/jazzy DEBUGINFOD_URLS=https://debuginfod.ubuntu.com PS1=\[\e]0;\u@\h: \w\a\]${debian_chroot:+($debian_chroot)}\[\033[01;32m\]\u@\h\[\033[00m\]:\[\033[01;34m\]\w\[\033[00m\]\$ /usr/bin/cmake --install /home/ibrahim/ros2_ws/build/mycobot_mtc_demos
[20.461s] Level 1:colcon.colcon_core.environment:create_environment_scripts_only(mycobot_mtc_demos)
[20.461s] Level 1:colcon.colcon_core.environment:checking '/home/ibrahim/ros2_ws/install/mycobot_mtc_demos' for CMake module files
[20.462s] DEBUG:colcon.colcon_core.event_handler.log_command:Invoked command in '/home/ibrahim/ros2_ws/build/mycobot_mtc_demos' returned '0': CMAKE_PREFIX_PATH=${CMAKE_PREFIX_PATH}:/home/ibrahim/ros2_ws/install/arm_serial_bridge:/opt/ros/jazzy DEBUGINFOD_URLS=https://debuginfod.ubuntu.com PS1=\[\e]0;\u@\h: \w\a\]${debian_chroot:+($debian_chroot)}\[\033[01;32m\]\u@\h\[\033[00m\]:\[\033[01;34m\]\w\[\033[00m\]\$ /usr/bin/cmake --install /home/ibrahim/ros2_ws/build/mycobot_mtc_demos
[20.462s] Level 1:colcon.colcon_core.environment:checking '/home/ibrahim/ros2_ws/install/mycobot_mtc_demos' for CMake config files
[20.463s] Level 1:colcon.colcon_core.shell:create_environment_hook('mycobot_mtc_demos', 'cmake_prefix_path')
[20.463s] INFO:colcon.colcon_core.shell:Creating environment hook '/home/ibrahim/ros2_ws/install/mycobot_mtc_demos/share/mycobot_mtc_demos/hook/cmake_prefix_path.ps1'
[20.463s] INFO:colcon.colcon_core.shell:Creating environment descriptor '/home/ibrahim/ros2_ws/install/mycobot_mtc_demos/share/mycobot_mtc_demos/hook/cmake_prefix_path.dsv'
[20.464s] INFO:colcon.colcon_core.shell:Creating environment hook '/home/ibrahim/ros2_ws/install/mycobot_mtc_demos/share/mycobot_mtc_demos/hook/cmake_prefix_path.sh'
[20.464s] Level 1:colcon.colcon_core.environment:checking '/home/ibrahim/ros2_ws/install/mycobot_mtc_demos/lib'
[20.464s] Level 1:colcon.colcon_core.environment:checking '/home/ibrahim/ros2_ws/install/mycobot_mtc_demos/bin'
[20.464s] Level 1:colcon.colcon_core.environment:checking '/home/ibrahim/ros2_ws/install/mycobot_mtc_demos/lib/pkgconfig/mycobot_mtc_demos.pc'
[20.465s] Level 1:colcon.colcon_core.environment:checking '/home/ibrahim/ros2_ws/install/mycobot_mtc_demos/lib/python3.12/site-packages'
[20.465s] Level 1:colcon.colcon_core.environment:checking '/home/ibrahim/ros2_ws/install/mycobot_mtc_demos/bin'
[20.465s] INFO:colcon.colcon_core.shell:Creating package script '/home/ibrahim/ros2_ws/install/mycobot_mtc_demos/share/mycobot_mtc_demos/package.ps1'
[20.466s] INFO:colcon.colcon_core.shell:Creating package descriptor '/home/ibrahim/ros2_ws/install/mycobot_mtc_demos/share/mycobot_mtc_demos/package.dsv'
[20.467s] INFO:colcon.colcon_core.shell:Creating package script '/home/ibrahim/ros2_ws/install/mycobot_mtc_demos/share/mycobot_mtc_demos/package.sh'
[20.468s] INFO:colcon.colcon_core.shell:Creating package script '/home/ibrahim/ros2_ws/install/mycobot_mtc_demos/share/mycobot_mtc_demos/package.bash'
[20.469s] INFO:colcon.colcon_core.shell:Creating package script '/home/ibrahim/ros2_ws/install/mycobot_mtc_demos/share/mycobot_mtc_demos/package.zsh'
[20.469s] Level 1:colcon.colcon_core.environment:create_file_with_runtime_dependencies(/home/ibrahim/ros2_ws/install/mycobot_mtc_demos/share/colcon-core/packages/mycobot_mtc_demos)
[20.470s] Level 1:colcon.colcon_core.environment:create_environment_scripts_only(mycobot_mtc_demos)
[20.470s] Level 1:colcon.colcon_core.environment:checking '/home/ibrahim/ros2_ws/install/mycobot_mtc_demos' for CMake module files
[20.471s] Level 1:colcon.colcon_core.environment:checking '/home/ibrahim/ros2_ws/install/mycobot_mtc_demos' for CMake config files
[20.471s] Level 1:colcon.colcon_core.shell:create_environment_hook('mycobot_mtc_demos', 'cmake_prefix_path')
[20.471s] INFO:colcon.colcon_core.shell:Creating environment hook '/home/ibrahim/ros2_ws/install/mycobot_mtc_demos/share/mycobot_mtc_demos/hook/cmake_prefix_path.ps1'
[20.472s] INFO:colcon.colcon_core.shell:Creating environment descriptor '/home/ibrahim/ros2_ws/install/mycobot_mtc_demos/share/mycobot_mtc_demos/hook/cmake_prefix_path.dsv'
[20.473s] INFO:colcon.colcon_core.shell:Creating environment hook '/home/ibrahim/ros2_ws/install/mycobot_mtc_demos/share/mycobot_mtc_demos/hook/cmake_prefix_path.sh'
[20.474s] Level 1:colcon.colcon_core.environment:checking '/home/ibrahim/ros2_ws/install/mycobot_mtc_demos/lib'
[20.474s] Level 1:colcon.colcon_core.environment:checking '/home/ibrahim/ros2_ws/install/mycobot_mtc_demos/bin'
[20.474s] Level 1:colcon.colcon_core.environment:checking '/home/ibrahim/ros2_ws/install/mycobot_mtc_demos/lib/pkgconfig/mycobot_mtc_demos.pc'
[20.474s] Level 1:colcon.colcon_core.environment:checking '/home/ibrahim/ros2_ws/install/mycobot_mtc_demos/lib/python3.12/site-packages'
[20.474s] Level 1:colcon.colcon_core.environment:checking '/home/ibrahim/ros2_ws/install/mycobot_mtc_demos/bin'
[20.475s] INFO:colcon.colcon_core.shell:Creating package script '/home/ibrahim/ros2_ws/install/mycobot_mtc_demos/share/mycobot_mtc_demos/package.ps1'
[20.476s] INFO:colcon.colcon_core.shell:Creating package descriptor '/home/ibrahim/ros2_ws/install/mycobot_mtc_demos/share/mycobot_mtc_demos/package.dsv'
[20.477s] INFO:colcon.colcon_core.shell:Creating package script '/home/ibrahim/ros2_ws/install/mycobot_mtc_demos/share/mycobot_mtc_demos/package.sh'
[20.477s] INFO:colcon.colcon_core.shell:Creating package script '/home/ibrahim/ros2_ws/install/mycobot_mtc_demos/share/mycobot_mtc_demos/package.bash'
[20.478s] INFO:colcon.colcon_core.shell:Creating package script '/home/ibrahim/ros2_ws/install/mycobot_mtc_demos/share/mycobot_mtc_demos/package.zsh'
[20.479s] Level 1:colcon.colcon_core.environment:create_file_with_runtime_dependencies(/home/ibrahim/ros2_ws/install/mycobot_mtc_demos/share/colcon-core/packages/mycobot_mtc_demos)
[123.625s] DEBUG:colcon.colcon_core.event_handler.log_command:Invoked command in '/home/ibrahim/ros2_ws/build/mycobot_mtc_pick_place_demo' returned '0': CMAKE_PREFIX_PATH=/home/ibrahim/ros2_ws/install/mycobot_interfaces:/home/ibrahim/ros2_ws/install/mycobot_ros2:/home/ibrahim/ros2_ws/install/mycobot_system_tests:/home/ibrahim/ros2_ws/install/mycobot_mtc_pick_place_demo:/home/ibrahim/ros2_ws/install/mycobot_mtc_demos:/home/ibrahim/ros2_ws/install/mycobot_moveit_demos:/home/ibrahim/ros2_ws/install/mycobot_moveit_config:/home/ibrahim/ros2_ws/install/mycobot_gazebo:/home/ibrahim/ros2_ws/install/mycobot_description:/home/ibrahim/ros2_ws/install/mycobot_bringup:/opt/ros/jazzy/opt/gz_sim_vendor:/opt/ros/jazzy/opt/gz_sensors_vendor:/opt/ros/jazzy/opt/gz_physics_vendor:/opt/ros/jazzy/opt/sdformat_vendor:/opt/ros/jazzy/opt/gz_gui_vendor:/opt/ros/jazzy/opt/gz_transport_vendor:/opt/ros/jazzy/opt/gz_rendering_vendor:/opt/ros/jazzy/opt/gz_plugin_vendor:/opt/ros/jazzy/opt/gz_fuel_tools_vendor:/opt/ros/jazzy/opt/gz_msgs_vendor:/opt/ros/jazzy/opt/gz_common_vendor:/opt/ros/jazzy/opt/gz_math_vendor:/opt/ros/jazzy/opt/gz_utils_vendor:/opt/ros/jazzy/opt/gz_tools_vendor:/opt/ros/jazzy/opt/gz_ogre_next_vendor:/opt/ros/jazzy/opt/gz_dartsim_vendor:/opt/ros/jazzy/opt/gz_cmake_vendor:/home/ibrahim/ros2_ws/install/arm_serial_bridge:/opt/ros/jazzy DEBUGINFOD_URLS=https://debuginfod.ubuntu.com LD_LIBRARY_PATH=/home/ibrahim/ros2_ws/install/mycobot_interfaces/lib:/home/ibrahim/ros2_ws/install/mycobot_mtc_pick_place_demo/lib:/opt/ros/jazzy/opt/gz_sim_vendor/lib:/opt/ros/jazzy/opt/gz_sensors_vendor/lib:/opt/ros/jazzy/opt/gz_physics_vendor/lib:/opt/ros/jazzy/opt/sdformat_vendor/lib:/opt/ros/jazzy/opt/rviz_ogre_vendor/lib:/opt/ros/jazzy/lib/x86_64-linux-gnu:/opt/ros/jazzy/opt/gz_gui_vendor/lib:/opt/ros/jazzy/opt/gz_transport_vendor/lib:/opt/ros/jazzy/opt/gz_rendering_vendor/lib:/opt/ros/jazzy/opt/gz_plugin_vendor/lib:/opt/ros/jazzy/opt/gz_fuel_tools_vendor/lib:/opt/ros/jazzy/opt/gz_msgs_vendor/lib:/opt/ros/jazzy/opt/gz_common_vendor/lib:/opt/ros/jazzy/opt/gz_math_vendor/lib:/opt/ros/jazzy/opt/gz_utils_vendor/lib:/opt/ros/jazzy/opt/gz_tools_vendor/lib:/opt/ros/jazzy/opt/gz_ogre_next_vendor/lib:/opt/ros/jazzy/opt/gz_dartsim_vendor/lib:/opt/ros/jazzy/opt/gz_cmake_vendor/lib:/opt/ros/jazzy/lib PS1=\[\e]0;\u@\h: \w\a\]${debian_chroot:+($debian_chroot)}\[\033[01;32m\]\u@\h\[\033[00m\]:\[\033[01;34m\]\w\[\033[00m\]\$ /usr/bin/cmake --build /home/ibrahim/ros2_ws/build/mycobot_mtc_pick_place_demo -- -j4 -l4
[123.747s] DEBUG:colcon.colcon_core.event_handler.log_command:Invoking command in '/home/ibrahim/ros2_ws/build/mycobot_mtc_pick_place_demo': CMAKE_PREFIX_PATH=/home/ibrahim/ros2_ws/install/mycobot_interfaces:/home/ibrahim/ros2_ws/install/mycobot_ros2:/home/ibrahim/ros2_ws/install/mycobot_system_tests:/home/ibrahim/ros2_ws/install/mycobot_mtc_pick_place_demo:/home/ibrahim/ros2_ws/install/mycobot_mtc_demos:/home/ibrahim/ros2_ws/install/mycobot_moveit_demos:/home/ibrahim/ros2_ws/install/mycobot_moveit_config:/home/ibrahim/ros2_ws/install/mycobot_gazebo:/home/ibrahim/ros2_ws/install/mycobot_description:/home/ibrahim/ros2_ws/install/mycobot_bringup:/opt/ros/jazzy/opt/gz_sim_vendor:/opt/ros/jazzy/opt/gz_sensors_vendor:/opt/ros/jazzy/opt/gz_physics_vendor:/opt/ros/jazzy/opt/sdformat_vendor:/opt/ros/jazzy/opt/gz_gui_vendor:/opt/ros/jazzy/opt/gz_transport_vendor:/opt/ros/jazzy/opt/gz_rendering_vendor:/opt/ros/jazzy/opt/gz_plugin_vendor:/opt/ros/jazzy/opt/gz_fuel_tools_vendor:/opt/ros/jazzy/opt/gz_msgs_vendor:/opt/ros/jazzy/opt/gz_common_vendor:/opt/ros/jazzy/opt/gz_math_vendor:/opt/ros/jazzy/opt/gz_utils_vendor:/opt/ros/jazzy/opt/gz_tools_vendor:/opt/ros/jazzy/opt/gz_ogre_next_vendor:/opt/ros/jazzy/opt/gz_dartsim_vendor:/opt/ros/jazzy/opt/gz_cmake_vendor:/home/ibrahim/ros2_ws/install/arm_serial_bridge:/opt/ros/jazzy DEBUGINFOD_URLS=https://debuginfod.ubuntu.com LD_LIBRARY_PATH=/home/ibrahim/ros2_ws/install/mycobot_interfaces/lib:/home/ibrahim/ros2_ws/install/mycobot_mtc_pick_place_demo/lib:/opt/ros/jazzy/opt/gz_sim_vendor/lib:/opt/ros/jazzy/opt/gz_sensors_vendor/lib:/opt/ros/jazzy/opt/gz_physics_vendor/lib:/opt/ros/jazzy/opt/sdformat_vendor/lib:/opt/ros/jazzy/opt/rviz_ogre_vendor/lib:/opt/ros/jazzy/lib/x86_64-linux-gnu:/opt/ros/jazzy/opt/gz_gui_vendor/lib:/opt/ros/jazzy/opt/gz_transport_vendor/lib:/opt/ros/jazzy/opt/gz_rendering_vendor/lib:/opt/ros/jazzy/opt/gz_plugin_vendor/lib:/opt/ros/jazzy/opt/gz_fuel_tools_vendor/lib:/opt/ros/jazzy/opt/gz_msgs_vendor/lib:/opt/ros/jazzy/opt/gz_common_vendor/lib:/opt/ros/jazzy/opt/gz_math_vendor/lib:/opt/ros/jazzy/opt/gz_utils_vendor/lib:/opt/ros/jazzy/opt/gz_tools_vendor/lib:/opt/ros/jazzy/opt/gz_ogre_next_vendor/lib:/opt/ros/jazzy/opt/gz_dartsim_vendor/lib:/opt/ros/jazzy/opt/gz_cmake_vendor/lib:/opt/ros/jazzy/lib PS1=\[\e]0;\u@\h: \w\a\]${debian_chroot:+($debian_chroot)}\[\033[01;32m\]\u@\h\[\033[00m\]:\[\033[01;34m\]\w\[\033[00m\]\$ /usr/bin/cmake --install /home/ibrahim/ros2_ws/build/mycobot_mtc_pick_place_demo
[124.062s] Level 1:colcon.colcon_core.environment:create_environment_scripts_only(mycobot_mtc_pick_place_demo)
[124.062s] DEBUG:colcon.colcon_core.event_handler.log_command:Invoked command in '/home/ibrahim/ros2_ws/build/mycobot_mtc_pick_place_demo' returned '0': CMAKE_PREFIX_PATH=/home/ibrahim/ros2_ws/install/mycobot_interfaces:/home/ibrahim/ros2_ws/install/mycobot_ros2:/home/ibrahim/ros2_ws/install/mycobot_system_tests:/home/ibrahim/ros2_ws/install/mycobot_mtc_pick_place_demo:/home/ibrahim/ros2_ws/install/mycobot_mtc_demos:/home/ibrahim/ros2_ws/install/mycobot_moveit_demos:/home/ibrahim/ros2_ws/install/mycobot_moveit_config:/home/ibrahim/ros2_ws/install/mycobot_gazebo:/home/ibrahim/ros2_ws/install/mycobot_description:/home/ibrahim/ros2_ws/install/mycobot_bringup:/opt/ros/jazzy/opt/gz_sim_vendor:/opt/ros/jazzy/opt/gz_sensors_vendor:/opt/ros/jazzy/opt/gz_physics_vendor:/opt/ros/jazzy/opt/sdformat_vendor:/opt/ros/jazzy/opt/gz_gui_vendor:/opt/ros/jazzy/opt/gz_transport_vendor:/opt/ros/jazzy/opt/gz_rendering_vendor:/opt/ros/jazzy/opt/gz_plugin_vendor:/opt/ros/jazzy/opt/gz_fuel_tools_vendor:/opt/ros/jazzy/opt/gz_msgs_vendor:/opt/ros/jazzy/opt/gz_common_vendor:/opt/ros/jazzy/opt/gz_math_vendor:/opt/ros/jazzy/opt/gz_utils_vendor:/opt/ros/jazzy/opt/gz_tools_vendor:/opt/ros/jazzy/opt/gz_ogre_next_vendor:/opt/ros/jazzy/opt/gz_dartsim_vendor:/opt/ros/jazzy/opt/gz_cmake_vendor:/home/ibrahim/ros2_ws/install/arm_serial_bridge:/opt/ros/jazzy DEBUGINFOD_URLS=https://debuginfod.ubuntu.com LD_LIBRARY_PATH=/home/ibrahim/ros2_ws/install/mycobot_interfaces/lib:/home/ibrahim/ros2_ws/install/mycobot_mtc_pick_place_demo/lib:/opt/ros/jazzy/opt/gz_sim_vendor/lib:/opt/ros/jazzy/opt/gz_sensors_vendor/lib:/opt/ros/jazzy/opt/gz_physics_vendor/lib:/opt/ros/jazzy/opt/sdformat_vendor/lib:/opt/ros/jazzy/opt/rviz_ogre_vendor/lib:/opt/ros/jazzy/lib/x86_64-linux-gnu:/opt/ros/jazzy/opt/gz_gui_vendor/lib:/opt/ros/jazzy/opt/gz_transport_vendor/lib:/opt/ros/jazzy/opt/gz_rendering_vendor/lib:/opt/ros/jazzy/opt/gz_plugin_vendor/lib:/opt/ros/jazzy/opt/gz_fuel_tools_vendor/lib:/opt/ros/jazzy/opt/gz_msgs_vendor/lib:/opt/ros/jazzy/opt/gz_common_vendor/lib:/opt/ros/jazzy/opt/gz_math_vendor/lib:/opt/ros/jazzy/opt/gz_utils_vendor/lib:/opt/ros/jazzy/opt/gz_tools_vendor/lib:/opt/ros/jazzy/opt/gz_ogre_next_vendor/lib:/opt/ros/jazzy/opt/gz_dartsim_vendor/lib:/opt/ros/jazzy/opt/gz_cmake_vendor/lib:/opt/ros/jazzy/lib PS1=\[\e]0;\u@\h: \w\a\]${debian_chroot:+($debian_chroot)}\[\033[01;32m\]\u@\h\[\033[00m\]:\[\033[01;34m\]\w\[\033[00m\]\$ /usr/bin/cmake --install /home/ibrahim/ros2_ws/build/mycobot_mtc_pick_place_demo
[124.063s] Level 1:colcon.colcon_core.environment:checking '/home/ibrahim/ros2_ws/install/mycobot_mtc_pick_place_demo' for CMake module files
[124.064s] Level 1:colcon.colcon_core.environment:checking '/home/ibrahim/ros2_ws/install/mycobot_mtc_pick_place_demo' for CMake config files
[124.064s] Level 1:colcon.colcon_core.shell:create_environment_hook('mycobot_mtc_pick_place_demo', 'cmake_prefix_path')
[124.065s] INFO:colcon.colcon_core.shell:Creating environment hook '/home/ibrahim/ros2_ws/install/mycobot_mtc_pick_place_demo/share/mycobot_mtc_pick_place_demo/hook/cmake_prefix_path.ps1'
[124.065s] INFO:colcon.colcon_core.shell:Creating environment descriptor '/home/ibrahim/ros2_ws/install/mycobot_mtc_pick_place_demo/share/mycobot_mtc_pick_place_demo/hook/cmake_prefix_path.dsv'
[124.066s] INFO:colcon.colcon_core.shell:Creating environment hook '/home/ibrahim/ros2_ws/install/mycobot_mtc_pick_place_demo/share/mycobot_mtc_pick_place_demo/hook/cmake_prefix_path.sh'
[124.066s] Level 1:colcon.colcon_core.environment:checking '/home/ibrahim/ros2_ws/install/mycobot_mtc_pick_place_demo/lib'
[124.066s] Level 1:colcon.colcon_core.shell:create_environment_hook('mycobot_mtc_pick_place_demo', 'ld_library_path_lib')
[124.066s] INFO:colcon.colcon_core.shell:Creating environment hook '/home/ibrahim/ros2_ws/install/mycobot_mtc_pick_place_demo/share/mycobot_mtc_pick_place_demo/hook/ld_library_path_lib.ps1'
[124.067s] INFO:colcon.colcon_core.shell:Creating environment descriptor '/home/ibrahim/ros2_ws/install/mycobot_mtc_pick_place_demo/share/mycobot_mtc_pick_place_demo/hook/ld_library_path_lib.dsv'
[124.067s] INFO:colcon.colcon_core.shell:Creating environment hook '/home/ibrahim/ros2_ws/install/mycobot_mtc_pick_place_demo/share/mycobot_mtc_pick_place_demo/hook/ld_library_path_lib.sh'
[124.067s] Level 1:colcon.colcon_core.environment:checking '/home/ibrahim/ros2_ws/install/mycobot_mtc_pick_place_demo/bin'
[124.067s] Level 1:colcon.colcon_core.environment:checking '/home/ibrahim/ros2_ws/install/mycobot_mtc_pick_place_demo/lib/pkgconfig/mycobot_mtc_pick_place_demo.pc'
[124.067s] Level 1:colcon.colcon_core.environment:checking '/home/ibrahim/ros2_ws/install/mycobot_mtc_pick_place_demo/lib/python3.12/site-packages'
[124.068s] Level 1:colcon.colcon_core.environment:checking '/home/ibrahim/ros2_ws/install/mycobot_mtc_pick_place_demo/bin'
[124.068s] INFO:colcon.colcon_core.shell:Creating package script '/home/ibrahim/ros2_ws/install/mycobot_mtc_pick_place_demo/share/mycobot_mtc_pick_place_demo/package.ps1'
[124.069s] INFO:colcon.colcon_core.shell:Creating package descriptor '/home/ibrahim/ros2_ws/install/mycobot_mtc_pick_place_demo/share/mycobot_mtc_pick_place_demo/package.dsv'
[124.069s] INFO:colcon.colcon_core.shell:Creating package script '/home/ibrahim/ros2_ws/install/mycobot_mtc_pick_place_demo/share/mycobot_mtc_pick_place_demo/package.sh'
[124.070s] INFO:colcon.colcon_core.shell:Creating package script '/home/ibrahim/ros2_ws/install/mycobot_mtc_pick_place_demo/share/mycobot_mtc_pick_place_demo/package.bash'
[124.070s] INFO:colcon.colcon_core.shell:Creating package script '/home/ibrahim/ros2_ws/install/mycobot_mtc_pick_place_demo/share/mycobot_mtc_pick_place_demo/package.zsh'
[124.070s] Level 1:colcon.colcon_core.environment:create_file_with_runtime_dependencies(/home/ibrahim/ros2_ws/install/mycobot_mtc_pick_place_demo/share/colcon-core/packages/mycobot_mtc_pick_place_demo)
[124.071s] Level 1:colcon.colcon_core.environment:create_environment_scripts_only(mycobot_mtc_pick_place_demo)
[124.071s] Level 1:colcon.colcon_core.environment:checking '/home/ibrahim/ros2_ws/install/mycobot_mtc_pick_place_demo' for CMake module files
[124.071s] Level 1:colcon.colcon_core.environment:checking '/home/ibrahim/ros2_ws/install/mycobot_mtc_pick_place_demo' for CMake config files
[124.072s] Level 1:colcon.colcon_core.shell:create_environment_hook('mycobot_mtc_pick_place_demo', 'cmake_prefix_path')
[124.072s] INFO:colcon.colcon_core.shell:Creating environment hook '/home/ibrahim/ros2_ws/install/mycobot_mtc_pick_place_demo/share/mycobot_mtc_pick_place_demo/hook/cmake_prefix_path.ps1'
[124.072s] INFO:colcon.colcon_core.shell:Creating environment descriptor '/home/ibrahim/ros2_ws/install/mycobot_mtc_pick_place_demo/share/mycobot_mtc_pick_place_demo/hook/cmake_prefix_path.dsv'
[124.073s] INFO:colcon.colcon_core.shell:Creating environment hook '/home/ibrahim/ros2_ws/install/mycobot_mtc_pick_place_demo/share/mycobot_mtc_pick_place_demo/hook/cmake_prefix_path.sh'
[124.073s] Level 1:colcon.colcon_core.environment:checking '/home/ibrahim/ros2_ws/install/mycobot_mtc_pick_place_demo/lib'
[124.074s] Level 1:colcon.colcon_core.shell:create_environment_hook('mycobot_mtc_pick_place_demo', 'ld_library_path_lib')
[124.074s] INFO:colcon.colcon_core.shell:Creating environment hook '/home/ibrahim/ros2_ws/install/mycobot_mtc_pick_place_demo/share/mycobot_mtc_pick_place_demo/hook/ld_library_path_lib.ps1'
[124.074s] INFO:colcon.colcon_core.shell:Creating environment descriptor '/home/ibrahim/ros2_ws/install/mycobot_mtc_pick_place_demo/share/mycobot_mtc_pick_place_demo/hook/ld_library_path_lib.dsv'
[124.075s] INFO:colcon.colcon_core.shell:Creating environment hook '/home/ibrahim/ros2_ws/install/mycobot_mtc_pick_place_demo/share/mycobot_mtc_pick_place_demo/hook/ld_library_path_lib.sh'
[124.075s] Level 1:colcon.colcon_core.environment:checking '/home/ibrahim/ros2_ws/install/mycobot_mtc_pick_place_demo/bin'
[124.075s] Level 1:colcon.colcon_core.environment:checking '/home/ibrahim/ros2_ws/install/mycobot_mtc_pick_place_demo/lib/pkgconfig/mycobot_mtc_pick_place_demo.pc'
[124.075s] Level 1:colcon.colcon_core.environment:checking '/home/ibrahim/ros2_ws/install/mycobot_mtc_pick_place_demo/lib/python3.12/site-packages'
[124.076s] Level 1:colcon.colcon_core.environment:checking '/home/ibrahim/ros2_ws/install/mycobot_mtc_pick_place_demo/bin'
[124.076s] INFO:colcon.colcon_core.shell:Creating package script '/home/ibrahim/ros2_ws/install/mycobot_mtc_pick_place_demo/share/mycobot_mtc_pick_place_demo/package.ps1'
[124.076s] INFO:colcon.colcon_core.shell:Creating package descriptor '/home/ibrahim/ros2_ws/install/mycobot_mtc_pick_place_demo/share/mycobot_mtc_pick_place_demo/package.dsv'
[124.077s] INFO:colcon.colcon_core.shell:Creating package script '/home/ibrahim/ros2_ws/install/mycobot_mtc_pick_place_demo/share/mycobot_mtc_pick_place_demo/package.sh'
[124.078s] INFO:colcon.colcon_core.shell:Creating package script '/home/ibrahim/ros2_ws/install/mycobot_mtc_pick_place_demo/share/mycobot_mtc_pick_place_demo/package.bash'
[124.078s] INFO:colcon.colcon_core.shell:Creating package script '/home/ibrahim/ros2_ws/install/mycobot_mtc_pick_place_demo/share/mycobot_mtc_pick_place_demo/package.zsh'
[124.079s] Level 1:colcon.colcon_core.environment:create_file_with_runtime_dependencies(/home/ibrahim/ros2_ws/install/mycobot_mtc_pick_place_demo/share/colcon-core/packages/mycobot_mtc_pick_place_demo)
[124.080s] DEBUG:colcon.colcon_parallel_executor.executor.parallel:closing loop
[124.080s] DEBUG:colcon.colcon_parallel_executor.executor.parallel:loop closed
[124.081s] DEBUG:colcon.colcon_parallel_executor.executor.parallel:run_until_complete finished with '0'
[124.081s] DEBUG:colcon.colcon_core.event_reactor:joining thread
[124.197s] INFO:colcon.colcon_core.plugin_system:Skipping extension 'colcon_notification.desktop_notification.terminal_notifier': Not used on non-Darwin systems
[124.197s] INFO:colcon.colcon_core.plugin_system:Skipping extension 'colcon_notification.desktop_notification.win32': Not used on non-Windows systems
[124.197s] INFO:colcon.colcon_notification.desktop_notification:Sending desktop notification using 'notify2'
[124.245s] DEBUG:colcon.colcon_core.event_reactor:joined thread
[124.246s] INFO:colcon.colcon_core.shell:Creating prefix script '/home/ibrahim/ros2_ws/install/local_setup.ps1'
[124.258s] INFO:colcon.colcon_core.shell:Creating prefix util module '/home/ibrahim/ros2_ws/install/_local_setup_util_ps1.py'
[124.260s] INFO:colcon.colcon_core.shell:Creating prefix chain script '/home/ibrahim/ros2_ws/install/setup.ps1'
[124.636s] INFO:colcon.colcon_core.shell:Creating prefix script '/home/ibrahim/ros2_ws/install/local_setup.sh'
[124.647s] INFO:colcon.colcon_core.shell:Creating prefix util module '/home/ibrahim/ros2_ws/install/_local_setup_util_sh.py'
[124.648s] INFO:colcon.colcon_core.shell:Creating prefix chain script '/home/ibrahim/ros2_ws/install/setup.sh'
[124.652s] INFO:colcon.colcon_core.shell:Creating prefix script '/home/ibrahim/ros2_ws/install/local_setup.bash'
[124.667s] INFO:colcon.colcon_core.shell:Creating prefix chain script '/home/ibrahim/ros2_ws/install/setup.bash'
[124.671s] INFO:colcon.colcon_core.shell:Creating prefix script '/home/ibrahim/ros2_ws/install/local_setup.zsh'
[124.675s] INFO:colcon.colcon_core.shell:Creating prefix chain script '/home/ibrahim/ros2_ws/install/setup.zsh'
