[0.138s] DEBUG:colcon:Command line arguments: ['/usr/bin/colcon', 'build']
[0.138s] DEBUG:colcon:Parsed command line arguments: Namespace(log_base=None, log_level=None, verb_name='build', build_base='build', install_base='install', merge_install=False, symlink_install=False, test_result_base=None, continue_on_error=False, executor='parallel', parallel_workers=4, event_handlers=None, ignore_user_meta=False, metas=['./colcon.meta'], base_paths=['.'], packages_ignore=None, packages_ignore_regex=None, paths=None, packages_up_to=None, packages_up_to_regex=None, packages_above=None, packages_above_and_dependencies=None, packages_above_depth=None, packages_select_by_dep=None, packages_skip_by_dep=None, packages_skip_up_to=None, packages_select_build_failed=False, packages_skip_build_finished=False, packages_select_test_failures=False, packages_skip_test_passed=False, packages_select=None, packages_skip=None, packages_select_regex=None, packages_skip_regex=None, packages_start=None, packages_end=None, allow_overriding=[], cmake_args=None, cmake_target=None, cmake_target_skip_unavailable=False, cmake_clean_cache=False, cmake_clean_first=False, cmake_force_configure=False, ament_cmake_args=None, catkin_cmake_args=None, catkin_skip_building_tests=False, verb_parser=<colcon_defaults.argument_parser.defaults.DefaultArgumentsDecorator object at 0x7fd359162870>, verb_extension=<colcon_core.verb.build.BuildVerb object at 0x7fd3591625d0>, main=<bound method BuildVerb.main of <colcon_core.verb.build.BuildVerb object at 0x7fd3591625d0>>)
[0.185s] Level 1:colcon.colcon_core.package_discovery:discover_packages(colcon_meta) check parameters
[0.185s] Level 1:colcon.colcon_core.package_discovery:discover_packages(recursive) check parameters
[0.185s] Level 1:colcon.colcon_core.package_discovery:discover_packages(ignore) check parameters
[0.185s] Level 1:colcon.colcon_core.package_discovery:discover_packages(path) check parameters
[0.185s] Level 1:colcon.colcon_core.package_discovery:discover_packages(colcon_meta) discover
[0.185s] Level 1:colcon.colcon_core.package_discovery:discover_packages(recursive) discover
[0.185s] INFO:colcon.colcon_core.package_discovery:Crawling recursively for packages in '/home/ibrahim/ros2_ws'
[0.186s] Level 1:colcon.colcon_core.package_identification:_identify(.) by extensions ['ignore', 'ignore_ament_install']
[0.186s] Level 1:colcon.colcon_core.package_identification:_identify(.) by extension 'ignore'
[0.186s] Level 1:colcon.colcon_core.package_identification:_identify(.) by extension 'ignore_ament_install'
[0.186s] Level 1:colcon.colcon_core.package_identification:_identify(.) by extensions ['colcon_pkg']
[0.186s] Level 1:colcon.colcon_core.package_identification:_identify(.) by extension 'colcon_pkg'
[0.186s] Level 1:colcon.colcon_core.package_identification:_identify(.) by extensions ['colcon_meta']
[0.186s] Level 1:colcon.colcon_core.package_identification:_identify(.) by extension 'colcon_meta'
[0.186s] Level 1:colcon.colcon_core.package_identification:_identify(.) by extensions ['ros']
[0.186s] Level 1:colcon.colcon_core.package_identification:_identify(.) by extension 'ros'
[0.210s] Level 1:colcon.colcon_core.package_identification:_identify(.) by extensions ['cmake', 'python']
[0.210s] Level 1:colcon.colcon_core.package_identification:_identify(.) by extension 'cmake'
[0.210s] Level 1:colcon.colcon_core.package_identification:_identify(.) by extension 'python'
[0.210s] Level 1:colcon.colcon_core.package_identification:_identify(.) by extensions ['python_setup_py']
[0.210s] Level 1:colcon.colcon_core.package_identification:_identify(.) by extension 'python_setup_py'
[0.210s] Level 1:colcon.colcon_core.package_identification:_identify(build) by extensions ['ignore', 'ignore_ament_install']
[0.211s] Level 1:colcon.colcon_core.package_identification:_identify(build) by extension 'ignore'
[0.211s] Level 1:colcon.colcon_core.package_identification:_identify(build) ignored
[0.211s] Level 1:colcon.colcon_core.package_identification:_identify(install) by extensions ['ignore', 'ignore_ament_install']
[0.211s] Level 1:colcon.colcon_core.package_identification:_identify(install) by extension 'ignore'
[0.211s] Level 1:colcon.colcon_core.package_identification:_identify(install) ignored
[0.211s] Level 1:colcon.colcon_core.package_identification:_identify(log) by extensions ['ignore', 'ignore_ament_install']
[0.211s] Level 1:colcon.colcon_core.package_identification:_identify(log) by extension 'ignore'
[0.211s] Level 1:colcon.colcon_core.package_identification:_identify(log) ignored
[0.211s] Level 1:colcon.colcon_core.package_identification:_identify(src) by extensions ['ignore', 'ignore_ament_install']
[0.211s] Level 1:colcon.colcon_core.package_identification:_identify(src) by extension 'ignore'
[0.211s] Level 1:colcon.colcon_core.package_identification:_identify(src) by extension 'ignore_ament_install'
[0.211s] Level 1:colcon.colcon_core.package_identification:_identify(src) by extensions ['colcon_pkg']
[0.211s] Level 1:colcon.colcon_core.package_identification:_identify(src) by extension 'colcon_pkg'
[0.211s] Level 1:colcon.colcon_core.package_identification:_identify(src) by extensions ['colcon_meta']
[0.211s] Level 1:colcon.colcon_core.package_identification:_identify(src) by extension 'colcon_meta'
[0.211s] Level 1:colcon.colcon_core.package_identification:_identify(src) by extensions ['ros']
[0.211s] Level 1:colcon.colcon_core.package_identification:_identify(src) by extension 'ros'
[0.212s] Level 1:colcon.colcon_core.package_identification:_identify(src) by extensions ['cmake', 'python']
[0.212s] Level 1:colcon.colcon_core.package_identification:_identify(src) by extension 'cmake'
[0.212s] Level 1:colcon.colcon_core.package_identification:_identify(src) by extension 'python'
[0.212s] Level 1:colcon.colcon_core.package_identification:_identify(src) by extensions ['python_setup_py']
[0.212s] Level 1:colcon.colcon_core.package_identification:_identify(src) by extension 'python_setup_py'
[0.212s] Level 1:colcon.colcon_core.package_identification:_identify(src/arm_serial_bridge) by extensions ['ignore', 'ignore_ament_install']
[0.212s] Level 1:colcon.colcon_core.package_identification:_identify(src/arm_serial_bridge) by extension 'ignore'
[0.212s] Level 1:colcon.colcon_core.package_identification:_identify(src/arm_serial_bridge) by extension 'ignore_ament_install'
[0.212s] Level 1:colcon.colcon_core.package_identification:_identify(src/arm_serial_bridge) by extensions ['colcon_pkg']
[0.212s] Level 1:colcon.colcon_core.package_identification:_identify(src/arm_serial_bridge) by extension 'colcon_pkg'
[0.212s] Level 1:colcon.colcon_core.package_identification:_identify(src/arm_serial_bridge) by extensions ['colcon_meta']
[0.212s] Level 1:colcon.colcon_core.package_identification:_identify(src/arm_serial_bridge) by extension 'colcon_meta'
[0.212s] Level 1:colcon.colcon_core.package_identification:_identify(src/arm_serial_bridge) by extensions ['ros']
[0.212s] Level 1:colcon.colcon_core.package_identification:_identify(src/arm_serial_bridge) by extension 'ros'
[0.215s] DEBUG:colcon.colcon_core.package_identification:Package 'src/arm_serial_bridge' with type 'ros.ament_python' and name 'arm_serial_bridge'
[0.215s] Level 1:colcon.colcon_core.package_identification:_identify(src/mycobot_ros2) by extensions ['ignore', 'ignore_ament_install']
[0.215s] Level 1:colcon.colcon_core.package_identification:_identify(src/mycobot_ros2) by extension 'ignore'
[0.215s] Level 1:colcon.colcon_core.package_identification:_identify(src/mycobot_ros2) by extension 'ignore_ament_install'
[0.215s] Level 1:colcon.colcon_core.package_identification:_identify(src/mycobot_ros2) by extensions ['colcon_pkg']
[0.215s] Level 1:colcon.colcon_core.package_identification:_identify(src/mycobot_ros2) by extension 'colcon_pkg'
[0.215s] Level 1:colcon.colcon_core.package_identification:_identify(src/mycobot_ros2) by extensions ['colcon_meta']
[0.215s] Level 1:colcon.colcon_core.package_identification:_identify(src/mycobot_ros2) by extension 'colcon_meta'
[0.215s] Level 1:colcon.colcon_core.package_identification:_identify(src/mycobot_ros2) by extensions ['ros']
[0.215s] Level 1:colcon.colcon_core.package_identification:_identify(src/mycobot_ros2) by extension 'ros'
[0.215s] Level 1:colcon.colcon_core.package_identification:_identify(src/mycobot_ros2) by extensions ['cmake', 'python']
[0.215s] Level 1:colcon.colcon_core.package_identification:_identify(src/mycobot_ros2) by extension 'cmake'
[0.215s] Level 1:colcon.colcon_core.package_identification:_identify(src/mycobot_ros2) by extension 'python'
[0.215s] Level 1:colcon.colcon_core.package_identification:_identify(src/mycobot_ros2) by extensions ['python_setup_py']
[0.215s] Level 1:colcon.colcon_core.package_identification:_identify(src/mycobot_ros2) by extension 'python_setup_py'
[0.216s] Level 1:colcon.colcon_core.package_identification:_identify(src/mycobot_ros2/mycobot_bringup) by extensions ['ignore', 'ignore_ament_install']
[0.216s] Level 1:colcon.colcon_core.package_identification:_identify(src/mycobot_ros2/mycobot_bringup) by extension 'ignore'
[0.216s] Level 1:colcon.colcon_core.package_identification:_identify(src/mycobot_ros2/mycobot_bringup) by extension 'ignore_ament_install'
[0.216s] Level 1:colcon.colcon_core.package_identification:_identify(src/mycobot_ros2/mycobot_bringup) by extensions ['colcon_pkg']
[0.216s] Level 1:colcon.colcon_core.package_identification:_identify(src/mycobot_ros2/mycobot_bringup) by extension 'colcon_pkg'
[0.216s] Level 1:colcon.colcon_core.package_identification:_identify(src/mycobot_ros2/mycobot_bringup) by extensions ['colcon_meta']
[0.216s] Level 1:colcon.colcon_core.package_identification:_identify(src/mycobot_ros2/mycobot_bringup) by extension 'colcon_meta'
[0.216s] Level 1:colcon.colcon_core.package_identification:_identify(src/mycobot_ros2/mycobot_bringup) by extensions ['ros']
[0.216s] Level 1:colcon.colcon_core.package_identification:_identify(src/mycobot_ros2/mycobot_bringup) by extension 'ros'
[0.216s] DEBUG:colcon.colcon_core.package_identification:Package 'src/mycobot_ros2/mycobot_bringup' with type 'ros.ament_cmake' and name 'mycobot_bringup'
[0.216s] Level 1:colcon.colcon_core.package_identification:_identify(src/mycobot_ros2/mycobot_description) by extensions ['ignore', 'ignore_ament_install']
[0.216s] Level 1:colcon.colcon_core.package_identification:_identify(src/mycobot_ros2/mycobot_description) by extension 'ignore'
[0.216s] Level 1:colcon.colcon_core.package_identification:_identify(src/mycobot_ros2/mycobot_description) by extension 'ignore_ament_install'
[0.217s] Level 1:colcon.colcon_core.package_identification:_identify(src/mycobot_ros2/mycobot_description) by extensions ['colcon_pkg']
[0.217s] Level 1:colcon.colcon_core.package_identification:_identify(src/mycobot_ros2/mycobot_description) by extension 'colcon_pkg'
[0.217s] Level 1:colcon.colcon_core.package_identification:_identify(src/mycobot_ros2/mycobot_description) by extensions ['colcon_meta']
[0.217s] Level 1:colcon.colcon_core.package_identification:_identify(src/mycobot_ros2/mycobot_description) by extension 'colcon_meta'
[0.217s] Level 1:colcon.colcon_core.package_identification:_identify(src/mycobot_ros2/mycobot_description) by extensions ['ros']
[0.217s] Level 1:colcon.colcon_core.package_identification:_identify(src/mycobot_ros2/mycobot_description) by extension 'ros'
[0.217s] DEBUG:colcon.colcon_core.package_identification:Package 'src/mycobot_ros2/mycobot_description' with type 'ros.ament_cmake' and name 'mycobot_description'
[0.217s] Level 1:colcon.colcon_core.package_identification:_identify(src/mycobot_ros2/mycobot_gazebo) by extensions ['ignore', 'ignore_ament_install']
[0.217s] Level 1:colcon.colcon_core.package_identification:_identify(src/mycobot_ros2/mycobot_gazebo) by extension 'ignore'
[0.217s] Level 1:colcon.colcon_core.package_identification:_identify(src/mycobot_ros2/mycobot_gazebo) by extension 'ignore_ament_install'
[0.217s] Level 1:colcon.colcon_core.package_identification:_identify(src/mycobot_ros2/mycobot_gazebo) by extensions ['colcon_pkg']
[0.217s] Level 1:colcon.colcon_core.package_identification:_identify(src/mycobot_ros2/mycobot_gazebo) by extension 'colcon_pkg'
[0.217s] Level 1:colcon.colcon_core.package_identification:_identify(src/mycobot_ros2/mycobot_gazebo) by extensions ['colcon_meta']
[0.218s] Level 1:colcon.colcon_core.package_identification:_identify(src/mycobot_ros2/mycobot_gazebo) by extension 'colcon_meta'
[0.218s] Level 1:colcon.colcon_core.package_identification:_identify(src/mycobot_ros2/mycobot_gazebo) by extensions ['ros']
[0.218s] Level 1:colcon.colcon_core.package_identification:_identify(src/mycobot_ros2/mycobot_gazebo) by extension 'ros'
[0.219s] DEBUG:colcon.colcon_core.package_identification:Package 'src/mycobot_ros2/mycobot_gazebo' with type 'ros.ament_cmake' and name 'mycobot_gazebo'
[0.219s] Level 1:colcon.colcon_core.package_identification:_identify(src/mycobot_ros2/mycobot_interfaces) by extensions ['ignore', 'ignore_ament_install']
[0.219s] Level 1:colcon.colcon_core.package_identification:_identify(src/mycobot_ros2/mycobot_interfaces) by extension 'ignore'
[0.219s] Level 1:colcon.colcon_core.package_identification:_identify(src/mycobot_ros2/mycobot_interfaces) by extension 'ignore_ament_install'
[0.219s] Level 1:colcon.colcon_core.package_identification:_identify(src/mycobot_ros2/mycobot_interfaces) by extensions ['colcon_pkg']
[0.219s] Level 1:colcon.colcon_core.package_identification:_identify(src/mycobot_ros2/mycobot_interfaces) by extension 'colcon_pkg'
[0.219s] Level 1:colcon.colcon_core.package_identification:_identify(src/mycobot_ros2/mycobot_interfaces) by extensions ['colcon_meta']
[0.219s] Level 1:colcon.colcon_core.package_identification:_identify(src/mycobot_ros2/mycobot_interfaces) by extension 'colcon_meta'
[0.219s] Level 1:colcon.colcon_core.package_identification:_identify(src/mycobot_ros2/mycobot_interfaces) by extensions ['ros']
[0.219s] Level 1:colcon.colcon_core.package_identification:_identify(src/mycobot_ros2/mycobot_interfaces) by extension 'ros'
[0.220s] DEBUG:colcon.colcon_core.package_identification:Package 'src/mycobot_ros2/mycobot_interfaces' with type 'ros.ament_cmake' and name 'mycobot_interfaces'
[0.220s] Level 1:colcon.colcon_core.package_identification:_identify(src/mycobot_ros2/mycobot_moveit_config) by extensions ['ignore', 'ignore_ament_install']
[0.220s] Level 1:colcon.colcon_core.package_identification:_identify(src/mycobot_ros2/mycobot_moveit_config) by extension 'ignore'
[0.220s] Level 1:colcon.colcon_core.package_identification:_identify(src/mycobot_ros2/mycobot_moveit_config) by extension 'ignore_ament_install'
[0.220s] Level 1:colcon.colcon_core.package_identification:_identify(src/mycobot_ros2/mycobot_moveit_config) by extensions ['colcon_pkg']
[0.220s] Level 1:colcon.colcon_core.package_identification:_identify(src/mycobot_ros2/mycobot_moveit_config) by extension 'colcon_pkg'
[0.220s] Level 1:colcon.colcon_core.package_identification:_identify(src/mycobot_ros2/mycobot_moveit_config) by extensions ['colcon_meta']
[0.220s] Level 1:colcon.colcon_core.package_identification:_identify(src/mycobot_ros2/mycobot_moveit_config) by extension 'colcon_meta'
[0.220s] Level 1:colcon.colcon_core.package_identification:_identify(src/mycobot_ros2/mycobot_moveit_config) by extensions ['ros']
[0.220s] Level 1:colcon.colcon_core.package_identification:_identify(src/mycobot_ros2/mycobot_moveit_config) by extension 'ros'
[0.221s] DEBUG:colcon.colcon_core.package_identification:Package 'src/mycobot_ros2/mycobot_moveit_config' with type 'ros.ament_cmake' and name 'mycobot_moveit_config'
[0.221s] Level 1:colcon.colcon_core.package_identification:_identify(src/mycobot_ros2/mycobot_moveit_demos) by extensions ['ignore', 'ignore_ament_install']
[0.221s] Level 1:colcon.colcon_core.package_identification:_identify(src/mycobot_ros2/mycobot_moveit_demos) by extension 'ignore'
[0.221s] Level 1:colcon.colcon_core.package_identification:_identify(src/mycobot_ros2/mycobot_moveit_demos) by extension 'ignore_ament_install'
[0.221s] Level 1:colcon.colcon_core.package_identification:_identify(src/mycobot_ros2/mycobot_moveit_demos) by extensions ['colcon_pkg']
[0.221s] Level 1:colcon.colcon_core.package_identification:_identify(src/mycobot_ros2/mycobot_moveit_demos) by extension 'colcon_pkg'
[0.221s] Level 1:colcon.colcon_core.package_identification:_identify(src/mycobot_ros2/mycobot_moveit_demos) by extensions ['colcon_meta']
[0.221s] Level 1:colcon.colcon_core.package_identification:_identify(src/mycobot_ros2/mycobot_moveit_demos) by extension 'colcon_meta'
[0.221s] Level 1:colcon.colcon_core.package_identification:_identify(src/mycobot_ros2/mycobot_moveit_demos) by extensions ['ros']
[0.221s] Level 1:colcon.colcon_core.package_identification:_identify(src/mycobot_ros2/mycobot_moveit_demos) by extension 'ros'
[0.222s] DEBUG:colcon.colcon_core.package_identification:Package 'src/mycobot_ros2/mycobot_moveit_demos' with type 'ros.ament_cmake' and name 'mycobot_moveit_demos'
[0.222s] Level 1:colcon.colcon_core.package_identification:_identify(src/mycobot_ros2/mycobot_mtc_demos) by extensions ['ignore', 'ignore_ament_install']
[0.222s] Level 1:colcon.colcon_core.package_identification:_identify(src/mycobot_ros2/mycobot_mtc_demos) by extension 'ignore'
[0.222s] Level 1:colcon.colcon_core.package_identification:_identify(src/mycobot_ros2/mycobot_mtc_demos) by extension 'ignore_ament_install'
[0.222s] Level 1:colcon.colcon_core.package_identification:_identify(src/mycobot_ros2/mycobot_mtc_demos) by extensions ['colcon_pkg']
[0.222s] Level 1:colcon.colcon_core.package_identification:_identify(src/mycobot_ros2/mycobot_mtc_demos) by extension 'colcon_pkg'
[0.222s] Level 1:colcon.colcon_core.package_identification:_identify(src/mycobot_ros2/mycobot_mtc_demos) by extensions ['colcon_meta']
[0.222s] Level 1:colcon.colcon_core.package_identification:_identify(src/mycobot_ros2/mycobot_mtc_demos) by extension 'colcon_meta'
[0.222s] Level 1:colcon.colcon_core.package_identification:_identify(src/mycobot_ros2/mycobot_mtc_demos) by extensions ['ros']
[0.222s] Level 1:colcon.colcon_core.package_identification:_identify(src/mycobot_ros2/mycobot_mtc_demos) by extension 'ros'
[0.223s] DEBUG:colcon.colcon_core.package_identification:Package 'src/mycobot_ros2/mycobot_mtc_demos' with type 'ros.ament_cmake' and name 'mycobot_mtc_demos'
[0.223s] Level 1:colcon.colcon_core.package_identification:_identify(src/mycobot_ros2/mycobot_mtc_pick_place_demo) by extensions ['ignore', 'ignore_ament_install']
[0.223s] Level 1:colcon.colcon_core.package_identification:_identify(src/mycobot_ros2/mycobot_mtc_pick_place_demo) by extension 'ignore'
[0.223s] Level 1:colcon.colcon_core.package_identification:_identify(src/mycobot_ros2/mycobot_mtc_pick_place_demo) by extension 'ignore_ament_install'
[0.223s] Level 1:colcon.colcon_core.package_identification:_identify(src/mycobot_ros2/mycobot_mtc_pick_place_demo) by extensions ['colcon_pkg']
[0.223s] Level 1:colcon.colcon_core.package_identification:_identify(src/mycobot_ros2/mycobot_mtc_pick_place_demo) by extension 'colcon_pkg'
[0.223s] Level 1:colcon.colcon_core.package_identification:_identify(src/mycobot_ros2/mycobot_mtc_pick_place_demo) by extensions ['colcon_meta']
[0.223s] Level 1:colcon.colcon_core.package_identification:_identify(src/mycobot_ros2/mycobot_mtc_pick_place_demo) by extension 'colcon_meta'
[0.223s] Level 1:colcon.colcon_core.package_identification:_identify(src/mycobot_ros2/mycobot_mtc_pick_place_demo) by extensions ['ros']
[0.223s] Level 1:colcon.colcon_core.package_identification:_identify(src/mycobot_ros2/mycobot_mtc_pick_place_demo) by extension 'ros'
[0.224s] DEBUG:colcon.colcon_core.package_identification:Package 'src/mycobot_ros2/mycobot_mtc_pick_place_demo' with type 'ros.ament_cmake' and name 'mycobot_mtc_pick_place_demo'
[0.224s] Level 1:colcon.colcon_core.package_identification:_identify(src/mycobot_ros2/mycobot_ros2) by extensions ['ignore', 'ignore_ament_install']
[0.224s] Level 1:colcon.colcon_core.package_identification:_identify(src/mycobot_ros2/mycobot_ros2) by extension 'ignore'
[0.225s] Level 1:colcon.colcon_core.package_identification:_identify(src/mycobot_ros2/mycobot_ros2) by extension 'ignore_ament_install'
[0.225s] Level 1:colcon.colcon_core.package_identification:_identify(src/mycobot_ros2/mycobot_ros2) by extensions ['colcon_pkg']
[0.225s] Level 1:colcon.colcon_core.package_identification:_identify(src/mycobot_ros2/mycobot_ros2) by extension 'colcon_pkg'
[0.225s] Level 1:colcon.colcon_core.package_identification:_identify(src/mycobot_ros2/mycobot_ros2) by extensions ['colcon_meta']
[0.225s] Level 1:colcon.colcon_core.package_identification:_identify(src/mycobot_ros2/mycobot_ros2) by extension 'colcon_meta'
[0.225s] Level 1:colcon.colcon_core.package_identification:_identify(src/mycobot_ros2/mycobot_ros2) by extensions ['ros']
[0.225s] Level 1:colcon.colcon_core.package_identification:_identify(src/mycobot_ros2/mycobot_ros2) by extension 'ros'
[0.225s] DEBUG:colcon.colcon_core.package_identification:Package 'src/mycobot_ros2/mycobot_ros2' with type 'ros.ament_cmake' and name 'mycobot_ros2'
[0.225s] Level 1:colcon.colcon_core.package_identification:_identify(src/mycobot_ros2/mycobot_system_tests) by extensions ['ignore', 'ignore_ament_install']
[0.225s] Level 1:colcon.colcon_core.package_identification:_identify(src/mycobot_ros2/mycobot_system_tests) by extension 'ignore'
[0.225s] Level 1:colcon.colcon_core.package_identification:_identify(src/mycobot_ros2/mycobot_system_tests) by extension 'ignore_ament_install'
[0.225s] Level 1:colcon.colcon_core.package_identification:_identify(src/mycobot_ros2/mycobot_system_tests) by extensions ['colcon_pkg']
[0.225s] Level 1:colcon.colcon_core.package_identification:_identify(src/mycobot_ros2/mycobot_system_tests) by extension 'colcon_pkg'
[0.225s] Level 1:colcon.colcon_core.package_identification:_identify(src/mycobot_ros2/mycobot_system_tests) by extensions ['colcon_meta']
[0.225s] Level 1:colcon.colcon_core.package_identification:_identify(src/mycobot_ros2/mycobot_system_tests) by extension 'colcon_meta'
[0.226s] Level 1:colcon.colcon_core.package_identification:_identify(src/mycobot_ros2/mycobot_system_tests) by extensions ['ros']
[0.226s] Level 1:colcon.colcon_core.package_identification:_identify(src/mycobot_ros2/mycobot_system_tests) by extension 'ros'
[0.226s] DEBUG:colcon.colcon_core.package_identification:Package 'src/mycobot_ros2/mycobot_system_tests' with type 'ros.ament_cmake' and name 'mycobot_system_tests'
[0.226s] Level 1:colcon.colcon_core.package_discovery:discover_packages(recursive) using defaults
[0.226s] Level 1:colcon.colcon_core.package_discovery:discover_packages(ignore) discover
[0.226s] Level 1:colcon.colcon_core.package_discovery:discover_packages(ignore) using defaults
[0.226s] Level 1:colcon.colcon_core.package_discovery:discover_packages(path) discover
[0.226s] Level 1:colcon.colcon_core.package_discovery:discover_packages(path) using defaults
[0.244s] Level 1:colcon.colcon_core.package_discovery:discover_packages(prefix_path) check parameters
[0.244s] Level 1:colcon.colcon_core.package_discovery:discover_packages(prefix_path) discover
[0.246s] DEBUG:colcon.colcon_installed_package_information.package_discovery:Found 11 installed packages in /home/ibrahim/ros2_ws/install
[0.248s] DEBUG:colcon.colcon_installed_package_information.package_discovery:Found 425 installed packages in /opt/ros/jazzy
[0.249s] Level 1:colcon.colcon_core.package_discovery:discover_packages(prefix_path) using defaults
[0.305s] Level 5:colcon.colcon_core.verb:set package 'arm_serial_bridge' build argument 'cmake_args' from command line to 'None'
[0.305s] Level 5:colcon.colcon_core.verb:set package 'arm_serial_bridge' build argument 'cmake_target' from command line to 'None'
[0.305s] Level 5:colcon.colcon_core.verb:set package 'arm_serial_bridge' build argument 'cmake_target_skip_unavailable' from command line to 'False'
[0.305s] Level 5:colcon.colcon_core.verb:set package 'arm_serial_bridge' build argument 'cmake_clean_cache' from command line to 'False'
[0.305s] Level 5:colcon.colcon_core.verb:set package 'arm_serial_bridge' build argument 'cmake_clean_first' from command line to 'False'
[0.305s] Level 5:colcon.colcon_core.verb:set package 'arm_serial_bridge' build argument 'cmake_force_configure' from command line to 'False'
[0.305s] Level 5:colcon.colcon_core.verb:set package 'arm_serial_bridge' build argument 'ament_cmake_args' from command line to 'None'
[0.305s] Level 5:colcon.colcon_core.verb:set package 'arm_serial_bridge' build argument 'catkin_cmake_args' from command line to 'None'
[0.305s] Level 5:colcon.colcon_core.verb:set package 'arm_serial_bridge' build argument 'catkin_skip_building_tests' from command line to 'False'
[0.305s] DEBUG:colcon.colcon_core.verb:Building package 'arm_serial_bridge' with the following arguments: {'ament_cmake_args': None, 'build_base': '/home/ibrahim/ros2_ws/build/arm_serial_bridge', 'catkin_cmake_args': None, 'catkin_skip_building_tests': False, 'cmake_args': None, 'cmake_clean_cache': False, 'cmake_clean_first': False, 'cmake_force_configure': False, 'cmake_target': None, 'cmake_target_skip_unavailable': False, 'install_base': '/home/ibrahim/ros2_ws/install/arm_serial_bridge', 'merge_install': False, 'path': '/home/ibrahim/ros2_ws/src/arm_serial_bridge', 'symlink_install': False, 'test_result_base': None}
[0.305s] Level 5:colcon.colcon_core.verb:set package 'mycobot_bringup' build argument 'cmake_args' from command line to 'None'
[0.305s] Level 5:colcon.colcon_core.verb:set package 'mycobot_bringup' build argument 'cmake_target' from command line to 'None'
[0.305s] Level 5:colcon.colcon_core.verb:set package 'mycobot_bringup' build argument 'cmake_target_skip_unavailable' from command line to 'False'
[0.306s] Level 5:colcon.colcon_core.verb:set package 'mycobot_bringup' build argument 'cmake_clean_cache' from command line to 'False'
[0.306s] Level 5:colcon.colcon_core.verb:set package 'mycobot_bringup' build argument 'cmake_clean_first' from command line to 'False'
[0.306s] Level 5:colcon.colcon_core.verb:set package 'mycobot_bringup' build argument 'cmake_force_configure' from command line to 'False'
[0.306s] Level 5:colcon.colcon_core.verb:set package 'mycobot_bringup' build argument 'ament_cmake_args' from command line to 'None'
[0.306s] Level 5:colcon.colcon_core.verb:set package 'mycobot_bringup' build argument 'catkin_cmake_args' from command line to 'None'
[0.306s] Level 5:colcon.colcon_core.verb:set package 'mycobot_bringup' build argument 'catkin_skip_building_tests' from command line to 'False'
[0.306s] DEBUG:colcon.colcon_core.verb:Building package 'mycobot_bringup' with the following arguments: {'ament_cmake_args': None, 'build_base': '/home/ibrahim/ros2_ws/build/mycobot_bringup', 'catkin_cmake_args': None, 'catkin_skip_building_tests': False, 'cmake_args': None, 'cmake_clean_cache': False, 'cmake_clean_first': False, 'cmake_force_configure': False, 'cmake_target': None, 'cmake_target_skip_unavailable': False, 'install_base': '/home/ibrahim/ros2_ws/install/mycobot_bringup', 'merge_install': False, 'path': '/home/ibrahim/ros2_ws/src/mycobot_ros2/mycobot_bringup', 'symlink_install': False, 'test_result_base': None}
[0.306s] Level 5:colcon.colcon_core.verb:set package 'mycobot_description' build argument 'cmake_args' from command line to 'None'
[0.306s] Level 5:colcon.colcon_core.verb:set package 'mycobot_description' build argument 'cmake_target' from command line to 'None'
[0.306s] Level 5:colcon.colcon_core.verb:set package 'mycobot_description' build argument 'cmake_target_skip_unavailable' from command line to 'False'
[0.306s] Level 5:colcon.colcon_core.verb:set package 'mycobot_description' build argument 'cmake_clean_cache' from command line to 'False'
[0.306s] Level 5:colcon.colcon_core.verb:set package 'mycobot_description' build argument 'cmake_clean_first' from command line to 'False'
[0.306s] Level 5:colcon.colcon_core.verb:set package 'mycobot_description' build argument 'cmake_force_configure' from command line to 'False'
[0.306s] Level 5:colcon.colcon_core.verb:set package 'mycobot_description' build argument 'ament_cmake_args' from command line to 'None'
[0.306s] Level 5:colcon.colcon_core.verb:set package 'mycobot_description' build argument 'catkin_cmake_args' from command line to 'None'
[0.306s] Level 5:colcon.colcon_core.verb:set package 'mycobot_description' build argument 'catkin_skip_building_tests' from command line to 'False'
[0.306s] DEBUG:colcon.colcon_core.verb:Building package 'mycobot_description' with the following arguments: {'ament_cmake_args': None, 'build_base': '/home/ibrahim/ros2_ws/build/mycobot_description', 'catkin_cmake_args': None, 'catkin_skip_building_tests': False, 'cmake_args': None, 'cmake_clean_cache': False, 'cmake_clean_first': False, 'cmake_force_configure': False, 'cmake_target': None, 'cmake_target_skip_unavailable': False, 'install_base': '/home/ibrahim/ros2_ws/install/mycobot_description', 'merge_install': False, 'path': '/home/ibrahim/ros2_ws/src/mycobot_ros2/mycobot_description', 'symlink_install': False, 'test_result_base': None}
[0.306s] Level 5:colcon.colcon_core.verb:set package 'mycobot_gazebo' build argument 'cmake_args' from command line to 'None'
[0.306s] Level 5:colcon.colcon_core.verb:set package 'mycobot_gazebo' build argument 'cmake_target' from command line to 'None'
[0.306s] Level 5:colcon.colcon_core.verb:set package 'mycobot_gazebo' build argument 'cmake_target_skip_unavailable' from command line to 'False'
[0.306s] Level 5:colcon.colcon_core.verb:set package 'mycobot_gazebo' build argument 'cmake_clean_cache' from command line to 'False'
[0.306s] Level 5:colcon.colcon_core.verb:set package 'mycobot_gazebo' build argument 'cmake_clean_first' from command line to 'False'
[0.306s] Level 5:colcon.colcon_core.verb:set package 'mycobot_gazebo' build argument 'cmake_force_configure' from command line to 'False'
[0.306s] Level 5:colcon.colcon_core.verb:set package 'mycobot_gazebo' build argument 'ament_cmake_args' from command line to 'None'
[0.306s] Level 5:colcon.colcon_core.verb:set package 'mycobot_gazebo' build argument 'catkin_cmake_args' from command line to 'None'
[0.306s] Level 5:colcon.colcon_core.verb:set package 'mycobot_gazebo' build argument 'catkin_skip_building_tests' from command line to 'False'
[0.306s] DEBUG:colcon.colcon_core.verb:Building package 'mycobot_gazebo' with the following arguments: {'ament_cmake_args': None, 'build_base': '/home/ibrahim/ros2_ws/build/mycobot_gazebo', 'catkin_cmake_args': None, 'catkin_skip_building_tests': False, 'cmake_args': None, 'cmake_clean_cache': False, 'cmake_clean_first': False, 'cmake_force_configure': False, 'cmake_target': None, 'cmake_target_skip_unavailable': False, 'install_base': '/home/ibrahim/ros2_ws/install/mycobot_gazebo', 'merge_install': False, 'path': '/home/ibrahim/ros2_ws/src/mycobot_ros2/mycobot_gazebo', 'symlink_install': False, 'test_result_base': None}
[0.307s] Level 5:colcon.colcon_core.verb:set package 'mycobot_interfaces' build argument 'cmake_args' from command line to 'None'
[0.307s] Level 5:colcon.colcon_core.verb:set package 'mycobot_interfaces' build argument 'cmake_target' from command line to 'None'
[0.307s] Level 5:colcon.colcon_core.verb:set package 'mycobot_interfaces' build argument 'cmake_target_skip_unavailable' from command line to 'False'
[0.307s] Level 5:colcon.colcon_core.verb:set package 'mycobot_interfaces' build argument 'cmake_clean_cache' from command line to 'False'
[0.307s] Level 5:colcon.colcon_core.verb:set package 'mycobot_interfaces' build argument 'cmake_clean_first' from command line to 'False'
[0.307s] Level 5:colcon.colcon_core.verb:set package 'mycobot_interfaces' build argument 'cmake_force_configure' from command line to 'False'
[0.307s] Level 5:colcon.colcon_core.verb:set package 'mycobot_interfaces' build argument 'ament_cmake_args' from command line to 'None'
[0.307s] Level 5:colcon.colcon_core.verb:set package 'mycobot_interfaces' build argument 'catkin_cmake_args' from command line to 'None'
[0.307s] Level 5:colcon.colcon_core.verb:set package 'mycobot_interfaces' build argument 'catkin_skip_building_tests' from command line to 'False'
[0.307s] DEBUG:colcon.colcon_core.verb:Building package 'mycobot_interfaces' with the following arguments: {'ament_cmake_args': None, 'build_base': '/home/ibrahim/ros2_ws/build/mycobot_interfaces', 'catkin_cmake_args': None, 'catkin_skip_building_tests': False, 'cmake_args': None, 'cmake_clean_cache': False, 'cmake_clean_first': False, 'cmake_force_configure': False, 'cmake_target': None, 'cmake_target_skip_unavailable': False, 'install_base': '/home/ibrahim/ros2_ws/install/mycobot_interfaces', 'merge_install': False, 'path': '/home/ibrahim/ros2_ws/src/mycobot_ros2/mycobot_interfaces', 'symlink_install': False, 'test_result_base': None}
[0.307s] Level 5:colcon.colcon_core.verb:set package 'mycobot_moveit_config' build argument 'cmake_args' from command line to 'None'
[0.307s] Level 5:colcon.colcon_core.verb:set package 'mycobot_moveit_config' build argument 'cmake_target' from command line to 'None'
[0.307s] Level 5:colcon.colcon_core.verb:set package 'mycobot_moveit_config' build argument 'cmake_target_skip_unavailable' from command line to 'False'
[0.307s] Level 5:colcon.colcon_core.verb:set package 'mycobot_moveit_config' build argument 'cmake_clean_cache' from command line to 'False'
[0.307s] Level 5:colcon.colcon_core.verb:set package 'mycobot_moveit_config' build argument 'cmake_clean_first' from command line to 'False'
[0.307s] Level 5:colcon.colcon_core.verb:set package 'mycobot_moveit_config' build argument 'cmake_force_configure' from command line to 'False'
[0.307s] Level 5:colcon.colcon_core.verb:set package 'mycobot_moveit_config' build argument 'ament_cmake_args' from command line to 'None'
[0.307s] Level 5:colcon.colcon_core.verb:set package 'mycobot_moveit_config' build argument 'catkin_cmake_args' from command line to 'None'
[0.307s] Level 5:colcon.colcon_core.verb:set package 'mycobot_moveit_config' build argument 'catkin_skip_building_tests' from command line to 'False'
[0.307s] DEBUG:colcon.colcon_core.verb:Building package 'mycobot_moveit_config' with the following arguments: {'ament_cmake_args': None, 'build_base': '/home/ibrahim/ros2_ws/build/mycobot_moveit_config', 'catkin_cmake_args': None, 'catkin_skip_building_tests': False, 'cmake_args': None, 'cmake_clean_cache': False, 'cmake_clean_first': False, 'cmake_force_configure': False, 'cmake_target': None, 'cmake_target_skip_unavailable': False, 'install_base': '/home/ibrahim/ros2_ws/install/mycobot_moveit_config', 'merge_install': False, 'path': '/home/ibrahim/ros2_ws/src/mycobot_ros2/mycobot_moveit_config', 'symlink_install': False, 'test_result_base': None}
[0.307s] Level 5:colcon.colcon_core.verb:set package 'mycobot_moveit_demos' build argument 'cmake_args' from command line to 'None'
[0.307s] Level 5:colcon.colcon_core.verb:set package 'mycobot_moveit_demos' build argument 'cmake_target' from command line to 'None'
[0.307s] Level 5:colcon.colcon_core.verb:set package 'mycobot_moveit_demos' build argument 'cmake_target_skip_unavailable' from command line to 'False'
[0.307s] Level 5:colcon.colcon_core.verb:set package 'mycobot_moveit_demos' build argument 'cmake_clean_cache' from command line to 'False'
[0.307s] Level 5:colcon.colcon_core.verb:set package 'mycobot_moveit_demos' build argument 'cmake_clean_first' from command line to 'False'
[0.307s] Level 5:colcon.colcon_core.verb:set package 'mycobot_moveit_demos' build argument 'cmake_force_configure' from command line to 'False'
[0.307s] Level 5:colcon.colcon_core.verb:set package 'mycobot_moveit_demos' build argument 'ament_cmake_args' from command line to 'None'
[0.308s] Level 5:colcon.colcon_core.verb:set package 'mycobot_moveit_demos' build argument 'catkin_cmake_args' from command line to 'None'
[0.308s] Level 5:colcon.colcon_core.verb:set package 'mycobot_moveit_demos' build argument 'catkin_skip_building_tests' from command line to 'False'
[0.308s] DEBUG:colcon.colcon_core.verb:Building package 'mycobot_moveit_demos' with the following arguments: {'ament_cmake_args': None, 'build_base': '/home/ibrahim/ros2_ws/build/mycobot_moveit_demos', 'catkin_cmake_args': None, 'catkin_skip_building_tests': False, 'cmake_args': None, 'cmake_clean_cache': False, 'cmake_clean_first': False, 'cmake_force_configure': False, 'cmake_target': None, 'cmake_target_skip_unavailable': False, 'install_base': '/home/ibrahim/ros2_ws/install/mycobot_moveit_demos', 'merge_install': False, 'path': '/home/ibrahim/ros2_ws/src/mycobot_ros2/mycobot_moveit_demos', 'symlink_install': False, 'test_result_base': None}
[0.308s] Level 5:colcon.colcon_core.verb:set package 'mycobot_mtc_demos' build argument 'cmake_args' from command line to 'None'
[0.308s] Level 5:colcon.colcon_core.verb:set package 'mycobot_mtc_demos' build argument 'cmake_target' from command line to 'None'
[0.308s] Level 5:colcon.colcon_core.verb:set package 'mycobot_mtc_demos' build argument 'cmake_target_skip_unavailable' from command line to 'False'
[0.308s] Level 5:colcon.colcon_core.verb:set package 'mycobot_mtc_demos' build argument 'cmake_clean_cache' from command line to 'False'
[0.308s] Level 5:colcon.colcon_core.verb:set package 'mycobot_mtc_demos' build argument 'cmake_clean_first' from command line to 'False'
[0.308s] Level 5:colcon.colcon_core.verb:set package 'mycobot_mtc_demos' build argument 'cmake_force_configure' from command line to 'False'
[0.308s] Level 5:colcon.colcon_core.verb:set package 'mycobot_mtc_demos' build argument 'ament_cmake_args' from command line to 'None'
[0.308s] Level 5:colcon.colcon_core.verb:set package 'mycobot_mtc_demos' build argument 'catkin_cmake_args' from command line to 'None'
[0.308s] Level 5:colcon.colcon_core.verb:set package 'mycobot_mtc_demos' build argument 'catkin_skip_building_tests' from command line to 'False'
[0.308s] DEBUG:colcon.colcon_core.verb:Building package 'mycobot_mtc_demos' with the following arguments: {'ament_cmake_args': None, 'build_base': '/home/ibrahim/ros2_ws/build/mycobot_mtc_demos', 'catkin_cmake_args': None, 'catkin_skip_building_tests': False, 'cmake_args': None, 'cmake_clean_cache': False, 'cmake_clean_first': False, 'cmake_force_configure': False, 'cmake_target': None, 'cmake_target_skip_unavailable': False, 'install_base': '/home/ibrahim/ros2_ws/install/mycobot_mtc_demos', 'merge_install': False, 'path': '/home/ibrahim/ros2_ws/src/mycobot_ros2/mycobot_mtc_demos', 'symlink_install': False, 'test_result_base': None}
[0.308s] Level 5:colcon.colcon_core.verb:set package 'mycobot_system_tests' build argument 'cmake_args' from command line to 'None'
[0.308s] Level 5:colcon.colcon_core.verb:set package 'mycobot_system_tests' build argument 'cmake_target' from command line to 'None'
[0.308s] Level 5:colcon.colcon_core.verb:set package 'mycobot_system_tests' build argument 'cmake_target_skip_unavailable' from command line to 'False'
[0.308s] Level 5:colcon.colcon_core.verb:set package 'mycobot_system_tests' build argument 'cmake_clean_cache' from command line to 'False'
[0.308s] Level 5:colcon.colcon_core.verb:set package 'mycobot_system_tests' build argument 'cmake_clean_first' from command line to 'False'
[0.308s] Level 5:colcon.colcon_core.verb:set package 'mycobot_system_tests' build argument 'cmake_force_configure' from command line to 'False'
[0.308s] Level 5:colcon.colcon_core.verb:set package 'mycobot_system_tests' build argument 'ament_cmake_args' from command line to 'None'
[0.308s] Level 5:colcon.colcon_core.verb:set package 'mycobot_system_tests' build argument 'catkin_cmake_args' from command line to 'None'
[0.308s] Level 5:colcon.colcon_core.verb:set package 'mycobot_system_tests' build argument 'catkin_skip_building_tests' from command line to 'False'
[0.308s] DEBUG:colcon.colcon_core.verb:Building package 'mycobot_system_tests' with the following arguments: {'ament_cmake_args': None, 'build_base': '/home/ibrahim/ros2_ws/build/mycobot_system_tests', 'catkin_cmake_args': None, 'catkin_skip_building_tests': False, 'cmake_args': None, 'cmake_clean_cache': False, 'cmake_clean_first': False, 'cmake_force_configure': False, 'cmake_target': None, 'cmake_target_skip_unavailable': False, 'install_base': '/home/ibrahim/ros2_ws/install/mycobot_system_tests', 'merge_install': False, 'path': '/home/ibrahim/ros2_ws/src/mycobot_ros2/mycobot_system_tests', 'symlink_install': False, 'test_result_base': None}
[0.309s] Level 5:colcon.colcon_core.verb:set package 'mycobot_mtc_pick_place_demo' build argument 'cmake_args' from command line to 'None'
[0.309s] Level 5:colcon.colcon_core.verb:set package 'mycobot_mtc_pick_place_demo' build argument 'cmake_target' from command line to 'None'
[0.309s] Level 5:colcon.colcon_core.verb:set package 'mycobot_mtc_pick_place_demo' build argument 'cmake_target_skip_unavailable' from command line to 'False'
[0.309s] Level 5:colcon.colcon_core.verb:set package 'mycobot_mtc_pick_place_demo' build argument 'cmake_clean_cache' from command line to 'False'
[0.309s] Level 5:colcon.colcon_core.verb:set package 'mycobot_mtc_pick_place_demo' build argument 'cmake_clean_first' from command line to 'False'
[0.309s] Level 5:colcon.colcon_core.verb:set package 'mycobot_mtc_pick_place_demo' build argument 'cmake_force_configure' from command line to 'False'
[0.309s] Level 5:colcon.colcon_core.verb:set package 'mycobot_mtc_pick_place_demo' build argument 'ament_cmake_args' from command line to 'None'
[0.309s] Level 5:colcon.colcon_core.verb:set package 'mycobot_mtc_pick_place_demo' build argument 'catkin_cmake_args' from command line to 'None'
[0.309s] Level 5:colcon.colcon_core.verb:set package 'mycobot_mtc_pick_place_demo' build argument 'catkin_skip_building_tests' from command line to 'False'
[0.309s] DEBUG:colcon.colcon_core.verb:Building package 'mycobot_mtc_pick_place_demo' with the following arguments: {'ament_cmake_args': None, 'build_base': '/home/ibrahim/ros2_ws/build/mycobot_mtc_pick_place_demo', 'catkin_cmake_args': None, 'catkin_skip_building_tests': False, 'cmake_args': None, 'cmake_clean_cache': False, 'cmake_clean_first': False, 'cmake_force_configure': False, 'cmake_target': None, 'cmake_target_skip_unavailable': False, 'install_base': '/home/ibrahim/ros2_ws/install/mycobot_mtc_pick_place_demo', 'merge_install': False, 'path': '/home/ibrahim/ros2_ws/src/mycobot_ros2/mycobot_mtc_pick_place_demo', 'symlink_install': False, 'test_result_base': None}
[0.309s] Level 5:colcon.colcon_core.verb:set package 'mycobot_ros2' build argument 'cmake_args' from command line to 'None'
[0.309s] Level 5:colcon.colcon_core.verb:set package 'mycobot_ros2' build argument 'cmake_target' from command line to 'None'
[0.309s] Level 5:colcon.colcon_core.verb:set package 'mycobot_ros2' build argument 'cmake_target_skip_unavailable' from command line to 'False'
[0.309s] Level 5:colcon.colcon_core.verb:set package 'mycobot_ros2' build argument 'cmake_clean_cache' from command line to 'False'
[0.309s] Level 5:colcon.colcon_core.verb:set package 'mycobot_ros2' build argument 'cmake_clean_first' from command line to 'False'
[0.309s] Level 5:colcon.colcon_core.verb:set package 'mycobot_ros2' build argument 'cmake_force_configure' from command line to 'False'
[0.309s] Level 5:colcon.colcon_core.verb:set package 'mycobot_ros2' build argument 'ament_cmake_args' from command line to 'None'
[0.309s] Level 5:colcon.colcon_core.verb:set package 'mycobot_ros2' build argument 'catkin_cmake_args' from command line to 'None'
[0.309s] Level 5:colcon.colcon_core.verb:set package 'mycobot_ros2' build argument 'catkin_skip_building_tests' from command line to 'False'
[0.309s] DEBUG:colcon.colcon_core.verb:Building package 'mycobot_ros2' with the following arguments: {'ament_cmake_args': None, 'build_base': '/home/ibrahim/ros2_ws/build/mycobot_ros2', 'catkin_cmake_args': None, 'catkin_skip_building_tests': False, 'cmake_args': None, 'cmake_clean_cache': False, 'cmake_clean_first': False, 'cmake_force_configure': False, 'cmake_target': None, 'cmake_target_skip_unavailable': False, 'install_base': '/home/ibrahim/ros2_ws/install/mycobot_ros2', 'merge_install': False, 'path': '/home/ibrahim/ros2_ws/src/mycobot_ros2/mycobot_ros2', 'symlink_install': False, 'test_result_base': None}
[0.309s] INFO:colcon.colcon_core.executor:Executing jobs using 'parallel' executor
[0.311s] DEBUG:colcon.colcon_parallel_executor.executor.parallel:run_until_complete
[0.312s] INFO:colcon.colcon_ros.task.ament_cmake.build:Building ROS package in '/home/ibrahim/ros2_ws/src/mycobot_ros2/mycobot_bringup' with build type 'ament_cmake'
[0.312s] INFO:colcon.colcon_cmake.task.cmake.build:Building CMake package in '/home/ibrahim/ros2_ws/src/mycobot_ros2/mycobot_bringup'
[0.315s] INFO:colcon.colcon_core.plugin_system:Skipping extension 'colcon_core.shell.bat': Not used on non-Windows systems
[0.315s] INFO:colcon.colcon_core.shell:Skip shell extension 'powershell' for command environment: Not usable outside of PowerShell
[0.315s] DEBUG:colcon.colcon_core.shell:Skip shell extension 'dsv' for command environment
[0.324s] INFO:colcon.colcon_ros.task.ament_cmake.build:Building ROS package in '/home/ibrahim/ros2_ws/src/mycobot_ros2/mycobot_description' with build type 'ament_cmake'
[0.324s] INFO:colcon.colcon_cmake.task.cmake.build:Building CMake package in '/home/ibrahim/ros2_ws/src/mycobot_ros2/mycobot_description'
[0.324s] INFO:colcon.colcon_core.shell:Skip shell extension 'powershell' for command environment: Not usable outside of PowerShell
[0.324s] DEBUG:colcon.colcon_core.shell:Skip shell extension 'dsv' for command environment
[0.333s] INFO:colcon.colcon_ros.task.ament_cmake.build:Building ROS package in '/home/ibrahim/ros2_ws/src/mycobot_ros2/mycobot_gazebo' with build type 'ament_cmake'
[0.333s] INFO:colcon.colcon_cmake.task.cmake.build:Building CMake package in '/home/ibrahim/ros2_ws/src/mycobot_ros2/mycobot_gazebo'
[0.333s] INFO:colcon.colcon_core.shell:Skip shell extension 'powershell' for command environment: Not usable outside of PowerShell
[0.333s] DEBUG:colcon.colcon_core.shell:Skip shell extension 'dsv' for command environment
[0.344s] INFO:colcon.colcon_ros.task.ament_cmake.build:Building ROS package in '/home/ibrahim/ros2_ws/src/mycobot_ros2/mycobot_interfaces' with build type 'ament_cmake'
[0.344s] INFO:colcon.colcon_cmake.task.cmake.build:Building CMake package in '/home/ibrahim/ros2_ws/src/mycobot_ros2/mycobot_interfaces'
[0.344s] INFO:colcon.colcon_core.shell:Skip shell extension 'powershell' for command environment: Not usable outside of PowerShell
[0.345s] DEBUG:colcon.colcon_core.shell:Skip shell extension 'dsv' for command environment
[0.372s] DEBUG:colcon.colcon_core.event_handler.log_command:Invoking command in '/home/ibrahim/ros2_ws/build/mycobot_bringup': CMAKE_PREFIX_PATH=${CMAKE_PREFIX_PATH}:/home/ibrahim/ros2_ws/install/arm_serial_bridge:/opt/ros/jazzy DEBUGINFOD_URLS=https://debuginfod.ubuntu.com /usr/bin/cmake --build /home/ibrahim/ros2_ws/build/mycobot_bringup -- -j4 -l4
[0.378s] DEBUG:colcon.colcon_core.event_handler.log_command:Invoking command in '/home/ibrahim/ros2_ws/build/mycobot_description': CMAKE_PREFIX_PATH=${CMAKE_PREFIX_PATH}:/home/ibrahim/ros2_ws/install/arm_serial_bridge:/opt/ros/jazzy DEBUGINFOD_URLS=https://debuginfod.ubuntu.com /usr/bin/cmake --build /home/ibrahim/ros2_ws/build/mycobot_description -- -j4 -l4
[0.409s] DEBUG:colcon.colcon_core.event_handler.log_command:Invoking command in '/home/ibrahim/ros2_ws/build/mycobot_gazebo': CMAKE_PREFIX_PATH=${CMAKE_PREFIX_PATH}:/home/ibrahim/ros2_ws/install/arm_serial_bridge:/opt/ros/jazzy DEBUGINFOD_URLS=https://debuginfod.ubuntu.com /usr/bin/cmake --build /home/ibrahim/ros2_ws/build/mycobot_gazebo -- -j4 -l4
[0.419s] DEBUG:colcon.colcon_core.event_handler.log_command:Invoking command in '/home/ibrahim/ros2_ws/build/mycobot_interfaces': CMAKE_PREFIX_PATH=${CMAKE_PREFIX_PATH}:/home/ibrahim/ros2_ws/install/arm_serial_bridge:/opt/ros/jazzy DEBUGINFOD_URLS=https://debuginfod.ubuntu.com /usr/bin/cmake --build /home/ibrahim/ros2_ws/build/mycobot_interfaces -- -j4 -l4
[0.554s] DEBUG:colcon.colcon_core.event_handler.log_command:Invoked command in '/home/ibrahim/ros2_ws/build/mycobot_gazebo' returned '0': CMAKE_PREFIX_PATH=${CMAKE_PREFIX_PATH}:/home/ibrahim/ros2_ws/install/arm_serial_bridge:/opt/ros/jazzy DEBUGINFOD_URLS=https://debuginfod.ubuntu.com /usr/bin/cmake --build /home/ibrahim/ros2_ws/build/mycobot_gazebo -- -j4 -l4
[0.595s] DEBUG:colcon.colcon_core.event_handler.log_command:Invoking command in '/home/ibrahim/ros2_ws/build/mycobot_gazebo': CMAKE_PREFIX_PATH=${CMAKE_PREFIX_PATH}:/home/ibrahim/ros2_ws/install/arm_serial_bridge:/opt/ros/jazzy DEBUGINFOD_URLS=https://debuginfod.ubuntu.com /usr/bin/cmake --install /home/ibrahim/ros2_ws/build/mycobot_gazebo
[0.631s] DEBUG:colcon.colcon_core.event_handler.log_command:Invoked command in '/home/ibrahim/ros2_ws/build/mycobot_description' returned '0': CMAKE_PREFIX_PATH=${CMAKE_PREFIX_PATH}:/home/ibrahim/ros2_ws/install/arm_serial_bridge:/opt/ros/jazzy DEBUGINFOD_URLS=https://debuginfod.ubuntu.com /usr/bin/cmake --build /home/ibrahim/ros2_ws/build/mycobot_description -- -j4 -l4
[0.652s] DEBUG:colcon.colcon_core.event_handler.log_command:Invoking command in '/home/ibrahim/ros2_ws/build/mycobot_description': CMAKE_PREFIX_PATH=${CMAKE_PREFIX_PATH}:/home/ibrahim/ros2_ws/install/arm_serial_bridge:/opt/ros/jazzy DEBUGINFOD_URLS=https://debuginfod.ubuntu.com /usr/bin/cmake --install /home/ibrahim/ros2_ws/build/mycobot_description
[0.653s] DEBUG:colcon.colcon_core.event_handler.log_command:Invoked command in '/home/ibrahim/ros2_ws/build/mycobot_bringup' returned '0': CMAKE_PREFIX_PATH=${CMAKE_PREFIX_PATH}:/home/ibrahim/ros2_ws/install/arm_serial_bridge:/opt/ros/jazzy DEBUGINFOD_URLS=https://debuginfod.ubuntu.com /usr/bin/cmake --build /home/ibrahim/ros2_ws/build/mycobot_bringup -- -j4 -l4
[0.705s] Level 1:colcon.colcon_core.environment:create_environment_scripts_only(mycobot_description)
[0.741s] Level 1:colcon.colcon_core.environment:checking '/home/ibrahim/ros2_ws/install/mycobot_description' for CMake module files
[0.745s] Level 1:colcon.colcon_core.environment:checking '/home/ibrahim/ros2_ws/install/mycobot_description' for CMake config files
[0.745s] Level 1:colcon.colcon_core.shell:create_environment_hook('mycobot_description', 'cmake_prefix_path')
[0.754s] INFO:colcon.colcon_core.shell:Creating environment hook '/home/ibrahim/ros2_ws/install/mycobot_description/share/mycobot_description/hook/cmake_prefix_path.ps1'
[0.760s] INFO:colcon.colcon_core.shell:Creating environment descriptor '/home/ibrahim/ros2_ws/install/mycobot_description/share/mycobot_description/hook/cmake_prefix_path.dsv'
[0.772s] DEBUG:colcon.colcon_core.event_handler.log_command:Invoking command in '/home/ibrahim/ros2_ws/build/mycobot_bringup': CMAKE_PREFIX_PATH=${CMAKE_PREFIX_PATH}:/home/ibrahim/ros2_ws/install/arm_serial_bridge:/opt/ros/jazzy DEBUGINFOD_URLS=https://debuginfod.ubuntu.com /usr/bin/cmake --install /home/ibrahim/ros2_ws/build/mycobot_bringup
[0.785s] INFO:colcon.colcon_core.shell:Creating environment hook '/home/ibrahim/ros2_ws/install/mycobot_description/share/mycobot_description/hook/cmake_prefix_path.sh'
[0.794s] Level 1:colcon.colcon_core.environment:checking '/home/ibrahim/ros2_ws/install/mycobot_description/bin'
[0.803s] Level 1:colcon.colcon_core.environment:checking '/home/ibrahim/ros2_ws/install/mycobot_description/lib/pkgconfig/mycobot_description.pc'
[0.804s] Level 1:colcon.colcon_core.environment:checking '/home/ibrahim/ros2_ws/install/mycobot_description/lib/python3.12/site-packages'
[0.806s] Level 1:colcon.colcon_core.environment:checking '/home/ibrahim/ros2_ws/install/mycobot_description/bin'
[0.814s] INFO:colcon.colcon_core.shell:Creating package script '/home/ibrahim/ros2_ws/install/mycobot_description/share/mycobot_description/package.ps1'
[0.827s] INFO:colcon.colcon_core.shell:Creating package descriptor '/home/ibrahim/ros2_ws/install/mycobot_description/share/mycobot_description/package.dsv'
[0.844s] INFO:colcon.colcon_core.shell:Creating package script '/home/ibrahim/ros2_ws/install/mycobot_description/share/mycobot_description/package.sh'
[0.846s] INFO:colcon.colcon_core.shell:Creating package script '/home/ibrahim/ros2_ws/install/mycobot_description/share/mycobot_description/package.bash'
[0.847s] INFO:colcon.colcon_core.shell:Creating package script '/home/ibrahim/ros2_ws/install/mycobot_description/share/mycobot_description/package.zsh'
[0.848s] Level 1:colcon.colcon_core.environment:create_file_with_runtime_dependencies(/home/ibrahim/ros2_ws/install/mycobot_description/share/colcon-core/packages/mycobot_description)
[0.871s] DEBUG:colcon.colcon_core.event_handler.log_command:Invoked command in '/home/ibrahim/ros2_ws/build/mycobot_description' returned '0': CMAKE_PREFIX_PATH=${CMAKE_PREFIX_PATH}:/home/ibrahim/ros2_ws/install/arm_serial_bridge:/opt/ros/jazzy DEBUGINFOD_URLS=https://debuginfod.ubuntu.com /usr/bin/cmake --install /home/ibrahim/ros2_ws/build/mycobot_description
[0.874s] Level 1:colcon.colcon_core.environment:create_environment_scripts_only(mycobot_description)
[0.874s] Level 1:colcon.colcon_core.environment:checking '/home/ibrahim/ros2_ws/install/mycobot_description' for CMake module files
[0.875s] Level 1:colcon.colcon_core.environment:checking '/home/ibrahim/ros2_ws/install/mycobot_description' for CMake config files
[0.875s] Level 1:colcon.colcon_core.shell:create_environment_hook('mycobot_description', 'cmake_prefix_path')
[0.875s] INFO:colcon.colcon_core.shell:Creating environment hook '/home/ibrahim/ros2_ws/install/mycobot_description/share/mycobot_description/hook/cmake_prefix_path.ps1'
[0.876s] INFO:colcon.colcon_core.shell:Creating environment descriptor '/home/ibrahim/ros2_ws/install/mycobot_description/share/mycobot_description/hook/cmake_prefix_path.dsv'
[0.877s] INFO:colcon.colcon_core.shell:Creating environment hook '/home/ibrahim/ros2_ws/install/mycobot_description/share/mycobot_description/hook/cmake_prefix_path.sh'
[0.877s] Level 1:colcon.colcon_core.environment:checking '/home/ibrahim/ros2_ws/install/mycobot_description/bin'
[0.878s] Level 1:colcon.colcon_core.environment:checking '/home/ibrahim/ros2_ws/install/mycobot_description/lib/pkgconfig/mycobot_description.pc'
[0.878s] Level 1:colcon.colcon_core.environment:checking '/home/ibrahim/ros2_ws/install/mycobot_description/lib/python3.12/site-packages'
[0.879s] Level 1:colcon.colcon_core.environment:checking '/home/ibrahim/ros2_ws/install/mycobot_description/bin'
[0.879s] INFO:colcon.colcon_core.shell:Creating package script '/home/ibrahim/ros2_ws/install/mycobot_description/share/mycobot_description/package.ps1'
[0.880s] INFO:colcon.colcon_core.shell:Creating package descriptor '/home/ibrahim/ros2_ws/install/mycobot_description/share/mycobot_description/package.dsv'
[0.884s] INFO:colcon.colcon_core.shell:Creating package script '/home/ibrahim/ros2_ws/install/mycobot_description/share/mycobot_description/package.sh'
[0.884s] INFO:colcon.colcon_core.shell:Creating package script '/home/ibrahim/ros2_ws/install/mycobot_description/share/mycobot_description/package.bash'
[0.892s] INFO:colcon.colcon_core.shell:Creating package script '/home/ibrahim/ros2_ws/install/mycobot_description/share/mycobot_description/package.zsh'
[0.905s] Level 1:colcon.colcon_core.environment:create_file_with_runtime_dependencies(/home/ibrahim/ros2_ws/install/mycobot_description/share/colcon-core/packages/mycobot_description)
[0.911s] Level 1:colcon.colcon_core.environment:create_environment_scripts_only(mycobot_bringup)
[0.911s] Level 1:colcon.colcon_core.environment:checking '/home/ibrahim/ros2_ws/install/mycobot_bringup' for CMake module files
[0.912s] Level 1:colcon.colcon_core.environment:checking '/home/ibrahim/ros2_ws/install/mycobot_bringup' for CMake config files
[0.912s] Level 1:colcon.colcon_core.shell:create_environment_hook('mycobot_bringup', 'cmake_prefix_path')
[0.912s] INFO:colcon.colcon_core.shell:Creating environment hook '/home/ibrahim/ros2_ws/install/mycobot_bringup/share/mycobot_bringup/hook/cmake_prefix_path.ps1'
[0.913s] INFO:colcon.colcon_core.shell:Creating environment descriptor '/home/ibrahim/ros2_ws/install/mycobot_bringup/share/mycobot_bringup/hook/cmake_prefix_path.dsv'
[0.914s] INFO:colcon.colcon_core.shell:Creating environment hook '/home/ibrahim/ros2_ws/install/mycobot_bringup/share/mycobot_bringup/hook/cmake_prefix_path.sh'
[0.915s] Level 1:colcon.colcon_core.environment:checking '/home/ibrahim/ros2_ws/install/mycobot_bringup/bin'
[0.915s] Level 1:colcon.colcon_core.environment:checking '/home/ibrahim/ros2_ws/install/mycobot_bringup/lib/pkgconfig/mycobot_bringup.pc'
[0.915s] Level 1:colcon.colcon_core.environment:checking '/home/ibrahim/ros2_ws/install/mycobot_bringup/lib/python3.12/site-packages'
[0.916s] Level 1:colcon.colcon_core.environment:checking '/home/ibrahim/ros2_ws/install/mycobot_bringup/bin'
[0.916s] INFO:colcon.colcon_core.shell:Creating package script '/home/ibrahim/ros2_ws/install/mycobot_bringup/share/mycobot_bringup/package.ps1'
[0.917s] INFO:colcon.colcon_core.shell:Creating package descriptor '/home/ibrahim/ros2_ws/install/mycobot_bringup/share/mycobot_bringup/package.dsv'
[0.923s] INFO:colcon.colcon_core.shell:Creating package script '/home/ibrahim/ros2_ws/install/mycobot_bringup/share/mycobot_bringup/package.sh'
[0.924s] INFO:colcon.colcon_core.shell:Creating package script '/home/ibrahim/ros2_ws/install/mycobot_bringup/share/mycobot_bringup/package.bash'
[0.945s] INFO:colcon.colcon_core.shell:Creating package script '/home/ibrahim/ros2_ws/install/mycobot_bringup/share/mycobot_bringup/package.zsh'
[0.946s] Level 1:colcon.colcon_core.environment:create_file_with_runtime_dependencies(/home/ibrahim/ros2_ws/install/mycobot_bringup/share/colcon-core/packages/mycobot_bringup)
[0.947s] Level 1:colcon.colcon_core.environment:create_environment_scripts_only(mycobot_bringup)
[0.947s] Level 1:colcon.colcon_core.environment:checking '/home/ibrahim/ros2_ws/install/mycobot_bringup' for CMake module files
[0.948s] Level 1:colcon.colcon_core.environment:checking '/home/ibrahim/ros2_ws/install/mycobot_bringup' for CMake config files
[0.954s] Level 1:colcon.colcon_core.shell:create_environment_hook('mycobot_bringup', 'cmake_prefix_path')
[0.954s] INFO:colcon.colcon_core.shell:Creating environment hook '/home/ibrahim/ros2_ws/install/mycobot_bringup/share/mycobot_bringup/hook/cmake_prefix_path.ps1'
[0.955s] INFO:colcon.colcon_core.shell:Creating environment descriptor '/home/ibrahim/ros2_ws/install/mycobot_bringup/share/mycobot_bringup/hook/cmake_prefix_path.dsv'
[0.959s] INFO:colcon.colcon_core.shell:Creating environment hook '/home/ibrahim/ros2_ws/install/mycobot_bringup/share/mycobot_bringup/hook/cmake_prefix_path.sh'
[0.979s] Level 1:colcon.colcon_core.environment:checking '/home/ibrahim/ros2_ws/install/mycobot_bringup/bin'
[0.979s] Level 1:colcon.colcon_core.environment:checking '/home/ibrahim/ros2_ws/install/mycobot_bringup/lib/pkgconfig/mycobot_bringup.pc'
[0.979s] Level 1:colcon.colcon_core.environment:checking '/home/ibrahim/ros2_ws/install/mycobot_bringup/lib/python3.12/site-packages'
[0.980s] Level 1:colcon.colcon_core.environment:checking '/home/ibrahim/ros2_ws/install/mycobot_bringup/bin'
[0.980s] INFO:colcon.colcon_core.shell:Creating package script '/home/ibrahim/ros2_ws/install/mycobot_bringup/share/mycobot_bringup/package.ps1'
[0.981s] INFO:colcon.colcon_core.shell:Creating package descriptor '/home/ibrahim/ros2_ws/install/mycobot_bringup/share/mycobot_bringup/package.dsv'
[0.997s] INFO:colcon.colcon_core.shell:Creating package script '/home/ibrahim/ros2_ws/install/mycobot_bringup/share/mycobot_bringup/package.sh'
[1.013s] INFO:colcon.colcon_core.shell:Creating package script '/home/ibrahim/ros2_ws/install/mycobot_bringup/share/mycobot_bringup/package.bash'
[1.014s] INFO:colcon.colcon_core.shell:Creating package script '/home/ibrahim/ros2_ws/install/mycobot_bringup/share/mycobot_bringup/package.zsh'
[1.023s] Level 1:colcon.colcon_core.environment:create_file_with_runtime_dependencies(/home/ibrahim/ros2_ws/install/mycobot_bringup/share/colcon-core/packages/mycobot_bringup)
[1.024s] INFO:colcon.colcon_ros.task.ament_cmake.build:Building ROS package in '/home/ibrahim/ros2_ws/src/mycobot_ros2/mycobot_moveit_config' with build type 'ament_cmake'
[1.024s] INFO:colcon.colcon_cmake.task.cmake.build:Building CMake package in '/home/ibrahim/ros2_ws/src/mycobot_ros2/mycobot_moveit_config'
[1.024s] INFO:colcon.colcon_core.shell:Skip shell extension 'powershell' for command environment: Not usable outside of PowerShell
[1.024s] DEBUG:colcon.colcon_core.shell:Skip shell extension 'dsv' for command environment
[1.041s] INFO:colcon.colcon_ros.task.ament_cmake.build:Building ROS package in '/home/ibrahim/ros2_ws/src/mycobot_ros2/mycobot_system_tests' with build type 'ament_cmake'
[1.042s] INFO:colcon.colcon_cmake.task.cmake.build:Building CMake package in '/home/ibrahim/ros2_ws/src/mycobot_ros2/mycobot_system_tests'
[1.043s] INFO:colcon.colcon_core.shell:Skip shell extension 'powershell' for command environment: Not usable outside of PowerShell
[1.043s] DEBUG:colcon.colcon_core.shell:Skip shell extension 'dsv' for command environment
[1.112s] Level 1:colcon.colcon_core.environment:create_environment_scripts_only(mycobot_gazebo)
[1.113s] Level 1:colcon.colcon_core.environment:checking '/home/ibrahim/ros2_ws/install/mycobot_gazebo' for CMake module files
[1.124s] Level 1:colcon.colcon_core.environment:checking '/home/ibrahim/ros2_ws/install/mycobot_gazebo' for CMake config files
[1.150s] Level 1:colcon.colcon_core.shell:create_environment_hook('mycobot_gazebo', 'cmake_prefix_path')
[1.150s] INFO:colcon.colcon_core.shell:Creating environment hook '/home/ibrahim/ros2_ws/install/mycobot_gazebo/share/mycobot_gazebo/hook/cmake_prefix_path.ps1'
[1.151s] INFO:colcon.colcon_core.shell:Creating environment descriptor '/home/ibrahim/ros2_ws/install/mycobot_gazebo/share/mycobot_gazebo/hook/cmake_prefix_path.dsv'
[1.152s] INFO:colcon.colcon_core.shell:Creating environment hook '/home/ibrahim/ros2_ws/install/mycobot_gazebo/share/mycobot_gazebo/hook/cmake_prefix_path.sh'
[1.153s] Level 1:colcon.colcon_core.environment:checking '/home/ibrahim/ros2_ws/install/mycobot_gazebo/bin'
[1.153s] Level 1:colcon.colcon_core.environment:checking '/home/ibrahim/ros2_ws/install/mycobot_gazebo/lib/pkgconfig/mycobot_gazebo.pc'
[1.154s] Level 1:colcon.colcon_core.environment:checking '/home/ibrahim/ros2_ws/install/mycobot_gazebo/lib/python3.12/site-packages'
[1.154s] Level 1:colcon.colcon_core.environment:checking '/home/ibrahim/ros2_ws/install/mycobot_gazebo/bin'
[1.154s] INFO:colcon.colcon_core.shell:Creating package script '/home/ibrahim/ros2_ws/install/mycobot_gazebo/share/mycobot_gazebo/package.ps1'
[1.155s] INFO:colcon.colcon_core.shell:Creating package descriptor '/home/ibrahim/ros2_ws/install/mycobot_gazebo/share/mycobot_gazebo/package.dsv'
[1.155s] INFO:colcon.colcon_core.shell:Creating package script '/home/ibrahim/ros2_ws/install/mycobot_gazebo/share/mycobot_gazebo/package.sh'
[1.156s] INFO:colcon.colcon_core.shell:Creating package script '/home/ibrahim/ros2_ws/install/mycobot_gazebo/share/mycobot_gazebo/package.bash'
[1.156s] INFO:colcon.colcon_core.shell:Creating package script '/home/ibrahim/ros2_ws/install/mycobot_gazebo/share/mycobot_gazebo/package.zsh'
[1.157s] Level 1:colcon.colcon_core.environment:create_file_with_runtime_dependencies(/home/ibrahim/ros2_ws/install/mycobot_gazebo/share/colcon-core/packages/mycobot_gazebo)
[1.158s] Level 1:colcon.colcon_core.environment:create_environment_scripts_only(mycobot_gazebo)
[1.158s] Level 1:colcon.colcon_core.environment:checking '/home/ibrahim/ros2_ws/install/mycobot_gazebo' for CMake module files
[1.158s] Level 1:colcon.colcon_core.environment:checking '/home/ibrahim/ros2_ws/install/mycobot_gazebo' for CMake config files
[1.163s] DEBUG:colcon.colcon_core.event_handler.log_command:Invoked command in '/home/ibrahim/ros2_ws/build/mycobot_bringup' returned '0': CMAKE_PREFIX_PATH=${CMAKE_PREFIX_PATH}:/home/ibrahim/ros2_ws/install/arm_serial_bridge:/opt/ros/jazzy DEBUGINFOD_URLS=https://debuginfod.ubuntu.com /usr/bin/cmake --install /home/ibrahim/ros2_ws/build/mycobot_bringup
[1.166s] Level 1:colcon.colcon_core.shell:create_environment_hook('mycobot_gazebo', 'cmake_prefix_path')
[1.166s] INFO:colcon.colcon_core.shell:Creating environment hook '/home/ibrahim/ros2_ws/install/mycobot_gazebo/share/mycobot_gazebo/hook/cmake_prefix_path.ps1'
[1.167s] DEBUG:colcon.colcon_core.event_handler.log_command:Invoked command in '/home/ibrahim/ros2_ws/build/mycobot_gazebo' returned '0': CMAKE_PREFIX_PATH=${CMAKE_PREFIX_PATH}:/home/ibrahim/ros2_ws/install/arm_serial_bridge:/opt/ros/jazzy DEBUGINFOD_URLS=https://debuginfod.ubuntu.com /usr/bin/cmake --install /home/ibrahim/ros2_ws/build/mycobot_gazebo
[1.170s] INFO:colcon.colcon_core.shell:Creating environment descriptor '/home/ibrahim/ros2_ws/install/mycobot_gazebo/share/mycobot_gazebo/hook/cmake_prefix_path.dsv'
[1.171s] INFO:colcon.colcon_core.shell:Creating environment hook '/home/ibrahim/ros2_ws/install/mycobot_gazebo/share/mycobot_gazebo/hook/cmake_prefix_path.sh'
[1.172s] Level 1:colcon.colcon_core.environment:checking '/home/ibrahim/ros2_ws/install/mycobot_gazebo/bin'
[1.172s] Level 1:colcon.colcon_core.environment:checking '/home/ibrahim/ros2_ws/install/mycobot_gazebo/lib/pkgconfig/mycobot_gazebo.pc'
[1.173s] Level 1:colcon.colcon_core.environment:checking '/home/ibrahim/ros2_ws/install/mycobot_gazebo/lib/python3.12/site-packages'
[1.173s] Level 1:colcon.colcon_core.environment:checking '/home/ibrahim/ros2_ws/install/mycobot_gazebo/bin'
[1.173s] INFO:colcon.colcon_core.shell:Creating package script '/home/ibrahim/ros2_ws/install/mycobot_gazebo/share/mycobot_gazebo/package.ps1'
[1.174s] INFO:colcon.colcon_core.shell:Creating package descriptor '/home/ibrahim/ros2_ws/install/mycobot_gazebo/share/mycobot_gazebo/package.dsv'
[1.175s] INFO:colcon.colcon_core.shell:Creating package script '/home/ibrahim/ros2_ws/install/mycobot_gazebo/share/mycobot_gazebo/package.sh'
[1.178s] INFO:colcon.colcon_core.shell:Creating package script '/home/ibrahim/ros2_ws/install/mycobot_gazebo/share/mycobot_gazebo/package.bash'
[1.179s] INFO:colcon.colcon_core.shell:Creating package script '/home/ibrahim/ros2_ws/install/mycobot_gazebo/share/mycobot_gazebo/package.zsh'
[1.181s] Level 1:colcon.colcon_core.environment:create_file_with_runtime_dependencies(/home/ibrahim/ros2_ws/install/mycobot_gazebo/share/colcon-core/packages/mycobot_gazebo)
[1.198s] DEBUG:colcon.colcon_core.event_handler.log_command:Invoking command in '/home/ibrahim/ros2_ws/build/mycobot_moveit_config': CMAKE_PREFIX_PATH=${CMAKE_PREFIX_PATH}:/home/ibrahim/ros2_ws/install/arm_serial_bridge:/opt/ros/jazzy DEBUGINFOD_URLS=https://debuginfod.ubuntu.com /usr/bin/cmake --build /home/ibrahim/ros2_ws/build/mycobot_moveit_config -- -j4 -l4
[1.199s] DEBUG:colcon.colcon_core.event_handler.log_command:Invoking command in '/home/ibrahim/ros2_ws/build/mycobot_system_tests': CMAKE_PREFIX_PATH=${CMAKE_PREFIX_PATH}:/home/ibrahim/ros2_ws/install/arm_serial_bridge:/opt/ros/jazzy DEBUGINFOD_URLS=https://debuginfod.ubuntu.com /usr/bin/cmake --build /home/ibrahim/ros2_ws/build/mycobot_system_tests -- -j4 -l4
[1.200s] INFO:colcon.colcon_ros.task.ament_python.build:Building ROS package in '/home/ibrahim/ros2_ws/src/arm_serial_bridge' with build type 'ament_python'
[1.200s] Level 1:colcon.colcon_core.shell:create_environment_hook('arm_serial_bridge', 'ament_prefix_path')
[1.200s] INFO:colcon.colcon_core.shell:Creating environment hook '/home/ibrahim/ros2_ws/install/arm_serial_bridge/share/arm_serial_bridge/hook/ament_prefix_path.ps1'
[1.201s] INFO:colcon.colcon_core.shell:Creating environment descriptor '/home/ibrahim/ros2_ws/install/arm_serial_bridge/share/arm_serial_bridge/hook/ament_prefix_path.dsv'
[1.201s] INFO:colcon.colcon_core.shell:Creating environment hook '/home/ibrahim/ros2_ws/install/arm_serial_bridge/share/arm_serial_bridge/hook/ament_prefix_path.sh'
[1.205s] INFO:colcon.colcon_core.shell:Skip shell extension 'powershell' for command environment: Not usable outside of PowerShell
[1.206s] DEBUG:colcon.colcon_core.shell:Skip shell extension 'dsv' for command environment
[1.881s] WARNING:colcon.colcon_ros.task.ament_python.build:Package 'arm_serial_bridge' doesn't explicitly install a marker in the package index (colcon-ros currently does it implicitly but that fallback will be removed in the future)
[1.883s] WARNING:colcon.colcon_ros.task.ament_python.build:Package 'arm_serial_bridge' doesn't explicitly install the 'package.xml' file (colcon-ros currently does it implicitly but that fallback will be removed in the future)
[1.884s] INFO:colcon.colcon_core.task.python.build:Building Python package in '/home/ibrahim/ros2_ws/src/arm_serial_bridge'
[1.884s] INFO:colcon.colcon_core.shell:Skip shell extension 'powershell' for command environment: Not usable outside of PowerShell
[1.885s] DEBUG:colcon.colcon_core.shell:Skip shell extension 'dsv' for command environment
[1.898s] DEBUG:colcon.colcon_core.event_handler.log_command:Invoked command in '/home/ibrahim/ros2_ws/build/mycobot_moveit_config' returned '0': CMAKE_PREFIX_PATH=${CMAKE_PREFIX_PATH}:/home/ibrahim/ros2_ws/install/arm_serial_bridge:/opt/ros/jazzy DEBUGINFOD_URLS=https://debuginfod.ubuntu.com /usr/bin/cmake --build /home/ibrahim/ros2_ws/build/mycobot_moveit_config -- -j4 -l4
[1.900s] DEBUG:colcon.colcon_core.event_handler.log_command:Invoking command in '/home/ibrahim/ros2_ws/build/mycobot_moveit_config': CMAKE_PREFIX_PATH=${CMAKE_PREFIX_PATH}:/home/ibrahim/ros2_ws/install/arm_serial_bridge:/opt/ros/jazzy DEBUGINFOD_URLS=https://debuginfod.ubuntu.com /usr/bin/cmake --install /home/ibrahim/ros2_ws/build/mycobot_moveit_config
[1.905s] DEBUG:colcon.colcon_core.event_handler.log_command:Invoked command in '/home/ibrahim/ros2_ws/build/mycobot_system_tests' returned '0': CMAKE_PREFIX_PATH=${CMAKE_PREFIX_PATH}:/home/ibrahim/ros2_ws/install/arm_serial_bridge:/opt/ros/jazzy DEBUGINFOD_URLS=https://debuginfod.ubuntu.com /usr/bin/cmake --build /home/ibrahim/ros2_ws/build/mycobot_system_tests -- -j4 -l4
[1.922s] DEBUG:colcon.colcon_core.event_handler.log_command:Invoking command in '/home/ibrahim/ros2_ws/build/mycobot_system_tests': CMAKE_PREFIX_PATH=${CMAKE_PREFIX_PATH}:/home/ibrahim/ros2_ws/install/arm_serial_bridge:/opt/ros/jazzy DEBUGINFOD_URLS=https://debuginfod.ubuntu.com /usr/bin/cmake --install /home/ibrahim/ros2_ws/build/mycobot_system_tests
[1.951s] Level 1:colcon.colcon_core.environment:create_environment_scripts_only(mycobot_moveit_config)
[1.952s] Level 1:colcon.colcon_core.environment:checking '/home/ibrahim/ros2_ws/install/mycobot_moveit_config' for CMake module files
[1.953s] DEBUG:colcon.colcon_core.event_handler.log_command:Invoked command in '/home/ibrahim/ros2_ws/build/mycobot_moveit_config' returned '0': CMAKE_PREFIX_PATH=${CMAKE_PREFIX_PATH}:/home/ibrahim/ros2_ws/install/arm_serial_bridge:/opt/ros/jazzy DEBUGINFOD_URLS=https://debuginfod.ubuntu.com /usr/bin/cmake --install /home/ibrahim/ros2_ws/build/mycobot_moveit_config
[1.961s] Level 1:colcon.colcon_core.environment:checking '/home/ibrahim/ros2_ws/install/mycobot_moveit_config' for CMake config files
[1.970s] Level 1:colcon.colcon_core.shell:create_environment_hook('mycobot_moveit_config', 'cmake_prefix_path')
[1.971s] INFO:colcon.colcon_core.shell:Creating environment hook '/home/ibrahim/ros2_ws/install/mycobot_moveit_config/share/mycobot_moveit_config/hook/cmake_prefix_path.ps1'
[1.972s] INFO:colcon.colcon_core.shell:Creating environment descriptor '/home/ibrahim/ros2_ws/install/mycobot_moveit_config/share/mycobot_moveit_config/hook/cmake_prefix_path.dsv'
[1.973s] INFO:colcon.colcon_core.shell:Creating environment hook '/home/ibrahim/ros2_ws/install/mycobot_moveit_config/share/mycobot_moveit_config/hook/cmake_prefix_path.sh'
[1.974s] Level 1:colcon.colcon_core.environment:checking '/home/ibrahim/ros2_ws/install/mycobot_moveit_config/bin'
[1.974s] Level 1:colcon.colcon_core.environment:checking '/home/ibrahim/ros2_ws/install/mycobot_moveit_config/lib/pkgconfig/mycobot_moveit_config.pc'
[1.975s] Level 1:colcon.colcon_core.environment:checking '/home/ibrahim/ros2_ws/install/mycobot_moveit_config/lib/python3.12/site-packages'
[1.975s] Level 1:colcon.colcon_core.environment:checking '/home/ibrahim/ros2_ws/install/mycobot_moveit_config/bin'
[1.975s] INFO:colcon.colcon_core.shell:Creating package script '/home/ibrahim/ros2_ws/install/mycobot_moveit_config/share/mycobot_moveit_config/package.ps1'
[1.976s] INFO:colcon.colcon_core.shell:Creating package descriptor '/home/ibrahim/ros2_ws/install/mycobot_moveit_config/share/mycobot_moveit_config/package.dsv'
[1.977s] INFO:colcon.colcon_core.shell:Creating package script '/home/ibrahim/ros2_ws/install/mycobot_moveit_config/share/mycobot_moveit_config/package.sh'
[1.978s] INFO:colcon.colcon_core.shell:Creating package script '/home/ibrahim/ros2_ws/install/mycobot_moveit_config/share/mycobot_moveit_config/package.bash'
[1.979s] INFO:colcon.colcon_core.shell:Creating package script '/home/ibrahim/ros2_ws/install/mycobot_moveit_config/share/mycobot_moveit_config/package.zsh'
[1.981s] Level 1:colcon.colcon_core.environment:create_file_with_runtime_dependencies(/home/ibrahim/ros2_ws/install/mycobot_moveit_config/share/colcon-core/packages/mycobot_moveit_config)
[1.983s] Level 1:colcon.colcon_core.environment:create_environment_scripts_only(mycobot_moveit_config)
[1.983s] Level 1:colcon.colcon_core.environment:checking '/home/ibrahim/ros2_ws/install/mycobot_moveit_config' for CMake module files
[1.984s] Level 1:colcon.colcon_core.environment:checking '/home/ibrahim/ros2_ws/install/mycobot_moveit_config' for CMake config files
[1.985s] Level 1:colcon.colcon_core.shell:create_environment_hook('mycobot_moveit_config', 'cmake_prefix_path')
[1.985s] INFO:colcon.colcon_core.shell:Creating environment hook '/home/ibrahim/ros2_ws/install/mycobot_moveit_config/share/mycobot_moveit_config/hook/cmake_prefix_path.ps1'
[1.987s] INFO:colcon.colcon_core.shell:Creating environment descriptor '/home/ibrahim/ros2_ws/install/mycobot_moveit_config/share/mycobot_moveit_config/hook/cmake_prefix_path.dsv'
[1.988s] INFO:colcon.colcon_core.shell:Creating environment hook '/home/ibrahim/ros2_ws/install/mycobot_moveit_config/share/mycobot_moveit_config/hook/cmake_prefix_path.sh'
[1.990s] Level 1:colcon.colcon_core.environment:checking '/home/ibrahim/ros2_ws/install/mycobot_moveit_config/bin'
[1.991s] Level 1:colcon.colcon_core.environment:checking '/home/ibrahim/ros2_ws/install/mycobot_moveit_config/lib/pkgconfig/mycobot_moveit_config.pc'
[1.991s] Level 1:colcon.colcon_core.environment:checking '/home/ibrahim/ros2_ws/install/mycobot_moveit_config/lib/python3.12/site-packages'
[1.992s] Level 1:colcon.colcon_core.environment:checking '/home/ibrahim/ros2_ws/install/mycobot_moveit_config/bin'
[1.992s] INFO:colcon.colcon_core.shell:Creating package script '/home/ibrahim/ros2_ws/install/mycobot_moveit_config/share/mycobot_moveit_config/package.ps1'
[1.993s] INFO:colcon.colcon_core.shell:Creating package descriptor '/home/ibrahim/ros2_ws/install/mycobot_moveit_config/share/mycobot_moveit_config/package.dsv'
[1.994s] INFO:colcon.colcon_core.shell:Creating package script '/home/ibrahim/ros2_ws/install/mycobot_moveit_config/share/mycobot_moveit_config/package.sh'
[1.995s] INFO:colcon.colcon_core.shell:Creating package script '/home/ibrahim/ros2_ws/install/mycobot_moveit_config/share/mycobot_moveit_config/package.bash'
[1.996s] INFO:colcon.colcon_core.shell:Creating package script '/home/ibrahim/ros2_ws/install/mycobot_moveit_config/share/mycobot_moveit_config/package.zsh'
[1.998s] Level 1:colcon.colcon_core.environment:create_file_with_runtime_dependencies(/home/ibrahim/ros2_ws/install/mycobot_moveit_config/share/colcon-core/packages/mycobot_moveit_config)
[2.002s] INFO:colcon.colcon_ros.task.ament_cmake.build:Building ROS package in '/home/ibrahim/ros2_ws/src/mycobot_ros2/mycobot_moveit_demos' with build type 'ament_cmake'
[2.003s] INFO:colcon.colcon_cmake.task.cmake.build:Building CMake package in '/home/ibrahim/ros2_ws/src/mycobot_ros2/mycobot_moveit_demos'
[2.003s] INFO:colcon.colcon_core.shell:Skip shell extension 'powershell' for command environment: Not usable outside of PowerShell
[2.003s] DEBUG:colcon.colcon_core.shell:Skip shell extension 'dsv' for command environment
[2.018s] Level 1:colcon.colcon_core.environment:create_environment_scripts_only(mycobot_system_tests)
[2.019s] Level 1:colcon.colcon_core.environment:checking '/home/ibrahim/ros2_ws/install/mycobot_system_tests' for CMake module files
[2.018s] DEBUG:colcon.colcon_core.event_handler.log_command:Invoked command in '/home/ibrahim/ros2_ws/build/mycobot_system_tests' returned '0': CMAKE_PREFIX_PATH=${CMAKE_PREFIX_PATH}:/home/ibrahim/ros2_ws/install/arm_serial_bridge:/opt/ros/jazzy DEBUGINFOD_URLS=https://debuginfod.ubuntu.com /usr/bin/cmake --install /home/ibrahim/ros2_ws/build/mycobot_system_tests
[2.031s] Level 1:colcon.colcon_core.environment:checking '/home/ibrahim/ros2_ws/install/mycobot_system_tests' for CMake config files
[2.032s] Level 1:colcon.colcon_core.shell:create_environment_hook('mycobot_system_tests', 'cmake_prefix_path')
[2.032s] INFO:colcon.colcon_core.shell:Creating environment hook '/home/ibrahim/ros2_ws/install/mycobot_system_tests/share/mycobot_system_tests/hook/cmake_prefix_path.ps1'
[2.033s] INFO:colcon.colcon_core.shell:Creating environment descriptor '/home/ibrahim/ros2_ws/install/mycobot_system_tests/share/mycobot_system_tests/hook/cmake_prefix_path.dsv'
[2.044s] INFO:colcon.colcon_core.shell:Creating environment hook '/home/ibrahim/ros2_ws/install/mycobot_system_tests/share/mycobot_system_tests/hook/cmake_prefix_path.sh'
[2.050s] Level 1:colcon.colcon_core.environment:checking '/home/ibrahim/ros2_ws/install/mycobot_system_tests/lib'
[2.050s] Level 1:colcon.colcon_core.environment:checking '/home/ibrahim/ros2_ws/install/mycobot_system_tests/bin'
[2.050s] Level 1:colcon.colcon_core.environment:checking '/home/ibrahim/ros2_ws/install/mycobot_system_tests/lib/pkgconfig/mycobot_system_tests.pc'
[2.050s] Level 1:colcon.colcon_core.environment:checking '/home/ibrahim/ros2_ws/install/mycobot_system_tests/lib/python3.12/site-packages'
[2.051s] Level 1:colcon.colcon_core.environment:checking '/home/ibrahim/ros2_ws/install/mycobot_system_tests/bin'
[2.051s] INFO:colcon.colcon_core.shell:Creating package script '/home/ibrahim/ros2_ws/install/mycobot_system_tests/share/mycobot_system_tests/package.ps1'
[2.052s] INFO:colcon.colcon_core.shell:Creating package descriptor '/home/ibrahim/ros2_ws/install/mycobot_system_tests/share/mycobot_system_tests/package.dsv'
[2.055s] INFO:colcon.colcon_core.shell:Creating package script '/home/ibrahim/ros2_ws/install/mycobot_system_tests/share/mycobot_system_tests/package.sh'
[2.056s] INFO:colcon.colcon_core.shell:Creating package script '/home/ibrahim/ros2_ws/install/mycobot_system_tests/share/mycobot_system_tests/package.bash'
[2.057s] INFO:colcon.colcon_core.shell:Creating package script '/home/ibrahim/ros2_ws/install/mycobot_system_tests/share/mycobot_system_tests/package.zsh'
[2.058s] Level 1:colcon.colcon_core.environment:create_file_with_runtime_dependencies(/home/ibrahim/ros2_ws/install/mycobot_system_tests/share/colcon-core/packages/mycobot_system_tests)
[2.060s] Level 1:colcon.colcon_core.environment:create_environment_scripts_only(mycobot_system_tests)
[2.061s] Level 1:colcon.colcon_core.environment:checking '/home/ibrahim/ros2_ws/install/mycobot_system_tests' for CMake module files
[2.062s] Level 1:colcon.colcon_core.environment:checking '/home/ibrahim/ros2_ws/install/mycobot_system_tests' for CMake config files
[2.062s] Level 1:colcon.colcon_core.shell:create_environment_hook('mycobot_system_tests', 'cmake_prefix_path')
[2.062s] INFO:colcon.colcon_core.shell:Creating environment hook '/home/ibrahim/ros2_ws/install/mycobot_system_tests/share/mycobot_system_tests/hook/cmake_prefix_path.ps1'
[2.063s] INFO:colcon.colcon_core.shell:Creating environment descriptor '/home/ibrahim/ros2_ws/install/mycobot_system_tests/share/mycobot_system_tests/hook/cmake_prefix_path.dsv'
[2.064s] INFO:colcon.colcon_core.shell:Creating environment hook '/home/ibrahim/ros2_ws/install/mycobot_system_tests/share/mycobot_system_tests/hook/cmake_prefix_path.sh'
[2.065s] Level 1:colcon.colcon_core.environment:checking '/home/ibrahim/ros2_ws/install/mycobot_system_tests/lib'
[2.065s] Level 1:colcon.colcon_core.environment:checking '/home/ibrahim/ros2_ws/install/mycobot_system_tests/bin'
[2.065s] Level 1:colcon.colcon_core.environment:checking '/home/ibrahim/ros2_ws/install/mycobot_system_tests/lib/pkgconfig/mycobot_system_tests.pc'
[2.065s] Level 1:colcon.colcon_core.environment:checking '/home/ibrahim/ros2_ws/install/mycobot_system_tests/lib/python3.12/site-packages'
[2.065s] Level 1:colcon.colcon_core.environment:checking '/home/ibrahim/ros2_ws/install/mycobot_system_tests/bin'
[2.066s] INFO:colcon.colcon_core.shell:Creating package script '/home/ibrahim/ros2_ws/install/mycobot_system_tests/share/mycobot_system_tests/package.ps1'
[2.066s] INFO:colcon.colcon_core.shell:Creating package descriptor '/home/ibrahim/ros2_ws/install/mycobot_system_tests/share/mycobot_system_tests/package.dsv'
[2.067s] INFO:colcon.colcon_core.shell:Creating package script '/home/ibrahim/ros2_ws/install/mycobot_system_tests/share/mycobot_system_tests/package.sh'
[2.068s] INFO:colcon.colcon_core.shell:Creating package script '/home/ibrahim/ros2_ws/install/mycobot_system_tests/share/mycobot_system_tests/package.bash'
[2.068s] INFO:colcon.colcon_core.shell:Creating package script '/home/ibrahim/ros2_ws/install/mycobot_system_tests/share/mycobot_system_tests/package.zsh'
[2.069s] Level 1:colcon.colcon_core.environment:create_file_with_runtime_dependencies(/home/ibrahim/ros2_ws/install/mycobot_system_tests/share/colcon-core/packages/mycobot_system_tests)
[2.070s] INFO:colcon.colcon_ros.task.ament_cmake.build:Building ROS package in '/home/ibrahim/ros2_ws/src/mycobot_ros2/mycobot_mtc_demos' with build type 'ament_cmake'
[2.070s] INFO:colcon.colcon_cmake.task.cmake.build:Building CMake package in '/home/ibrahim/ros2_ws/src/mycobot_ros2/mycobot_mtc_demos'
[2.071s] INFO:colcon.colcon_core.shell:Skip shell extension 'powershell' for command environment: Not usable outside of PowerShell
[2.071s] DEBUG:colcon.colcon_core.shell:Skip shell extension 'dsv' for command environment
[2.100s] DEBUG:colcon.colcon_core.event_handler.log_command:Invoked command in '/home/ibrahim/ros2_ws/build/mycobot_interfaces' returned '0': CMAKE_PREFIX_PATH=${CMAKE_PREFIX_PATH}:/home/ibrahim/ros2_ws/install/arm_serial_bridge:/opt/ros/jazzy DEBUGINFOD_URLS=https://debuginfod.ubuntu.com /usr/bin/cmake --build /home/ibrahim/ros2_ws/build/mycobot_interfaces -- -j4 -l4
[2.102s] DEBUG:colcon.colcon_core.event_handler.log_command:Invoking command in '/home/ibrahim/ros2_ws/build/mycobot_interfaces': CMAKE_PREFIX_PATH=${CMAKE_PREFIX_PATH}:/home/ibrahim/ros2_ws/install/arm_serial_bridge:/opt/ros/jazzy DEBUGINFOD_URLS=https://debuginfod.ubuntu.com /usr/bin/cmake --install /home/ibrahim/ros2_ws/build/mycobot_interfaces
[2.112s] DEBUG:colcon.colcon_core.event_handler.log_command:Invoking command in '/home/ibrahim/ros2_ws/build/mycobot_moveit_demos': CMAKE_PREFIX_PATH=${CMAKE_PREFIX_PATH}:/home/ibrahim/ros2_ws/install/arm_serial_bridge:/opt/ros/jazzy DEBUGINFOD_URLS=https://debuginfod.ubuntu.com /usr/bin/cmake --build /home/ibrahim/ros2_ws/build/mycobot_moveit_demos -- -j4 -l4
[2.131s] DEBUG:colcon.colcon_core.event_handler.log_command:Invoking command in '/home/ibrahim/ros2_ws/build/mycobot_mtc_demos': CMAKE_PREFIX_PATH=${CMAKE_PREFIX_PATH}:/home/ibrahim/ros2_ws/install/arm_serial_bridge:/opt/ros/jazzy DEBUGINFOD_URLS=https://debuginfod.ubuntu.com /usr/bin/cmake --build /home/ibrahim/ros2_ws/build/mycobot_mtc_demos -- -j4 -l4
[2.331s] Level 1:colcon.colcon_core.environment:create_environment_scripts_only(mycobot_interfaces)
[2.332s] Level 1:colcon.colcon_core.environment:checking '/home/ibrahim/ros2_ws/install/mycobot_interfaces' for CMake module files
[2.332s] Level 1:colcon.colcon_core.environment:checking '/home/ibrahim/ros2_ws/install/mycobot_interfaces' for CMake config files
[2.333s] Level 1:colcon.colcon_core.shell:create_environment_hook('mycobot_interfaces', 'cmake_prefix_path')
[2.333s] INFO:colcon.colcon_core.shell:Creating environment hook '/home/ibrahim/ros2_ws/install/mycobot_interfaces/share/mycobot_interfaces/hook/cmake_prefix_path.ps1'
[2.334s] DEBUG:colcon.colcon_core.event_handler.log_command:Invoked command in '/home/ibrahim/ros2_ws/build/mycobot_interfaces' returned '0': CMAKE_PREFIX_PATH=${CMAKE_PREFIX_PATH}:/home/ibrahim/ros2_ws/install/arm_serial_bridge:/opt/ros/jazzy DEBUGINFOD_URLS=https://debuginfod.ubuntu.com /usr/bin/cmake --install /home/ibrahim/ros2_ws/build/mycobot_interfaces
[2.334s] INFO:colcon.colcon_core.shell:Creating environment descriptor '/home/ibrahim/ros2_ws/install/mycobot_interfaces/share/mycobot_interfaces/hook/cmake_prefix_path.dsv'
[2.335s] INFO:colcon.colcon_core.shell:Creating environment hook '/home/ibrahim/ros2_ws/install/mycobot_interfaces/share/mycobot_interfaces/hook/cmake_prefix_path.sh'
[2.336s] Level 1:colcon.colcon_core.environment:checking '/home/ibrahim/ros2_ws/install/mycobot_interfaces/lib'
[2.336s] Level 1:colcon.colcon_core.shell:create_environment_hook('mycobot_interfaces', 'ld_library_path_lib')
[2.340s] INFO:colcon.colcon_core.shell:Creating environment hook '/home/ibrahim/ros2_ws/install/mycobot_interfaces/share/mycobot_interfaces/hook/ld_library_path_lib.ps1'
[2.341s] INFO:colcon.colcon_core.shell:Creating environment descriptor '/home/ibrahim/ros2_ws/install/mycobot_interfaces/share/mycobot_interfaces/hook/ld_library_path_lib.dsv'
[2.347s] INFO:colcon.colcon_core.shell:Creating environment hook '/home/ibrahim/ros2_ws/install/mycobot_interfaces/share/mycobot_interfaces/hook/ld_library_path_lib.sh'
[2.348s] Level 1:colcon.colcon_core.environment:checking '/home/ibrahim/ros2_ws/install/mycobot_interfaces/bin'
[2.348s] Level 1:colcon.colcon_core.environment:checking '/home/ibrahim/ros2_ws/install/mycobot_interfaces/lib/pkgconfig/mycobot_interfaces.pc'
[2.351s] Level 1:colcon.colcon_core.environment:checking '/home/ibrahim/ros2_ws/install/mycobot_interfaces/lib/python3.12/site-packages'
[2.351s] Level 1:colcon.colcon_core.shell:create_environment_hook('mycobot_interfaces', 'pythonpath')
[2.352s] INFO:colcon.colcon_core.shell:Creating environment hook '/home/ibrahim/ros2_ws/install/mycobot_interfaces/share/mycobot_interfaces/hook/pythonpath.ps1'
[2.352s] INFO:colcon.colcon_core.shell:Creating environment descriptor '/home/ibrahim/ros2_ws/install/mycobot_interfaces/share/mycobot_interfaces/hook/pythonpath.dsv'
[2.354s] INFO:colcon.colcon_core.shell:Creating environment hook '/home/ibrahim/ros2_ws/install/mycobot_interfaces/share/mycobot_interfaces/hook/pythonpath.sh'
[2.361s] Level 1:colcon.colcon_core.environment:checking '/home/ibrahim/ros2_ws/install/mycobot_interfaces/bin'
[2.361s] INFO:colcon.colcon_core.shell:Creating package script '/home/ibrahim/ros2_ws/install/mycobot_interfaces/share/mycobot_interfaces/package.ps1'
[2.377s] INFO:colcon.colcon_core.shell:Creating package descriptor '/home/ibrahim/ros2_ws/install/mycobot_interfaces/share/mycobot_interfaces/package.dsv'
[2.382s] INFO:colcon.colcon_core.shell:Creating package script '/home/ibrahim/ros2_ws/install/mycobot_interfaces/share/mycobot_interfaces/package.sh'
[2.384s] INFO:colcon.colcon_core.shell:Creating package script '/home/ibrahim/ros2_ws/install/mycobot_interfaces/share/mycobot_interfaces/package.bash'
[2.389s] INFO:colcon.colcon_core.shell:Creating package script '/home/ibrahim/ros2_ws/install/mycobot_interfaces/share/mycobot_interfaces/package.zsh'
[2.404s] Level 1:colcon.colcon_core.environment:create_file_with_runtime_dependencies(/home/ibrahim/ros2_ws/install/mycobot_interfaces/share/colcon-core/packages/mycobot_interfaces)
[2.408s] Level 1:colcon.colcon_core.environment:create_environment_scripts_only(mycobot_interfaces)
[2.408s] Level 1:colcon.colcon_core.environment:checking '/home/ibrahim/ros2_ws/install/mycobot_interfaces' for CMake module files
[2.409s] Level 1:colcon.colcon_core.environment:checking '/home/ibrahim/ros2_ws/install/mycobot_interfaces' for CMake config files
[2.409s] Level 1:colcon.colcon_core.shell:create_environment_hook('mycobot_interfaces', 'cmake_prefix_path')
[2.409s] INFO:colcon.colcon_core.shell:Creating environment hook '/home/ibrahim/ros2_ws/install/mycobot_interfaces/share/mycobot_interfaces/hook/cmake_prefix_path.ps1'
[2.410s] INFO:colcon.colcon_core.shell:Creating environment descriptor '/home/ibrahim/ros2_ws/install/mycobot_interfaces/share/mycobot_interfaces/hook/cmake_prefix_path.dsv'
[2.411s] INFO:colcon.colcon_core.shell:Creating environment hook '/home/ibrahim/ros2_ws/install/mycobot_interfaces/share/mycobot_interfaces/hook/cmake_prefix_path.sh'
[2.414s] Level 1:colcon.colcon_core.environment:checking '/home/ibrahim/ros2_ws/install/mycobot_interfaces/lib'
[2.415s] Level 1:colcon.colcon_core.shell:create_environment_hook('mycobot_interfaces', 'ld_library_path_lib')
[2.415s] INFO:colcon.colcon_core.shell:Creating environment hook '/home/ibrahim/ros2_ws/install/mycobot_interfaces/share/mycobot_interfaces/hook/ld_library_path_lib.ps1'
[2.416s] INFO:colcon.colcon_core.shell:Creating environment descriptor '/home/ibrahim/ros2_ws/install/mycobot_interfaces/share/mycobot_interfaces/hook/ld_library_path_lib.dsv'
[2.416s] INFO:colcon.colcon_core.shell:Creating environment hook '/home/ibrahim/ros2_ws/install/mycobot_interfaces/share/mycobot_interfaces/hook/ld_library_path_lib.sh'
[2.417s] Level 1:colcon.colcon_core.environment:checking '/home/ibrahim/ros2_ws/install/mycobot_interfaces/bin'
[2.417s] Level 1:colcon.colcon_core.environment:checking '/home/ibrahim/ros2_ws/install/mycobot_interfaces/lib/pkgconfig/mycobot_interfaces.pc'
[2.418s] Level 1:colcon.colcon_core.environment:checking '/home/ibrahim/ros2_ws/install/mycobot_interfaces/lib/python3.12/site-packages'
[2.418s] Level 1:colcon.colcon_core.shell:create_environment_hook('mycobot_interfaces', 'pythonpath')
[2.418s] INFO:colcon.colcon_core.shell:Creating environment hook '/home/ibrahim/ros2_ws/install/mycobot_interfaces/share/mycobot_interfaces/hook/pythonpath.ps1'
[2.422s] INFO:colcon.colcon_core.shell:Creating environment descriptor '/home/ibrahim/ros2_ws/install/mycobot_interfaces/share/mycobot_interfaces/hook/pythonpath.dsv'
[2.422s] INFO:colcon.colcon_core.shell:Creating environment hook '/home/ibrahim/ros2_ws/install/mycobot_interfaces/share/mycobot_interfaces/hook/pythonpath.sh'
[2.425s] Level 1:colcon.colcon_core.environment:checking '/home/ibrahim/ros2_ws/install/mycobot_interfaces/bin'
[2.426s] INFO:colcon.colcon_core.shell:Creating package script '/home/ibrahim/ros2_ws/install/mycobot_interfaces/share/mycobot_interfaces/package.ps1'
[2.426s] INFO:colcon.colcon_core.shell:Creating package descriptor '/home/ibrahim/ros2_ws/install/mycobot_interfaces/share/mycobot_interfaces/package.dsv'
[2.428s] INFO:colcon.colcon_core.shell:Creating package script '/home/ibrahim/ros2_ws/install/mycobot_interfaces/share/mycobot_interfaces/package.sh'
[2.429s] INFO:colcon.colcon_core.shell:Creating package script '/home/ibrahim/ros2_ws/install/mycobot_interfaces/share/mycobot_interfaces/package.bash'
[2.430s] INFO:colcon.colcon_core.shell:Creating package script '/home/ibrahim/ros2_ws/install/mycobot_interfaces/share/mycobot_interfaces/package.zsh'
[2.431s] Level 1:colcon.colcon_core.environment:create_file_with_runtime_dependencies(/home/ibrahim/ros2_ws/install/mycobot_interfaces/share/colcon-core/packages/mycobot_interfaces)
[2.432s] INFO:colcon.colcon_ros.task.ament_cmake.build:Building ROS package in '/home/ibrahim/ros2_ws/src/mycobot_ros2/mycobot_mtc_pick_place_demo' with build type 'ament_cmake'
[2.432s] INFO:colcon.colcon_cmake.task.cmake.build:Building CMake package in '/home/ibrahim/ros2_ws/src/mycobot_ros2/mycobot_mtc_pick_place_demo'
[2.432s] INFO:colcon.colcon_core.shell:Skip shell extension 'powershell' for command environment: Not usable outside of PowerShell
[2.432s] DEBUG:colcon.colcon_core.shell:Skip shell extension 'dsv' for command environment
[2.509s] DEBUG:colcon.colcon_core.event_handler.log_command:Invoking command in '/home/ibrahim/ros2_ws/build/mycobot_mtc_pick_place_demo': CMAKE_PREFIX_PATH=/home/ibrahim/ros2_ws/install/mycobot_interfaces:/home/ibrahim/ros2_ws/install/mycobot_ros2:/home/ibrahim/ros2_ws/install/mycobot_system_tests:/home/ibrahim/ros2_ws/install/mycobot_mtc_pick_place_demo:/home/ibrahim/ros2_ws/install/mycobot_mtc_demos:/home/ibrahim/ros2_ws/install/mycobot_moveit_demos:/home/ibrahim/ros2_ws/install/mycobot_moveit_config:/home/ibrahim/ros2_ws/install/mycobot_gazebo:/home/ibrahim/ros2_ws/install/mycobot_description:/home/ibrahim/ros2_ws/install/mycobot_bringup:/opt/ros/jazzy/opt/gz_sim_vendor:/opt/ros/jazzy/opt/gz_sensors_vendor:/opt/ros/jazzy/opt/gz_physics_vendor:/opt/ros/jazzy/opt/sdformat_vendor:/opt/ros/jazzy/opt/gz_gui_vendor:/opt/ros/jazzy/opt/gz_transport_vendor:/opt/ros/jazzy/opt/gz_rendering_vendor:/opt/ros/jazzy/opt/gz_plugin_vendor:/opt/ros/jazzy/opt/gz_fuel_tools_vendor:/opt/ros/jazzy/opt/gz_msgs_vendor:/opt/ros/jazzy/opt/gz_common_vendor:/opt/ros/jazzy/opt/gz_math_vendor:/opt/ros/jazzy/opt/gz_utils_vendor:/opt/ros/jazzy/opt/gz_tools_vendor:/opt/ros/jazzy/opt/gz_ogre_next_vendor:/opt/ros/jazzy/opt/gz_dartsim_vendor:/opt/ros/jazzy/opt/gz_cmake_vendor:/home/ibrahim/ros2_ws/install/arm_serial_bridge:/opt/ros/jazzy DEBUGINFOD_URLS=https://debuginfod.ubuntu.com LD_LIBRARY_PATH=/home/ibrahim/ros2_ws/install/mycobot_interfaces/lib:/home/ibrahim/ros2_ws/install/mycobot_mtc_pick_place_demo/lib:/opt/ros/jazzy/opt/gz_sim_vendor/lib:/opt/ros/jazzy/opt/gz_sensors_vendor/lib:/opt/ros/jazzy/opt/gz_physics_vendor/lib:/opt/ros/jazzy/opt/sdformat_vendor/lib:/opt/ros/jazzy/opt/rviz_ogre_vendor/lib:/opt/ros/jazzy/lib/x86_64-linux-gnu:/opt/ros/jazzy/opt/gz_gui_vendor/lib:/opt/ros/jazzy/opt/gz_transport_vendor/lib:/opt/ros/jazzy/opt/gz_rendering_vendor/lib:/opt/ros/jazzy/opt/gz_plugin_vendor/lib:/opt/ros/jazzy/opt/gz_fuel_tools_vendor/lib:/opt/ros/jazzy/opt/gz_msgs_vendor/lib:/opt/ros/jazzy/opt/gz_common_vendor/lib:/opt/ros/jazzy/opt/gz_math_vendor/lib:/opt/ros/jazzy/opt/gz_utils_vendor/lib:/opt/ros/jazzy/opt/gz_tools_vendor/lib:/opt/ros/jazzy/opt/gz_ogre_next_vendor/lib:/opt/ros/jazzy/opt/gz_dartsim_vendor/lib:/opt/ros/jazzy/opt/gz_cmake_vendor/lib:/opt/ros/jazzy/lib /usr/bin/cmake --build /home/ibrahim/ros2_ws/build/mycobot_mtc_pick_place_demo -- -j4 -l4
[2.576s] DEBUG:colcon.colcon_core.event_handler.log_command:Invoked command in '/home/ibrahim/ros2_ws/build/mycobot_moveit_demos' returned '0': CMAKE_PREFIX_PATH=${CMAKE_PREFIX_PATH}:/home/ibrahim/ros2_ws/install/arm_serial_bridge:/opt/ros/jazzy DEBUGINFOD_URLS=https://debuginfod.ubuntu.com /usr/bin/cmake --build /home/ibrahim/ros2_ws/build/mycobot_moveit_demos -- -j4 -l4
[2.581s] DEBUG:colcon.colcon_core.event_handler.log_command:Invoking command in '/home/ibrahim/ros2_ws/build/mycobot_moveit_demos': CMAKE_PREFIX_PATH=${CMAKE_PREFIX_PATH}:/home/ibrahim/ros2_ws/install/arm_serial_bridge:/opt/ros/jazzy DEBUGINFOD_URLS=https://debuginfod.ubuntu.com /usr/bin/cmake --install /home/ibrahim/ros2_ws/build/mycobot_moveit_demos
[2.641s] Level 1:colcon.colcon_core.environment:create_environment_scripts_only(mycobot_moveit_demos)
[2.641s] Level 1:colcon.colcon_core.environment:checking '/home/ibrahim/ros2_ws/install/mycobot_moveit_demos' for CMake module files
[2.642s] Level 1:colcon.colcon_core.environment:checking '/home/ibrahim/ros2_ws/install/mycobot_moveit_demos' for CMake config files
[2.642s] Level 1:colcon.colcon_core.shell:create_environment_hook('mycobot_moveit_demos', 'cmake_prefix_path')
[2.642s] INFO:colcon.colcon_core.shell:Creating environment hook '/home/ibrahim/ros2_ws/install/mycobot_moveit_demos/share/mycobot_moveit_demos/hook/cmake_prefix_path.ps1'
[2.643s] INFO:colcon.colcon_core.shell:Creating environment descriptor '/home/ibrahim/ros2_ws/install/mycobot_moveit_demos/share/mycobot_moveit_demos/hook/cmake_prefix_path.dsv'
[2.645s] DEBUG:colcon.colcon_core.event_handler.log_command:Invoked command in '/home/ibrahim/ros2_ws/build/mycobot_moveit_demos' returned '0': CMAKE_PREFIX_PATH=${CMAKE_PREFIX_PATH}:/home/ibrahim/ros2_ws/install/arm_serial_bridge:/opt/ros/jazzy DEBUGINFOD_URLS=https://debuginfod.ubuntu.com /usr/bin/cmake --install /home/ibrahim/ros2_ws/build/mycobot_moveit_demos
[2.646s] INFO:colcon.colcon_core.shell:Creating environment hook '/home/ibrahim/ros2_ws/install/mycobot_moveit_demos/share/mycobot_moveit_demos/hook/cmake_prefix_path.sh'
[2.647s] Level 1:colcon.colcon_core.environment:checking '/home/ibrahim/ros2_ws/install/mycobot_moveit_demos/lib'
[2.647s] Level 1:colcon.colcon_core.environment:checking '/home/ibrahim/ros2_ws/install/mycobot_moveit_demos/bin'
[2.648s] Level 1:colcon.colcon_core.environment:checking '/home/ibrahim/ros2_ws/install/mycobot_moveit_demos/lib/pkgconfig/mycobot_moveit_demos.pc'
[2.648s] Level 1:colcon.colcon_core.environment:checking '/home/ibrahim/ros2_ws/install/mycobot_moveit_demos/lib/python3.12/site-packages'
[2.648s] Level 1:colcon.colcon_core.environment:checking '/home/ibrahim/ros2_ws/install/mycobot_moveit_demos/bin'
[2.649s] INFO:colcon.colcon_core.shell:Creating package script '/home/ibrahim/ros2_ws/install/mycobot_moveit_demos/share/mycobot_moveit_demos/package.ps1'
[2.649s] INFO:colcon.colcon_core.shell:Creating package descriptor '/home/ibrahim/ros2_ws/install/mycobot_moveit_demos/share/mycobot_moveit_demos/package.dsv'
[2.650s] INFO:colcon.colcon_core.shell:Creating package script '/home/ibrahim/ros2_ws/install/mycobot_moveit_demos/share/mycobot_moveit_demos/package.sh'
[2.651s] INFO:colcon.colcon_core.shell:Creating package script '/home/ibrahim/ros2_ws/install/mycobot_moveit_demos/share/mycobot_moveit_demos/package.bash'
[2.651s] INFO:colcon.colcon_core.shell:Creating package script '/home/ibrahim/ros2_ws/install/mycobot_moveit_demos/share/mycobot_moveit_demos/package.zsh'
[2.652s] Level 1:colcon.colcon_core.environment:create_file_with_runtime_dependencies(/home/ibrahim/ros2_ws/install/mycobot_moveit_demos/share/colcon-core/packages/mycobot_moveit_demos)
[2.653s] Level 1:colcon.colcon_core.environment:create_environment_scripts_only(mycobot_moveit_demos)
[2.654s] Level 1:colcon.colcon_core.environment:checking '/home/ibrahim/ros2_ws/install/mycobot_moveit_demos' for CMake module files
[2.654s] Level 1:colcon.colcon_core.environment:checking '/home/ibrahim/ros2_ws/install/mycobot_moveit_demos' for CMake config files
[2.655s] Level 1:colcon.colcon_core.shell:create_environment_hook('mycobot_moveit_demos', 'cmake_prefix_path')
[2.655s] INFO:colcon.colcon_core.shell:Creating environment hook '/home/ibrahim/ros2_ws/install/mycobot_moveit_demos/share/mycobot_moveit_demos/hook/cmake_prefix_path.ps1'
[2.656s] INFO:colcon.colcon_core.shell:Creating environment descriptor '/home/ibrahim/ros2_ws/install/mycobot_moveit_demos/share/mycobot_moveit_demos/hook/cmake_prefix_path.dsv'
[2.656s] INFO:colcon.colcon_core.shell:Creating environment hook '/home/ibrahim/ros2_ws/install/mycobot_moveit_demos/share/mycobot_moveit_demos/hook/cmake_prefix_path.sh'
[2.657s] Level 1:colcon.colcon_core.environment:checking '/home/ibrahim/ros2_ws/install/mycobot_moveit_demos/lib'
[2.658s] Level 1:colcon.colcon_core.environment:checking '/home/ibrahim/ros2_ws/install/mycobot_moveit_demos/bin'
[2.658s] Level 1:colcon.colcon_core.environment:checking '/home/ibrahim/ros2_ws/install/mycobot_moveit_demos/lib/pkgconfig/mycobot_moveit_demos.pc'
[2.658s] Level 1:colcon.colcon_core.environment:checking '/home/ibrahim/ros2_ws/install/mycobot_moveit_demos/lib/python3.12/site-packages'
[2.658s] Level 1:colcon.colcon_core.environment:checking '/home/ibrahim/ros2_ws/install/mycobot_moveit_demos/bin'
[2.659s] INFO:colcon.colcon_core.shell:Creating package script '/home/ibrahim/ros2_ws/install/mycobot_moveit_demos/share/mycobot_moveit_demos/package.ps1'
[2.659s] INFO:colcon.colcon_core.shell:Creating package descriptor '/home/ibrahim/ros2_ws/install/mycobot_moveit_demos/share/mycobot_moveit_demos/package.dsv'
[2.661s] INFO:colcon.colcon_core.shell:Creating package script '/home/ibrahim/ros2_ws/install/mycobot_moveit_demos/share/mycobot_moveit_demos/package.sh'
[2.662s] INFO:colcon.colcon_core.shell:Creating package script '/home/ibrahim/ros2_ws/install/mycobot_moveit_demos/share/mycobot_moveit_demos/package.bash'
[2.676s] INFO:colcon.colcon_core.shell:Creating package script '/home/ibrahim/ros2_ws/install/mycobot_moveit_demos/share/mycobot_moveit_demos/package.zsh'
[2.678s] Level 1:colcon.colcon_core.environment:create_file_with_runtime_dependencies(/home/ibrahim/ros2_ws/install/mycobot_moveit_demos/share/colcon-core/packages/mycobot_moveit_demos)
[2.679s] INFO:colcon.colcon_ros.task.ament_cmake.build:Building ROS package in '/home/ibrahim/ros2_ws/src/mycobot_ros2/mycobot_ros2' with build type 'ament_cmake'
[2.679s] INFO:colcon.colcon_cmake.task.cmake.build:Building CMake package in '/home/ibrahim/ros2_ws/src/mycobot_ros2/mycobot_ros2'
[2.679s] INFO:colcon.colcon_core.shell:Skip shell extension 'powershell' for command environment: Not usable outside of PowerShell
[2.679s] DEBUG:colcon.colcon_core.shell:Skip shell extension 'dsv' for command environment
[2.744s] DEBUG:colcon.colcon_core.event_handler.log_command:Invoking command in '/home/ibrahim/ros2_ws/build/mycobot_ros2': CMAKE_PREFIX_PATH=/home/ibrahim/ros2_ws/install/mycobot_system_tests:/home/ibrahim/ros2_ws/install/mycobot_moveit_config:/home/ibrahim/ros2_ws/install/mycobot_gazebo:/home/ibrahim/ros2_ws/install/mycobot_description:/home/ibrahim/ros2_ws/install/mycobot_bringup:/home/ibrahim/ros2_ws/install/mycobot_ros2:/home/ibrahim/ros2_ws/install/mycobot_mtc_pick_place_demo:/home/ibrahim/ros2_ws/install/mycobot_mtc_demos:/home/ibrahim/ros2_ws/install/mycobot_moveit_demos:/home/ibrahim/ros2_ws/install/mycobot_interfaces:/opt/ros/jazzy/opt/gz_sim_vendor:/opt/ros/jazzy/opt/gz_sensors_vendor:/opt/ros/jazzy/opt/gz_physics_vendor:/opt/ros/jazzy/opt/sdformat_vendor:/opt/ros/jazzy/opt/gz_gui_vendor:/opt/ros/jazzy/opt/gz_transport_vendor:/opt/ros/jazzy/opt/gz_rendering_vendor:/opt/ros/jazzy/opt/gz_plugin_vendor:/opt/ros/jazzy/opt/gz_fuel_tools_vendor:/opt/ros/jazzy/opt/gz_msgs_vendor:/opt/ros/jazzy/opt/gz_common_vendor:/opt/ros/jazzy/opt/gz_math_vendor:/opt/ros/jazzy/opt/gz_utils_vendor:/opt/ros/jazzy/opt/gz_tools_vendor:/opt/ros/jazzy/opt/gz_ogre_next_vendor:/opt/ros/jazzy/opt/gz_dartsim_vendor:/opt/ros/jazzy/opt/gz_cmake_vendor:/home/ibrahim/ros2_ws/install/arm_serial_bridge:/opt/ros/jazzy DEBUGINFOD_URLS=https://debuginfod.ubuntu.com /usr/bin/cmake --build /home/ibrahim/ros2_ws/build/mycobot_ros2 -- -j4 -l4
[2.763s] DEBUG:colcon.colcon_core.event_handler.log_command:Invoked command in '/home/ibrahim/ros2_ws/build/mycobot_mtc_demos' returned '0': CMAKE_PREFIX_PATH=${CMAKE_PREFIX_PATH}:/home/ibrahim/ros2_ws/install/arm_serial_bridge:/opt/ros/jazzy DEBUGINFOD_URLS=https://debuginfod.ubuntu.com /usr/bin/cmake --build /home/ibrahim/ros2_ws/build/mycobot_mtc_demos -- -j4 -l4
[2.767s] DEBUG:colcon.colcon_core.event_handler.log_command:Invoking command in '/home/ibrahim/ros2_ws/build/mycobot_mtc_demos': CMAKE_PREFIX_PATH=${CMAKE_PREFIX_PATH}:/home/ibrahim/ros2_ws/install/arm_serial_bridge:/opt/ros/jazzy DEBUGINFOD_URLS=https://debuginfod.ubuntu.com /usr/bin/cmake --install /home/ibrahim/ros2_ws/build/mycobot_mtc_demos
[2.830s] Level 1:colcon.colcon_core.environment:create_environment_scripts_only(mycobot_mtc_demos)
[2.866s] DEBUG:colcon.colcon_core.event_handler.log_command:Invoked command in '/home/ibrahim/ros2_ws/build/mycobot_mtc_demos' returned '0': CMAKE_PREFIX_PATH=${CMAKE_PREFIX_PATH}:/home/ibrahim/ros2_ws/install/arm_serial_bridge:/opt/ros/jazzy DEBUGINFOD_URLS=https://debuginfod.ubuntu.com /usr/bin/cmake --install /home/ibrahim/ros2_ws/build/mycobot_mtc_demos
[2.866s] Level 1:colcon.colcon_core.environment:checking '/home/ibrahim/ros2_ws/install/mycobot_mtc_demos' for CMake module files
[2.867s] Level 1:colcon.colcon_core.environment:checking '/home/ibrahim/ros2_ws/install/mycobot_mtc_demos' for CMake config files
[2.867s] Level 1:colcon.colcon_core.shell:create_environment_hook('mycobot_mtc_demos', 'cmake_prefix_path')
[2.867s] INFO:colcon.colcon_core.shell:Creating environment hook '/home/ibrahim/ros2_ws/install/mycobot_mtc_demos/share/mycobot_mtc_demos/hook/cmake_prefix_path.ps1'
[2.868s] INFO:colcon.colcon_core.shell:Creating environment descriptor '/home/ibrahim/ros2_ws/install/mycobot_mtc_demos/share/mycobot_mtc_demos/hook/cmake_prefix_path.dsv'
[2.869s] INFO:colcon.colcon_core.shell:Creating environment hook '/home/ibrahim/ros2_ws/install/mycobot_mtc_demos/share/mycobot_mtc_demos/hook/cmake_prefix_path.sh'
[2.872s] Level 1:colcon.colcon_core.environment:checking '/home/ibrahim/ros2_ws/install/mycobot_mtc_demos/lib'
[2.872s] Level 1:colcon.colcon_core.environment:checking '/home/ibrahim/ros2_ws/install/mycobot_mtc_demos/bin'
[2.876s] Level 1:colcon.colcon_core.environment:checking '/home/ibrahim/ros2_ws/install/mycobot_mtc_demos/lib/pkgconfig/mycobot_mtc_demos.pc'
[2.877s] Level 1:colcon.colcon_core.environment:checking '/home/ibrahim/ros2_ws/install/mycobot_mtc_demos/lib/python3.12/site-packages'
[2.877s] Level 1:colcon.colcon_core.environment:checking '/home/ibrahim/ros2_ws/install/mycobot_mtc_demos/bin'
[2.877s] INFO:colcon.colcon_core.shell:Creating package script '/home/ibrahim/ros2_ws/install/mycobot_mtc_demos/share/mycobot_mtc_demos/package.ps1'
[2.879s] INFO:colcon.colcon_core.shell:Creating package descriptor '/home/ibrahim/ros2_ws/install/mycobot_mtc_demos/share/mycobot_mtc_demos/package.dsv'
[2.880s] INFO:colcon.colcon_core.shell:Creating package script '/home/ibrahim/ros2_ws/install/mycobot_mtc_demos/share/mycobot_mtc_demos/package.sh'
[2.881s] INFO:colcon.colcon_core.shell:Creating package script '/home/ibrahim/ros2_ws/install/mycobot_mtc_demos/share/mycobot_mtc_demos/package.bash'
[2.883s] INFO:colcon.colcon_core.shell:Creating package script '/home/ibrahim/ros2_ws/install/mycobot_mtc_demos/share/mycobot_mtc_demos/package.zsh'
[2.889s] Level 1:colcon.colcon_core.environment:create_file_with_runtime_dependencies(/home/ibrahim/ros2_ws/install/mycobot_mtc_demos/share/colcon-core/packages/mycobot_mtc_demos)
[2.892s] Level 1:colcon.colcon_core.environment:create_environment_scripts_only(mycobot_mtc_demos)
[2.892s] Level 1:colcon.colcon_core.environment:checking '/home/ibrahim/ros2_ws/install/mycobot_mtc_demos' for CMake module files
[2.893s] Level 1:colcon.colcon_core.environment:checking '/home/ibrahim/ros2_ws/install/mycobot_mtc_demos' for CMake config files
[2.893s] Level 1:colcon.colcon_core.shell:create_environment_hook('mycobot_mtc_demos', 'cmake_prefix_path')
[2.893s] INFO:colcon.colcon_core.shell:Creating environment hook '/home/ibrahim/ros2_ws/install/mycobot_mtc_demos/share/mycobot_mtc_demos/hook/cmake_prefix_path.ps1'
[2.896s] INFO:colcon.colcon_core.shell:Creating environment descriptor '/home/ibrahim/ros2_ws/install/mycobot_mtc_demos/share/mycobot_mtc_demos/hook/cmake_prefix_path.dsv'
[2.903s] INFO:colcon.colcon_core.shell:Creating environment hook '/home/ibrahim/ros2_ws/install/mycobot_mtc_demos/share/mycobot_mtc_demos/hook/cmake_prefix_path.sh'
[2.905s] Level 1:colcon.colcon_core.environment:checking '/home/ibrahim/ros2_ws/install/mycobot_mtc_demos/lib'
[2.905s] Level 1:colcon.colcon_core.environment:checking '/home/ibrahim/ros2_ws/install/mycobot_mtc_demos/bin'
[2.905s] Level 1:colcon.colcon_core.environment:checking '/home/ibrahim/ros2_ws/install/mycobot_mtc_demos/lib/pkgconfig/mycobot_mtc_demos.pc'
[2.906s] Level 1:colcon.colcon_core.environment:checking '/home/ibrahim/ros2_ws/install/mycobot_mtc_demos/lib/python3.12/site-packages'
[2.906s] Level 1:colcon.colcon_core.environment:checking '/home/ibrahim/ros2_ws/install/mycobot_mtc_demos/bin'
[2.907s] INFO:colcon.colcon_core.shell:Creating package script '/home/ibrahim/ros2_ws/install/mycobot_mtc_demos/share/mycobot_mtc_demos/package.ps1'
[2.918s] INFO:colcon.colcon_core.shell:Creating package descriptor '/home/ibrahim/ros2_ws/install/mycobot_mtc_demos/share/mycobot_mtc_demos/package.dsv'
[2.919s] INFO:colcon.colcon_core.shell:Creating package script '/home/ibrahim/ros2_ws/install/mycobot_mtc_demos/share/mycobot_mtc_demos/package.sh'
[2.921s] INFO:colcon.colcon_core.shell:Creating package script '/home/ibrahim/ros2_ws/install/mycobot_mtc_demos/share/mycobot_mtc_demos/package.bash'
[2.922s] INFO:colcon.colcon_core.shell:Creating package script '/home/ibrahim/ros2_ws/install/mycobot_mtc_demos/share/mycobot_mtc_demos/package.zsh'
[2.923s] Level 1:colcon.colcon_core.environment:create_file_with_runtime_dependencies(/home/ibrahim/ros2_ws/install/mycobot_mtc_demos/share/colcon-core/packages/mycobot_mtc_demos)
[2.986s] DEBUG:colcon.colcon_core.event_handler.log_command:Invoked command in '/home/ibrahim/ros2_ws/build/mycobot_ros2' returned '0': CMAKE_PREFIX_PATH=/home/ibrahim/ros2_ws/install/mycobot_system_tests:/home/ibrahim/ros2_ws/install/mycobot_moveit_config:/home/ibrahim/ros2_ws/install/mycobot_gazebo:/home/ibrahim/ros2_ws/install/mycobot_description:/home/ibrahim/ros2_ws/install/mycobot_bringup:/home/ibrahim/ros2_ws/install/mycobot_ros2:/home/ibrahim/ros2_ws/install/mycobot_mtc_pick_place_demo:/home/ibrahim/ros2_ws/install/mycobot_mtc_demos:/home/ibrahim/ros2_ws/install/mycobot_moveit_demos:/home/ibrahim/ros2_ws/install/mycobot_interfaces:/opt/ros/jazzy/opt/gz_sim_vendor:/opt/ros/jazzy/opt/gz_sensors_vendor:/opt/ros/jazzy/opt/gz_physics_vendor:/opt/ros/jazzy/opt/sdformat_vendor:/opt/ros/jazzy/opt/gz_gui_vendor:/opt/ros/jazzy/opt/gz_transport_vendor:/opt/ros/jazzy/opt/gz_rendering_vendor:/opt/ros/jazzy/opt/gz_plugin_vendor:/opt/ros/jazzy/opt/gz_fuel_tools_vendor:/opt/ros/jazzy/opt/gz_msgs_vendor:/opt/ros/jazzy/opt/gz_common_vendor:/opt/ros/jazzy/opt/gz_math_vendor:/opt/ros/jazzy/opt/gz_utils_vendor:/opt/ros/jazzy/opt/gz_tools_vendor:/opt/ros/jazzy/opt/gz_ogre_next_vendor:/opt/ros/jazzy/opt/gz_dartsim_vendor:/opt/ros/jazzy/opt/gz_cmake_vendor:/home/ibrahim/ros2_ws/install/arm_serial_bridge:/opt/ros/jazzy DEBUGINFOD_URLS=https://debuginfod.ubuntu.com /usr/bin/cmake --build /home/ibrahim/ros2_ws/build/mycobot_ros2 -- -j4 -l4
[2.989s] DEBUG:colcon.colcon_core.event_handler.log_command:Invoking command in '/home/ibrahim/ros2_ws/build/mycobot_ros2': CMAKE_PREFIX_PATH=/home/ibrahim/ros2_ws/install/mycobot_system_tests:/home/ibrahim/ros2_ws/install/mycobot_moveit_config:/home/ibrahim/ros2_ws/install/mycobot_gazebo:/home/ibrahim/ros2_ws/install/mycobot_description:/home/ibrahim/ros2_ws/install/mycobot_bringup:/home/ibrahim/ros2_ws/install/mycobot_ros2:/home/ibrahim/ros2_ws/install/mycobot_mtc_pick_place_demo:/home/ibrahim/ros2_ws/install/mycobot_mtc_demos:/home/ibrahim/ros2_ws/install/mycobot_moveit_demos:/home/ibrahim/ros2_ws/install/mycobot_interfaces:/opt/ros/jazzy/opt/gz_sim_vendor:/opt/ros/jazzy/opt/gz_sensors_vendor:/opt/ros/jazzy/opt/gz_physics_vendor:/opt/ros/jazzy/opt/sdformat_vendor:/opt/ros/jazzy/opt/gz_gui_vendor:/opt/ros/jazzy/opt/gz_transport_vendor:/opt/ros/jazzy/opt/gz_rendering_vendor:/opt/ros/jazzy/opt/gz_plugin_vendor:/opt/ros/jazzy/opt/gz_fuel_tools_vendor:/opt/ros/jazzy/opt/gz_msgs_vendor:/opt/ros/jazzy/opt/gz_common_vendor:/opt/ros/jazzy/opt/gz_math_vendor:/opt/ros/jazzy/opt/gz_utils_vendor:/opt/ros/jazzy/opt/gz_tools_vendor:/opt/ros/jazzy/opt/gz_ogre_next_vendor:/opt/ros/jazzy/opt/gz_dartsim_vendor:/opt/ros/jazzy/opt/gz_cmake_vendor:/home/ibrahim/ros2_ws/install/arm_serial_bridge:/opt/ros/jazzy DEBUGINFOD_URLS=https://debuginfod.ubuntu.com /usr/bin/cmake --install /home/ibrahim/ros2_ws/build/mycobot_ros2
[3.076s] Level 1:colcon.colcon_core.environment:create_environment_scripts_only(mycobot_ros2)
[3.077s] DEBUG:colcon.colcon_core.event_handler.log_command:Invoked command in '/home/ibrahim/ros2_ws/build/mycobot_ros2' returned '0': CMAKE_PREFIX_PATH=/home/ibrahim/ros2_ws/install/mycobot_system_tests:/home/ibrahim/ros2_ws/install/mycobot_moveit_config:/home/ibrahim/ros2_ws/install/mycobot_gazebo:/home/ibrahim/ros2_ws/install/mycobot_description:/home/ibrahim/ros2_ws/install/mycobot_bringup:/home/ibrahim/ros2_ws/install/mycobot_ros2:/home/ibrahim/ros2_ws/install/mycobot_mtc_pick_place_demo:/home/ibrahim/ros2_ws/install/mycobot_mtc_demos:/home/ibrahim/ros2_ws/install/mycobot_moveit_demos:/home/ibrahim/ros2_ws/install/mycobot_interfaces:/opt/ros/jazzy/opt/gz_sim_vendor:/opt/ros/jazzy/opt/gz_sensors_vendor:/opt/ros/jazzy/opt/gz_physics_vendor:/opt/ros/jazzy/opt/sdformat_vendor:/opt/ros/jazzy/opt/gz_gui_vendor:/opt/ros/jazzy/opt/gz_transport_vendor:/opt/ros/jazzy/opt/gz_rendering_vendor:/opt/ros/jazzy/opt/gz_plugin_vendor:/opt/ros/jazzy/opt/gz_fuel_tools_vendor:/opt/ros/jazzy/opt/gz_msgs_vendor:/opt/ros/jazzy/opt/gz_common_vendor:/opt/ros/jazzy/opt/gz_math_vendor:/opt/ros/jazzy/opt/gz_utils_vendor:/opt/ros/jazzy/opt/gz_tools_vendor:/opt/ros/jazzy/opt/gz_ogre_next_vendor:/opt/ros/jazzy/opt/gz_dartsim_vendor:/opt/ros/jazzy/opt/gz_cmake_vendor:/home/ibrahim/ros2_ws/install/arm_serial_bridge:/opt/ros/jazzy DEBUGINFOD_URLS=https://debuginfod.ubuntu.com /usr/bin/cmake --install /home/ibrahim/ros2_ws/build/mycobot_ros2
[3.078s] Level 1:colcon.colcon_core.environment:checking '/home/ibrahim/ros2_ws/install/mycobot_ros2' for CMake module files
[3.079s] Level 1:colcon.colcon_core.environment:checking '/home/ibrahim/ros2_ws/install/mycobot_ros2' for CMake config files
[3.081s] Level 1:colcon.colcon_core.shell:create_environment_hook('mycobot_ros2', 'cmake_prefix_path')
[3.081s] INFO:colcon.colcon_core.shell:Creating environment hook '/home/ibrahim/ros2_ws/install/mycobot_ros2/share/mycobot_ros2/hook/cmake_prefix_path.ps1'
[3.106s] INFO:colcon.colcon_core.shell:Creating environment descriptor '/home/ibrahim/ros2_ws/install/mycobot_ros2/share/mycobot_ros2/hook/cmake_prefix_path.dsv'
[3.107s] INFO:colcon.colcon_core.shell:Creating environment hook '/home/ibrahim/ros2_ws/install/mycobot_ros2/share/mycobot_ros2/hook/cmake_prefix_path.sh'
[3.108s] Level 1:colcon.colcon_core.environment:checking '/home/ibrahim/ros2_ws/install/mycobot_ros2/bin'
[3.108s] Level 1:colcon.colcon_core.environment:checking '/home/ibrahim/ros2_ws/install/mycobot_ros2/lib/pkgconfig/mycobot_ros2.pc'
[3.109s] Level 1:colcon.colcon_core.environment:checking '/home/ibrahim/ros2_ws/install/mycobot_ros2/lib/python3.12/site-packages'
[3.109s] Level 1:colcon.colcon_core.environment:checking '/home/ibrahim/ros2_ws/install/mycobot_ros2/bin'
[3.109s] INFO:colcon.colcon_core.shell:Creating package script '/home/ibrahim/ros2_ws/install/mycobot_ros2/share/mycobot_ros2/package.ps1'
[3.110s] INFO:colcon.colcon_core.shell:Creating package descriptor '/home/ibrahim/ros2_ws/install/mycobot_ros2/share/mycobot_ros2/package.dsv'
[3.112s] INFO:colcon.colcon_core.shell:Creating package script '/home/ibrahim/ros2_ws/install/mycobot_ros2/share/mycobot_ros2/package.sh'
[3.113s] INFO:colcon.colcon_core.shell:Creating package script '/home/ibrahim/ros2_ws/install/mycobot_ros2/share/mycobot_ros2/package.bash'
[3.114s] INFO:colcon.colcon_core.shell:Creating package script '/home/ibrahim/ros2_ws/install/mycobot_ros2/share/mycobot_ros2/package.zsh'
[3.115s] Level 1:colcon.colcon_core.environment:create_file_with_runtime_dependencies(/home/ibrahim/ros2_ws/install/mycobot_ros2/share/colcon-core/packages/mycobot_ros2)
[3.116s] Level 1:colcon.colcon_core.environment:create_environment_scripts_only(mycobot_ros2)
[3.116s] Level 1:colcon.colcon_core.environment:checking '/home/ibrahim/ros2_ws/install/mycobot_ros2' for CMake module files
[3.116s] Level 1:colcon.colcon_core.environment:checking '/home/ibrahim/ros2_ws/install/mycobot_ros2' for CMake config files
[3.117s] Level 1:colcon.colcon_core.shell:create_environment_hook('mycobot_ros2', 'cmake_prefix_path')
[3.117s] INFO:colcon.colcon_core.shell:Creating environment hook '/home/ibrahim/ros2_ws/install/mycobot_ros2/share/mycobot_ros2/hook/cmake_prefix_path.ps1'
[3.118s] INFO:colcon.colcon_core.shell:Creating environment descriptor '/home/ibrahim/ros2_ws/install/mycobot_ros2/share/mycobot_ros2/hook/cmake_prefix_path.dsv'
[3.118s] INFO:colcon.colcon_core.shell:Creating environment hook '/home/ibrahim/ros2_ws/install/mycobot_ros2/share/mycobot_ros2/hook/cmake_prefix_path.sh'
[3.119s] Level 1:colcon.colcon_core.environment:checking '/home/ibrahim/ros2_ws/install/mycobot_ros2/bin'
[3.120s] Level 1:colcon.colcon_core.environment:checking '/home/ibrahim/ros2_ws/install/mycobot_ros2/lib/pkgconfig/mycobot_ros2.pc'
[3.120s] Level 1:colcon.colcon_core.environment:checking '/home/ibrahim/ros2_ws/install/mycobot_ros2/lib/python3.12/site-packages'
[3.120s] Level 1:colcon.colcon_core.environment:checking '/home/ibrahim/ros2_ws/install/mycobot_ros2/bin'
[3.121s] INFO:colcon.colcon_core.shell:Creating package script '/home/ibrahim/ros2_ws/install/mycobot_ros2/share/mycobot_ros2/package.ps1'
[3.123s] INFO:colcon.colcon_core.shell:Creating package descriptor '/home/ibrahim/ros2_ws/install/mycobot_ros2/share/mycobot_ros2/package.dsv'
[3.124s] INFO:colcon.colcon_core.shell:Creating package script '/home/ibrahim/ros2_ws/install/mycobot_ros2/share/mycobot_ros2/package.sh'
[3.125s] INFO:colcon.colcon_core.shell:Creating package script '/home/ibrahim/ros2_ws/install/mycobot_ros2/share/mycobot_ros2/package.bash'
[3.126s] INFO:colcon.colcon_core.shell:Creating package script '/home/ibrahim/ros2_ws/install/mycobot_ros2/share/mycobot_ros2/package.zsh'
[3.128s] Level 1:colcon.colcon_core.environment:create_file_with_runtime_dependencies(/home/ibrahim/ros2_ws/install/mycobot_ros2/share/colcon-core/packages/mycobot_ros2)
[3.239s] DEBUG:colcon.colcon_core.event_handler.log_command:Invoked command in '/home/ibrahim/ros2_ws/build/mycobot_mtc_pick_place_demo' returned '0': CMAKE_PREFIX_PATH=/home/ibrahim/ros2_ws/install/mycobot_interfaces:/home/ibrahim/ros2_ws/install/mycobot_ros2:/home/ibrahim/ros2_ws/install/mycobot_system_tests:/home/ibrahim/ros2_ws/install/mycobot_mtc_pick_place_demo:/home/ibrahim/ros2_ws/install/mycobot_mtc_demos:/home/ibrahim/ros2_ws/install/mycobot_moveit_demos:/home/ibrahim/ros2_ws/install/mycobot_moveit_config:/home/ibrahim/ros2_ws/install/mycobot_gazebo:/home/ibrahim/ros2_ws/install/mycobot_description:/home/ibrahim/ros2_ws/install/mycobot_bringup:/opt/ros/jazzy/opt/gz_sim_vendor:/opt/ros/jazzy/opt/gz_sensors_vendor:/opt/ros/jazzy/opt/gz_physics_vendor:/opt/ros/jazzy/opt/sdformat_vendor:/opt/ros/jazzy/opt/gz_gui_vendor:/opt/ros/jazzy/opt/gz_transport_vendor:/opt/ros/jazzy/opt/gz_rendering_vendor:/opt/ros/jazzy/opt/gz_plugin_vendor:/opt/ros/jazzy/opt/gz_fuel_tools_vendor:/opt/ros/jazzy/opt/gz_msgs_vendor:/opt/ros/jazzy/opt/gz_common_vendor:/opt/ros/jazzy/opt/gz_math_vendor:/opt/ros/jazzy/opt/gz_utils_vendor:/opt/ros/jazzy/opt/gz_tools_vendor:/opt/ros/jazzy/opt/gz_ogre_next_vendor:/opt/ros/jazzy/opt/gz_dartsim_vendor:/opt/ros/jazzy/opt/gz_cmake_vendor:/home/ibrahim/ros2_ws/install/arm_serial_bridge:/opt/ros/jazzy DEBUGINFOD_URLS=https://debuginfod.ubuntu.com LD_LIBRARY_PATH=/home/ibrahim/ros2_ws/install/mycobot_interfaces/lib:/home/ibrahim/ros2_ws/install/mycobot_mtc_pick_place_demo/lib:/opt/ros/jazzy/opt/gz_sim_vendor/lib:/opt/ros/jazzy/opt/gz_sensors_vendor/lib:/opt/ros/jazzy/opt/gz_physics_vendor/lib:/opt/ros/jazzy/opt/sdformat_vendor/lib:/opt/ros/jazzy/opt/rviz_ogre_vendor/lib:/opt/ros/jazzy/lib/x86_64-linux-gnu:/opt/ros/jazzy/opt/gz_gui_vendor/lib:/opt/ros/jazzy/opt/gz_transport_vendor/lib:/opt/ros/jazzy/opt/gz_rendering_vendor/lib:/opt/ros/jazzy/opt/gz_plugin_vendor/lib:/opt/ros/jazzy/opt/gz_fuel_tools_vendor/lib:/opt/ros/jazzy/opt/gz_msgs_vendor/lib:/opt/ros/jazzy/opt/gz_common_vendor/lib:/opt/ros/jazzy/opt/gz_math_vendor/lib:/opt/ros/jazzy/opt/gz_utils_vendor/lib:/opt/ros/jazzy/opt/gz_tools_vendor/lib:/opt/ros/jazzy/opt/gz_ogre_next_vendor/lib:/opt/ros/jazzy/opt/gz_dartsim_vendor/lib:/opt/ros/jazzy/opt/gz_cmake_vendor/lib:/opt/ros/jazzy/lib /usr/bin/cmake --build /home/ibrahim/ros2_ws/build/mycobot_mtc_pick_place_demo -- -j4 -l4
[3.240s] DEBUG:colcon.colcon_core.event_handler.log_command:Invoking command in '/home/ibrahim/ros2_ws/build/mycobot_mtc_pick_place_demo': CMAKE_PREFIX_PATH=/home/ibrahim/ros2_ws/install/mycobot_interfaces:/home/ibrahim/ros2_ws/install/mycobot_ros2:/home/ibrahim/ros2_ws/install/mycobot_system_tests:/home/ibrahim/ros2_ws/install/mycobot_mtc_pick_place_demo:/home/ibrahim/ros2_ws/install/mycobot_mtc_demos:/home/ibrahim/ros2_ws/install/mycobot_moveit_demos:/home/ibrahim/ros2_ws/install/mycobot_moveit_config:/home/ibrahim/ros2_ws/install/mycobot_gazebo:/home/ibrahim/ros2_ws/install/mycobot_description:/home/ibrahim/ros2_ws/install/mycobot_bringup:/opt/ros/jazzy/opt/gz_sim_vendor:/opt/ros/jazzy/opt/gz_sensors_vendor:/opt/ros/jazzy/opt/gz_physics_vendor:/opt/ros/jazzy/opt/sdformat_vendor:/opt/ros/jazzy/opt/gz_gui_vendor:/opt/ros/jazzy/opt/gz_transport_vendor:/opt/ros/jazzy/opt/gz_rendering_vendor:/opt/ros/jazzy/opt/gz_plugin_vendor:/opt/ros/jazzy/opt/gz_fuel_tools_vendor:/opt/ros/jazzy/opt/gz_msgs_vendor:/opt/ros/jazzy/opt/gz_common_vendor:/opt/ros/jazzy/opt/gz_math_vendor:/opt/ros/jazzy/opt/gz_utils_vendor:/opt/ros/jazzy/opt/gz_tools_vendor:/opt/ros/jazzy/opt/gz_ogre_next_vendor:/opt/ros/jazzy/opt/gz_dartsim_vendor:/opt/ros/jazzy/opt/gz_cmake_vendor:/home/ibrahim/ros2_ws/install/arm_serial_bridge:/opt/ros/jazzy DEBUGINFOD_URLS=https://debuginfod.ubuntu.com LD_LIBRARY_PATH=/home/ibrahim/ros2_ws/install/mycobot_interfaces/lib:/home/ibrahim/ros2_ws/install/mycobot_mtc_pick_place_demo/lib:/opt/ros/jazzy/opt/gz_sim_vendor/lib:/opt/ros/jazzy/opt/gz_sensors_vendor/lib:/opt/ros/jazzy/opt/gz_physics_vendor/lib:/opt/ros/jazzy/opt/sdformat_vendor/lib:/opt/ros/jazzy/opt/rviz_ogre_vendor/lib:/opt/ros/jazzy/lib/x86_64-linux-gnu:/opt/ros/jazzy/opt/gz_gui_vendor/lib:/opt/ros/jazzy/opt/gz_transport_vendor/lib:/opt/ros/jazzy/opt/gz_rendering_vendor/lib:/opt/ros/jazzy/opt/gz_plugin_vendor/lib:/opt/ros/jazzy/opt/gz_fuel_tools_vendor/lib:/opt/ros/jazzy/opt/gz_msgs_vendor/lib:/opt/ros/jazzy/opt/gz_common_vendor/lib:/opt/ros/jazzy/opt/gz_math_vendor/lib:/opt/ros/jazzy/opt/gz_utils_vendor/lib:/opt/ros/jazzy/opt/gz_tools_vendor/lib:/opt/ros/jazzy/opt/gz_ogre_next_vendor/lib:/opt/ros/jazzy/opt/gz_dartsim_vendor/lib:/opt/ros/jazzy/opt/gz_cmake_vendor/lib:/opt/ros/jazzy/lib /usr/bin/cmake --install /home/ibrahim/ros2_ws/build/mycobot_mtc_pick_place_demo
[3.291s] Level 1:colcon.colcon_core.environment:create_environment_scripts_only(mycobot_mtc_pick_place_demo)
[3.292s] Level 1:colcon.colcon_core.environment:checking '/home/ibrahim/ros2_ws/install/mycobot_mtc_pick_place_demo' for CMake module files
[3.294s] DEBUG:colcon.colcon_core.event_handler.log_command:Invoked command in '/home/ibrahim/ros2_ws/build/mycobot_mtc_pick_place_demo' returned '0': CMAKE_PREFIX_PATH=/home/ibrahim/ros2_ws/install/mycobot_interfaces:/home/ibrahim/ros2_ws/install/mycobot_ros2:/home/ibrahim/ros2_ws/install/mycobot_system_tests:/home/ibrahim/ros2_ws/install/mycobot_mtc_pick_place_demo:/home/ibrahim/ros2_ws/install/mycobot_mtc_demos:/home/ibrahim/ros2_ws/install/mycobot_moveit_demos:/home/ibrahim/ros2_ws/install/mycobot_moveit_config:/home/ibrahim/ros2_ws/install/mycobot_gazebo:/home/ibrahim/ros2_ws/install/mycobot_description:/home/ibrahim/ros2_ws/install/mycobot_bringup:/opt/ros/jazzy/opt/gz_sim_vendor:/opt/ros/jazzy/opt/gz_sensors_vendor:/opt/ros/jazzy/opt/gz_physics_vendor:/opt/ros/jazzy/opt/sdformat_vendor:/opt/ros/jazzy/opt/gz_gui_vendor:/opt/ros/jazzy/opt/gz_transport_vendor:/opt/ros/jazzy/opt/gz_rendering_vendor:/opt/ros/jazzy/opt/gz_plugin_vendor:/opt/ros/jazzy/opt/gz_fuel_tools_vendor:/opt/ros/jazzy/opt/gz_msgs_vendor:/opt/ros/jazzy/opt/gz_common_vendor:/opt/ros/jazzy/opt/gz_math_vendor:/opt/ros/jazzy/opt/gz_utils_vendor:/opt/ros/jazzy/opt/gz_tools_vendor:/opt/ros/jazzy/opt/gz_ogre_next_vendor:/opt/ros/jazzy/opt/gz_dartsim_vendor:/opt/ros/jazzy/opt/gz_cmake_vendor:/home/ibrahim/ros2_ws/install/arm_serial_bridge:/opt/ros/jazzy DEBUGINFOD_URLS=https://debuginfod.ubuntu.com LD_LIBRARY_PATH=/home/ibrahim/ros2_ws/install/mycobot_interfaces/lib:/home/ibrahim/ros2_ws/install/mycobot_mtc_pick_place_demo/lib:/opt/ros/jazzy/opt/gz_sim_vendor/lib:/opt/ros/jazzy/opt/gz_sensors_vendor/lib:/opt/ros/jazzy/opt/gz_physics_vendor/lib:/opt/ros/jazzy/opt/sdformat_vendor/lib:/opt/ros/jazzy/opt/rviz_ogre_vendor/lib:/opt/ros/jazzy/lib/x86_64-linux-gnu:/opt/ros/jazzy/opt/gz_gui_vendor/lib:/opt/ros/jazzy/opt/gz_transport_vendor/lib:/opt/ros/jazzy/opt/gz_rendering_vendor/lib:/opt/ros/jazzy/opt/gz_plugin_vendor/lib:/opt/ros/jazzy/opt/gz_fuel_tools_vendor/lib:/opt/ros/jazzy/opt/gz_msgs_vendor/lib:/opt/ros/jazzy/opt/gz_common_vendor/lib:/opt/ros/jazzy/opt/gz_math_vendor/lib:/opt/ros/jazzy/opt/gz_utils_vendor/lib:/opt/ros/jazzy/opt/gz_tools_vendor/lib:/opt/ros/jazzy/opt/gz_ogre_next_vendor/lib:/opt/ros/jazzy/opt/gz_dartsim_vendor/lib:/opt/ros/jazzy/opt/gz_cmake_vendor/lib:/opt/ros/jazzy/lib /usr/bin/cmake --install /home/ibrahim/ros2_ws/build/mycobot_mtc_pick_place_demo
[3.298s] Level 1:colcon.colcon_core.environment:checking '/home/ibrahim/ros2_ws/install/mycobot_mtc_pick_place_demo' for CMake config files
[3.298s] Level 1:colcon.colcon_core.shell:create_environment_hook('mycobot_mtc_pick_place_demo', 'cmake_prefix_path')
[3.298s] INFO:colcon.colcon_core.shell:Creating environment hook '/home/ibrahim/ros2_ws/install/mycobot_mtc_pick_place_demo/share/mycobot_mtc_pick_place_demo/hook/cmake_prefix_path.ps1'
[3.305s] INFO:colcon.colcon_core.shell:Creating environment descriptor '/home/ibrahim/ros2_ws/install/mycobot_mtc_pick_place_demo/share/mycobot_mtc_pick_place_demo/hook/cmake_prefix_path.dsv'
[3.306s] INFO:colcon.colcon_core.shell:Creating environment hook '/home/ibrahim/ros2_ws/install/mycobot_mtc_pick_place_demo/share/mycobot_mtc_pick_place_demo/hook/cmake_prefix_path.sh'
[3.308s] Level 1:colcon.colcon_core.environment:checking '/home/ibrahim/ros2_ws/install/mycobot_mtc_pick_place_demo/lib'
[3.308s] Level 1:colcon.colcon_core.shell:create_environment_hook('mycobot_mtc_pick_place_demo', 'ld_library_path_lib')
[3.308s] INFO:colcon.colcon_core.shell:Creating environment hook '/home/ibrahim/ros2_ws/install/mycobot_mtc_pick_place_demo/share/mycobot_mtc_pick_place_demo/hook/ld_library_path_lib.ps1'
[3.309s] INFO:colcon.colcon_core.shell:Creating environment descriptor '/home/ibrahim/ros2_ws/install/mycobot_mtc_pick_place_demo/share/mycobot_mtc_pick_place_demo/hook/ld_library_path_lib.dsv'
[3.310s] INFO:colcon.colcon_core.shell:Creating environment hook '/home/ibrahim/ros2_ws/install/mycobot_mtc_pick_place_demo/share/mycobot_mtc_pick_place_demo/hook/ld_library_path_lib.sh'
[3.311s] Level 1:colcon.colcon_core.environment:checking '/home/ibrahim/ros2_ws/install/mycobot_mtc_pick_place_demo/bin'
[3.315s] Level 1:colcon.colcon_core.environment:checking '/home/ibrahim/ros2_ws/install/mycobot_mtc_pick_place_demo/lib/pkgconfig/mycobot_mtc_pick_place_demo.pc'
[3.316s] Level 1:colcon.colcon_core.environment:checking '/home/ibrahim/ros2_ws/install/mycobot_mtc_pick_place_demo/lib/python3.12/site-packages'
[3.316s] Level 1:colcon.colcon_core.environment:checking '/home/ibrahim/ros2_ws/install/mycobot_mtc_pick_place_demo/bin'
[3.316s] INFO:colcon.colcon_core.shell:Creating package script '/home/ibrahim/ros2_ws/install/mycobot_mtc_pick_place_demo/share/mycobot_mtc_pick_place_demo/package.ps1'
[3.323s] INFO:colcon.colcon_core.shell:Creating package descriptor '/home/ibrahim/ros2_ws/install/mycobot_mtc_pick_place_demo/share/mycobot_mtc_pick_place_demo/package.dsv'
[3.324s] INFO:colcon.colcon_core.shell:Creating package script '/home/ibrahim/ros2_ws/install/mycobot_mtc_pick_place_demo/share/mycobot_mtc_pick_place_demo/package.sh'
[3.339s] INFO:colcon.colcon_core.shell:Creating package script '/home/ibrahim/ros2_ws/install/mycobot_mtc_pick_place_demo/share/mycobot_mtc_pick_place_demo/package.bash'
[3.340s] INFO:colcon.colcon_core.shell:Creating package script '/home/ibrahim/ros2_ws/install/mycobot_mtc_pick_place_demo/share/mycobot_mtc_pick_place_demo/package.zsh'
[3.341s] Level 1:colcon.colcon_core.environment:create_file_with_runtime_dependencies(/home/ibrahim/ros2_ws/install/mycobot_mtc_pick_place_demo/share/colcon-core/packages/mycobot_mtc_pick_place_demo)
[3.342s] Level 1:colcon.colcon_core.environment:create_environment_scripts_only(mycobot_mtc_pick_place_demo)
[3.342s] Level 1:colcon.colcon_core.environment:checking '/home/ibrahim/ros2_ws/install/mycobot_mtc_pick_place_demo' for CMake module files
[3.343s] Level 1:colcon.colcon_core.environment:checking '/home/ibrahim/ros2_ws/install/mycobot_mtc_pick_place_demo' for CMake config files
[3.344s] Level 1:colcon.colcon_core.shell:create_environment_hook('mycobot_mtc_pick_place_demo', 'cmake_prefix_path')
[3.347s] INFO:colcon.colcon_core.shell:Creating environment hook '/home/ibrahim/ros2_ws/install/mycobot_mtc_pick_place_demo/share/mycobot_mtc_pick_place_demo/hook/cmake_prefix_path.ps1'
[3.348s] INFO:colcon.colcon_core.shell:Creating environment descriptor '/home/ibrahim/ros2_ws/install/mycobot_mtc_pick_place_demo/share/mycobot_mtc_pick_place_demo/hook/cmake_prefix_path.dsv'
[3.358s] INFO:colcon.colcon_core.shell:Creating environment hook '/home/ibrahim/ros2_ws/install/mycobot_mtc_pick_place_demo/share/mycobot_mtc_pick_place_demo/hook/cmake_prefix_path.sh'
[3.359s] Level 1:colcon.colcon_core.environment:checking '/home/ibrahim/ros2_ws/install/mycobot_mtc_pick_place_demo/lib'
[3.360s] Level 1:colcon.colcon_core.shell:create_environment_hook('mycobot_mtc_pick_place_demo', 'ld_library_path_lib')
[3.360s] INFO:colcon.colcon_core.shell:Creating environment hook '/home/ibrahim/ros2_ws/install/mycobot_mtc_pick_place_demo/share/mycobot_mtc_pick_place_demo/hook/ld_library_path_lib.ps1'
[3.361s] INFO:colcon.colcon_core.shell:Creating environment descriptor '/home/ibrahim/ros2_ws/install/mycobot_mtc_pick_place_demo/share/mycobot_mtc_pick_place_demo/hook/ld_library_path_lib.dsv'
[3.362s] INFO:colcon.colcon_core.shell:Creating environment hook '/home/ibrahim/ros2_ws/install/mycobot_mtc_pick_place_demo/share/mycobot_mtc_pick_place_demo/hook/ld_library_path_lib.sh'
[3.363s] Level 1:colcon.colcon_core.environment:checking '/home/ibrahim/ros2_ws/install/mycobot_mtc_pick_place_demo/bin'
[3.365s] Level 1:colcon.colcon_core.environment:checking '/home/ibrahim/ros2_ws/install/mycobot_mtc_pick_place_demo/lib/pkgconfig/mycobot_mtc_pick_place_demo.pc'
[3.365s] Level 1:colcon.colcon_core.environment:checking '/home/ibrahim/ros2_ws/install/mycobot_mtc_pick_place_demo/lib/python3.12/site-packages'
[3.366s] Level 1:colcon.colcon_core.environment:checking '/home/ibrahim/ros2_ws/install/mycobot_mtc_pick_place_demo/bin'
[3.366s] INFO:colcon.colcon_core.shell:Creating package script '/home/ibrahim/ros2_ws/install/mycobot_mtc_pick_place_demo/share/mycobot_mtc_pick_place_demo/package.ps1'
[3.373s] INFO:colcon.colcon_core.shell:Creating package descriptor '/home/ibrahim/ros2_ws/install/mycobot_mtc_pick_place_demo/share/mycobot_mtc_pick_place_demo/package.dsv'
[3.374s] INFO:colcon.colcon_core.shell:Creating package script '/home/ibrahim/ros2_ws/install/mycobot_mtc_pick_place_demo/share/mycobot_mtc_pick_place_demo/package.sh'
[3.375s] INFO:colcon.colcon_core.shell:Creating package script '/home/ibrahim/ros2_ws/install/mycobot_mtc_pick_place_demo/share/mycobot_mtc_pick_place_demo/package.bash'
[3.376s] INFO:colcon.colcon_core.shell:Creating package script '/home/ibrahim/ros2_ws/install/mycobot_mtc_pick_place_demo/share/mycobot_mtc_pick_place_demo/package.zsh'
[3.377s] Level 1:colcon.colcon_core.environment:create_file_with_runtime_dependencies(/home/ibrahim/ros2_ws/install/mycobot_mtc_pick_place_demo/share/colcon-core/packages/mycobot_mtc_pick_place_demo)
[3.706s] DEBUG:colcon.colcon_core.event_handler.log_command:Invoking command in '/home/ibrahim/ros2_ws/src/arm_serial_bridge': DEBUGINFOD_URLS=https://debuginfod.ubuntu.com PYTHONPATH=/home/ibrahim/ros2_ws/build/arm_serial_bridge/prefix_override:/usr/lib/python3/dist-packages/colcon_core/task/python/colcon_distutils_commands:/home/ibrahim/ros2_ws/install/arm_serial_bridge/lib/python3.12/site-packages:${PYTHONPATH} /usr/bin/python3 -W ignore:setup.py install is deprecated -W ignore:easy_install command is deprecated setup.py egg_info --egg-base ../../build/arm_serial_bridge build --build-base /home/ibrahim/ros2_ws/build/arm_serial_bridge/build install --record /home/ibrahim/ros2_ws/build/arm_serial_bridge/install.log --single-version-externally-managed
[4.434s] Level 1:colcon.colcon_core.environment:checking '/home/ibrahim/ros2_ws/install/arm_serial_bridge' for CMake module files
[4.435s] Level 1:colcon.colcon_core.environment:checking '/home/ibrahim/ros2_ws/install/arm_serial_bridge' for CMake config files
[4.435s] Level 1:colcon.colcon_core.environment:checking '/home/ibrahim/ros2_ws/install/arm_serial_bridge/lib'
[4.436s] Level 1:colcon.colcon_core.environment:checking '/home/ibrahim/ros2_ws/install/arm_serial_bridge/bin'
[4.436s] Level 1:colcon.colcon_core.environment:checking '/home/ibrahim/ros2_ws/install/arm_serial_bridge/lib/pkgconfig/arm_serial_bridge.pc'
[4.436s] Level 1:colcon.colcon_core.environment:checking '/home/ibrahim/ros2_ws/install/arm_serial_bridge/lib/python3.12/site-packages'
[4.436s] Level 1:colcon.colcon_core.shell:create_environment_hook('arm_serial_bridge', 'pythonpath')
[4.436s] INFO:colcon.colcon_core.shell:Creating environment hook '/home/ibrahim/ros2_ws/install/arm_serial_bridge/share/arm_serial_bridge/hook/pythonpath.ps1'
[4.437s] INFO:colcon.colcon_core.shell:Creating environment descriptor '/home/ibrahim/ros2_ws/install/arm_serial_bridge/share/arm_serial_bridge/hook/pythonpath.dsv'
[4.438s] INFO:colcon.colcon_core.shell:Creating environment hook '/home/ibrahim/ros2_ws/install/arm_serial_bridge/share/arm_serial_bridge/hook/pythonpath.sh'
[4.440s] Level 1:colcon.colcon_core.environment:checking '/home/ibrahim/ros2_ws/install/arm_serial_bridge/bin'
[4.440s] Level 1:colcon.colcon_core.environment:create_environment_scripts_only(arm_serial_bridge)
[4.440s] INFO:colcon.colcon_core.shell:Creating package script '/home/ibrahim/ros2_ws/install/arm_serial_bridge/share/arm_serial_bridge/package.ps1'
[4.441s] INFO:colcon.colcon_core.shell:Creating package descriptor '/home/ibrahim/ros2_ws/install/arm_serial_bridge/share/arm_serial_bridge/package.dsv'
[4.443s] DEBUG:colcon.colcon_core.event_handler.log_command:Invoked command in '/home/ibrahim/ros2_ws/src/arm_serial_bridge' returned '0': DEBUGINFOD_URLS=https://debuginfod.ubuntu.com PYTHONPATH=/home/ibrahim/ros2_ws/build/arm_serial_bridge/prefix_override:/usr/lib/python3/dist-packages/colcon_core/task/python/colcon_distutils_commands:/home/ibrahim/ros2_ws/install/arm_serial_bridge/lib/python3.12/site-packages:${PYTHONPATH} /usr/bin/python3 -W ignore:setup.py install is deprecated -W ignore:easy_install command is deprecated setup.py egg_info --egg-base ../../build/arm_serial_bridge build --build-base /home/ibrahim/ros2_ws/build/arm_serial_bridge/build install --record /home/ibrahim/ros2_ws/build/arm_serial_bridge/install.log --single-version-externally-managed
[4.446s] INFO:colcon.colcon_core.shell:Creating package script '/home/ibrahim/ros2_ws/install/arm_serial_bridge/share/arm_serial_bridge/package.sh'
[4.447s] INFO:colcon.colcon_core.shell:Creating package script '/home/ibrahim/ros2_ws/install/arm_serial_bridge/share/arm_serial_bridge/package.bash'
[4.449s] INFO:colcon.colcon_core.shell:Creating package script '/home/ibrahim/ros2_ws/install/arm_serial_bridge/share/arm_serial_bridge/package.zsh'
[4.450s] Level 1:colcon.colcon_core.environment:create_file_with_runtime_dependencies(/home/ibrahim/ros2_ws/install/arm_serial_bridge/share/colcon-core/packages/arm_serial_bridge)
[4.451s] DEBUG:colcon.colcon_parallel_executor.executor.parallel:closing loop
[4.451s] DEBUG:colcon.colcon_parallel_executor.executor.parallel:loop closed
[4.451s] DEBUG:colcon.colcon_parallel_executor.executor.parallel:run_until_complete finished with '0'
[4.452s] DEBUG:colcon.colcon_core.event_reactor:joining thread
[4.471s] INFO:colcon.colcon_core.plugin_system:Skipping extension 'colcon_notification.desktop_notification.terminal_notifier': Not used on non-Darwin systems
[4.471s] INFO:colcon.colcon_core.plugin_system:Skipping extension 'colcon_notification.desktop_notification.win32': Not used on non-Windows systems
[4.471s] INFO:colcon.colcon_notification.desktop_notification:Sending desktop notification using 'notify2'
[4.534s] DEBUG:colcon.colcon_core.event_reactor:joined thread
[4.535s] INFO:colcon.colcon_core.shell:Creating prefix script '/home/ibrahim/ros2_ws/install/local_setup.ps1'
[4.536s] INFO:colcon.colcon_core.shell:Creating prefix util module '/home/ibrahim/ros2_ws/install/_local_setup_util_ps1.py'
[4.539s] INFO:colcon.colcon_core.shell:Creating prefix chain script '/home/ibrahim/ros2_ws/install/setup.ps1'
[4.544s] INFO:colcon.colcon_core.shell:Creating prefix script '/home/ibrahim/ros2_ws/install/local_setup.sh'
[4.545s] INFO:colcon.colcon_core.shell:Creating prefix util module '/home/ibrahim/ros2_ws/install/_local_setup_util_sh.py'
[4.547s] INFO:colcon.colcon_core.shell:Creating prefix chain script '/home/ibrahim/ros2_ws/install/setup.sh'
[4.550s] INFO:colcon.colcon_core.shell:Creating prefix script '/home/ibrahim/ros2_ws/install/local_setup.bash'
[4.551s] INFO:colcon.colcon_core.shell:Creating prefix chain script '/home/ibrahim/ros2_ws/install/setup.bash'
[4.554s] INFO:colcon.colcon_core.shell:Creating prefix script '/home/ibrahim/ros2_ws/install/local_setup.zsh'
[4.556s] INFO:colcon.colcon_core.shell:Creating prefix chain script '/home/ibrahim/ros2_ws/install/setup.zsh'
