[0.080s] Invoking command in '/home/ibrahim/ros2_ws/build/mycobot_gazebo': CMAKE_PREFIX_PATH=${CMAKE_PREFIX_PATH}:/home/ibrahim/ros2_ws/install/arm_serial_bridge:/opt/ros/jazzy DEBUGINFOD_URLS=https://debuginfod.ubuntu.com /usr/bin/cmake --build /home/ibrahim/ros2_ws/build/mycobot_gazebo -- -j4 -l4
[0.457s] Invoked command in '/home/ibrahim/ros2_ws/build/mycobot_gazebo' returned '0': CMAKE_PREFIX_PATH=${CMAKE_PREFIX_PATH}:/home/ibrahim/ros2_ws/install/arm_serial_bridge:/opt/ros/jazzy DEBUGINFOD_URLS=https://debuginfod.ubuntu.com /usr/bin/cmake --build /home/ibrahim/ros2_ws/build/mycobot_gazebo -- -j4 -l4
[0.478s] Invoking command in '/home/ibrahim/ros2_ws/build/mycobot_gazebo': CMAKE_PREFIX_PATH=${CMAKE_PREFIX_PATH}:/home/ibrahim/ros2_ws/install/arm_serial_bridge:/opt/ros/jazzy DEBUGINFOD_URLS=https://debuginfod.ubuntu.com /usr/bin/cmake --install /home/ibrahim/ros2_ws/build/mycobot_gazebo
[0.494s] -- Install configuration: ""
[0.499s] -- Up-to-date: /home/ibrahim/ros2_ws/install/mycobot_gazebo/share/mycobot_gazebo/config
[0.504s] -- Up-to-date: /home/ibrahim/ros2_ws/install/mycobot_gazebo/share/mycobot_gazebo/config/ros_gz_bridge.yaml
[0.505s] -- Up-to-date: /home/ibrahim/ros2_ws/install/mycobot_gazebo/share/mycobot_gazebo/launch
[0.505s] -- Up-to-date: /home/ibrahim/ros2_ws/install/mycobot_gazebo/share/mycobot_gazebo/launch/mycobot.gazebo.launch.py
[0.505s] -- Up-to-date: /home/ibrahim/ros2_ws/install/mycobot_gazebo/share/mycobot_gazebo/models
[0.506s] -- Up-to-date: /home/ibrahim/ros2_ws/install/mycobot_gazebo/share/mycobot_gazebo/models/aws_robomaker_residential_KitchenUtensils_01
[0.506s] -- Up-to-date: /home/ibrahim/ros2_ws/install/mycobot_gazebo/share/mycobot_gazebo/models/aws_robomaker_residential_KitchenUtensils_01/model.sdf
[0.508s] -- Up-to-date: /home/ibrahim/ros2_ws/install/mycobot_gazebo/share/mycobot_gazebo/models/aws_robomaker_residential_KitchenUtensils_01/materials
[0.509s] -- Up-to-date: /home/ibrahim/ros2_ws/install/mycobot_gazebo/share/mycobot_gazebo/models/aws_robomaker_residential_KitchenUtensils_01/materials/textures
[0.509s] -- Up-to-date: /home/ibrahim/ros2_ws/install/mycobot_gazebo/share/mycobot_gazebo/models/aws_robomaker_residential_KitchenUtensils_01/materials/textures/aws_KitchenUtensils_01.png
[0.509s] -- Up-to-date: /home/ibrahim/ros2_ws/install/mycobot_gazebo/share/mycobot_gazebo/models/aws_robomaker_residential_KitchenUtensils_01/meshes
[0.511s] -- Up-to-date: /home/ibrahim/ros2_ws/install/mycobot_gazebo/share/mycobot_gazebo/models/aws_robomaker_residential_KitchenUtensils_01/meshes/aws_KitchenUtensils_01_visual.DAE
[0.511s] -- Up-to-date: /home/ibrahim/ros2_ws/install/mycobot_gazebo/share/mycobot_gazebo/models/aws_robomaker_residential_KitchenUtensils_01/meshes/aws_KitchenUtensils_01_collision.DAE
[0.512s] -- Up-to-date: /home/ibrahim/ros2_ws/install/mycobot_gazebo/share/mycobot_gazebo/models/aws_robomaker_residential_KitchenUtensils_01/model.config
[0.512s] -- Up-to-date: /home/ibrahim/ros2_ws/install/mycobot_gazebo/share/mycobot_gazebo/models/aws_robomaker_warehouse_GroundB_01
[0.513s] -- Up-to-date: /home/ibrahim/ros2_ws/install/mycobot_gazebo/share/mycobot_gazebo/models/aws_robomaker_warehouse_GroundB_01/model.sdf
[0.513s] -- Up-to-date: /home/ibrahim/ros2_ws/install/mycobot_gazebo/share/mycobot_gazebo/models/aws_robomaker_warehouse_GroundB_01/materials
[0.514s] -- Up-to-date: /home/ibrahim/ros2_ws/install/mycobot_gazebo/share/mycobot_gazebo/models/aws_robomaker_warehouse_GroundB_01/materials/textures
[0.514s] -- Up-to-date: /home/ibrahim/ros2_ws/install/mycobot_gazebo/share/mycobot_gazebo/models/aws_robomaker_warehouse_GroundB_01/materials/textures/aws_robomaker_warehouse_GroundB_02.png
[0.514s] -- Up-to-date: /home/ibrahim/ros2_ws/install/mycobot_gazebo/share/mycobot_gazebo/models/aws_robomaker_warehouse_GroundB_01/materials/textures/aws_robomaker_warehouse_GroundB_01.png
[0.515s] -- Up-to-date: /home/ibrahim/ros2_ws/install/mycobot_gazebo/share/mycobot_gazebo/models/aws_robomaker_warehouse_GroundB_01/meshes
[0.515s] -- Up-to-date: /home/ibrahim/ros2_ws/install/mycobot_gazebo/share/mycobot_gazebo/models/aws_robomaker_warehouse_GroundB_01/meshes/aws_robomaker_warehouse_GroundB_01_visual.DAE
[0.517s] -- Up-to-date: /home/ibrahim/ros2_ws/install/mycobot_gazebo/share/mycobot_gazebo/models/aws_robomaker_warehouse_GroundB_01/meshes/aws_robomaker_warehouse_GroundB_01_collision.DAE
[0.518s] -- Up-to-date: /home/ibrahim/ros2_ws/install/mycobot_gazebo/share/mycobot_gazebo/models/aws_robomaker_warehouse_GroundB_01/model.config
[0.520s] -- Up-to-date: /home/ibrahim/ros2_ws/install/mycobot_gazebo/share/mycobot_gazebo/models/aws_robomaker_residential_CookingBench_01
[0.520s] -- Up-to-date: /home/ibrahim/ros2_ws/install/mycobot_gazebo/share/mycobot_gazebo/models/aws_robomaker_residential_CookingBench_01/model.sdf
[0.521s] -- Up-to-date: /home/ibrahim/ros2_ws/install/mycobot_gazebo/share/mycobot_gazebo/models/aws_robomaker_residential_CookingBench_01/materials
[0.521s] -- Up-to-date: /home/ibrahim/ros2_ws/install/mycobot_gazebo/share/mycobot_gazebo/models/aws_robomaker_residential_CookingBench_01/materials/textures
[0.522s] -- Up-to-date: /home/ibrahim/ros2_ws/install/mycobot_gazebo/share/mycobot_gazebo/models/aws_robomaker_residential_CookingBench_01/materials/textures/aws_CookingBench_01.png
[0.522s] -- Up-to-date: /home/ibrahim/ros2_ws/install/mycobot_gazebo/share/mycobot_gazebo/models/aws_robomaker_residential_CookingBench_01/meshes
[0.523s] -- Up-to-date: /home/ibrahim/ros2_ws/install/mycobot_gazebo/share/mycobot_gazebo/models/aws_robomaker_residential_CookingBench_01/meshes/aws_CookingBench_01_visual.DAE
[0.523s] -- Up-to-date: /home/ibrahim/ros2_ws/install/mycobot_gazebo/share/mycobot_gazebo/models/aws_robomaker_residential_CookingBench_01/meshes/aws_CookingBench_01_collision.DAE
[0.523s] -- Up-to-date: /home/ibrahim/ros2_ws/install/mycobot_gazebo/share/mycobot_gazebo/models/aws_robomaker_residential_CookingBench_01/meshes/aws_CookingBench_01.DAE
[0.523s] -- Up-to-date: /home/ibrahim/ros2_ws/install/mycobot_gazebo/share/mycobot_gazebo/models/aws_robomaker_residential_CookingBench_01/model.config
[0.523s] -- Up-to-date: /home/ibrahim/ros2_ws/install/mycobot_gazebo/share/mycobot_gazebo/models/aws_robomaker_warehouse_ShelfF_01
[0.525s] -- Up-to-date: /home/ibrahim/ros2_ws/install/mycobot_gazebo/share/mycobot_gazebo/models/aws_robomaker_warehouse_ShelfF_01/model.sdf
[0.525s] -- Up-to-date: /home/ibrahim/ros2_ws/install/mycobot_gazebo/share/mycobot_gazebo/models/aws_robomaker_warehouse_ShelfF_01/materials
[0.525s] -- Up-to-date: /home/ibrahim/ros2_ws/install/mycobot_gazebo/share/mycobot_gazebo/models/aws_robomaker_warehouse_ShelfF_01/materials/textures
[0.525s] -- Up-to-date: /home/ibrahim/ros2_ws/install/mycobot_gazebo/share/mycobot_gazebo/models/aws_robomaker_warehouse_ShelfF_01/materials/textures/aws_robomaker_warehouse_ShelfF_03.png
[0.525s] -- Up-to-date: /home/ibrahim/ros2_ws/install/mycobot_gazebo/share/mycobot_gazebo/models/aws_robomaker_warehouse_ShelfF_01/materials/textures/aws_robomaker_warehouse_ShelfF_01.png
[0.525s] -- Up-to-date: /home/ibrahim/ros2_ws/install/mycobot_gazebo/share/mycobot_gazebo/models/aws_robomaker_warehouse_ShelfF_01/materials/textures/aws_robomaker_warehouse_ShelfF_02.png
[0.525s] -- Up-to-date: /home/ibrahim/ros2_ws/install/mycobot_gazebo/share/mycobot_gazebo/models/aws_robomaker_warehouse_ShelfF_01/meshes
[0.525s] -- Up-to-date: /home/ibrahim/ros2_ws/install/mycobot_gazebo/share/mycobot_gazebo/models/aws_robomaker_warehouse_ShelfF_01/meshes/aws_robomaker_warehouse_ShelfF_01_collision.DAE
[0.525s] -- Up-to-date: /home/ibrahim/ros2_ws/install/mycobot_gazebo/share/mycobot_gazebo/models/aws_robomaker_warehouse_ShelfF_01/meshes/aws_robomaker_warehouse_ShelfF_01_visual.DAE
[0.526s] -- Up-to-date: /home/ibrahim/ros2_ws/install/mycobot_gazebo/share/mycobot_gazebo/models/aws_robomaker_warehouse_ShelfF_01/model.config
[0.526s] -- Up-to-date: /home/ibrahim/ros2_ws/install/mycobot_gazebo/share/mycobot_gazebo/models/aws_robomaker_warehouse_Lamp_01
[0.526s] -- Up-to-date: /home/ibrahim/ros2_ws/install/mycobot_gazebo/share/mycobot_gazebo/models/aws_robomaker_warehouse_Lamp_01/model.sdf
[0.526s] -- Up-to-date: /home/ibrahim/ros2_ws/install/mycobot_gazebo/share/mycobot_gazebo/models/aws_robomaker_warehouse_Lamp_01/materials
[0.526s] -- Up-to-date: /home/ibrahim/ros2_ws/install/mycobot_gazebo/share/mycobot_gazebo/models/aws_robomaker_warehouse_Lamp_01/materials/textures
[0.526s] -- Up-to-date: /home/ibrahim/ros2_ws/install/mycobot_gazebo/share/mycobot_gazebo/models/aws_robomaker_warehouse_Lamp_01/materials/textures/aws_robomaker_warehouse_Lamp_01.png
[0.526s] -- Up-to-date: /home/ibrahim/ros2_ws/install/mycobot_gazebo/share/mycobot_gazebo/models/aws_robomaker_warehouse_Lamp_01/meshes
[0.526s] -- Up-to-date: /home/ibrahim/ros2_ws/install/mycobot_gazebo/share/mycobot_gazebo/models/aws_robomaker_warehouse_Lamp_01/meshes/aws_robomaker_warehouse_Lamp_01_collision.DAE
[0.526s] -- Up-to-date: /home/ibrahim/ros2_ws/install/mycobot_gazebo/share/mycobot_gazebo/models/aws_robomaker_warehouse_Lamp_01/meshes/aws_robomaker_warehouse_Lamp_01_visual.DAE
[0.526s] -- Up-to-date: /home/ibrahim/ros2_ws/install/mycobot_gazebo/share/mycobot_gazebo/models/aws_robomaker_warehouse_Lamp_01/model.config
[0.527s] -- Up-to-date: /home/ibrahim/ros2_ws/install/mycobot_gazebo/share/mycobot_gazebo/models/aws_robomaker_residential_Trash_01
[0.527s] -- Up-to-date: /home/ibrahim/ros2_ws/install/mycobot_gazebo/share/mycobot_gazebo/models/aws_robomaker_residential_Trash_01/model.sdf
[0.527s] -- Up-to-date: /home/ibrahim/ros2_ws/install/mycobot_gazebo/share/mycobot_gazebo/models/aws_robomaker_residential_Trash_01/materials
[0.528s] -- Up-to-date: /home/ibrahim/ros2_ws/install/mycobot_gazebo/share/mycobot_gazebo/models/aws_robomaker_residential_Trash_01/materials/textures
[0.528s] -- Up-to-date: /home/ibrahim/ros2_ws/install/mycobot_gazebo/share/mycobot_gazebo/models/aws_robomaker_residential_Trash_01/materials/textures/aws_Trash_01.png
[0.528s] -- Up-to-date: /home/ibrahim/ros2_ws/install/mycobot_gazebo/share/mycobot_gazebo/models/aws_robomaker_residential_Trash_01/meshes
[0.528s] -- Up-to-date: /home/ibrahim/ros2_ws/install/mycobot_gazebo/share/mycobot_gazebo/models/aws_robomaker_residential_Trash_01/meshes/aws_Trash_01_visual.DAE
[0.528s] -- Up-to-date: /home/ibrahim/ros2_ws/install/mycobot_gazebo/share/mycobot_gazebo/models/aws_robomaker_residential_Trash_01/meshes/aws_Trash_01_collision.DAE
[0.528s] -- Up-to-date: /home/ibrahim/ros2_ws/install/mycobot_gazebo/share/mycobot_gazebo/models/aws_robomaker_residential_Trash_01/model.config
[0.528s] -- Up-to-date: /home/ibrahim/ros2_ws/install/mycobot_gazebo/share/mycobot_gazebo/models/coke_can
[0.528s] -- Up-to-date: /home/ibrahim/ros2_ws/install/mycobot_gazebo/share/mycobot_gazebo/models/coke_can/model.sdf
[0.529s] -- Up-to-date: /home/ibrahim/ros2_ws/install/mycobot_gazebo/share/mycobot_gazebo/models/coke_can/materials
[0.529s] -- Up-to-date: /home/ibrahim/ros2_ws/install/mycobot_gazebo/share/mycobot_gazebo/models/coke_can/materials/textures
[0.529s] -- Up-to-date: /home/ibrahim/ros2_ws/install/mycobot_gazebo/share/mycobot_gazebo/models/coke_can/materials/textures/coke_can.png
[0.529s] -- Up-to-date: /home/ibrahim/ros2_ws/install/mycobot_gazebo/share/mycobot_gazebo/models/coke_can/model-1_3.sdf
[0.530s] -- Up-to-date: /home/ibrahim/ros2_ws/install/mycobot_gazebo/share/mycobot_gazebo/models/coke_can/model-1_2.sdf
[0.530s] -- Up-to-date: /home/ibrahim/ros2_ws/install/mycobot_gazebo/share/mycobot_gazebo/models/coke_can/model-1_4.sdf
[0.530s] -- Up-to-date: /home/ibrahim/ros2_ws/install/mycobot_gazebo/share/mycobot_gazebo/models/coke_can/meshes
[0.530s] -- Up-to-date: /home/ibrahim/ros2_ws/install/mycobot_gazebo/share/mycobot_gazebo/models/coke_can/meshes/coke_can.dae
[0.532s] -- Up-to-date: /home/ibrahim/ros2_ws/install/mycobot_gazebo/share/mycobot_gazebo/models/coke_can/model.config
[0.532s] -- Up-to-date: /home/ibrahim/ros2_ws/install/mycobot_gazebo/share/mycobot_gazebo/models/aws_robomaker_warehouse_ShelfD_01
[0.538s] -- Up-to-date: /home/ibrahim/ros2_ws/install/mycobot_gazebo/share/mycobot_gazebo/models/aws_robomaker_warehouse_ShelfD_01/model.sdf
[0.539s] -- Up-to-date: /home/ibrahim/ros2_ws/install/mycobot_gazebo/share/mycobot_gazebo/models/aws_robomaker_warehouse_ShelfD_01/materials
[0.539s] -- Up-to-date: /home/ibrahim/ros2_ws/install/mycobot_gazebo/share/mycobot_gazebo/models/aws_robomaker_warehouse_ShelfD_01/materials/textures
[0.539s] -- Up-to-date: /home/ibrahim/ros2_ws/install/mycobot_gazebo/share/mycobot_gazebo/models/aws_robomaker_warehouse_ShelfD_01/materials/textures/aws_robomaker_warehouse_ShelfD_03.png
[0.539s] -- Up-to-date: /home/ibrahim/ros2_ws/install/mycobot_gazebo/share/mycobot_gazebo/models/aws_robomaker_warehouse_ShelfD_01/materials/textures/aws_robomaker_warehouse_ShelfD_01.png
[0.539s] -- Up-to-date: /home/ibrahim/ros2_ws/install/mycobot_gazebo/share/mycobot_gazebo/models/aws_robomaker_warehouse_ShelfD_01/materials/textures/aws_robomaker_warehouse_ShelfD_04.png
[0.539s] -- Up-to-date: /home/ibrahim/ros2_ws/install/mycobot_gazebo/share/mycobot_gazebo/models/aws_robomaker_warehouse_ShelfD_01/materials/textures/aws_robomaker_warehouse_ShelfD_02.png
[0.539s] -- Up-to-date: /home/ibrahim/ros2_ws/install/mycobot_gazebo/share/mycobot_gazebo/models/aws_robomaker_warehouse_ShelfD_01/meshes
[0.539s] -- Up-to-date: /home/ibrahim/ros2_ws/install/mycobot_gazebo/share/mycobot_gazebo/models/aws_robomaker_warehouse_ShelfD_01/meshes/aws_robomaker_warehouse_ShelfD_01_collision.DAE
[0.539s] -- Up-to-date: /home/ibrahim/ros2_ws/install/mycobot_gazebo/share/mycobot_gazebo/models/aws_robomaker_warehouse_ShelfD_01/meshes/aws_robomaker_warehouse_ShelfD_01_visual.DAE
[0.539s] -- Up-to-date: /home/ibrahim/ros2_ws/install/mycobot_gazebo/share/mycobot_gazebo/models/aws_robomaker_warehouse_ShelfD_01/model.config
[0.539s] -- Up-to-date: /home/ibrahim/ros2_ws/install/mycobot_gazebo/share/mycobot_gazebo/models/aws_robomaker_residential_RoomWall_01
[0.539s] -- Up-to-date: /home/ibrahim/ros2_ws/install/mycobot_gazebo/share/mycobot_gazebo/models/aws_robomaker_residential_RoomWall_01/model.sdf
[0.539s] -- Up-to-date: /home/ibrahim/ros2_ws/install/mycobot_gazebo/share/mycobot_gazebo/models/aws_robomaker_residential_RoomWall_01/materials
[0.540s] -- Up-to-date: /home/ibrahim/ros2_ws/install/mycobot_gazebo/share/mycobot_gazebo/models/aws_robomaker_residential_RoomWall_01/materials/textures
[0.540s] -- Up-to-date: /home/ibrahim/ros2_ws/install/mycobot_gazebo/share/mycobot_gazebo/models/aws_robomaker_residential_RoomWall_01/materials/textures/aws_RoomWall_01.png
[0.540s] -- Up-to-date: /home/ibrahim/ros2_ws/install/mycobot_gazebo/share/mycobot_gazebo/models/aws_robomaker_residential_RoomWall_01/meshes
[0.540s] -- Up-to-date: /home/ibrahim/ros2_ws/install/mycobot_gazebo/share/mycobot_gazebo/models/aws_robomaker_residential_RoomWall_01/meshes/aws_RoomWall_01_visual.DAE
[0.540s] -- Up-to-date: /home/ibrahim/ros2_ws/install/mycobot_gazebo/share/mycobot_gazebo/models/aws_robomaker_residential_RoomWall_01/meshes/aws_RoomWall_01_collision.DAE
[0.540s] -- Up-to-date: /home/ibrahim/ros2_ws/install/mycobot_gazebo/share/mycobot_gazebo/models/aws_robomaker_residential_RoomWall_01/model.config
[0.540s] -- Up-to-date: /home/ibrahim/ros2_ws/install/mycobot_gazebo/share/mycobot_gazebo/models/brown_table
[0.540s] -- Up-to-date: /home/ibrahim/ros2_ws/install/mycobot_gazebo/share/mycobot_gazebo/models/brown_table/model.sdf
[0.540s] -- Up-to-date: /home/ibrahim/ros2_ws/install/mycobot_gazebo/share/mycobot_gazebo/models/brown_table/model.config
[0.540s] -- Up-to-date: /home/ibrahim/ros2_ws/install/mycobot_gazebo/share/mycobot_gazebo/models/aws_robomaker_residential_FloorB_01
[0.540s] -- Up-to-date: /home/ibrahim/ros2_ws/install/mycobot_gazebo/share/mycobot_gazebo/models/aws_robomaker_residential_FloorB_01/model.sdf
[0.540s] -- Up-to-date: /home/ibrahim/ros2_ws/install/mycobot_gazebo/share/mycobot_gazebo/models/aws_robomaker_residential_FloorB_01/materials
[0.541s] -- Up-to-date: /home/ibrahim/ros2_ws/install/mycobot_gazebo/share/mycobot_gazebo/models/aws_robomaker_residential_FloorB_01/materials/textures
[0.541s] -- Up-to-date: /home/ibrahim/ros2_ws/install/mycobot_gazebo/share/mycobot_gazebo/models/aws_robomaker_residential_FloorB_01/materials/textures/aws_FloorB_01.png
[0.541s] -- Up-to-date: /home/ibrahim/ros2_ws/install/mycobot_gazebo/share/mycobot_gazebo/models/aws_robomaker_residential_FloorB_01/meshes
[0.541s] -- Up-to-date: /home/ibrahim/ros2_ws/install/mycobot_gazebo/share/mycobot_gazebo/models/aws_robomaker_residential_FloorB_01/meshes/aws_FloorB_01_collision.DAE
[0.541s] -- Up-to-date: /home/ibrahim/ros2_ws/install/mycobot_gazebo/share/mycobot_gazebo/models/aws_robomaker_residential_FloorB_01/meshes/aws_FloorB_01_visual.DAE
[0.541s] -- Up-to-date: /home/ibrahim/ros2_ws/install/mycobot_gazebo/share/mycobot_gazebo/models/aws_robomaker_residential_FloorB_01/model.config
[0.541s] -- Up-to-date: /home/ibrahim/ros2_ws/install/mycobot_gazebo/share/mycobot_gazebo/models/aws_robomaker_residential_PortraitB_01
[0.541s] -- Up-to-date: /home/ibrahim/ros2_ws/install/mycobot_gazebo/share/mycobot_gazebo/models/aws_robomaker_residential_PortraitB_01/model.sdf
[0.541s] -- Up-to-date: /home/ibrahim/ros2_ws/install/mycobot_gazebo/share/mycobot_gazebo/models/aws_robomaker_residential_PortraitB_01/materials
[0.541s] -- Up-to-date: /home/ibrahim/ros2_ws/install/mycobot_gazebo/share/mycobot_gazebo/models/aws_robomaker_residential_PortraitB_01/materials/textures
[0.541s] -- Up-to-date: /home/ibrahim/ros2_ws/install/mycobot_gazebo/share/mycobot_gazebo/models/aws_robomaker_residential_PortraitB_01/materials/textures/aws_PortraitB_01.png
[0.541s] -- Up-to-date: /home/ibrahim/ros2_ws/install/mycobot_gazebo/share/mycobot_gazebo/models/aws_robomaker_residential_PortraitB_01/materials/textures/PortraitB_01.jpg
[0.541s] -- Up-to-date: /home/ibrahim/ros2_ws/install/mycobot_gazebo/share/mycobot_gazebo/models/aws_robomaker_residential_PortraitB_01/materials/textures/aws_PortraitB_02.png
[0.542s] -- Up-to-date: /home/ibrahim/ros2_ws/install/mycobot_gazebo/share/mycobot_gazebo/models/aws_robomaker_residential_PortraitB_01/meshes
[0.542s] -- Up-to-date: /home/ibrahim/ros2_ws/install/mycobot_gazebo/share/mycobot_gazebo/models/aws_robomaker_residential_PortraitB_01/meshes/aws_PortraitB_01_collision.DAE
[0.542s] -- Up-to-date: /home/ibrahim/ros2_ws/install/mycobot_gazebo/share/mycobot_gazebo/models/aws_robomaker_residential_PortraitB_01/meshes/aws_PortraitB_01_visual.DAE
[0.542s] -- Up-to-date: /home/ibrahim/ros2_ws/install/mycobot_gazebo/share/mycobot_gazebo/models/aws_robomaker_residential_PortraitB_01/model.config
[0.542s] -- Up-to-date: /home/ibrahim/ros2_ws/install/mycobot_gazebo/share/mycobot_gazebo/models/aws_robomaker_residential_PortraitD_01
[0.542s] -- Up-to-date: /home/ibrahim/ros2_ws/install/mycobot_gazebo/share/mycobot_gazebo/models/aws_robomaker_residential_PortraitD_01/model.sdf
[0.542s] -- Up-to-date: /home/ibrahim/ros2_ws/install/mycobot_gazebo/share/mycobot_gazebo/models/aws_robomaker_residential_PortraitD_01/materials
[0.542s] -- Up-to-date: /home/ibrahim/ros2_ws/install/mycobot_gazebo/share/mycobot_gazebo/models/aws_robomaker_residential_PortraitD_01/materials/textures
[0.542s] -- Up-to-date: /home/ibrahim/ros2_ws/install/mycobot_gazebo/share/mycobot_gazebo/models/aws_robomaker_residential_PortraitD_01/materials/textures/PortraitD_01.jpg
[0.542s] -- Up-to-date: /home/ibrahim/ros2_ws/install/mycobot_gazebo/share/mycobot_gazebo/models/aws_robomaker_residential_PortraitD_01/materials/textures/aws_PortraitD_01.png
[0.543s] -- Up-to-date: /home/ibrahim/ros2_ws/install/mycobot_gazebo/share/mycobot_gazebo/models/aws_robomaker_residential_PortraitD_01/materials/textures/aws_PortraitD_02.png
[0.543s] -- Up-to-date: /home/ibrahim/ros2_ws/install/mycobot_gazebo/share/mycobot_gazebo/models/aws_robomaker_residential_PortraitD_01/meshes
[0.543s] -- Up-to-date: /home/ibrahim/ros2_ws/install/mycobot_gazebo/share/mycobot_gazebo/models/aws_robomaker_residential_PortraitD_01/meshes/aws_PortraitD_01_visual.DAE
[0.543s] -- Up-to-date: /home/ibrahim/ros2_ws/install/mycobot_gazebo/share/mycobot_gazebo/models/aws_robomaker_residential_PortraitD_01/meshes/aws_PortraitD_01_collision.DAE
[0.543s] -- Up-to-date: /home/ibrahim/ros2_ws/install/mycobot_gazebo/share/mycobot_gazebo/models/aws_robomaker_residential_PortraitD_01/model.config
[0.543s] -- Up-to-date: /home/ibrahim/ros2_ws/install/mycobot_gazebo/share/mycobot_gazebo/models/aws_robomaker_warehouse_PalletJackB_01
[0.543s] -- Up-to-date: /home/ibrahim/ros2_ws/install/mycobot_gazebo/share/mycobot_gazebo/models/aws_robomaker_warehouse_PalletJackB_01/model.sdf
[0.543s] -- Up-to-date: /home/ibrahim/ros2_ws/install/mycobot_gazebo/share/mycobot_gazebo/models/aws_robomaker_warehouse_PalletJackB_01/materials
[0.543s] -- Up-to-date: /home/ibrahim/ros2_ws/install/mycobot_gazebo/share/mycobot_gazebo/models/aws_robomaker_warehouse_PalletJackB_01/materials/textures
[0.543s] -- Up-to-date: /home/ibrahim/ros2_ws/install/mycobot_gazebo/share/mycobot_gazebo/models/aws_robomaker_warehouse_PalletJackB_01/materials/textures/aws_robomaker_warehouse_PalletJackB_02.png
[0.544s] -- Up-to-date: /home/ibrahim/ros2_ws/install/mycobot_gazebo/share/mycobot_gazebo/models/aws_robomaker_warehouse_PalletJackB_01/materials/textures/aws_robomaker_warehouse_PalletJackB_01.png
[0.544s] -- Up-to-date: /home/ibrahim/ros2_ws/install/mycobot_gazebo/share/mycobot_gazebo/models/aws_robomaker_warehouse_PalletJackB_01/materials/.DS_Store
[0.544s] -- Up-to-date: /home/ibrahim/ros2_ws/install/mycobot_gazebo/share/mycobot_gazebo/models/aws_robomaker_warehouse_PalletJackB_01/.DS_Store
[0.544s] -- Up-to-date: /home/ibrahim/ros2_ws/install/mycobot_gazebo/share/mycobot_gazebo/models/aws_robomaker_warehouse_PalletJackB_01/meshes
[0.544s] -- Up-to-date: /home/ibrahim/ros2_ws/install/mycobot_gazebo/share/mycobot_gazebo/models/aws_robomaker_warehouse_PalletJackB_01/meshes/aws_robomaker_warehouse_PalletJackB_01_collision.DAE
[0.544s] -- Up-to-date: /home/ibrahim/ros2_ws/install/mycobot_gazebo/share/mycobot_gazebo/models/aws_robomaker_warehouse_PalletJackB_01/meshes/aws_robomaker_warehouse_PalletJackB_01_visual.DAE
[0.544s] -- Up-to-date: /home/ibrahim/ros2_ws/install/mycobot_gazebo/share/mycobot_gazebo/models/aws_robomaker_warehouse_PalletJackB_01/model.config
[0.544s] -- Up-to-date: /home/ibrahim/ros2_ws/install/mycobot_gazebo/share/mycobot_gazebo/models/aws_robomaker_residential_DeskPortraitD_02
[0.544s] -- Up-to-date: /home/ibrahim/ros2_ws/install/mycobot_gazebo/share/mycobot_gazebo/models/aws_robomaker_residential_DeskPortraitD_02/model.sdf
[0.544s] -- Up-to-date: /home/ibrahim/ros2_ws/install/mycobot_gazebo/share/mycobot_gazebo/models/aws_robomaker_residential_DeskPortraitD_02/materials
[0.544s] -- Up-to-date: /home/ibrahim/ros2_ws/install/mycobot_gazebo/share/mycobot_gazebo/models/aws_robomaker_residential_DeskPortraitD_02/materials/textures
[0.545s] -- Up-to-date: /home/ibrahim/ros2_ws/install/mycobot_gazebo/share/mycobot_gazebo/models/aws_robomaker_residential_DeskPortraitD_02/materials/textures/aws_DeskPortraitD_02.png
[0.545s] -- Up-to-date: /home/ibrahim/ros2_ws/install/mycobot_gazebo/share/mycobot_gazebo/models/aws_robomaker_residential_DeskPortraitD_02/materials/textures/DeskPortraitD_02.jpg
[0.545s] -- Up-to-date: /home/ibrahim/ros2_ws/install/mycobot_gazebo/share/mycobot_gazebo/models/aws_robomaker_residential_DeskPortraitD_02/materials/textures/aws_DeskPortraitD_01.png
[0.545s] -- Up-to-date: /home/ibrahim/ros2_ws/install/mycobot_gazebo/share/mycobot_gazebo/models/aws_robomaker_residential_DeskPortraitD_02/meshes
[0.545s] -- Up-to-date: /home/ibrahim/ros2_ws/install/mycobot_gazebo/share/mycobot_gazebo/models/aws_robomaker_residential_DeskPortraitD_02/meshes/aws_DeskPortraitD_01_collision.DAE
[0.545s] -- Up-to-date: /home/ibrahim/ros2_ws/install/mycobot_gazebo/share/mycobot_gazebo/models/aws_robomaker_residential_DeskPortraitD_02/meshes/aws_DeskPortraitD_01_visual.DAE
[0.545s] -- Up-to-date: /home/ibrahim/ros2_ws/install/mycobot_gazebo/share/mycobot_gazebo/models/aws_robomaker_residential_DeskPortraitD_02/model.config
[0.545s] -- Up-to-date: /home/ibrahim/ros2_ws/install/mycobot_gazebo/share/mycobot_gazebo/models/aws_robomaker_residential_Carpet_01
[0.545s] -- Up-to-date: /home/ibrahim/ros2_ws/install/mycobot_gazebo/share/mycobot_gazebo/models/aws_robomaker_residential_Carpet_01/model.sdf
[0.545s] -- Up-to-date: /home/ibrahim/ros2_ws/install/mycobot_gazebo/share/mycobot_gazebo/models/aws_robomaker_residential_Carpet_01/materials
[0.546s] -- Up-to-date: /home/ibrahim/ros2_ws/install/mycobot_gazebo/share/mycobot_gazebo/models/aws_robomaker_residential_Carpet_01/materials/textures
[0.546s] -- Up-to-date: /home/ibrahim/ros2_ws/install/mycobot_gazebo/share/mycobot_gazebo/models/aws_robomaker_residential_Carpet_01/materials/textures/aws_Carpet_01.png
[0.546s] -- Up-to-date: /home/ibrahim/ros2_ws/install/mycobot_gazebo/share/mycobot_gazebo/models/aws_robomaker_residential_Carpet_01/meshes
[0.546s] -- Up-to-date: /home/ibrahim/ros2_ws/install/mycobot_gazebo/share/mycobot_gazebo/models/aws_robomaker_residential_Carpet_01/meshes/aws_Carpet_01_visual.DAE
[0.546s] -- Up-to-date: /home/ibrahim/ros2_ws/install/mycobot_gazebo/share/mycobot_gazebo/models/aws_robomaker_residential_Carpet_01/meshes/aws_Carpet_01_collision.DAE
[0.546s] -- Up-to-date: /home/ibrahim/ros2_ws/install/mycobot_gazebo/share/mycobot_gazebo/models/aws_robomaker_residential_Carpet_01/model.config
[0.546s] -- Up-to-date: /home/ibrahim/ros2_ws/install/mycobot_gazebo/share/mycobot_gazebo/models/aws_robomaker_residential_Rangehood_01
[0.547s] -- Up-to-date: /home/ibrahim/ros2_ws/install/mycobot_gazebo/share/mycobot_gazebo/models/aws_robomaker_residential_Rangehood_01/model.sdf
[0.547s] -- Up-to-date: /home/ibrahim/ros2_ws/install/mycobot_gazebo/share/mycobot_gazebo/models/aws_robomaker_residential_Rangehood_01/materials
[0.547s] -- Up-to-date: /home/ibrahim/ros2_ws/install/mycobot_gazebo/share/mycobot_gazebo/models/aws_robomaker_residential_Rangehood_01/materials/textures
[0.547s] -- Up-to-date: /home/ibrahim/ros2_ws/install/mycobot_gazebo/share/mycobot_gazebo/models/aws_robomaker_residential_Rangehood_01/materials/textures/aws_Rangehood_01.png
[0.547s] -- Up-to-date: /home/ibrahim/ros2_ws/install/mycobot_gazebo/share/mycobot_gazebo/models/aws_robomaker_residential_Rangehood_01/meshes
[0.547s] -- Up-to-date: /home/ibrahim/ros2_ws/install/mycobot_gazebo/share/mycobot_gazebo/models/aws_robomaker_residential_Rangehood_01/meshes/aws_Rangehood_01_visual.DAE
[0.547s] -- Up-to-date: /home/ibrahim/ros2_ws/install/mycobot_gazebo/share/mycobot_gazebo/models/aws_robomaker_residential_Rangehood_01/meshes/aws_Rangehood_01_collision.DAE
[0.547s] -- Up-to-date: /home/ibrahim/ros2_ws/install/mycobot_gazebo/share/mycobot_gazebo/models/aws_robomaker_residential_Rangehood_01/model.config
[0.547s] -- Up-to-date: /home/ibrahim/ros2_ws/install/mycobot_gazebo/share/mycobot_gazebo/models/aws_robomaker_residential_Pillow_01
[0.547s] -- Up-to-date: /home/ibrahim/ros2_ws/install/mycobot_gazebo/share/mycobot_gazebo/models/aws_robomaker_residential_Pillow_01/model.sdf
[0.547s] -- Up-to-date: /home/ibrahim/ros2_ws/install/mycobot_gazebo/share/mycobot_gazebo/models/aws_robomaker_residential_Pillow_01/materials
[0.548s] -- Up-to-date: /home/ibrahim/ros2_ws/install/mycobot_gazebo/share/mycobot_gazebo/models/aws_robomaker_residential_Pillow_01/materials/textures
[0.548s] -- Up-to-date: /home/ibrahim/ros2_ws/install/mycobot_gazebo/share/mycobot_gazebo/models/aws_robomaker_residential_Pillow_01/materials/textures/aws_Pillow_01.png
[0.548s] -- Up-to-date: /home/ibrahim/ros2_ws/install/mycobot_gazebo/share/mycobot_gazebo/models/aws_robomaker_residential_Pillow_01/meshes
[0.548s] -- Up-to-date: /home/ibrahim/ros2_ws/install/mycobot_gazebo/share/mycobot_gazebo/models/aws_robomaker_residential_Pillow_01/meshes/aws_Pillow_01_visual.DAE
[0.548s] -- Up-to-date: /home/ibrahim/ros2_ws/install/mycobot_gazebo/share/mycobot_gazebo/models/aws_robomaker_residential_Pillow_01/meshes/aws_Pillow_01_collision.DAE
[0.548s] -- Up-to-date: /home/ibrahim/ros2_ws/install/mycobot_gazebo/share/mycobot_gazebo/models/aws_robomaker_residential_Pillow_01/model.config
[0.548s] -- Up-to-date: /home/ibrahim/ros2_ws/install/mycobot_gazebo/share/mycobot_gazebo/models/aws_robomaker_residential_TVCabinet_01
[0.548s] -- Up-to-date: /home/ibrahim/ros2_ws/install/mycobot_gazebo/share/mycobot_gazebo/models/aws_robomaker_residential_TVCabinet_01/model.sdf
[0.548s] -- Up-to-date: /home/ibrahim/ros2_ws/install/mycobot_gazebo/share/mycobot_gazebo/models/aws_robomaker_residential_TVCabinet_01/materials
[0.548s] -- Up-to-date: /home/ibrahim/ros2_ws/install/mycobot_gazebo/share/mycobot_gazebo/models/aws_robomaker_residential_TVCabinet_01/materials/textures
[0.549s] -- Up-to-date: /home/ibrahim/ros2_ws/install/mycobot_gazebo/share/mycobot_gazebo/models/aws_robomaker_residential_TVCabinet_01/materials/textures/aws_TVCabinet_01.png
[0.549s] -- Up-to-date: /home/ibrahim/ros2_ws/install/mycobot_gazebo/share/mycobot_gazebo/models/aws_robomaker_residential_TVCabinet_01/meshes
[0.549s] -- Up-to-date: /home/ibrahim/ros2_ws/install/mycobot_gazebo/share/mycobot_gazebo/models/aws_robomaker_residential_TVCabinet_01/meshes/aws_TVCabinet_01_visual.DAE
[0.550s] -- Up-to-date: /home/ibrahim/ros2_ws/install/mycobot_gazebo/share/mycobot_gazebo/models/aws_robomaker_residential_TVCabinet_01/meshes/aws_TVCabinet_01_collision.DAE
[0.550s] -- Up-to-date: /home/ibrahim/ros2_ws/install/mycobot_gazebo/share/mycobot_gazebo/models/aws_robomaker_residential_TVCabinet_01/model.config
[0.550s] -- Up-to-date: /home/ibrahim/ros2_ws/install/mycobot_gazebo/share/mycobot_gazebo/models/aws_robomaker_residential_SofaC_01
[0.550s] -- Up-to-date: /home/ibrahim/ros2_ws/install/mycobot_gazebo/share/mycobot_gazebo/models/aws_robomaker_residential_SofaC_01/model.sdf
[0.550s] -- Up-to-date: /home/ibrahim/ros2_ws/install/mycobot_gazebo/share/mycobot_gazebo/models/aws_robomaker_residential_SofaC_01/materials
[0.550s] -- Up-to-date: /home/ibrahim/ros2_ws/install/mycobot_gazebo/share/mycobot_gazebo/models/aws_robomaker_residential_SofaC_01/materials/textures
[0.550s] -- Up-to-date: /home/ibrahim/ros2_ws/install/mycobot_gazebo/share/mycobot_gazebo/models/aws_robomaker_residential_SofaC_01/materials/textures/aws_SofaC_01.png
[0.550s] -- Up-to-date: /home/ibrahim/ros2_ws/install/mycobot_gazebo/share/mycobot_gazebo/models/aws_robomaker_residential_SofaC_01/meshes
[0.550s] -- Up-to-date: /home/ibrahim/ros2_ws/install/mycobot_gazebo/share/mycobot_gazebo/models/aws_robomaker_residential_SofaC_01/meshes/aws_SofaC_01_collision.DAE
[0.551s] -- Up-to-date: /home/ibrahim/ros2_ws/install/mycobot_gazebo/share/mycobot_gazebo/models/aws_robomaker_residential_SofaC_01/meshes/aws_SofaC_01_visual.DAE
[0.551s] -- Up-to-date: /home/ibrahim/ros2_ws/install/mycobot_gazebo/share/mycobot_gazebo/models/aws_robomaker_residential_SofaC_01/model.config
[0.551s] -- Up-to-date: /home/ibrahim/ros2_ws/install/mycobot_gazebo/share/mycobot_gazebo/models/aws_robomaker_residential_DeskPortraitD_01
[0.551s] -- Up-to-date: /home/ibrahim/ros2_ws/install/mycobot_gazebo/share/mycobot_gazebo/models/aws_robomaker_residential_DeskPortraitD_01/model.sdf
[0.551s] -- Up-to-date: /home/ibrahim/ros2_ws/install/mycobot_gazebo/share/mycobot_gazebo/models/aws_robomaker_residential_DeskPortraitD_01/materials
[0.552s] -- Up-to-date: /home/ibrahim/ros2_ws/install/mycobot_gazebo/share/mycobot_gazebo/models/aws_robomaker_residential_DeskPortraitD_01/materials/textures
[0.552s] -- Up-to-date: /home/ibrahim/ros2_ws/install/mycobot_gazebo/share/mycobot_gazebo/models/aws_robomaker_residential_DeskPortraitD_01/materials/textures/aws_DeskPortraitD_02.png
[0.552s] -- Up-to-date: /home/ibrahim/ros2_ws/install/mycobot_gazebo/share/mycobot_gazebo/models/aws_robomaker_residential_DeskPortraitD_01/materials/textures/aws_DeskPortraitD_01.png
[0.552s] -- Up-to-date: /home/ibrahim/ros2_ws/install/mycobot_gazebo/share/mycobot_gazebo/models/aws_robomaker_residential_DeskPortraitD_01/materials/textures/DeskPortraitD_01.jpg
[0.552s] -- Up-to-date: /home/ibrahim/ros2_ws/install/mycobot_gazebo/share/mycobot_gazebo/models/aws_robomaker_residential_DeskPortraitD_01/meshes
[0.552s] -- Up-to-date: /home/ibrahim/ros2_ws/install/mycobot_gazebo/share/mycobot_gazebo/models/aws_robomaker_residential_DeskPortraitD_01/meshes/aws_DeskPortraitD_01_collision.DAE
[0.552s] -- Up-to-date: /home/ibrahim/ros2_ws/install/mycobot_gazebo/share/mycobot_gazebo/models/aws_robomaker_residential_DeskPortraitD_01/meshes/aws_DeskPortraitD_01_visual.DAE
[0.553s] -- Up-to-date: /home/ibrahim/ros2_ws/install/mycobot_gazebo/share/mycobot_gazebo/models/aws_robomaker_residential_DeskPortraitD_01/model.config
[0.553s] -- Up-to-date: /home/ibrahim/ros2_ws/install/mycobot_gazebo/share/mycobot_gazebo/models/aws_robomaker_residential_TV_02
[0.553s] -- Up-to-date: /home/ibrahim/ros2_ws/install/mycobot_gazebo/share/mycobot_gazebo/models/aws_robomaker_residential_TV_02/model.sdf
[0.553s] -- Up-to-date: /home/ibrahim/ros2_ws/install/mycobot_gazebo/share/mycobot_gazebo/models/aws_robomaker_residential_TV_02/materials
[0.553s] -- Up-to-date: /home/ibrahim/ros2_ws/install/mycobot_gazebo/share/mycobot_gazebo/models/aws_robomaker_residential_TV_02/materials/textures
[0.553s] -- Up-to-date: /home/ibrahim/ros2_ws/install/mycobot_gazebo/share/mycobot_gazebo/models/aws_robomaker_residential_TV_02/materials/textures/aws_TV_01.png
[0.553s] -- Up-to-date: /home/ibrahim/ros2_ws/install/mycobot_gazebo/share/mycobot_gazebo/models/aws_robomaker_residential_TV_02/meshes
[0.553s] -- Up-to-date: /home/ibrahim/ros2_ws/install/mycobot_gazebo/share/mycobot_gazebo/models/aws_robomaker_residential_TV_02/meshes/aws_TV_01_collision.DAE
[0.553s] -- Up-to-date: /home/ibrahim/ros2_ws/install/mycobot_gazebo/share/mycobot_gazebo/models/aws_robomaker_residential_TV_02/meshes/aws_TV_01_visual.DAE
[0.554s] -- Up-to-date: /home/ibrahim/ros2_ws/install/mycobot_gazebo/share/mycobot_gazebo/models/aws_robomaker_residential_TV_02/model.config
[0.554s] -- Up-to-date: /home/ibrahim/ros2_ws/install/mycobot_gazebo/share/mycobot_gazebo/models/aws_robomaker_residential_FoldingDoor_01
[0.554s] -- Up-to-date: /home/ibrahim/ros2_ws/install/mycobot_gazebo/share/mycobot_gazebo/models/aws_robomaker_residential_FoldingDoor_01/model.sdf
[0.554s] -- Up-to-date: /home/ibrahim/ros2_ws/install/mycobot_gazebo/share/mycobot_gazebo/models/aws_robomaker_residential_FoldingDoor_01/materials
[0.559s] -- Up-to-date: /home/ibrahim/ros2_ws/install/mycobot_gazebo/share/mycobot_gazebo/models/aws_robomaker_residential_FoldingDoor_01/materials/textures
[0.560s] -- Up-to-date: /home/ibrahim/ros2_ws/install/mycobot_gazebo/share/mycobot_gazebo/models/aws_robomaker_residential_FoldingDoor_01/materials/textures/aws_FoldingDoor_01.png
[0.560s] -- Up-to-date: /home/ibrahim/ros2_ws/install/mycobot_gazebo/share/mycobot_gazebo/models/aws_robomaker_residential_FoldingDoor_01/meshes
[0.560s] -- Up-to-date: /home/ibrahim/ros2_ws/install/mycobot_gazebo/share/mycobot_gazebo/models/aws_robomaker_residential_FoldingDoor_01/meshes/aws_FoldingDoor_01_collision.DAE
[0.561s] -- Up-to-date: /home/ibrahim/ros2_ws/install/mycobot_gazebo/share/mycobot_gazebo/models/aws_robomaker_residential_FoldingDoor_01/meshes/aws_FoldingDoor_01_visual.DAE
[0.561s] -- Up-to-date: /home/ibrahim/ros2_ws/install/mycobot_gazebo/share/mycobot_gazebo/models/aws_robomaker_residential_FoldingDoor_01/model.config
[0.564s] -- Up-to-date: /home/ibrahim/ros2_ws/install/mycobot_gazebo/share/mycobot_gazebo/models/aws_robomaker_residential_Handle_01
[0.564s] -- Up-to-date: /home/ibrahim/ros2_ws/install/mycobot_gazebo/share/mycobot_gazebo/models/aws_robomaker_residential_Handle_01/model.sdf
[0.565s] -- Up-to-date: /home/ibrahim/ros2_ws/install/mycobot_gazebo/share/mycobot_gazebo/models/aws_robomaker_residential_Handle_01/materials
[0.565s] -- Up-to-date: /home/ibrahim/ros2_ws/install/mycobot_gazebo/share/mycobot_gazebo/models/aws_robomaker_residential_Handle_01/materials/textures
[0.565s] -- Up-to-date: /home/ibrahim/ros2_ws/install/mycobot_gazebo/share/mycobot_gazebo/models/aws_robomaker_residential_Handle_01/materials/textures/aws_Handle_01.png
[0.565s] -- Up-to-date: /home/ibrahim/ros2_ws/install/mycobot_gazebo/share/mycobot_gazebo/models/aws_robomaker_residential_Handle_01/meshes
[0.572s] -- Up-to-date: /home/ibrahim/ros2_ws/install/mycobot_gazebo/share/mycobot_gazebo/models/aws_robomaker_residential_Handle_01/meshes/aws_Handle_01_visual.DAE
[0.572s] -- Up-to-date: /home/ibrahim/ros2_ws/install/mycobot_gazebo/share/mycobot_gazebo/models/aws_robomaker_residential_Handle_01/meshes/aws_Handle_01_collision.DAE
[0.572s] -- Up-to-date: /home/ibrahim/ros2_ws/install/mycobot_gazebo/share/mycobot_gazebo/models/aws_robomaker_residential_Handle_01/model.config
[0.573s] -- Up-to-date: /home/ibrahim/ros2_ws/install/mycobot_gazebo/share/mycobot_gazebo/models/aws_robomaker_warehouse_ShelfE_01
[0.573s] -- Up-to-date: /home/ibrahim/ros2_ws/install/mycobot_gazebo/share/mycobot_gazebo/models/aws_robomaker_warehouse_ShelfE_01/model.sdf
[0.573s] -- Up-to-date: /home/ibrahim/ros2_ws/install/mycobot_gazebo/share/mycobot_gazebo/models/aws_robomaker_warehouse_ShelfE_01/materials
[0.573s] -- Up-to-date: /home/ibrahim/ros2_ws/install/mycobot_gazebo/share/mycobot_gazebo/models/aws_robomaker_warehouse_ShelfE_01/materials/textures
[0.573s] -- Up-to-date: /home/ibrahim/ros2_ws/install/mycobot_gazebo/share/mycobot_gazebo/models/aws_robomaker_warehouse_ShelfE_01/materials/textures/aws_robomaker_warehouse_ShelfE_01.png
[0.573s] -- Up-to-date: /home/ibrahim/ros2_ws/install/mycobot_gazebo/share/mycobot_gazebo/models/aws_robomaker_warehouse_ShelfE_01/materials/textures/aws_robomaker_warehouse_ShelfE_03.png
[0.573s] -- Up-to-date: /home/ibrahim/ros2_ws/install/mycobot_gazebo/share/mycobot_gazebo/models/aws_robomaker_warehouse_ShelfE_01/materials/textures/aws_robomaker_warehouse_ShelfE_04.png
[0.573s] -- Up-to-date: /home/ibrahim/ros2_ws/install/mycobot_gazebo/share/mycobot_gazebo/models/aws_robomaker_warehouse_ShelfE_01/materials/textures/aws_robomaker_warehouse_ShelfE_02.png
[0.573s] -- Up-to-date: /home/ibrahim/ros2_ws/install/mycobot_gazebo/share/mycobot_gazebo/models/aws_robomaker_warehouse_ShelfE_01/materials/.DS_Store
[0.573s] -- Up-to-date: /home/ibrahim/ros2_ws/install/mycobot_gazebo/share/mycobot_gazebo/models/aws_robomaker_warehouse_ShelfE_01/.DS_Store
[0.574s] -- Up-to-date: /home/ibrahim/ros2_ws/install/mycobot_gazebo/share/mycobot_gazebo/models/aws_robomaker_warehouse_ShelfE_01/meshes
[0.574s] -- Up-to-date: /home/ibrahim/ros2_ws/install/mycobot_gazebo/share/mycobot_gazebo/models/aws_robomaker_warehouse_ShelfE_01/meshes/aws_robomaker_warehouse_ShelfE_01_collision.DAE
[0.579s] -- Up-to-date: /home/ibrahim/ros2_ws/install/mycobot_gazebo/share/mycobot_gazebo/models/aws_robomaker_warehouse_ShelfE_01/meshes/aws_robomaker_warehouse_ShelfE_01_visual.DAE
[0.579s] -- Up-to-date: /home/ibrahim/ros2_ws/install/mycobot_gazebo/share/mycobot_gazebo/models/aws_robomaker_warehouse_ShelfE_01/model.config
[0.579s] -- Up-to-date: /home/ibrahim/ros2_ws/install/mycobot_gazebo/share/mycobot_gazebo/models/aws_robomaker_residential_CoffeeTable_01
[0.579s] -- Up-to-date: /home/ibrahim/ros2_ws/install/mycobot_gazebo/share/mycobot_gazebo/models/aws_robomaker_residential_CoffeeTable_01/model.sdf
[0.579s] -- Up-to-date: /home/ibrahim/ros2_ws/install/mycobot_gazebo/share/mycobot_gazebo/models/aws_robomaker_residential_CoffeeTable_01/materials
[0.580s] -- Up-to-date: /home/ibrahim/ros2_ws/install/mycobot_gazebo/share/mycobot_gazebo/models/aws_robomaker_residential_CoffeeTable_01/materials/textures
[0.580s] -- Up-to-date: /home/ibrahim/ros2_ws/install/mycobot_gazebo/share/mycobot_gazebo/models/aws_robomaker_residential_CoffeeTable_01/materials/textures/aws_CoffeeTable_01.png
[0.580s] -- Up-to-date: /home/ibrahim/ros2_ws/install/mycobot_gazebo/share/mycobot_gazebo/models/aws_robomaker_residential_CoffeeTable_01/meshes
[0.580s] -- Up-to-date: /home/ibrahim/ros2_ws/install/mycobot_gazebo/share/mycobot_gazebo/models/aws_robomaker_residential_CoffeeTable_01/meshes/aws_CoffeeTable_01_visual.DAE
[0.580s] -- Up-to-date: /home/ibrahim/ros2_ws/install/mycobot_gazebo/share/mycobot_gazebo/models/aws_robomaker_residential_CoffeeTable_01/meshes/aws_CoffeeTable_01_collision.DAE
[0.580s] -- Up-to-date: /home/ibrahim/ros2_ws/install/mycobot_gazebo/share/mycobot_gazebo/models/aws_robomaker_residential_CoffeeTable_01/model.config
[0.580s] -- Up-to-date: /home/ibrahim/ros2_ws/install/mycobot_gazebo/share/mycobot_gazebo/models/aws_robomaker_residential_PortraitC_01
[0.586s] -- Up-to-date: /home/ibrahim/ros2_ws/install/mycobot_gazebo/share/mycobot_gazebo/models/aws_robomaker_residential_PortraitC_01/model.sdf
[0.587s] -- Up-to-date: /home/ibrahim/ros2_ws/install/mycobot_gazebo/share/mycobot_gazebo/models/aws_robomaker_residential_PortraitC_01/materials
[0.587s] -- Up-to-date: /home/ibrahim/ros2_ws/install/mycobot_gazebo/share/mycobot_gazebo/models/aws_robomaker_residential_PortraitC_01/materials/textures
[0.587s] -- Up-to-date: /home/ibrahim/ros2_ws/install/mycobot_gazebo/share/mycobot_gazebo/models/aws_robomaker_residential_PortraitC_01/materials/textures/aws_PortraitC_01.png
[0.587s] -- Up-to-date: /home/ibrahim/ros2_ws/install/mycobot_gazebo/share/mycobot_gazebo/models/aws_robomaker_residential_PortraitC_01/materials/textures/PortraitC_01.jpg
[0.587s] -- Up-to-date: /home/ibrahim/ros2_ws/install/mycobot_gazebo/share/mycobot_gazebo/models/aws_robomaker_residential_PortraitC_01/materials/textures/aws_PortraitC_02.png
[0.587s] -- Up-to-date: /home/ibrahim/ros2_ws/install/mycobot_gazebo/share/mycobot_gazebo/models/aws_robomaker_residential_PortraitC_01/meshes
[0.587s] -- Up-to-date: /home/ibrahim/ros2_ws/install/mycobot_gazebo/share/mycobot_gazebo/models/aws_robomaker_residential_PortraitC_01/meshes/aws_PortraitC_01_visual.DAE
[0.588s] -- Up-to-date: /home/ibrahim/ros2_ws/install/mycobot_gazebo/share/mycobot_gazebo/models/aws_robomaker_residential_PortraitC_01/meshes/aws_PortraitC_01_collision.DAE
[0.588s] -- Up-to-date: /home/ibrahim/ros2_ws/install/mycobot_gazebo/share/mycobot_gazebo/models/aws_robomaker_residential_PortraitC_01/model.config
[0.588s] -- Up-to-date: /home/ibrahim/ros2_ws/install/mycobot_gazebo/share/mycobot_gazebo/models/red_cylinder
[0.588s] -- Up-to-date: /home/ibrahim/ros2_ws/install/mycobot_gazebo/share/mycobot_gazebo/models/red_cylinder/model.sdf
[0.588s] -- Up-to-date: /home/ibrahim/ros2_ws/install/mycobot_gazebo/share/mycobot_gazebo/models/red_cylinder/model.config
[0.588s] -- Up-to-date: /home/ibrahim/ros2_ws/install/mycobot_gazebo/share/mycobot_gazebo/models/aws_robomaker_residential_AirconditionerA_01
[0.589s] -- Up-to-date: /home/ibrahim/ros2_ws/install/mycobot_gazebo/share/mycobot_gazebo/models/aws_robomaker_residential_AirconditionerA_01/model.sdf
[0.590s] -- Up-to-date: /home/ibrahim/ros2_ws/install/mycobot_gazebo/share/mycobot_gazebo/models/aws_robomaker_residential_AirconditionerA_01/materials
[0.590s] -- Up-to-date: /home/ibrahim/ros2_ws/install/mycobot_gazebo/share/mycobot_gazebo/models/aws_robomaker_residential_AirconditionerA_01/materials/textures
[0.591s] -- Up-to-date: /home/ibrahim/ros2_ws/install/mycobot_gazebo/share/mycobot_gazebo/models/aws_robomaker_residential_AirconditionerA_01/materials/textures/aws_AirconditionerA_01.png
[0.592s] -- Up-to-date: /home/ibrahim/ros2_ws/install/mycobot_gazebo/share/mycobot_gazebo/models/aws_robomaker_residential_AirconditionerA_01/meshes
[0.592s] -- Up-to-date: /home/ibrahim/ros2_ws/install/mycobot_gazebo/share/mycobot_gazebo/models/aws_robomaker_residential_AirconditionerA_01/meshes/aws_AirconditionerA_01_collision.DAE
[0.593s] -- Up-to-date: /home/ibrahim/ros2_ws/install/mycobot_gazebo/share/mycobot_gazebo/models/aws_robomaker_residential_AirconditionerA_01/meshes/aws_AirconditionerA_01_visual.DAE
[0.595s] -- Up-to-date: /home/ibrahim/ros2_ws/install/mycobot_gazebo/share/mycobot_gazebo/models/aws_robomaker_residential_AirconditionerA_01/model.config
[0.596s] -- Up-to-date: /home/ibrahim/ros2_ws/install/mycobot_gazebo/share/mycobot_gazebo/models/aws_robomaker_residential_Vase_01
[0.596s] -- Up-to-date: /home/ibrahim/ros2_ws/install/mycobot_gazebo/share/mycobot_gazebo/models/aws_robomaker_residential_Vase_01/model.sdf
[0.596s] -- Up-to-date: /home/ibrahim/ros2_ws/install/mycobot_gazebo/share/mycobot_gazebo/models/aws_robomaker_residential_Vase_01/materials
[0.597s] -- Up-to-date: /home/ibrahim/ros2_ws/install/mycobot_gazebo/share/mycobot_gazebo/models/aws_robomaker_residential_Vase_01/materials/textures
[0.597s] -- Up-to-date: /home/ibrahim/ros2_ws/install/mycobot_gazebo/share/mycobot_gazebo/models/aws_robomaker_residential_Vase_01/materials/textures/aws_Vase_01.png
[0.598s] -- Up-to-date: /home/ibrahim/ros2_ws/install/mycobot_gazebo/share/mycobot_gazebo/models/aws_robomaker_residential_Vase_01/meshes
[0.601s] -- Up-to-date: /home/ibrahim/ros2_ws/install/mycobot_gazebo/share/mycobot_gazebo/models/aws_robomaker_residential_Vase_01/meshes/aws_Vase_01_visual.DAE
[0.602s] -- Up-to-date: /home/ibrahim/ros2_ws/install/mycobot_gazebo/share/mycobot_gazebo/models/aws_robomaker_residential_Vase_01/meshes/aws_Vase_01_collision.DAE
[0.602s] -- Up-to-date: /home/ibrahim/ros2_ws/install/mycobot_gazebo/share/mycobot_gazebo/models/aws_robomaker_residential_Vase_01/model.config
[0.602s] -- Up-to-date: /home/ibrahim/ros2_ws/install/mycobot_gazebo/share/mycobot_gazebo/models/aws_robomaker_warehouse_WallB_01
[0.602s] -- Up-to-date: /home/ibrahim/ros2_ws/install/mycobot_gazebo/share/mycobot_gazebo/models/aws_robomaker_warehouse_WallB_01/model.sdf
[0.603s] -- Up-to-date: /home/ibrahim/ros2_ws/install/mycobot_gazebo/share/mycobot_gazebo/models/aws_robomaker_warehouse_WallB_01/materials
[0.603s] -- Up-to-date: /home/ibrahim/ros2_ws/install/mycobot_gazebo/share/mycobot_gazebo/models/aws_robomaker_warehouse_WallB_01/materials/textures
[0.603s] -- Up-to-date: /home/ibrahim/ros2_ws/install/mycobot_gazebo/share/mycobot_gazebo/models/aws_robomaker_warehouse_WallB_01/materials/textures/aws_robomaker_warehouse_WallB_01.png
[0.603s] -- Up-to-date: /home/ibrahim/ros2_ws/install/mycobot_gazebo/share/mycobot_gazebo/models/aws_robomaker_warehouse_WallB_01/meshes
[0.603s] -- Up-to-date: /home/ibrahim/ros2_ws/install/mycobot_gazebo/share/mycobot_gazebo/models/aws_robomaker_warehouse_WallB_01/meshes/aws_robomaker_warehouse_WallB_01_visual.DAE
[0.603s] -- Up-to-date: /home/ibrahim/ros2_ws/install/mycobot_gazebo/share/mycobot_gazebo/models/aws_robomaker_warehouse_WallB_01/meshes/aws_robomaker_warehouse_WallB_01_collision.DAE
[0.603s] -- Up-to-date: /home/ibrahim/ros2_ws/install/mycobot_gazebo/share/mycobot_gazebo/models/aws_robomaker_warehouse_WallB_01/model.config
[0.603s] -- Up-to-date: /home/ibrahim/ros2_ws/install/mycobot_gazebo/share/mycobot_gazebo/models/aws_robomaker_residential_KitchenCabinet_01
[0.603s] -- Up-to-date: /home/ibrahim/ros2_ws/install/mycobot_gazebo/share/mycobot_gazebo/models/aws_robomaker_residential_KitchenCabinet_01/model.sdf
[0.603s] -- Up-to-date: /home/ibrahim/ros2_ws/install/mycobot_gazebo/share/mycobot_gazebo/models/aws_robomaker_residential_KitchenCabinet_01/materials
[0.603s] -- Up-to-date: /home/ibrahim/ros2_ws/install/mycobot_gazebo/share/mycobot_gazebo/models/aws_robomaker_residential_KitchenCabinet_01/materials/textures
[0.603s] -- Up-to-date: /home/ibrahim/ros2_ws/install/mycobot_gazebo/share/mycobot_gazebo/models/aws_robomaker_residential_KitchenCabinet_01/materials/textures/aws_KitchenCabinet_01.png
[0.603s] -- Up-to-date: /home/ibrahim/ros2_ws/install/mycobot_gazebo/share/mycobot_gazebo/models/aws_robomaker_residential_KitchenCabinet_01/meshes
[0.604s] -- Up-to-date: /home/ibrahim/ros2_ws/install/mycobot_gazebo/share/mycobot_gazebo/models/aws_robomaker_residential_KitchenCabinet_01/meshes/aws_KitchenCabinet_01_visual.DAE
[0.604s] -- Up-to-date: /home/ibrahim/ros2_ws/install/mycobot_gazebo/share/mycobot_gazebo/models/aws_robomaker_residential_KitchenCabinet_01/meshes/aws_KitchenCabinet_01_collision.DAE
[0.604s] -- Up-to-date: /home/ibrahim/ros2_ws/install/mycobot_gazebo/share/mycobot_gazebo/models/aws_robomaker_residential_KitchenCabinet_01/model.config
[0.604s] -- Up-to-date: /home/ibrahim/ros2_ws/install/mycobot_gazebo/share/mycobot_gazebo/models/aws_robomaker_warehouse_ClutteringD_01
[0.604s] -- Up-to-date: /home/ibrahim/ros2_ws/install/mycobot_gazebo/share/mycobot_gazebo/models/aws_robomaker_warehouse_ClutteringD_01/model.sdf
[0.604s] -- Up-to-date: /home/ibrahim/ros2_ws/install/mycobot_gazebo/share/mycobot_gazebo/models/aws_robomaker_warehouse_ClutteringD_01/materials
[0.604s] -- Up-to-date: /home/ibrahim/ros2_ws/install/mycobot_gazebo/share/mycobot_gazebo/models/aws_robomaker_warehouse_ClutteringD_01/materials/textures
[0.604s] -- Up-to-date: /home/ibrahim/ros2_ws/install/mycobot_gazebo/share/mycobot_gazebo/models/aws_robomaker_warehouse_ClutteringD_01/materials/textures/aws_robomaker_warehouse_ClutteringD_01.png
[0.604s] -- Up-to-date: /home/ibrahim/ros2_ws/install/mycobot_gazebo/share/mycobot_gazebo/models/aws_robomaker_warehouse_ClutteringD_01/materials/textures/aws_robomaker_warehouse_ClutteringD_02.png
[0.604s] -- Up-to-date: /home/ibrahim/ros2_ws/install/mycobot_gazebo/share/mycobot_gazebo/models/aws_robomaker_warehouse_ClutteringD_01/meshes
[0.604s] -- Up-to-date: /home/ibrahim/ros2_ws/install/mycobot_gazebo/share/mycobot_gazebo/models/aws_robomaker_warehouse_ClutteringD_01/meshes/aws_robomaker_warehouse_ClutteringD_01_visual.DAE
[0.609s] -- Up-to-date: /home/ibrahim/ros2_ws/install/mycobot_gazebo/share/mycobot_gazebo/models/aws_robomaker_warehouse_ClutteringD_01/meshes/aws_robomaker_warehouse_ClutteringD_01_collision.DAE
[0.609s] -- Up-to-date: /home/ibrahim/ros2_ws/install/mycobot_gazebo/share/mycobot_gazebo/models/aws_robomaker_warehouse_ClutteringD_01/model.config
[0.610s] -- Up-to-date: /home/ibrahim/ros2_ws/install/mycobot_gazebo/share/mycobot_gazebo/models/aws_robomaker_residential_TV_01
[0.610s] -- Up-to-date: /home/ibrahim/ros2_ws/install/mycobot_gazebo/share/mycobot_gazebo/models/aws_robomaker_residential_TV_01/model.sdf
[0.611s] -- Up-to-date: /home/ibrahim/ros2_ws/install/mycobot_gazebo/share/mycobot_gazebo/models/aws_robomaker_residential_TV_01/materials
[0.611s] -- Up-to-date: /home/ibrahim/ros2_ws/install/mycobot_gazebo/share/mycobot_gazebo/models/aws_robomaker_residential_TV_01/materials/textures
[0.611s] -- Up-to-date: /home/ibrahim/ros2_ws/install/mycobot_gazebo/share/mycobot_gazebo/models/aws_robomaker_residential_TV_01/materials/textures/aws_TV_01.png
[0.611s] -- Up-to-date: /home/ibrahim/ros2_ws/install/mycobot_gazebo/share/mycobot_gazebo/models/aws_robomaker_residential_TV_01/meshes
[0.611s] -- Up-to-date: /home/ibrahim/ros2_ws/install/mycobot_gazebo/share/mycobot_gazebo/models/aws_robomaker_residential_TV_01/meshes/aws_TV_01_collision.DAE
[0.620s] -- Up-to-date: /home/ibrahim/ros2_ws/install/mycobot_gazebo/share/mycobot_gazebo/models/aws_robomaker_residential_TV_01/meshes/aws_TV_01_visual.DAE
[0.620s] -- Up-to-date: /home/ibrahim/ros2_ws/install/mycobot_gazebo/share/mycobot_gazebo/models/aws_robomaker_residential_TV_01/model.config
[0.620s] -- Up-to-date: /home/ibrahim/ros2_ws/install/mycobot_gazebo/share/mycobot_gazebo/models/aws_robomaker_residential_Quilt_01
[0.620s] -- Up-to-date: /home/ibrahim/ros2_ws/install/mycobot_gazebo/share/mycobot_gazebo/models/aws_robomaker_residential_Quilt_01/model.sdf
[0.620s] -- Up-to-date: /home/ibrahim/ros2_ws/install/mycobot_gazebo/share/mycobot_gazebo/models/aws_robomaker_residential_Quilt_01/materials
[0.620s] -- Up-to-date: /home/ibrahim/ros2_ws/install/mycobot_gazebo/share/mycobot_gazebo/models/aws_robomaker_residential_Quilt_01/materials/textures
[0.621s] -- Up-to-date: /home/ibrahim/ros2_ws/install/mycobot_gazebo/share/mycobot_gazebo/models/aws_robomaker_residential_Quilt_01/materials/textures/aws_Quilt_01.png
[0.621s] -- Up-to-date: /home/ibrahim/ros2_ws/install/mycobot_gazebo/share/mycobot_gazebo/models/aws_robomaker_residential_Quilt_01/meshes
[0.621s] -- Up-to-date: /home/ibrahim/ros2_ws/install/mycobot_gazebo/share/mycobot_gazebo/models/aws_robomaker_residential_Quilt_01/meshes/aws_Quilt_01_visual.DAE
[0.621s] -- Up-to-date: /home/ibrahim/ros2_ws/install/mycobot_gazebo/share/mycobot_gazebo/models/aws_robomaker_residential_Quilt_01/meshes/aws_Quilt_01_collision.DAE
[0.621s] -- Up-to-date: /home/ibrahim/ros2_ws/install/mycobot_gazebo/share/mycobot_gazebo/models/aws_robomaker_residential_Quilt_01/model.config
[0.621s] -- Up-to-date: /home/ibrahim/ros2_ws/install/mycobot_gazebo/share/mycobot_gazebo/models/aws_robomaker_residential_Dumbbell_01
[0.621s] -- Up-to-date: /home/ibrahim/ros2_ws/install/mycobot_gazebo/share/mycobot_gazebo/models/aws_robomaker_residential_Dumbbell_01/model.sdf
[0.621s] -- Up-to-date: /home/ibrahim/ros2_ws/install/mycobot_gazebo/share/mycobot_gazebo/models/aws_robomaker_residential_Dumbbell_01/materials
[0.621s] -- Up-to-date: /home/ibrahim/ros2_ws/install/mycobot_gazebo/share/mycobot_gazebo/models/aws_robomaker_residential_Dumbbell_01/materials/textures
[0.621s] -- Up-to-date: /home/ibrahim/ros2_ws/install/mycobot_gazebo/share/mycobot_gazebo/models/aws_robomaker_residential_Dumbbell_01/materials/textures/aws_Dumbbell_01.png
[0.621s] -- Up-to-date: /home/ibrahim/ros2_ws/install/mycobot_gazebo/share/mycobot_gazebo/models/aws_robomaker_residential_Dumbbell_01/meshes
[0.621s] -- Up-to-date: /home/ibrahim/ros2_ws/install/mycobot_gazebo/share/mycobot_gazebo/models/aws_robomaker_residential_Dumbbell_01/meshes/aws_Dumbbell_01_collision.DAE
[0.622s] -- Up-to-date: /home/ibrahim/ros2_ws/install/mycobot_gazebo/share/mycobot_gazebo/models/aws_robomaker_residential_Dumbbell_01/meshes/aws_Dumbbell_01_visual.DAE
[0.622s] -- Up-to-date: /home/ibrahim/ros2_ws/install/mycobot_gazebo/share/mycobot_gazebo/models/aws_robomaker_residential_Dumbbell_01/model.config
[0.622s] -- Up-to-date: /home/ibrahim/ros2_ws/install/mycobot_gazebo/share/mycobot_gazebo/models/aws_robomaker_residential_DeskPortraitD_04
[0.622s] -- Up-to-date: /home/ibrahim/ros2_ws/install/mycobot_gazebo/share/mycobot_gazebo/models/aws_robomaker_residential_DeskPortraitD_04/model.sdf
[0.622s] -- Up-to-date: /home/ibrahim/ros2_ws/install/mycobot_gazebo/share/mycobot_gazebo/models/aws_robomaker_residential_DeskPortraitD_04/materials
[0.622s] -- Up-to-date: /home/ibrahim/ros2_ws/install/mycobot_gazebo/share/mycobot_gazebo/models/aws_robomaker_residential_DeskPortraitD_04/materials/textures
[0.622s] -- Up-to-date: /home/ibrahim/ros2_ws/install/mycobot_gazebo/share/mycobot_gazebo/models/aws_robomaker_residential_DeskPortraitD_04/materials/textures/aws_DeskPortraitD_02.png
[0.622s] -- Up-to-date: /home/ibrahim/ros2_ws/install/mycobot_gazebo/share/mycobot_gazebo/models/aws_robomaker_residential_DeskPortraitD_04/materials/textures/DeskPortraitD_04.jpg
[0.622s] -- Up-to-date: /home/ibrahim/ros2_ws/install/mycobot_gazebo/share/mycobot_gazebo/models/aws_robomaker_residential_DeskPortraitD_04/materials/textures/aws_DeskPortraitD_01.png
[0.622s] -- Up-to-date: /home/ibrahim/ros2_ws/install/mycobot_gazebo/share/mycobot_gazebo/models/aws_robomaker_residential_DeskPortraitD_04/meshes
[0.622s] -- Up-to-date: /home/ibrahim/ros2_ws/install/mycobot_gazebo/share/mycobot_gazebo/models/aws_robomaker_residential_DeskPortraitD_04/meshes/aws_DeskPortraitD_01_collision.DAE
[0.622s] -- Up-to-date: /home/ibrahim/ros2_ws/install/mycobot_gazebo/share/mycobot_gazebo/models/aws_robomaker_residential_DeskPortraitD_04/meshes/aws_DeskPortraitD_01_visual.DAE
[0.622s] -- Up-to-date: /home/ibrahim/ros2_ws/install/mycobot_gazebo/share/mycobot_gazebo/models/aws_robomaker_residential_DeskPortraitD_04/model.config
[0.622s] -- Up-to-date: /home/ibrahim/ros2_ws/install/mycobot_gazebo/share/mycobot_gazebo/models/sun
[0.622s] -- Up-to-date: /home/ibrahim/ros2_ws/install/mycobot_gazebo/share/mycobot_gazebo/models/sun/model.sdf
[0.622s] -- Up-to-date: /home/ibrahim/ros2_ws/install/mycobot_gazebo/share/mycobot_gazebo/models/sun/model-1_3.sdf
[0.622s] -- Up-to-date: /home/ibrahim/ros2_ws/install/mycobot_gazebo/share/mycobot_gazebo/models/sun/model-1_2.sdf
[0.622s] -- Up-to-date: /home/ibrahim/ros2_ws/install/mycobot_gazebo/share/mycobot_gazebo/models/sun/model-1_4.sdf
[0.623s] -- Up-to-date: /home/ibrahim/ros2_ws/install/mycobot_gazebo/share/mycobot_gazebo/models/sun/model.config
[0.623s] -- Up-to-date: /home/ibrahim/ros2_ws/install/mycobot_gazebo/share/mycobot_gazebo/models/aws_robomaker_residential_Wardrobe_01
[0.623s] -- Up-to-date: /home/ibrahim/ros2_ws/install/mycobot_gazebo/share/mycobot_gazebo/models/aws_robomaker_residential_Wardrobe_01/model.sdf
[0.623s] -- Up-to-date: /home/ibrahim/ros2_ws/install/mycobot_gazebo/share/mycobot_gazebo/models/aws_robomaker_residential_Wardrobe_01/materials
[0.623s] -- Up-to-date: /home/ibrahim/ros2_ws/install/mycobot_gazebo/share/mycobot_gazebo/models/aws_robomaker_residential_Wardrobe_01/materials/textures
[0.623s] -- Up-to-date: /home/ibrahim/ros2_ws/install/mycobot_gazebo/share/mycobot_gazebo/models/aws_robomaker_residential_Wardrobe_01/materials/textures/aws_Wardrobe_01.png
[0.623s] -- Up-to-date: /home/ibrahim/ros2_ws/install/mycobot_gazebo/share/mycobot_gazebo/models/aws_robomaker_residential_Wardrobe_01/meshes
[0.623s] -- Up-to-date: /home/ibrahim/ros2_ws/install/mycobot_gazebo/share/mycobot_gazebo/models/aws_robomaker_residential_Wardrobe_01/meshes/aws_Wardrobe_01_collision.DAE
[0.623s] -- Up-to-date: /home/ibrahim/ros2_ws/install/mycobot_gazebo/share/mycobot_gazebo/models/aws_robomaker_residential_Wardrobe_01/meshes/aws_Wardrobe_01_visual.DAE
[0.623s] -- Up-to-date: /home/ibrahim/ros2_ws/install/mycobot_gazebo/share/mycobot_gazebo/models/aws_robomaker_residential_Wardrobe_01/model.config
[0.623s] -- Up-to-date: /home/ibrahim/ros2_ws/install/mycobot_gazebo/share/mycobot_gazebo/models/aws_robomaker_residential_Bed_01
[0.623s] -- Up-to-date: /home/ibrahim/ros2_ws/install/mycobot_gazebo/share/mycobot_gazebo/models/aws_robomaker_residential_Bed_01/model.sdf
[0.623s] -- Up-to-date: /home/ibrahim/ros2_ws/install/mycobot_gazebo/share/mycobot_gazebo/models/aws_robomaker_residential_Bed_01/materials
[0.623s] -- Up-to-date: /home/ibrahim/ros2_ws/install/mycobot_gazebo/share/mycobot_gazebo/models/aws_robomaker_residential_Bed_01/materials/textures
[0.623s] -- Up-to-date: /home/ibrahim/ros2_ws/install/mycobot_gazebo/share/mycobot_gazebo/models/aws_robomaker_residential_Bed_01/materials/textures/aws_BedC_01.png
[0.623s] -- Up-to-date: /home/ibrahim/ros2_ws/install/mycobot_gazebo/share/mycobot_gazebo/models/aws_robomaker_residential_Bed_01/materials/textures/aws_BedB_01.png
[0.623s] -- Up-to-date: /home/ibrahim/ros2_ws/install/mycobot_gazebo/share/mycobot_gazebo/models/aws_robomaker_residential_Bed_01/materials/textures/aws_BedA_01.png
[0.624s] -- Up-to-date: /home/ibrahim/ros2_ws/install/mycobot_gazebo/share/mycobot_gazebo/models/aws_robomaker_residential_Bed_01/materials/textures/aws_Bed_01.png
[0.624s] -- Up-to-date: /home/ibrahim/ros2_ws/install/mycobot_gazebo/share/mycobot_gazebo/models/aws_robomaker_residential_Bed_01/meshes
[0.624s] -- Up-to-date: /home/ibrahim/ros2_ws/install/mycobot_gazebo/share/mycobot_gazebo/models/aws_robomaker_residential_Bed_01/meshes/aws_Bed_01_collision.DAE
[0.624s] -- Up-to-date: /home/ibrahim/ros2_ws/install/mycobot_gazebo/share/mycobot_gazebo/models/aws_robomaker_residential_Bed_01/meshes/aws_Bed_01_visual.DAE
[0.624s] -- Up-to-date: /home/ibrahim/ros2_ws/install/mycobot_gazebo/share/mycobot_gazebo/models/aws_robomaker_residential_Bed_01/model.config
[0.624s] -- Up-to-date: /home/ibrahim/ros2_ws/install/mycobot_gazebo/share/mycobot_gazebo/models/aws_robomaker_residential_Board_01
[0.624s] -- Up-to-date: /home/ibrahim/ros2_ws/install/mycobot_gazebo/share/mycobot_gazebo/models/aws_robomaker_residential_Board_01/model.sdf
[0.624s] -- Up-to-date: /home/ibrahim/ros2_ws/install/mycobot_gazebo/share/mycobot_gazebo/models/aws_robomaker_residential_Board_01/materials
[0.624s] -- Up-to-date: /home/ibrahim/ros2_ws/install/mycobot_gazebo/share/mycobot_gazebo/models/aws_robomaker_residential_Board_01/materials/textures
[0.624s] -- Up-to-date: /home/ibrahim/ros2_ws/install/mycobot_gazebo/share/mycobot_gazebo/models/aws_robomaker_residential_Board_01/materials/textures/aws_Board_01.png
[0.624s] -- Up-to-date: /home/ibrahim/ros2_ws/install/mycobot_gazebo/share/mycobot_gazebo/models/aws_robomaker_residential_Board_01/meshes
[0.624s] -- Up-to-date: /home/ibrahim/ros2_ws/install/mycobot_gazebo/share/mycobot_gazebo/models/aws_robomaker_residential_Board_01/meshes/aws_Board_01_visual.DAE
[0.624s] -- Up-to-date: /home/ibrahim/ros2_ws/install/mycobot_gazebo/share/mycobot_gazebo/models/aws_robomaker_residential_Board_01/meshes/aws_Board_01_collision.DAE
[0.624s] -- Up-to-date: /home/ibrahim/ros2_ws/install/mycobot_gazebo/share/mycobot_gazebo/models/aws_robomaker_residential_Board_01/model.config
[0.624s] -- Up-to-date: /home/ibrahim/ros2_ws/install/mycobot_gazebo/share/mycobot_gazebo/models/aws_robomaker_residential_ChairA_01
[0.624s] -- Up-to-date: /home/ibrahim/ros2_ws/install/mycobot_gazebo/share/mycobot_gazebo/models/aws_robomaker_residential_ChairA_01/model.sdf
[0.624s] -- Up-to-date: /home/ibrahim/ros2_ws/install/mycobot_gazebo/share/mycobot_gazebo/models/aws_robomaker_residential_ChairA_01/materials
[0.624s] -- Up-to-date: /home/ibrahim/ros2_ws/install/mycobot_gazebo/share/mycobot_gazebo/models/aws_robomaker_residential_ChairA_01/materials/textures
[0.624s] -- Up-to-date: /home/ibrahim/ros2_ws/install/mycobot_gazebo/share/mycobot_gazebo/models/aws_robomaker_residential_ChairA_01/materials/textures/aws_ChairA_01.png
[0.625s] -- Up-to-date: /home/ibrahim/ros2_ws/install/mycobot_gazebo/share/mycobot_gazebo/models/aws_robomaker_residential_ChairA_01/meshes
[0.625s] -- Up-to-date: /home/ibrahim/ros2_ws/install/mycobot_gazebo/share/mycobot_gazebo/models/aws_robomaker_residential_ChairA_01/meshes/aws_ChairA_01_visual.DAE
[0.625s] -- Up-to-date: /home/ibrahim/ros2_ws/install/mycobot_gazebo/share/mycobot_gazebo/models/aws_robomaker_residential_ChairA_01/meshes/aws_ChairA_01_collision.DAE
[0.625s] -- Up-to-date: /home/ibrahim/ros2_ws/install/mycobot_gazebo/share/mycobot_gazebo/models/aws_robomaker_residential_ChairA_01/model.config
[0.625s] -- Up-to-date: /home/ibrahim/ros2_ws/install/mycobot_gazebo/share/mycobot_gazebo/models/aws_robomaker_residential_Chandelier_01
[0.625s] -- Up-to-date: /home/ibrahim/ros2_ws/install/mycobot_gazebo/share/mycobot_gazebo/models/aws_robomaker_residential_Chandelier_01/model.sdf
[0.625s] -- Up-to-date: /home/ibrahim/ros2_ws/install/mycobot_gazebo/share/mycobot_gazebo/models/aws_robomaker_residential_Chandelier_01/materials
[0.625s] -- Up-to-date: /home/ibrahim/ros2_ws/install/mycobot_gazebo/share/mycobot_gazebo/models/aws_robomaker_residential_Chandelier_01/materials/textures
[0.625s] -- Up-to-date: /home/ibrahim/ros2_ws/install/mycobot_gazebo/share/mycobot_gazebo/models/aws_robomaker_residential_Chandelier_01/materials/textures/aws_Chandelier_01.png
[0.625s] -- Up-to-date: /home/ibrahim/ros2_ws/install/mycobot_gazebo/share/mycobot_gazebo/models/aws_robomaker_residential_Chandelier_01/meshes
[0.629s] -- Up-to-date: /home/ibrahim/ros2_ws/install/mycobot_gazebo/share/mycobot_gazebo/models/aws_robomaker_residential_Chandelier_01/meshes/aws_Chandelier_01.DAE
[0.636s] -- Up-to-date: /home/ibrahim/ros2_ws/install/mycobot_gazebo/share/mycobot_gazebo/models/aws_robomaker_residential_Chandelier_01/meshes/aws_Chandelier_01_collision.DAE
[0.637s] -- Up-to-date: /home/ibrahim/ros2_ws/install/mycobot_gazebo/share/mycobot_gazebo/models/aws_robomaker_residential_Chandelier_01/meshes/aws_Chandelier_01_visual.DAE
[0.637s] -- Up-to-date: /home/ibrahim/ros2_ws/install/mycobot_gazebo/share/mycobot_gazebo/models/aws_robomaker_residential_Chandelier_01/model.config
[0.637s] -- Up-to-date: /home/ibrahim/ros2_ws/install/mycobot_gazebo/share/mycobot_gazebo/models/aws_robomaker_residential_KitchenTable_01
[0.637s] -- Up-to-date: /home/ibrahim/ros2_ws/install/mycobot_gazebo/share/mycobot_gazebo/models/aws_robomaker_residential_KitchenTable_01/model.sdf
[0.638s] -- Up-to-date: /home/ibrahim/ros2_ws/install/mycobot_gazebo/share/mycobot_gazebo/models/aws_robomaker_residential_KitchenTable_01/materials
[0.644s] -- Up-to-date: /home/ibrahim/ros2_ws/install/mycobot_gazebo/share/mycobot_gazebo/models/aws_robomaker_residential_KitchenTable_01/materials/textures
[0.644s] -- Up-to-date: /home/ibrahim/ros2_ws/install/mycobot_gazebo/share/mycobot_gazebo/models/aws_robomaker_residential_KitchenTable_01/materials/textures/aws_KitchenTable_01.png
[0.645s] -- Up-to-date: /home/ibrahim/ros2_ws/install/mycobot_gazebo/share/mycobot_gazebo/models/aws_robomaker_residential_KitchenTable_01/meshes
[0.645s] -- Up-to-date: /home/ibrahim/ros2_ws/install/mycobot_gazebo/share/mycobot_gazebo/models/aws_robomaker_residential_KitchenTable_01/meshes/aws_KitchenTable_01_visual.DAE
[0.645s] -- Up-to-date: /home/ibrahim/ros2_ws/install/mycobot_gazebo/share/mycobot_gazebo/models/aws_robomaker_residential_KitchenTable_01/meshes/aws_KitchenTable_01_collision.DAE
[0.645s] -- Up-to-date: /home/ibrahim/ros2_ws/install/mycobot_gazebo/share/mycobot_gazebo/models/aws_robomaker_residential_KitchenTable_01/model.config
[0.645s] -- Up-to-date: /home/ibrahim/ros2_ws/install/mycobot_gazebo/share/mycobot_gazebo/models/aws_robomaker_residential_FoldingDoor_02
[0.645s] -- Up-to-date: /home/ibrahim/ros2_ws/install/mycobot_gazebo/share/mycobot_gazebo/models/aws_robomaker_residential_FoldingDoor_02/model.sdf
[0.645s] -- Up-to-date: /home/ibrahim/ros2_ws/install/mycobot_gazebo/share/mycobot_gazebo/models/aws_robomaker_residential_FoldingDoor_02/materials
[0.645s] -- Up-to-date: /home/ibrahim/ros2_ws/install/mycobot_gazebo/share/mycobot_gazebo/models/aws_robomaker_residential_FoldingDoor_02/materials/textures
[0.645s] -- Up-to-date: /home/ibrahim/ros2_ws/install/mycobot_gazebo/share/mycobot_gazebo/models/aws_robomaker_residential_FoldingDoor_02/materials/textures/aws_FoldingDoor_02.png
[0.645s] -- Up-to-date: /home/ibrahim/ros2_ws/install/mycobot_gazebo/share/mycobot_gazebo/models/aws_robomaker_residential_FoldingDoor_02/meshes
[0.645s] -- Up-to-date: /home/ibrahim/ros2_ws/install/mycobot_gazebo/share/mycobot_gazebo/models/aws_robomaker_residential_FoldingDoor_02/meshes/aws_FoldingDoor_02_collision.DAE
[0.645s] -- Up-to-date: /home/ibrahim/ros2_ws/install/mycobot_gazebo/share/mycobot_gazebo/models/aws_robomaker_residential_FoldingDoor_02/meshes/aws_FoldingDoor_02_visual.DAE
[0.645s] -- Up-to-date: /home/ibrahim/ros2_ws/install/mycobot_gazebo/share/mycobot_gazebo/models/aws_robomaker_residential_FoldingDoor_02/model.config
[0.645s] -- Up-to-date: /home/ibrahim/ros2_ws/install/mycobot_gazebo/share/mycobot_gazebo/models/aws_robomaker_warehouse_DeskC_01
[0.645s] -- Up-to-date: /home/ibrahim/ros2_ws/install/mycobot_gazebo/share/mycobot_gazebo/models/aws_robomaker_warehouse_DeskC_01/model.sdf
[0.645s] -- Up-to-date: /home/ibrahim/ros2_ws/install/mycobot_gazebo/share/mycobot_gazebo/models/aws_robomaker_warehouse_DeskC_01/materials
[0.645s] -- Up-to-date: /home/ibrahim/ros2_ws/install/mycobot_gazebo/share/mycobot_gazebo/models/aws_robomaker_warehouse_DeskC_01/materials/textures
[0.646s] -- Up-to-date: /home/ibrahim/ros2_ws/install/mycobot_gazebo/share/mycobot_gazebo/models/aws_robomaker_warehouse_DeskC_01/materials/textures/aws_robomaker_warehouse_DeskC_01.png
[0.646s] -- Up-to-date: /home/ibrahim/ros2_ws/install/mycobot_gazebo/share/mycobot_gazebo/models/aws_robomaker_warehouse_DeskC_01/materials/textures/aws_robomaker_warehouse_DeskC_03.png
[0.646s] -- Up-to-date: /home/ibrahim/ros2_ws/install/mycobot_gazebo/share/mycobot_gazebo/models/aws_robomaker_warehouse_DeskC_01/materials/textures/aws_robomaker_warehouse_DeskC_04.png
[0.646s] -- Up-to-date: /home/ibrahim/ros2_ws/install/mycobot_gazebo/share/mycobot_gazebo/models/aws_robomaker_warehouse_DeskC_01/materials/textures/aws_robomaker_warehouse_DeskC_02.png
[0.646s] -- Up-to-date: /home/ibrahim/ros2_ws/install/mycobot_gazebo/share/mycobot_gazebo/models/aws_robomaker_warehouse_DeskC_01/materials/textures/aws_robomaker_warehouse_DeskC_03.psd
[0.646s] -- Up-to-date: /home/ibrahim/ros2_ws/install/mycobot_gazebo/share/mycobot_gazebo/models/aws_robomaker_warehouse_DeskC_01/materials/.DS_Store
[0.646s] -- Up-to-date: /home/ibrahim/ros2_ws/install/mycobot_gazebo/share/mycobot_gazebo/models/aws_robomaker_warehouse_DeskC_01/meshes
[0.646s] -- Up-to-date: /home/ibrahim/ros2_ws/install/mycobot_gazebo/share/mycobot_gazebo/models/aws_robomaker_warehouse_DeskC_01/meshes/aws_robomaker_warehouse_DeskC_01_collision.DAE
[0.646s] -- Up-to-date: /home/ibrahim/ros2_ws/install/mycobot_gazebo/share/mycobot_gazebo/models/aws_robomaker_warehouse_DeskC_01/meshes/aws_robomaker_warehouse_DeskC_01_visual.DAE
[0.646s] -- Up-to-date: /home/ibrahim/ros2_ws/install/mycobot_gazebo/share/mycobot_gazebo/models/aws_robomaker_warehouse_DeskC_01/model.config
[0.646s] -- Up-to-date: /home/ibrahim/ros2_ws/install/mycobot_gazebo/share/mycobot_gazebo/models/aws_robomaker_residential_BalconyTable_01
[0.646s] -- Up-to-date: /home/ibrahim/ros2_ws/install/mycobot_gazebo/share/mycobot_gazebo/models/aws_robomaker_residential_BalconyTable_01/model.sdf
[0.646s] -- Up-to-date: /home/ibrahim/ros2_ws/install/mycobot_gazebo/share/mycobot_gazebo/models/aws_robomaker_residential_BalconyTable_01/materials
[0.646s] -- Up-to-date: /home/ibrahim/ros2_ws/install/mycobot_gazebo/share/mycobot_gazebo/models/aws_robomaker_residential_BalconyTable_01/materials/textures
[0.646s] -- Up-to-date: /home/ibrahim/ros2_ws/install/mycobot_gazebo/share/mycobot_gazebo/models/aws_robomaker_residential_BalconyTable_01/materials/textures/aws_BalconyTable_01.png
[0.646s] -- Up-to-date: /home/ibrahim/ros2_ws/install/mycobot_gazebo/share/mycobot_gazebo/models/aws_robomaker_residential_BalconyTable_01/meshes
[0.646s] -- Up-to-date: /home/ibrahim/ros2_ws/install/mycobot_gazebo/share/mycobot_gazebo/models/aws_robomaker_residential_BalconyTable_01/meshes/aws_BalconyTable_01_visual.DAE
[0.646s] -- Up-to-date: /home/ibrahim/ros2_ws/install/mycobot_gazebo/share/mycobot_gazebo/models/aws_robomaker_residential_BalconyTable_01/meshes/aws_BalconyTable_01_collision.DAE
[0.647s] -- Up-to-date: /home/ibrahim/ros2_ws/install/mycobot_gazebo/share/mycobot_gazebo/models/aws_robomaker_residential_BalconyTable_01/model.config
[0.647s] -- Up-to-date: /home/ibrahim/ros2_ws/install/mycobot_gazebo/share/mycobot_gazebo/models/aws_robomaker_warehouse_Bucket_01
[0.647s] -- Up-to-date: /home/ibrahim/ros2_ws/install/mycobot_gazebo/share/mycobot_gazebo/models/aws_robomaker_warehouse_Bucket_01/model.sdf
[0.647s] -- Up-to-date: /home/ibrahim/ros2_ws/install/mycobot_gazebo/share/mycobot_gazebo/models/aws_robomaker_warehouse_Bucket_01/materials
[0.647s] -- Up-to-date: /home/ibrahim/ros2_ws/install/mycobot_gazebo/share/mycobot_gazebo/models/aws_robomaker_warehouse_Bucket_01/materials/textures
[0.647s] -- Up-to-date: /home/ibrahim/ros2_ws/install/mycobot_gazebo/share/mycobot_gazebo/models/aws_robomaker_warehouse_Bucket_01/materials/textures/aws_robomaker_warehouse_Bucket_01.png
[0.647s] -- Up-to-date: /home/ibrahim/ros2_ws/install/mycobot_gazebo/share/mycobot_gazebo/models/aws_robomaker_warehouse_Bucket_01/materials/.DS_Store
[0.647s] -- Up-to-date: /home/ibrahim/ros2_ws/install/mycobot_gazebo/share/mycobot_gazebo/models/aws_robomaker_warehouse_Bucket_01/.DS_Store
[0.647s] -- Up-to-date: /home/ibrahim/ros2_ws/install/mycobot_gazebo/share/mycobot_gazebo/models/aws_robomaker_warehouse_Bucket_01/meshes
[0.647s] -- Up-to-date: /home/ibrahim/ros2_ws/install/mycobot_gazebo/share/mycobot_gazebo/models/aws_robomaker_warehouse_Bucket_01/meshes/aws_robomaker_warehouse_Bucket_01_collision.DAE
[0.647s] -- Up-to-date: /home/ibrahim/ros2_ws/install/mycobot_gazebo/share/mycobot_gazebo/models/aws_robomaker_warehouse_Bucket_01/meshes/aws_robomaker_warehouse_Bucket_01_visual.DAE
[0.647s] -- Up-to-date: /home/ibrahim/ros2_ws/install/mycobot_gazebo/share/mycobot_gazebo/models/aws_robomaker_warehouse_Bucket_01/model.config
[0.647s] -- Up-to-date: /home/ibrahim/ros2_ws/install/mycobot_gazebo/share/mycobot_gazebo/models/aws_robomaker_residential_FitnessEquipment_01
[0.647s] -- Up-to-date: /home/ibrahim/ros2_ws/install/mycobot_gazebo/share/mycobot_gazebo/models/aws_robomaker_residential_FitnessEquipment_01/model.sdf
[0.647s] -- Up-to-date: /home/ibrahim/ros2_ws/install/mycobot_gazebo/share/mycobot_gazebo/models/aws_robomaker_residential_FitnessEquipment_01/materials
[0.647s] -- Up-to-date: /home/ibrahim/ros2_ws/install/mycobot_gazebo/share/mycobot_gazebo/models/aws_robomaker_residential_FitnessEquipment_01/materials/textures
[0.647s] -- Up-to-date: /home/ibrahim/ros2_ws/install/mycobot_gazebo/share/mycobot_gazebo/models/aws_robomaker_residential_FitnessEquipment_01/materials/textures/aws_FitnessEquipment_01.png
[0.648s] -- Up-to-date: /home/ibrahim/ros2_ws/install/mycobot_gazebo/share/mycobot_gazebo/models/aws_robomaker_residential_FitnessEquipment_01/meshes
[0.648s] -- Up-to-date: /home/ibrahim/ros2_ws/install/mycobot_gazebo/share/mycobot_gazebo/models/aws_robomaker_residential_FitnessEquipment_01/meshes/aws_FitnessEquipment_01_collision.DAE
[0.648s] -- Up-to-date: /home/ibrahim/ros2_ws/install/mycobot_gazebo/share/mycobot_gazebo/models/aws_robomaker_residential_FitnessEquipment_01/meshes/aws_FitnessEquipment_01_visual.DAE
[0.648s] -- Up-to-date: /home/ibrahim/ros2_ws/install/mycobot_gazebo/share/mycobot_gazebo/models/aws_robomaker_residential_FitnessEquipment_01/model.config
[0.648s] -- Up-to-date: /home/ibrahim/ros2_ws/install/mycobot_gazebo/share/mycobot_gazebo/models/aws_robomaker_residential_Refrigerator_01
[0.648s] -- Up-to-date: /home/ibrahim/ros2_ws/install/mycobot_gazebo/share/mycobot_gazebo/models/aws_robomaker_residential_Refrigerator_01/model.sdf
[0.648s] -- Up-to-date: /home/ibrahim/ros2_ws/install/mycobot_gazebo/share/mycobot_gazebo/models/aws_robomaker_residential_Refrigerator_01/materials
[0.648s] -- Up-to-date: /home/ibrahim/ros2_ws/install/mycobot_gazebo/share/mycobot_gazebo/models/aws_robomaker_residential_Refrigerator_01/materials/textures
[0.648s] -- Up-to-date: /home/ibrahim/ros2_ws/install/mycobot_gazebo/share/mycobot_gazebo/models/aws_robomaker_residential_Refrigerator_01/materials/textures/aws_Refrigerator_02.png
[0.648s] -- Up-to-date: /home/ibrahim/ros2_ws/install/mycobot_gazebo/share/mycobot_gazebo/models/aws_robomaker_residential_Refrigerator_01/materials/textures/aws_Refrigerator_01.png
[0.648s] -- Up-to-date: /home/ibrahim/ros2_ws/install/mycobot_gazebo/share/mycobot_gazebo/models/aws_robomaker_residential_Refrigerator_01/meshes
[0.649s] -- Up-to-date: /home/ibrahim/ros2_ws/install/mycobot_gazebo/share/mycobot_gazebo/models/aws_robomaker_residential_Refrigerator_01/meshes/aws_Refrigerator_01_visual.DAE
[0.649s] -- Up-to-date: /home/ibrahim/ros2_ws/install/mycobot_gazebo/share/mycobot_gazebo/models/aws_robomaker_residential_Refrigerator_01/meshes/aws_Refrigerator_01_collision.DAE
[0.649s] -- Up-to-date: /home/ibrahim/ros2_ws/install/mycobot_gazebo/share/mycobot_gazebo/models/aws_robomaker_residential_Refrigerator_01/meshes/aws_Refrigerator_01.DAE
[0.650s] -- Up-to-date: /home/ibrahim/ros2_ws/install/mycobot_gazebo/share/mycobot_gazebo/models/aws_robomaker_residential_Refrigerator_01/model.config
[0.650s] -- Up-to-date: /home/ibrahim/ros2_ws/install/mycobot_gazebo/share/mycobot_gazebo/models/aws_robomaker_warehouse_ClutteringC_01
[0.650s] -- Up-to-date: /home/ibrahim/ros2_ws/install/mycobot_gazebo/share/mycobot_gazebo/models/aws_robomaker_warehouse_ClutteringC_01/model.sdf
[0.650s] -- Up-to-date: /home/ibrahim/ros2_ws/install/mycobot_gazebo/share/mycobot_gazebo/models/aws_robomaker_warehouse_ClutteringC_01/materials
[0.650s] -- Up-to-date: /home/ibrahim/ros2_ws/install/mycobot_gazebo/share/mycobot_gazebo/models/aws_robomaker_warehouse_ClutteringC_01/materials/textures
[0.650s] -- Up-to-date: /home/ibrahim/ros2_ws/install/mycobot_gazebo/share/mycobot_gazebo/models/aws_robomaker_warehouse_ClutteringC_01/materials/textures/aws_robomaker_warehouse_ClutteringC_02.png
[0.650s] -- Up-to-date: /home/ibrahim/ros2_ws/install/mycobot_gazebo/share/mycobot_gazebo/models/aws_robomaker_warehouse_ClutteringC_01/materials/textures/aws_robomaker_warehouse_ClutteringC_01.png
[0.650s] -- Up-to-date: /home/ibrahim/ros2_ws/install/mycobot_gazebo/share/mycobot_gazebo/models/aws_robomaker_warehouse_ClutteringC_01/meshes
[0.650s] -- Up-to-date: /home/ibrahim/ros2_ws/install/mycobot_gazebo/share/mycobot_gazebo/models/aws_robomaker_warehouse_ClutteringC_01/meshes/aws_robomaker_warehouse_ClutteringC_01_collision.DAE
[0.651s] -- Up-to-date: /home/ibrahim/ros2_ws/install/mycobot_gazebo/share/mycobot_gazebo/models/aws_robomaker_warehouse_ClutteringC_01/meshes/aws_robomaker_warehouse_ClutteringC_01_visual.DAE
[0.651s] -- Up-to-date: /home/ibrahim/ros2_ws/install/mycobot_gazebo/share/mycobot_gazebo/models/aws_robomaker_warehouse_ClutteringC_01/model.config
[0.651s] -- Up-to-date: /home/ibrahim/ros2_ws/install/mycobot_gazebo/share/mycobot_gazebo/models/aws_robomaker_residential_HouseWallB_01
[0.651s] -- Up-to-date: /home/ibrahim/ros2_ws/install/mycobot_gazebo/share/mycobot_gazebo/models/aws_robomaker_residential_HouseWallB_01/model.sdf
[0.651s] -- Up-to-date: /home/ibrahim/ros2_ws/install/mycobot_gazebo/share/mycobot_gazebo/models/aws_robomaker_residential_HouseWallB_01/materials
[0.651s] -- Up-to-date: /home/ibrahim/ros2_ws/install/mycobot_gazebo/share/mycobot_gazebo/models/aws_robomaker_residential_HouseWallB_01/materials/textures
[0.651s] -- Up-to-date: /home/ibrahim/ros2_ws/install/mycobot_gazebo/share/mycobot_gazebo/models/aws_robomaker_residential_HouseWallB_01/materials/textures/aws_HouseWallB_01.png
[0.651s] -- Up-to-date: /home/ibrahim/ros2_ws/install/mycobot_gazebo/share/mycobot_gazebo/models/aws_robomaker_residential_HouseWallB_01/meshes
[0.651s] -- Up-to-date: /home/ibrahim/ros2_ws/install/mycobot_gazebo/share/mycobot_gazebo/models/aws_robomaker_residential_HouseWallB_01/meshes/aws_HouseWallB_01_collision.DAE
[0.651s] -- Up-to-date: /home/ibrahim/ros2_ws/install/mycobot_gazebo/share/mycobot_gazebo/models/aws_robomaker_residential_HouseWallB_01/meshes/aws_HouseWallB_01_visual.DAE
[0.652s] -- Up-to-date: /home/ibrahim/ros2_ws/install/mycobot_gazebo/share/mycobot_gazebo/models/aws_robomaker_residential_HouseWallB_01/model.config
[0.652s] -- Up-to-date: /home/ibrahim/ros2_ws/install/mycobot_gazebo/share/mycobot_gazebo/models/aws_robomaker_residential_Tablet_01
[0.652s] -- Up-to-date: /home/ibrahim/ros2_ws/install/mycobot_gazebo/share/mycobot_gazebo/models/aws_robomaker_residential_Tablet_01/model.sdf
[0.652s] -- Up-to-date: /home/ibrahim/ros2_ws/install/mycobot_gazebo/share/mycobot_gazebo/models/aws_robomaker_residential_Tablet_01/materials
[0.652s] -- Up-to-date: /home/ibrahim/ros2_ws/install/mycobot_gazebo/share/mycobot_gazebo/models/aws_robomaker_residential_Tablet_01/materials/textures
[0.652s] -- Up-to-date: /home/ibrahim/ros2_ws/install/mycobot_gazebo/share/mycobot_gazebo/models/aws_robomaker_residential_Tablet_01/materials/textures/aws_Tablet_01_nologo.png
[0.652s] -- Up-to-date: /home/ibrahim/ros2_ws/install/mycobot_gazebo/share/mycobot_gazebo/models/aws_robomaker_residential_Tablet_01/materials/.DS_Store
[0.652s] -- Up-to-date: /home/ibrahim/ros2_ws/install/mycobot_gazebo/share/mycobot_gazebo/models/aws_robomaker_residential_Tablet_01/.DS_Store
[0.652s] -- Up-to-date: /home/ibrahim/ros2_ws/install/mycobot_gazebo/share/mycobot_gazebo/models/aws_robomaker_residential_Tablet_01/meshes
[0.652s] -- Up-to-date: /home/ibrahim/ros2_ws/install/mycobot_gazebo/share/mycobot_gazebo/models/aws_robomaker_residential_Tablet_01/meshes/aws_Tablet_01_collision.DAE
[0.652s] -- Up-to-date: /home/ibrahim/ros2_ws/install/mycobot_gazebo/share/mycobot_gazebo/models/aws_robomaker_residential_Tablet_01/meshes/aws_Tablet_01_visual.DAE
[0.653s] -- Up-to-date: /home/ibrahim/ros2_ws/install/mycobot_gazebo/share/mycobot_gazebo/models/aws_robomaker_residential_Tablet_01/model.config
[0.653s] -- Up-to-date: /home/ibrahim/ros2_ws/install/mycobot_gazebo/share/mycobot_gazebo/models/aws_robomaker_residential_ShoeRack_01
[0.653s] -- Up-to-date: /home/ibrahim/ros2_ws/install/mycobot_gazebo/share/mycobot_gazebo/models/aws_robomaker_residential_ShoeRack_01/model.sdf
[0.653s] -- Up-to-date: /home/ibrahim/ros2_ws/install/mycobot_gazebo/share/mycobot_gazebo/models/aws_robomaker_residential_ShoeRack_01/materials
[0.653s] -- Up-to-date: /home/ibrahim/ros2_ws/install/mycobot_gazebo/share/mycobot_gazebo/models/aws_robomaker_residential_ShoeRack_01/materials/textures
[0.653s] -- Up-to-date: /home/ibrahim/ros2_ws/install/mycobot_gazebo/share/mycobot_gazebo/models/aws_robomaker_residential_ShoeRack_01/materials/textures/aws_ShoeRack_01.png
[0.653s] -- Up-to-date: /home/ibrahim/ros2_ws/install/mycobot_gazebo/share/mycobot_gazebo/models/aws_robomaker_residential_ShoeRack_01/meshes
[0.653s] -- Up-to-date: /home/ibrahim/ros2_ws/install/mycobot_gazebo/share/mycobot_gazebo/models/aws_robomaker_residential_ShoeRack_01/meshes/aws_ShoeRack_01_visual.DAE
[0.653s] -- Up-to-date: /home/ibrahim/ros2_ws/install/mycobot_gazebo/share/mycobot_gazebo/models/aws_robomaker_residential_ShoeRack_01/meshes/aws_ShoeRack_01_collision.DAE
[0.653s] -- Up-to-date: /home/ibrahim/ros2_ws/install/mycobot_gazebo/share/mycobot_gazebo/models/aws_robomaker_residential_ShoeRack_01/model.config
[0.654s] -- Up-to-date: /home/ibrahim/ros2_ws/install/mycobot_gazebo/share/mycobot_gazebo/models/aws_robomaker_residential_Sofa_01
[0.654s] -- Up-to-date: /home/ibrahim/ros2_ws/install/mycobot_gazebo/share/mycobot_gazebo/models/aws_robomaker_residential_Sofa_01/model.sdf
[0.654s] -- Up-to-date: /home/ibrahim/ros2_ws/install/mycobot_gazebo/share/mycobot_gazebo/models/aws_robomaker_residential_Sofa_01/materials
[0.654s] -- Up-to-date: /home/ibrahim/ros2_ws/install/mycobot_gazebo/share/mycobot_gazebo/models/aws_robomaker_residential_Sofa_01/materials/textures
[0.654s] -- Up-to-date: /home/ibrahim/ros2_ws/install/mycobot_gazebo/share/mycobot_gazebo/models/aws_robomaker_residential_Sofa_01/materials/textures/aws_Sofa_01.png
[0.654s] -- Up-to-date: /home/ibrahim/ros2_ws/install/mycobot_gazebo/share/mycobot_gazebo/models/aws_robomaker_residential_Sofa_01/meshes
[0.655s] -- Up-to-date: /home/ibrahim/ros2_ws/install/mycobot_gazebo/share/mycobot_gazebo/models/aws_robomaker_residential_Sofa_01/meshes/aws_Sofa_01_collision.DAE
[0.655s] -- Up-to-date: /home/ibrahim/ros2_ws/install/mycobot_gazebo/share/mycobot_gazebo/models/aws_robomaker_residential_Sofa_01/meshes/aws_Sofa_01.DAE
[0.655s] -- Up-to-date: /home/ibrahim/ros2_ws/install/mycobot_gazebo/share/mycobot_gazebo/models/aws_robomaker_residential_Sofa_01/meshes/aws_Sofa_01_visual.DAE
[0.655s] -- Up-to-date: /home/ibrahim/ros2_ws/install/mycobot_gazebo/share/mycobot_gazebo/models/aws_robomaker_residential_Sofa_01/model.config
[0.655s] -- Up-to-date: /home/ibrahim/ros2_ws/install/mycobot_gazebo/share/mycobot_gazebo/models/aws_robomaker_residential_LightC_01
[0.655s] -- Up-to-date: /home/ibrahim/ros2_ws/install/mycobot_gazebo/share/mycobot_gazebo/models/aws_robomaker_residential_LightC_01/model.sdf
[0.655s] -- Up-to-date: /home/ibrahim/ros2_ws/install/mycobot_gazebo/share/mycobot_gazebo/models/aws_robomaker_residential_LightC_01/materials
[0.655s] -- Up-to-date: /home/ibrahim/ros2_ws/install/mycobot_gazebo/share/mycobot_gazebo/models/aws_robomaker_residential_LightC_01/materials/textures
[0.655s] -- Up-to-date: /home/ibrahim/ros2_ws/install/mycobot_gazebo/share/mycobot_gazebo/models/aws_robomaker_residential_LightC_01/materials/textures/aws_LightC_01.png
[0.656s] -- Up-to-date: /home/ibrahim/ros2_ws/install/mycobot_gazebo/share/mycobot_gazebo/models/aws_robomaker_residential_LightC_01/meshes
[0.656s] -- Up-to-date: /home/ibrahim/ros2_ws/install/mycobot_gazebo/share/mycobot_gazebo/models/aws_robomaker_residential_LightC_01/meshes/aws_LightC_01_collision.DAE
[0.656s] -- Up-to-date: /home/ibrahim/ros2_ws/install/mycobot_gazebo/share/mycobot_gazebo/models/aws_robomaker_residential_LightC_01/meshes/aws_LightC_01_visual.DAE
[0.656s] -- Up-to-date: /home/ibrahim/ros2_ws/install/mycobot_gazebo/share/mycobot_gazebo/models/aws_robomaker_residential_LightC_01/model.config
[0.656s] -- Up-to-date: /home/ibrahim/ros2_ws/install/mycobot_gazebo/share/mycobot_gazebo/models/aws_robomaker_residential_NightStand_01
[0.656s] -- Up-to-date: /home/ibrahim/ros2_ws/install/mycobot_gazebo/share/mycobot_gazebo/models/aws_robomaker_residential_NightStand_01/model.sdf
[0.656s] -- Up-to-date: /home/ibrahim/ros2_ws/install/mycobot_gazebo/share/mycobot_gazebo/models/aws_robomaker_residential_NightStand_01/materials
[0.656s] -- Up-to-date: /home/ibrahim/ros2_ws/install/mycobot_gazebo/share/mycobot_gazebo/models/aws_robomaker_residential_NightStand_01/materials/textures
[0.656s] -- Up-to-date: /home/ibrahim/ros2_ws/install/mycobot_gazebo/share/mycobot_gazebo/models/aws_robomaker_residential_NightStand_01/materials/textures/aws_NightStand_01.png
[0.657s] -- Up-to-date: /home/ibrahim/ros2_ws/install/mycobot_gazebo/share/mycobot_gazebo/models/aws_robomaker_residential_NightStand_01/meshes
[0.657s] -- Up-to-date: /home/ibrahim/ros2_ws/install/mycobot_gazebo/share/mycobot_gazebo/models/aws_robomaker_residential_NightStand_01/meshes/aws_NightStand_01_visual.DAE
[0.657s] -- Up-to-date: /home/ibrahim/ros2_ws/install/mycobot_gazebo/share/mycobot_gazebo/models/aws_robomaker_residential_NightStand_01/meshes/aws_NightStand_01_collision.DAE
[0.657s] -- Up-to-date: /home/ibrahim/ros2_ws/install/mycobot_gazebo/share/mycobot_gazebo/models/aws_robomaker_residential_NightStand_01/model.config
[0.657s] -- Up-to-date: /home/ibrahim/ros2_ws/install/mycobot_gazebo/share/mycobot_gazebo/models/aws_robomaker_residential_DeskPortraitA_01
[0.657s] -- Up-to-date: /home/ibrahim/ros2_ws/install/mycobot_gazebo/share/mycobot_gazebo/models/aws_robomaker_residential_DeskPortraitA_01/model.sdf
[0.657s] -- Up-to-date: /home/ibrahim/ros2_ws/install/mycobot_gazebo/share/mycobot_gazebo/models/aws_robomaker_residential_DeskPortraitA_01/materials
[0.657s] -- Up-to-date: /home/ibrahim/ros2_ws/install/mycobot_gazebo/share/mycobot_gazebo/models/aws_robomaker_residential_DeskPortraitA_01/materials/textures
[0.657s] -- Up-to-date: /home/ibrahim/ros2_ws/install/mycobot_gazebo/share/mycobot_gazebo/models/aws_robomaker_residential_DeskPortraitA_01/materials/textures/DeskPortraitA_01.jpg
[0.657s] -- Up-to-date: /home/ibrahim/ros2_ws/install/mycobot_gazebo/share/mycobot_gazebo/models/aws_robomaker_residential_DeskPortraitA_01/materials/textures/aws_DeskPortraitA_01.png
[0.657s] -- Up-to-date: /home/ibrahim/ros2_ws/install/mycobot_gazebo/share/mycobot_gazebo/models/aws_robomaker_residential_DeskPortraitA_01/materials/textures/aws_DeskPortraitA_02.png
[0.658s] -- Up-to-date: /home/ibrahim/ros2_ws/install/mycobot_gazebo/share/mycobot_gazebo/models/aws_robomaker_residential_DeskPortraitA_01/meshes
[0.658s] -- Up-to-date: /home/ibrahim/ros2_ws/install/mycobot_gazebo/share/mycobot_gazebo/models/aws_robomaker_residential_DeskPortraitA_01/meshes/aws_DeskPortraitA_01_collision.DAE
[0.658s] -- Up-to-date: /home/ibrahim/ros2_ws/install/mycobot_gazebo/share/mycobot_gazebo/models/aws_robomaker_residential_DeskPortraitA_01/meshes/aws_DeskPortraitA_01_visual.DAE
[0.658s] -- Up-to-date: /home/ibrahim/ros2_ws/install/mycobot_gazebo/share/mycobot_gazebo/models/aws_robomaker_residential_DeskPortraitA_01/model.config
[0.658s] -- Up-to-date: /home/ibrahim/ros2_ws/install/mycobot_gazebo/share/mycobot_gazebo/models/aws_robomaker_residential_Ball_01
[0.658s] -- Up-to-date: /home/ibrahim/ros2_ws/install/mycobot_gazebo/share/mycobot_gazebo/models/aws_robomaker_residential_Ball_01/model.sdf
[0.658s] -- Up-to-date: /home/ibrahim/ros2_ws/install/mycobot_gazebo/share/mycobot_gazebo/models/aws_robomaker_residential_Ball_01/materials
[0.659s] -- Up-to-date: /home/ibrahim/ros2_ws/install/mycobot_gazebo/share/mycobot_gazebo/models/aws_robomaker_residential_Ball_01/materials/textures
[0.660s] -- Up-to-date: /home/ibrahim/ros2_ws/install/mycobot_gazebo/share/mycobot_gazebo/models/aws_robomaker_residential_Ball_01/materials/textures/aws_Ball_01.png
[0.660s] -- Up-to-date: /home/ibrahim/ros2_ws/install/mycobot_gazebo/share/mycobot_gazebo/models/aws_robomaker_residential_Ball_01/meshes
[0.660s] -- Up-to-date: /home/ibrahim/ros2_ws/install/mycobot_gazebo/share/mycobot_gazebo/models/aws_robomaker_residential_Ball_01/meshes/aws_Ball_01_visual.DAE
[0.660s] -- Up-to-date: /home/ibrahim/ros2_ws/install/mycobot_gazebo/share/mycobot_gazebo/models/aws_robomaker_residential_Ball_01/meshes/aws_Ball_01_collision.DAE
[0.660s] -- Up-to-date: /home/ibrahim/ros2_ws/install/mycobot_gazebo/share/mycobot_gazebo/models/aws_robomaker_residential_Ball_01/model.config
[0.660s] -- Up-to-date: /home/ibrahim/ros2_ws/install/mycobot_gazebo/share/mycobot_gazebo/models/cheezit_big_original
[0.660s] -- Up-to-date: /home/ibrahim/ros2_ws/install/mycobot_gazebo/share/mycobot_gazebo/models/cheezit_big_original/model.sdf
[0.660s] -- Up-to-date: /home/ibrahim/ros2_ws/install/mycobot_gazebo/share/mycobot_gazebo/models/cheezit_big_original/meshes
[0.660s] -- Up-to-date: /home/ibrahim/ros2_ws/install/mycobot_gazebo/share/mycobot_gazebo/models/cheezit_big_original/meshes/cheezit_big_original.dae
[0.661s] -- Up-to-date: /home/ibrahim/ros2_ws/install/mycobot_gazebo/share/mycobot_gazebo/models/cheezit_big_original/meshes/cheez_tex_0.jpg
[0.661s] -- Up-to-date: /home/ibrahim/ros2_ws/install/mycobot_gazebo/share/mycobot_gazebo/models/cheezit_big_original/model.config
[0.661s] -- Up-to-date: /home/ibrahim/ros2_ws/install/mycobot_gazebo/share/mycobot_gazebo/models/aws_robomaker_residential_RoomCeiling_01
[0.661s] -- Up-to-date: /home/ibrahim/ros2_ws/install/mycobot_gazebo/share/mycobot_gazebo/models/aws_robomaker_residential_RoomCeiling_01/model.sdf
[0.661s] -- Up-to-date: /home/ibrahim/ros2_ws/install/mycobot_gazebo/share/mycobot_gazebo/models/aws_robomaker_residential_RoomCeiling_01/materials
[0.661s] -- Up-to-date: /home/ibrahim/ros2_ws/install/mycobot_gazebo/share/mycobot_gazebo/models/aws_robomaker_residential_RoomCeiling_01/materials/textures
[0.661s] -- Up-to-date: /home/ibrahim/ros2_ws/install/mycobot_gazebo/share/mycobot_gazebo/models/aws_robomaker_residential_RoomCeiling_01/materials/textures/aws_RoomCeiling_01.png
[0.661s] -- Up-to-date: /home/ibrahim/ros2_ws/install/mycobot_gazebo/share/mycobot_gazebo/models/aws_robomaker_residential_RoomCeiling_01/meshes
[0.661s] -- Up-to-date: /home/ibrahim/ros2_ws/install/mycobot_gazebo/share/mycobot_gazebo/models/aws_robomaker_residential_RoomCeiling_01/meshes/aws_RoomCeiling_01_visual.DAE
[0.661s] -- Up-to-date: /home/ibrahim/ros2_ws/install/mycobot_gazebo/share/mycobot_gazebo/models/aws_robomaker_residential_RoomCeiling_01/meshes/aws_RoomCeiling_01_collision.DAE
[0.662s] -- Up-to-date: /home/ibrahim/ros2_ws/install/mycobot_gazebo/share/mycobot_gazebo/models/aws_robomaker_residential_RoomCeiling_01/model.config
[0.662s] -- Up-to-date: /home/ibrahim/ros2_ws/install/mycobot_gazebo/share/mycobot_gazebo/models/aws_robomaker_residential_Tableware_01
[0.662s] -- Up-to-date: /home/ibrahim/ros2_ws/install/mycobot_gazebo/share/mycobot_gazebo/models/aws_robomaker_residential_Tableware_01/model.sdf
[0.662s] -- Up-to-date: /home/ibrahim/ros2_ws/install/mycobot_gazebo/share/mycobot_gazebo/models/aws_robomaker_residential_Tableware_01/materials
[0.662s] -- Up-to-date: /home/ibrahim/ros2_ws/install/mycobot_gazebo/share/mycobot_gazebo/models/aws_robomaker_residential_Tableware_01/materials/textures
[0.662s] -- Up-to-date: /home/ibrahim/ros2_ws/install/mycobot_gazebo/share/mycobot_gazebo/models/aws_robomaker_residential_Tableware_01/materials/textures/aws_Tableware_01.png
[0.662s] -- Up-to-date: /home/ibrahim/ros2_ws/install/mycobot_gazebo/share/mycobot_gazebo/models/aws_robomaker_residential_Tableware_01/meshes
[0.662s] -- Up-to-date: /home/ibrahim/ros2_ws/install/mycobot_gazebo/share/mycobot_gazebo/models/aws_robomaker_residential_Tableware_01/meshes/aws_Tableware_01_collision.DAE
[0.663s] -- Up-to-date: /home/ibrahim/ros2_ws/install/mycobot_gazebo/share/mycobot_gazebo/models/aws_robomaker_residential_Tableware_01/meshes/aws_Tableware_01_visual.DAE
[0.664s] -- Up-to-date: /home/ibrahim/ros2_ws/install/mycobot_gazebo/share/mycobot_gazebo/models/aws_robomaker_residential_Tableware_01/model.config
[0.664s] -- Up-to-date: /home/ibrahim/ros2_ws/install/mycobot_gazebo/share/mycobot_gazebo/models/mustard
[0.664s] -- Up-to-date: /home/ibrahim/ros2_ws/install/mycobot_gazebo/share/mycobot_gazebo/models/mustard/model.sdf
[0.664s] -- Up-to-date: /home/ibrahim/ros2_ws/install/mycobot_gazebo/share/mycobot_gazebo/models/mustard/materials
[0.664s] -- Up-to-date: /home/ibrahim/ros2_ws/install/mycobot_gazebo/share/mycobot_gazebo/models/mustard/materials/textures
[0.665s] -- Up-to-date: /home/ibrahim/ros2_ws/install/mycobot_gazebo/share/mycobot_gazebo/models/mustard/materials/textures/optimized_tsdf_texture_mapped_mesh.png
[0.665s] -- Up-to-date: /home/ibrahim/ros2_ws/install/mycobot_gazebo/share/mycobot_gazebo/models/mustard/materials/scripts
[0.665s] -- Up-to-date: /home/ibrahim/ros2_ws/install/mycobot_gazebo/share/mycobot_gazebo/models/mustard/materials/scripts/mustard.material
[0.665s] -- Up-to-date: /home/ibrahim/ros2_ws/install/mycobot_gazebo/share/mycobot_gazebo/models/mustard/meshes
[0.665s] -- Up-to-date: /home/ibrahim/ros2_ws/install/mycobot_gazebo/share/mycobot_gazebo/models/mustard/meshes/texture_map.png
[0.665s] -- Up-to-date: /home/ibrahim/ros2_ws/install/mycobot_gazebo/share/mycobot_gazebo/models/mustard/meshes/mustard.dae
[0.665s] -- Up-to-date: /home/ibrahim/ros2_ws/install/mycobot_gazebo/share/mycobot_gazebo/models/mustard/model.config
[0.665s] -- Up-to-date: /home/ibrahim/ros2_ws/install/mycobot_gazebo/share/mycobot_gazebo/models/aws_robomaker_residential_SofaB_01
[0.665s] -- Up-to-date: /home/ibrahim/ros2_ws/install/mycobot_gazebo/share/mycobot_gazebo/models/aws_robomaker_residential_SofaB_01/model.sdf
[0.665s] -- Up-to-date: /home/ibrahim/ros2_ws/install/mycobot_gazebo/share/mycobot_gazebo/models/aws_robomaker_residential_SofaB_01/materials
[0.666s] -- Up-to-date: /home/ibrahim/ros2_ws/install/mycobot_gazebo/share/mycobot_gazebo/models/aws_robomaker_residential_SofaB_01/materials/textures
[0.666s] -- Up-to-date: /home/ibrahim/ros2_ws/install/mycobot_gazebo/share/mycobot_gazebo/models/aws_robomaker_residential_SofaB_01/materials/textures/aws_SofaB_01.png
[0.666s] -- Up-to-date: /home/ibrahim/ros2_ws/install/mycobot_gazebo/share/mycobot_gazebo/models/aws_robomaker_residential_SofaB_01/meshes
[0.666s] -- Up-to-date: /home/ibrahim/ros2_ws/install/mycobot_gazebo/share/mycobot_gazebo/models/aws_robomaker_residential_SofaB_01/meshes/aws_SofaB_01_collision.DAE
[0.666s] -- Up-to-date: /home/ibrahim/ros2_ws/install/mycobot_gazebo/share/mycobot_gazebo/models/aws_robomaker_residential_SofaB_01/meshes/aws_SofaB_01_visual.DAE
[0.666s] -- Up-to-date: /home/ibrahim/ros2_ws/install/mycobot_gazebo/share/mycobot_gazebo/models/aws_robomaker_residential_SofaB_01/model.config
[0.666s] -- Up-to-date: /home/ibrahim/ros2_ws/install/mycobot_gazebo/share/mycobot_gazebo/models/aws_robomaker_residential_PortraitE_01
[0.666s] -- Up-to-date: /home/ibrahim/ros2_ws/install/mycobot_gazebo/share/mycobot_gazebo/models/aws_robomaker_residential_PortraitE_01/model.sdf
[0.666s] -- Up-to-date: /home/ibrahim/ros2_ws/install/mycobot_gazebo/share/mycobot_gazebo/models/aws_robomaker_residential_PortraitE_01/materials
[0.666s] -- Up-to-date: /home/ibrahim/ros2_ws/install/mycobot_gazebo/share/mycobot_gazebo/models/aws_robomaker_residential_PortraitE_01/materials/textures
[0.666s] -- Up-to-date: /home/ibrahim/ros2_ws/install/mycobot_gazebo/share/mycobot_gazebo/models/aws_robomaker_residential_PortraitE_01/materials/textures/aws_PortraitE_02.png
[0.667s] -- Up-to-date: /home/ibrahim/ros2_ws/install/mycobot_gazebo/share/mycobot_gazebo/models/aws_robomaker_residential_PortraitE_01/materials/textures/PortraitE_01.jpg
[0.667s] -- Up-to-date: /home/ibrahim/ros2_ws/install/mycobot_gazebo/share/mycobot_gazebo/models/aws_robomaker_residential_PortraitE_01/materials/textures/aws_PortraitE_01.png
[0.667s] -- Up-to-date: /home/ibrahim/ros2_ws/install/mycobot_gazebo/share/mycobot_gazebo/models/aws_robomaker_residential_PortraitE_01/meshes
[0.667s] -- Up-to-date: /home/ibrahim/ros2_ws/install/mycobot_gazebo/share/mycobot_gazebo/models/aws_robomaker_residential_PortraitE_01/meshes/aws_PortraitE_01_visual.DAE
[0.667s] -- Up-to-date: /home/ibrahim/ros2_ws/install/mycobot_gazebo/share/mycobot_gazebo/models/aws_robomaker_residential_PortraitE_01/meshes/aws_PortraitE_01_collision.DAE
[0.667s] -- Up-to-date: /home/ibrahim/ros2_ws/install/mycobot_gazebo/share/mycobot_gazebo/models/aws_robomaker_residential_PortraitE_01/model.config
[0.667s] -- Up-to-date: /home/ibrahim/ros2_ws/install/mycobot_gazebo/share/mycobot_gazebo/models/aws_robomaker_residential_Door_01
[0.667s] -- Up-to-date: /home/ibrahim/ros2_ws/install/mycobot_gazebo/share/mycobot_gazebo/models/aws_robomaker_residential_Door_01/model.sdf
[0.667s] -- Up-to-date: /home/ibrahim/ros2_ws/install/mycobot_gazebo/share/mycobot_gazebo/models/aws_robomaker_residential_Door_01/materials
[0.667s] -- Up-to-date: /home/ibrahim/ros2_ws/install/mycobot_gazebo/share/mycobot_gazebo/models/aws_robomaker_residential_Door_01/materials/textures
[0.668s] -- Up-to-date: /home/ibrahim/ros2_ws/install/mycobot_gazebo/share/mycobot_gazebo/models/aws_robomaker_residential_Door_01/materials/textures/aws_Door_01.png
[0.668s] -- Up-to-date: /home/ibrahim/ros2_ws/install/mycobot_gazebo/share/mycobot_gazebo/models/aws_robomaker_residential_Door_01/meshes
[0.668s] -- Up-to-date: /home/ibrahim/ros2_ws/install/mycobot_gazebo/share/mycobot_gazebo/models/aws_robomaker_residential_Door_01/meshes/aws_Door_01_collision.DAE
[0.669s] -- Up-to-date: /home/ibrahim/ros2_ws/install/mycobot_gazebo/share/mycobot_gazebo/models/aws_robomaker_residential_Door_01/meshes/aws_Door_01_visual.DAE
[0.669s] -- Up-to-date: /home/ibrahim/ros2_ws/install/mycobot_gazebo/share/mycobot_gazebo/models/aws_robomaker_residential_Door_01/model.config
[0.669s] -- Up-to-date: /home/ibrahim/ros2_ws/install/mycobot_gazebo/share/mycobot_gazebo/models/ground_plane
[0.669s] -- Up-to-date: /home/ibrahim/ros2_ws/install/mycobot_gazebo/share/mycobot_gazebo/models/ground_plane/model.sdf
[0.669s] -- Up-to-date: /home/ibrahim/ros2_ws/install/mycobot_gazebo/share/mycobot_gazebo/models/ground_plane/model-1_3.sdf
[0.669s] -- Up-to-date: /home/ibrahim/ros2_ws/install/mycobot_gazebo/share/mycobot_gazebo/models/ground_plane/model-1_2.sdf
[0.669s] -- Up-to-date: /home/ibrahim/ros2_ws/install/mycobot_gazebo/share/mycobot_gazebo/models/ground_plane/model-1_4.sdf
[0.671s] -- Up-to-date: /home/ibrahim/ros2_ws/install/mycobot_gazebo/share/mycobot_gazebo/models/ground_plane/model.config
[0.671s] -- Up-to-date: /home/ibrahim/ros2_ws/install/mycobot_gazebo/share/mycobot_gazebo/models/aws_robomaker_residential_DeskPortraitB_01
[0.671s] -- Up-to-date: /home/ibrahim/ros2_ws/install/mycobot_gazebo/share/mycobot_gazebo/models/aws_robomaker_residential_DeskPortraitB_01/model.sdf
[0.673s] -- Up-to-date: /home/ibrahim/ros2_ws/install/mycobot_gazebo/share/mycobot_gazebo/models/aws_robomaker_residential_DeskPortraitB_01/materials
[0.673s] -- Up-to-date: /home/ibrahim/ros2_ws/install/mycobot_gazebo/share/mycobot_gazebo/models/aws_robomaker_residential_DeskPortraitB_01/materials/textures
[0.680s] -- Up-to-date: /home/ibrahim/ros2_ws/install/mycobot_gazebo/share/mycobot_gazebo/models/aws_robomaker_residential_DeskPortraitB_01/materials/textures/aws_DeskPortraitB_02.png
[0.681s] -- Up-to-date: /home/ibrahim/ros2_ws/install/mycobot_gazebo/share/mycobot_gazebo/models/aws_robomaker_residential_DeskPortraitB_01/materials/textures/aws_DeskPortraitB_01.png
[0.681s] -- Up-to-date: /home/ibrahim/ros2_ws/install/mycobot_gazebo/share/mycobot_gazebo/models/aws_robomaker_residential_DeskPortraitB_01/materials/textures/DeskPortraitB_01.jpg
[0.687s] -- Up-to-date: /home/ibrahim/ros2_ws/install/mycobot_gazebo/share/mycobot_gazebo/models/aws_robomaker_residential_DeskPortraitB_01/meshes
[0.688s] -- Up-to-date: /home/ibrahim/ros2_ws/install/mycobot_gazebo/share/mycobot_gazebo/models/aws_robomaker_residential_DeskPortraitB_01/meshes/aws_DeskPortraitB_01_visual.DAE
[0.688s] -- Up-to-date: /home/ibrahim/ros2_ws/install/mycobot_gazebo/share/mycobot_gazebo/models/aws_robomaker_residential_DeskPortraitB_01/meshes/aws_DeskPortraitB_01_collision.DAE
[0.688s] -- Up-to-date: /home/ibrahim/ros2_ws/install/mycobot_gazebo/share/mycobot_gazebo/models/aws_robomaker_residential_DeskPortraitB_01/model.config
[0.688s] -- Up-to-date: /home/ibrahim/ros2_ws/install/mycobot_gazebo/share/mycobot_gazebo/models/aws_robomaker_residential_ReadingDesk_01
[0.688s] -- Up-to-date: /home/ibrahim/ros2_ws/install/mycobot_gazebo/share/mycobot_gazebo/models/aws_robomaker_residential_ReadingDesk_01/model.sdf
[0.688s] -- Up-to-date: /home/ibrahim/ros2_ws/install/mycobot_gazebo/share/mycobot_gazebo/models/aws_robomaker_residential_ReadingDesk_01/materials
[0.688s] -- Up-to-date: /home/ibrahim/ros2_ws/install/mycobot_gazebo/share/mycobot_gazebo/models/aws_robomaker_residential_ReadingDesk_01/materials/textures
[0.688s] -- Up-to-date: /home/ibrahim/ros2_ws/install/mycobot_gazebo/share/mycobot_gazebo/models/aws_robomaker_residential_ReadingDesk_01/materials/textures/aws_ReadingDesk_01.png
[0.688s] -- Up-to-date: /home/ibrahim/ros2_ws/install/mycobot_gazebo/share/mycobot_gazebo/models/aws_robomaker_residential_ReadingDesk_01/meshes
[0.688s] -- Up-to-date: /home/ibrahim/ros2_ws/install/mycobot_gazebo/share/mycobot_gazebo/models/aws_robomaker_residential_ReadingDesk_01/meshes/aws_ReadingDesk_01_visual.DAE
[0.688s] -- Up-to-date: /home/ibrahim/ros2_ws/install/mycobot_gazebo/share/mycobot_gazebo/models/aws_robomaker_residential_ReadingDesk_01/meshes/aws_ReadingDesk_01_collision.DAE
[0.688s] -- Up-to-date: /home/ibrahim/ros2_ws/install/mycobot_gazebo/share/mycobot_gazebo/models/aws_robomaker_residential_ReadingDesk_01/model.config
[0.688s] -- Up-to-date: /home/ibrahim/ros2_ws/install/mycobot_gazebo/share/mycobot_gazebo/models/aws_robomaker_residential_Curtain_01
[0.688s] -- Up-to-date: /home/ibrahim/ros2_ws/install/mycobot_gazebo/share/mycobot_gazebo/models/aws_robomaker_residential_Curtain_01/model.sdf
[0.688s] -- Up-to-date: /home/ibrahim/ros2_ws/install/mycobot_gazebo/share/mycobot_gazebo/models/aws_robomaker_residential_Curtain_01/materials
[0.689s] -- Up-to-date: /home/ibrahim/ros2_ws/install/mycobot_gazebo/share/mycobot_gazebo/models/aws_robomaker_residential_Curtain_01/materials/textures
[0.689s] -- Up-to-date: /home/ibrahim/ros2_ws/install/mycobot_gazebo/share/mycobot_gazebo/models/aws_robomaker_residential_Curtain_01/materials/textures/aws_Curtain_01.png
[0.689s] -- Up-to-date: /home/ibrahim/ros2_ws/install/mycobot_gazebo/share/mycobot_gazebo/models/aws_robomaker_residential_Curtain_01/meshes
[0.689s] -- Up-to-date: /home/ibrahim/ros2_ws/install/mycobot_gazebo/share/mycobot_gazebo/models/aws_robomaker_residential_Curtain_01/meshes/aws_Curtain_01_collision.DAE
[0.689s] -- Up-to-date: /home/ibrahim/ros2_ws/install/mycobot_gazebo/share/mycobot_gazebo/models/aws_robomaker_residential_Curtain_01/meshes/aws_Curtain_01_visual.DAE
[0.689s] -- Up-to-date: /home/ibrahim/ros2_ws/install/mycobot_gazebo/share/mycobot_gazebo/models/aws_robomaker_residential_Curtain_01/model.config
[0.689s] -- Up-to-date: /home/ibrahim/ros2_ws/install/mycobot_gazebo/share/mycobot_gazebo/models/aws_robomaker_warehouse_RoofB_01
[0.689s] -- Up-to-date: /home/ibrahim/ros2_ws/install/mycobot_gazebo/share/mycobot_gazebo/models/aws_robomaker_warehouse_RoofB_01/model.sdf
[0.689s] -- Up-to-date: /home/ibrahim/ros2_ws/install/mycobot_gazebo/share/mycobot_gazebo/models/aws_robomaker_warehouse_RoofB_01/materials
[0.689s] -- Up-to-date: /home/ibrahim/ros2_ws/install/mycobot_gazebo/share/mycobot_gazebo/models/aws_robomaker_warehouse_RoofB_01/materials/textures
[0.689s] -- Up-to-date: /home/ibrahim/ros2_ws/install/mycobot_gazebo/share/mycobot_gazebo/models/aws_robomaker_warehouse_RoofB_01/materials/textures/aws_robomaker_warehouse_RoofB_01.png
[0.689s] -- Up-to-date: /home/ibrahim/ros2_ws/install/mycobot_gazebo/share/mycobot_gazebo/models/aws_robomaker_warehouse_RoofB_01/meshes
[0.689s] -- Up-to-date: /home/ibrahim/ros2_ws/install/mycobot_gazebo/share/mycobot_gazebo/models/aws_robomaker_warehouse_RoofB_01/meshes/aws_robomaker_warehouse_RoofB_01_collision.DAE
[0.689s] -- Up-to-date: /home/ibrahim/ros2_ws/install/mycobot_gazebo/share/mycobot_gazebo/models/aws_robomaker_warehouse_RoofB_01/meshes/aws_robomaker_warehouse_RoofB_01_visual.DAE
[0.689s] -- Up-to-date: /home/ibrahim/ros2_ws/install/mycobot_gazebo/share/mycobot_gazebo/models/aws_robomaker_warehouse_RoofB_01/model.config
[0.689s] -- Up-to-date: /home/ibrahim/ros2_ws/install/mycobot_gazebo/share/mycobot_gazebo/models/aws_robomaker_residential_PortraitB_03
[0.689s] -- Up-to-date: /home/ibrahim/ros2_ws/install/mycobot_gazebo/share/mycobot_gazebo/models/aws_robomaker_residential_PortraitB_03/model.sdf
[0.689s] -- Up-to-date: /home/ibrahim/ros2_ws/install/mycobot_gazebo/share/mycobot_gazebo/models/aws_robomaker_residential_PortraitB_03/materials
[0.690s] -- Up-to-date: /home/ibrahim/ros2_ws/install/mycobot_gazebo/share/mycobot_gazebo/models/aws_robomaker_residential_PortraitB_03/materials/textures
[0.690s] -- Up-to-date: /home/ibrahim/ros2_ws/install/mycobot_gazebo/share/mycobot_gazebo/models/aws_robomaker_residential_PortraitB_03/materials/textures/aws_PortraitB_01.png
[0.690s] -- Up-to-date: /home/ibrahim/ros2_ws/install/mycobot_gazebo/share/mycobot_gazebo/models/aws_robomaker_residential_PortraitB_03/materials/textures/PortraitB_03.jpg
[0.690s] -- Up-to-date: /home/ibrahim/ros2_ws/install/mycobot_gazebo/share/mycobot_gazebo/models/aws_robomaker_residential_PortraitB_03/materials/textures/aws_PortraitB_02.png
[0.690s] -- Up-to-date: /home/ibrahim/ros2_ws/install/mycobot_gazebo/share/mycobot_gazebo/models/aws_robomaker_residential_PortraitB_03/meshes
[0.690s] -- Up-to-date: /home/ibrahim/ros2_ws/install/mycobot_gazebo/share/mycobot_gazebo/models/aws_robomaker_residential_PortraitB_03/meshes/aws_PortraitB_01_collision.DAE
[0.690s] -- Up-to-date: /home/ibrahim/ros2_ws/install/mycobot_gazebo/share/mycobot_gazebo/models/aws_robomaker_residential_PortraitB_03/meshes/aws_PortraitB_01_visual.DAE
[0.690s] -- Up-to-date: /home/ibrahim/ros2_ws/install/mycobot_gazebo/share/mycobot_gazebo/models/aws_robomaker_residential_PortraitB_03/model.config
[0.690s] -- Up-to-date: /home/ibrahim/ros2_ws/install/mycobot_gazebo/share/mycobot_gazebo/models/aws_robomaker_residential_RoomWindow_01
[0.690s] -- Up-to-date: /home/ibrahim/ros2_ws/install/mycobot_gazebo/share/mycobot_gazebo/models/aws_robomaker_residential_RoomWindow_01/model.sdf
[0.690s] -- Up-to-date: /home/ibrahim/ros2_ws/install/mycobot_gazebo/share/mycobot_gazebo/models/aws_robomaker_residential_RoomWindow_01/materials
[0.690s] -- Up-to-date: /home/ibrahim/ros2_ws/install/mycobot_gazebo/share/mycobot_gazebo/models/aws_robomaker_residential_RoomWindow_01/materials/textures
[0.690s] -- Up-to-date: /home/ibrahim/ros2_ws/install/mycobot_gazebo/share/mycobot_gazebo/models/aws_robomaker_residential_RoomWindow_01/materials/textures/aws_RoomWindow_01.png
[0.690s] -- Up-to-date: /home/ibrahim/ros2_ws/install/mycobot_gazebo/share/mycobot_gazebo/models/aws_robomaker_residential_RoomWindow_01/meshes
[0.690s] -- Up-to-date: /home/ibrahim/ros2_ws/install/mycobot_gazebo/share/mycobot_gazebo/models/aws_robomaker_residential_RoomWindow_01/meshes/aws_RoomWindow_01_visual.DAE
[0.690s] -- Up-to-date: /home/ibrahim/ros2_ws/install/mycobot_gazebo/share/mycobot_gazebo/models/aws_robomaker_residential_RoomWindow_01/meshes/aws_RoomWindow_01_collision.DAE
[0.690s] -- Up-to-date: /home/ibrahim/ros2_ws/install/mycobot_gazebo/share/mycobot_gazebo/models/aws_robomaker_residential_RoomWindow_01/model.config
[0.690s] -- Up-to-date: /home/ibrahim/ros2_ws/install/mycobot_gazebo/share/mycobot_gazebo/models/aws_robomaker_residential_DeskPortraitD_03
[0.691s] -- Up-to-date: /home/ibrahim/ros2_ws/install/mycobot_gazebo/share/mycobot_gazebo/models/aws_robomaker_residential_DeskPortraitD_03/model.sdf
[0.691s] -- Up-to-date: /home/ibrahim/ros2_ws/install/mycobot_gazebo/share/mycobot_gazebo/models/aws_robomaker_residential_DeskPortraitD_03/materials
[0.691s] -- Up-to-date: /home/ibrahim/ros2_ws/install/mycobot_gazebo/share/mycobot_gazebo/models/aws_robomaker_residential_DeskPortraitD_03/materials/textures
[0.691s] -- Up-to-date: /home/ibrahim/ros2_ws/install/mycobot_gazebo/share/mycobot_gazebo/models/aws_robomaker_residential_DeskPortraitD_03/materials/textures/DeskPortraitD_03.jpg
[0.691s] -- Up-to-date: /home/ibrahim/ros2_ws/install/mycobot_gazebo/share/mycobot_gazebo/models/aws_robomaker_residential_DeskPortraitD_03/materials/textures/aws_DeskPortraitD_02.png
[0.691s] -- Up-to-date: /home/ibrahim/ros2_ws/install/mycobot_gazebo/share/mycobot_gazebo/models/aws_robomaker_residential_DeskPortraitD_03/materials/textures/aws_DeskPortraitD_01.png
[0.691s] -- Up-to-date: /home/ibrahim/ros2_ws/install/mycobot_gazebo/share/mycobot_gazebo/models/aws_robomaker_residential_DeskPortraitD_03/meshes
[0.691s] -- Up-to-date: /home/ibrahim/ros2_ws/install/mycobot_gazebo/share/mycobot_gazebo/models/aws_robomaker_residential_DeskPortraitD_03/meshes/aws_DeskPortraitD_01_collision.DAE
[0.691s] -- Up-to-date: /home/ibrahim/ros2_ws/install/mycobot_gazebo/share/mycobot_gazebo/models/aws_robomaker_residential_DeskPortraitD_03/meshes/aws_DeskPortraitD_01_visual.DAE
[0.691s] -- Up-to-date: /home/ibrahim/ros2_ws/install/mycobot_gazebo/share/mycobot_gazebo/models/aws_robomaker_residential_DeskPortraitD_03/model.config
[0.691s] -- Up-to-date: /home/ibrahim/ros2_ws/install/mycobot_gazebo/share/mycobot_gazebo/models/aws_robomaker_residential_DeskPortraitC_02
[0.691s] -- Up-to-date: /home/ibrahim/ros2_ws/install/mycobot_gazebo/share/mycobot_gazebo/models/aws_robomaker_residential_DeskPortraitC_02/model.sdf
[0.691s] -- Up-to-date: /home/ibrahim/ros2_ws/install/mycobot_gazebo/share/mycobot_gazebo/models/aws_robomaker_residential_DeskPortraitC_02/materials
[0.691s] -- Up-to-date: /home/ibrahim/ros2_ws/install/mycobot_gazebo/share/mycobot_gazebo/models/aws_robomaker_residential_DeskPortraitC_02/materials/textures
[0.691s] -- Up-to-date: /home/ibrahim/ros2_ws/install/mycobot_gazebo/share/mycobot_gazebo/models/aws_robomaker_residential_DeskPortraitC_02/materials/textures/DeskPortraitC_02.jpg
[0.691s] -- Up-to-date: /home/ibrahim/ros2_ws/install/mycobot_gazebo/share/mycobot_gazebo/models/aws_robomaker_residential_DeskPortraitC_02/materials/textures/aws_DeskPortraitC_01.png
[0.691s] -- Up-to-date: /home/ibrahim/ros2_ws/install/mycobot_gazebo/share/mycobot_gazebo/models/aws_robomaker_residential_DeskPortraitC_02/materials/textures/aws_DeskPortraitC_02.png
[0.692s] -- Up-to-date: /home/ibrahim/ros2_ws/install/mycobot_gazebo/share/mycobot_gazebo/models/aws_robomaker_residential_DeskPortraitC_02/meshes
[0.692s] -- Up-to-date: /home/ibrahim/ros2_ws/install/mycobot_gazebo/share/mycobot_gazebo/models/aws_robomaker_residential_DeskPortraitC_02/meshes/aws_DeskPortraitC_01_visual.DAE
[0.692s] -- Up-to-date: /home/ibrahim/ros2_ws/install/mycobot_gazebo/share/mycobot_gazebo/models/aws_robomaker_residential_DeskPortraitC_02/meshes/aws_DeskPortraitC_01_collision.DAE
[0.692s] -- Up-to-date: /home/ibrahim/ros2_ws/install/mycobot_gazebo/share/mycobot_gazebo/models/aws_robomaker_residential_DeskPortraitC_02/model.config
[0.692s] -- Up-to-date: /home/ibrahim/ros2_ws/install/mycobot_gazebo/share/mycobot_gazebo/models/aws_robomaker_warehouse_TrashCanC_01
[0.692s] -- Up-to-date: /home/ibrahim/ros2_ws/install/mycobot_gazebo/share/mycobot_gazebo/models/aws_robomaker_warehouse_TrashCanC_01/model.sdf
[0.692s] -- Up-to-date: /home/ibrahim/ros2_ws/install/mycobot_gazebo/share/mycobot_gazebo/models/aws_robomaker_warehouse_TrashCanC_01/materials
[0.698s] -- Up-to-date: /home/ibrahim/ros2_ws/install/mycobot_gazebo/share/mycobot_gazebo/models/aws_robomaker_warehouse_TrashCanC_01/materials/textures
[0.698s] -- Up-to-date: /home/ibrahim/ros2_ws/install/mycobot_gazebo/share/mycobot_gazebo/models/aws_robomaker_warehouse_TrashCanC_01/materials/textures/aws_robomaker_warehouse_TrashCanC_01.png
[0.699s] -- Up-to-date: /home/ibrahim/ros2_ws/install/mycobot_gazebo/share/mycobot_gazebo/models/aws_robomaker_warehouse_TrashCanC_01/meshes
[0.699s] -- Up-to-date: /home/ibrahim/ros2_ws/install/mycobot_gazebo/share/mycobot_gazebo/models/aws_robomaker_warehouse_TrashCanC_01/meshes/aws_robomaker_warehouse_TrashCanC_01_collision.DAE
[0.699s] -- Up-to-date: /home/ibrahim/ros2_ws/install/mycobot_gazebo/share/mycobot_gazebo/models/aws_robomaker_warehouse_TrashCanC_01/meshes/aws_robomaker_warehouse_TrashCanC_01_visual.DAE
[0.699s] -- Up-to-date: /home/ibrahim/ros2_ws/install/mycobot_gazebo/share/mycobot_gazebo/models/aws_robomaker_warehouse_TrashCanC_01/model.config
[0.699s] -- Up-to-date: /home/ibrahim/ros2_ws/install/mycobot_gazebo/share/mycobot_gazebo/models/aws_robomaker_residential_DeskPortraitC_01
[0.699s] -- Up-to-date: /home/ibrahim/ros2_ws/install/mycobot_gazebo/share/mycobot_gazebo/models/aws_robomaker_residential_DeskPortraitC_01/model.sdf
[0.699s] -- Up-to-date: /home/ibrahim/ros2_ws/install/mycobot_gazebo/share/mycobot_gazebo/models/aws_robomaker_residential_DeskPortraitC_01/materials
[0.708s] -- Up-to-date: /home/ibrahim/ros2_ws/install/mycobot_gazebo/share/mycobot_gazebo/models/aws_robomaker_residential_DeskPortraitC_01/materials/textures
[0.708s] -- Up-to-date: /home/ibrahim/ros2_ws/install/mycobot_gazebo/share/mycobot_gazebo/models/aws_robomaker_residential_DeskPortraitC_01/materials/textures/aws_DeskPortraitC_01.png
[0.708s] -- Up-to-date: /home/ibrahim/ros2_ws/install/mycobot_gazebo/share/mycobot_gazebo/models/aws_robomaker_residential_DeskPortraitC_01/materials/textures/DeskPortraitC_01.jpg
[0.709s] -- Up-to-date: /home/ibrahim/ros2_ws/install/mycobot_gazebo/share/mycobot_gazebo/models/aws_robomaker_residential_DeskPortraitC_01/materials/textures/aws_DeskPortraitC_02.png
[0.709s] -- Up-to-date: /home/ibrahim/ros2_ws/install/mycobot_gazebo/share/mycobot_gazebo/models/aws_robomaker_residential_DeskPortraitC_01/meshes
[0.709s] -- Up-to-date: /home/ibrahim/ros2_ws/install/mycobot_gazebo/share/mycobot_gazebo/models/aws_robomaker_residential_DeskPortraitC_01/meshes/aws_DeskPortraitC_01_visual.DAE
[0.709s] -- Up-to-date: /home/ibrahim/ros2_ws/install/mycobot_gazebo/share/mycobot_gazebo/models/aws_robomaker_residential_DeskPortraitC_01/meshes/aws_DeskPortraitC_01_collision.DAE
[0.709s] -- Up-to-date: /home/ibrahim/ros2_ws/install/mycobot_gazebo/share/mycobot_gazebo/models/aws_robomaker_residential_DeskPortraitC_01/model.config
[0.709s] -- Up-to-date: /home/ibrahim/ros2_ws/install/mycobot_gazebo/share/mycobot_gazebo/models/aws_robomaker_residential_DeskPortraitB_02
[0.710s] -- Up-to-date: /home/ibrahim/ros2_ws/install/mycobot_gazebo/share/mycobot_gazebo/models/aws_robomaker_residential_DeskPortraitB_02/model.sdf
[0.710s] -- Up-to-date: /home/ibrahim/ros2_ws/install/mycobot_gazebo/share/mycobot_gazebo/models/aws_robomaker_residential_DeskPortraitB_02/materials
[0.710s] -- Up-to-date: /home/ibrahim/ros2_ws/install/mycobot_gazebo/share/mycobot_gazebo/models/aws_robomaker_residential_DeskPortraitB_02/materials/textures
[0.710s] -- Up-to-date: /home/ibrahim/ros2_ws/install/mycobot_gazebo/share/mycobot_gazebo/models/aws_robomaker_residential_DeskPortraitB_02/materials/textures/DeskPortraitB_02.jpg
[0.710s] -- Up-to-date: /home/ibrahim/ros2_ws/install/mycobot_gazebo/share/mycobot_gazebo/models/aws_robomaker_residential_DeskPortraitB_02/materials/textures/aws_DeskPortraitB_02.png
[0.710s] -- Up-to-date: /home/ibrahim/ros2_ws/install/mycobot_gazebo/share/mycobot_gazebo/models/aws_robomaker_residential_DeskPortraitB_02/materials/textures/aws_DeskPortraitB_01.png
[0.710s] -- Up-to-date: /home/ibrahim/ros2_ws/install/mycobot_gazebo/share/mycobot_gazebo/models/aws_robomaker_residential_DeskPortraitB_02/meshes
[0.711s] -- Up-to-date: /home/ibrahim/ros2_ws/install/mycobot_gazebo/share/mycobot_gazebo/models/aws_robomaker_residential_DeskPortraitB_02/meshes/aws_DeskPortraitB_01_visual.DAE
[0.711s] -- Up-to-date: /home/ibrahim/ros2_ws/install/mycobot_gazebo/share/mycobot_gazebo/models/aws_robomaker_residential_DeskPortraitB_02/meshes/aws_DeskPortraitB_01_collision.DAE
[0.711s] -- Up-to-date: /home/ibrahim/ros2_ws/install/mycobot_gazebo/share/mycobot_gazebo/models/aws_robomaker_residential_DeskPortraitB_02/model.config
[0.711s] -- Up-to-date: /home/ibrahim/ros2_ws/install/mycobot_gazebo/share/mycobot_gazebo/models/aws_robomaker_residential_DeskPortraitA_02
[0.712s] -- Up-to-date: /home/ibrahim/ros2_ws/install/mycobot_gazebo/share/mycobot_gazebo/models/aws_robomaker_residential_DeskPortraitA_02/model.sdf
[0.712s] -- Up-to-date: /home/ibrahim/ros2_ws/install/mycobot_gazebo/share/mycobot_gazebo/models/aws_robomaker_residential_DeskPortraitA_02/materials
[0.712s] -- Up-to-date: /home/ibrahim/ros2_ws/install/mycobot_gazebo/share/mycobot_gazebo/models/aws_robomaker_residential_DeskPortraitA_02/materials/textures
[0.712s] -- Up-to-date: /home/ibrahim/ros2_ws/install/mycobot_gazebo/share/mycobot_gazebo/models/aws_robomaker_residential_DeskPortraitA_02/materials/textures/aws_DeskPortraitA_01.png
[0.712s] -- Up-to-date: /home/ibrahim/ros2_ws/install/mycobot_gazebo/share/mycobot_gazebo/models/aws_robomaker_residential_DeskPortraitA_02/materials/textures/DeskPortraitA_02.jpg
[0.712s] -- Up-to-date: /home/ibrahim/ros2_ws/install/mycobot_gazebo/share/mycobot_gazebo/models/aws_robomaker_residential_DeskPortraitA_02/materials/textures/aws_DeskPortraitA_02.png
[0.712s] -- Up-to-date: /home/ibrahim/ros2_ws/install/mycobot_gazebo/share/mycobot_gazebo/models/aws_robomaker_residential_DeskPortraitA_02/meshes
[0.712s] -- Up-to-date: /home/ibrahim/ros2_ws/install/mycobot_gazebo/share/mycobot_gazebo/models/aws_robomaker_residential_DeskPortraitA_02/meshes/aws_DeskPortraitA_01_collision.DAE
[0.712s] -- Up-to-date: /home/ibrahim/ros2_ws/install/mycobot_gazebo/share/mycobot_gazebo/models/aws_robomaker_residential_DeskPortraitA_02/meshes/aws_DeskPortraitA_01_visual.DAE
[0.712s] -- Up-to-date: /home/ibrahim/ros2_ws/install/mycobot_gazebo/share/mycobot_gazebo/models/aws_robomaker_residential_DeskPortraitA_02/model.config
[0.712s] -- Up-to-date: /home/ibrahim/ros2_ws/install/mycobot_gazebo/share/mycobot_gazebo/models/cardboard_box
[0.713s] -- Up-to-date: /home/ibrahim/ros2_ws/install/mycobot_gazebo/share/mycobot_gazebo/models/cardboard_box/model.sdf
[0.713s] -- Up-to-date: /home/ibrahim/ros2_ws/install/mycobot_gazebo/share/mycobot_gazebo/models/cardboard_box/materials
[0.713s] -- Up-to-date: /home/ibrahim/ros2_ws/install/mycobot_gazebo/share/mycobot_gazebo/models/cardboard_box/materials/textures
[0.713s] -- Up-to-date: /home/ibrahim/ros2_ws/install/mycobot_gazebo/share/mycobot_gazebo/models/cardboard_box/materials/textures/cardboard_box.png
[0.713s] -- Up-to-date: /home/ibrahim/ros2_ws/install/mycobot_gazebo/share/mycobot_gazebo/models/cardboard_box/meshes
[0.714s] -- Up-to-date: /home/ibrahim/ros2_ws/install/mycobot_gazebo/share/mycobot_gazebo/models/cardboard_box/meshes/cardboard_box.png
[0.714s] -- Up-to-date: /home/ibrahim/ros2_ws/install/mycobot_gazebo/share/mycobot_gazebo/models/cardboard_box/meshes/cardboard_box.dae
[0.714s] -- Up-to-date: /home/ibrahim/ros2_ws/install/mycobot_gazebo/share/mycobot_gazebo/models/cardboard_box/model.config
[0.714s] -- Up-to-date: /home/ibrahim/ros2_ws/install/mycobot_gazebo/share/mycobot_gazebo/models/aws_robomaker_warehouse_ClutteringA_01
[0.714s] -- Up-to-date: /home/ibrahim/ros2_ws/install/mycobot_gazebo/share/mycobot_gazebo/models/aws_robomaker_warehouse_ClutteringA_01/model.sdf
[0.714s] -- Up-to-date: /home/ibrahim/ros2_ws/install/mycobot_gazebo/share/mycobot_gazebo/models/aws_robomaker_warehouse_ClutteringA_01/materials
[0.714s] -- Up-to-date: /home/ibrahim/ros2_ws/install/mycobot_gazebo/share/mycobot_gazebo/models/aws_robomaker_warehouse_ClutteringA_01/materials/textures
[0.714s] -- Up-to-date: /home/ibrahim/ros2_ws/install/mycobot_gazebo/share/mycobot_gazebo/models/aws_robomaker_warehouse_ClutteringA_01/materials/textures/aws_robomaker_warehouse_ClutteringA_01.png
[0.715s] -- Up-to-date: /home/ibrahim/ros2_ws/install/mycobot_gazebo/share/mycobot_gazebo/models/aws_robomaker_warehouse_ClutteringA_01/materials/textures/.DS_Store
[0.715s] -- Up-to-date: /home/ibrahim/ros2_ws/install/mycobot_gazebo/share/mycobot_gazebo/models/aws_robomaker_warehouse_ClutteringA_01/materials/textures/aws_robomaker_warehouse_ClutteringA_02.png
[0.715s] -- Up-to-date: /home/ibrahim/ros2_ws/install/mycobot_gazebo/share/mycobot_gazebo/models/aws_robomaker_warehouse_ClutteringA_01/materials/textures/aws_robomaker_warehouse_ClutteringA_03.png
[0.715s] -- Up-to-date: /home/ibrahim/ros2_ws/install/mycobot_gazebo/share/mycobot_gazebo/models/aws_robomaker_warehouse_ClutteringA_01/materials/.DS_Store
[0.715s] -- Up-to-date: /home/ibrahim/ros2_ws/install/mycobot_gazebo/share/mycobot_gazebo/models/aws_robomaker_warehouse_ClutteringA_01/.DS_Store
[0.715s] -- Up-to-date: /home/ibrahim/ros2_ws/install/mycobot_gazebo/share/mycobot_gazebo/models/aws_robomaker_warehouse_ClutteringA_01/meshes
[0.715s] -- Up-to-date: /home/ibrahim/ros2_ws/install/mycobot_gazebo/share/mycobot_gazebo/models/aws_robomaker_warehouse_ClutteringA_01/meshes/aws_robomaker_warehouse_ClutteringA_01_collision.DAE
[0.715s] -- Up-to-date: /home/ibrahim/ros2_ws/install/mycobot_gazebo/share/mycobot_gazebo/models/aws_robomaker_warehouse_ClutteringA_01/meshes/aws_robomaker_warehouse_ClutteringA_01_visual.DAE
[0.716s] -- Up-to-date: /home/ibrahim/ros2_ws/install/mycobot_gazebo/share/mycobot_gazebo/models/aws_robomaker_warehouse_ClutteringA_01/model.config
[0.716s] -- Up-to-date: /home/ibrahim/ros2_ws/install/mycobot_gazebo/share/mycobot_gazebo/models/aws_robomaker_residential_SeasoningBox_01
[0.716s] -- Up-to-date: /home/ibrahim/ros2_ws/install/mycobot_gazebo/share/mycobot_gazebo/models/aws_robomaker_residential_SeasoningBox_01/model.sdf
[0.716s] -- Up-to-date: /home/ibrahim/ros2_ws/install/mycobot_gazebo/share/mycobot_gazebo/models/aws_robomaker_residential_SeasoningBox_01/materials
[0.716s] -- Up-to-date: /home/ibrahim/ros2_ws/install/mycobot_gazebo/share/mycobot_gazebo/models/aws_robomaker_residential_SeasoningBox_01/materials/textures
[0.716s] -- Up-to-date: /home/ibrahim/ros2_ws/install/mycobot_gazebo/share/mycobot_gazebo/models/aws_robomaker_residential_SeasoningBox_01/materials/textures/aws_SeasoningBox_01.png
[0.716s] -- Up-to-date: /home/ibrahim/ros2_ws/install/mycobot_gazebo/share/mycobot_gazebo/models/aws_robomaker_residential_SeasoningBox_01/meshes
[0.717s] -- Up-to-date: /home/ibrahim/ros2_ws/install/mycobot_gazebo/share/mycobot_gazebo/models/aws_robomaker_residential_SeasoningBox_01/meshes/aws_SeasoningBox_01_visual.DAE
[0.717s] -- Up-to-date: /home/ibrahim/ros2_ws/install/mycobot_gazebo/share/mycobot_gazebo/models/aws_robomaker_residential_SeasoningBox_01/meshes/aws_SeasoningBox_01_collision.DAE
[0.717s] -- Up-to-date: /home/ibrahim/ros2_ws/install/mycobot_gazebo/share/mycobot_gazebo/models/aws_robomaker_residential_SeasoningBox_01/model.config
[0.717s] -- Up-to-date: /home/ibrahim/ros2_ws/install/mycobot_gazebo/share/mycobot_gazebo/models/aws_robomaker_residential_PortraitA_01
[0.717s] -- Up-to-date: /home/ibrahim/ros2_ws/install/mycobot_gazebo/share/mycobot_gazebo/models/aws_robomaker_residential_PortraitA_01/model.sdf
[0.717s] -- Up-to-date: /home/ibrahim/ros2_ws/install/mycobot_gazebo/share/mycobot_gazebo/models/aws_robomaker_residential_PortraitA_01/materials
[0.717s] -- Up-to-date: /home/ibrahim/ros2_ws/install/mycobot_gazebo/share/mycobot_gazebo/models/aws_robomaker_residential_PortraitA_01/materials/textures
[0.717s] -- Up-to-date: /home/ibrahim/ros2_ws/install/mycobot_gazebo/share/mycobot_gazebo/models/aws_robomaker_residential_PortraitA_01/materials/textures/aws_PortraitA_01.png
[0.717s] -- Up-to-date: /home/ibrahim/ros2_ws/install/mycobot_gazebo/share/mycobot_gazebo/models/aws_robomaker_residential_PortraitA_01/materials/textures/aws_PortraitA_02.png
[0.717s] -- Up-to-date: /home/ibrahim/ros2_ws/install/mycobot_gazebo/share/mycobot_gazebo/models/aws_robomaker_residential_PortraitA_01/materials/textures/PortraitA_01.jpg
[0.718s] -- Up-to-date: /home/ibrahim/ros2_ws/install/mycobot_gazebo/share/mycobot_gazebo/models/aws_robomaker_residential_PortraitA_01/meshes
[0.718s] -- Up-to-date: /home/ibrahim/ros2_ws/install/mycobot_gazebo/share/mycobot_gazebo/models/aws_robomaker_residential_PortraitA_01/meshes/aws_PortraitA_01_collision.DAE
[0.718s] -- Up-to-date: /home/ibrahim/ros2_ws/install/mycobot_gazebo/share/mycobot_gazebo/models/aws_robomaker_residential_PortraitA_01/meshes/aws_PortraitA_01_visual.DAE
[0.720s] -- Up-to-date: /home/ibrahim/ros2_ws/install/mycobot_gazebo/share/mycobot_gazebo/models/aws_robomaker_residential_PortraitA_01/model.config
[0.720s] -- Up-to-date: /home/ibrahim/ros2_ws/install/mycobot_gazebo/share/mycobot_gazebo/models/aws_robomaker_residential_PortraitE_02
[0.721s] -- Up-to-date: /home/ibrahim/ros2_ws/install/mycobot_gazebo/share/mycobot_gazebo/models/aws_robomaker_residential_PortraitE_02/model.sdf
[0.722s] -- Up-to-date: /home/ibrahim/ros2_ws/install/mycobot_gazebo/share/mycobot_gazebo/models/aws_robomaker_residential_PortraitE_02/materials
[0.722s] -- Up-to-date: /home/ibrahim/ros2_ws/install/mycobot_gazebo/share/mycobot_gazebo/models/aws_robomaker_residential_PortraitE_02/materials/textures
[0.722s] -- Up-to-date: /home/ibrahim/ros2_ws/install/mycobot_gazebo/share/mycobot_gazebo/models/aws_robomaker_residential_PortraitE_02/materials/textures/aws_PortraitE_02.png
[0.722s] -- Up-to-date: /home/ibrahim/ros2_ws/install/mycobot_gazebo/share/mycobot_gazebo/models/aws_robomaker_residential_PortraitE_02/materials/textures/aws_PortraitE_01.png
[0.723s] -- Up-to-date: /home/ibrahim/ros2_ws/install/mycobot_gazebo/share/mycobot_gazebo/models/aws_robomaker_residential_PortraitE_02/materials/textures/PortraitE_02.jpg
[0.723s] -- Up-to-date: /home/ibrahim/ros2_ws/install/mycobot_gazebo/share/mycobot_gazebo/models/aws_robomaker_residential_PortraitE_02/meshes
[0.723s] -- Up-to-date: /home/ibrahim/ros2_ws/install/mycobot_gazebo/share/mycobot_gazebo/models/aws_robomaker_residential_PortraitE_02/meshes/aws_PortraitE_01_visual.DAE
[0.723s] -- Up-to-date: /home/ibrahim/ros2_ws/install/mycobot_gazebo/share/mycobot_gazebo/models/aws_robomaker_residential_PortraitE_02/meshes/aws_PortraitE_01_collision.DAE
[0.723s] -- Up-to-date: /home/ibrahim/ros2_ws/install/mycobot_gazebo/share/mycobot_gazebo/models/aws_robomaker_residential_PortraitE_02/model.config
[0.724s] -- Up-to-date: /home/ibrahim/ros2_ws/install/mycobot_gazebo/share/mycobot_gazebo/models/aws_robomaker_residential_PortraitD_02
[0.724s] -- Up-to-date: /home/ibrahim/ros2_ws/install/mycobot_gazebo/share/mycobot_gazebo/models/aws_robomaker_residential_PortraitD_02/model.sdf
[0.724s] -- Up-to-date: /home/ibrahim/ros2_ws/install/mycobot_gazebo/share/mycobot_gazebo/models/aws_robomaker_residential_PortraitD_02/materials
[0.725s] -- Up-to-date: /home/ibrahim/ros2_ws/install/mycobot_gazebo/share/mycobot_gazebo/models/aws_robomaker_residential_PortraitD_02/materials/textures
[0.725s] -- Up-to-date: /home/ibrahim/ros2_ws/install/mycobot_gazebo/share/mycobot_gazebo/models/aws_robomaker_residential_PortraitD_02/materials/textures/PortraitD_02.jpg
[0.725s] -- Up-to-date: /home/ibrahim/ros2_ws/install/mycobot_gazebo/share/mycobot_gazebo/models/aws_robomaker_residential_PortraitD_02/materials/textures/aws_PortraitD_01.png
[0.730s] -- Up-to-date: /home/ibrahim/ros2_ws/install/mycobot_gazebo/share/mycobot_gazebo/models/aws_robomaker_residential_PortraitD_02/materials/textures/aws_PortraitD_02.png
[0.730s] -- Up-to-date: /home/ibrahim/ros2_ws/install/mycobot_gazebo/share/mycobot_gazebo/models/aws_robomaker_residential_PortraitD_02/meshes
[0.731s] -- Up-to-date: /home/ibrahim/ros2_ws/install/mycobot_gazebo/share/mycobot_gazebo/models/aws_robomaker_residential_PortraitD_02/meshes/aws_PortraitD_01_visual.DAE
[0.731s] -- Up-to-date: /home/ibrahim/ros2_ws/install/mycobot_gazebo/share/mycobot_gazebo/models/aws_robomaker_residential_PortraitD_02/meshes/aws_PortraitD_01_collision.DAE
[0.731s] -- Up-to-date: /home/ibrahim/ros2_ws/install/mycobot_gazebo/share/mycobot_gazebo/models/aws_robomaker_residential_PortraitD_02/model.config
[0.731s] -- Up-to-date: /home/ibrahim/ros2_ws/install/mycobot_gazebo/share/mycobot_gazebo/models/aws_robomaker_residential_SecurityCamera_01
[0.731s] -- Up-to-date: /home/ibrahim/ros2_ws/install/mycobot_gazebo/share/mycobot_gazebo/models/aws_robomaker_residential_SecurityCamera_01/model.sdf
[0.731s] -- Up-to-date: /home/ibrahim/ros2_ws/install/mycobot_gazebo/share/mycobot_gazebo/models/aws_robomaker_residential_SecurityCamera_01/materials
[0.731s] -- Up-to-date: /home/ibrahim/ros2_ws/install/mycobot_gazebo/share/mycobot_gazebo/models/aws_robomaker_residential_SecurityCamera_01/materials/textures
[0.731s] -- Up-to-date: /home/ibrahim/ros2_ws/install/mycobot_gazebo/share/mycobot_gazebo/models/aws_robomaker_residential_SecurityCamera_01/materials/textures/aws_SecurityCamera_01.png
[0.731s] -- Up-to-date: /home/ibrahim/ros2_ws/install/mycobot_gazebo/share/mycobot_gazebo/models/aws_robomaker_residential_SecurityCamera_01/meshes
[0.732s] -- Up-to-date: /home/ibrahim/ros2_ws/install/mycobot_gazebo/share/mycobot_gazebo/models/aws_robomaker_residential_SecurityCamera_01/meshes/aws_SecurityCamera_01_collision.DAE
[0.732s] -- Up-to-date: /home/ibrahim/ros2_ws/install/mycobot_gazebo/share/mycobot_gazebo/models/aws_robomaker_residential_SecurityCamera_01/meshes/aws_SecurityCamera_01_visual.DAE
[0.732s] -- Up-to-date: /home/ibrahim/ros2_ws/install/mycobot_gazebo/share/mycobot_gazebo/models/aws_robomaker_residential_SecurityCamera_01/model.config
[0.732s] -- Up-to-date: /home/ibrahim/ros2_ws/install/mycobot_gazebo/share/mycobot_gazebo/models/aws_robomaker_residential_ChairD_01
[0.732s] -- Up-to-date: /home/ibrahim/ros2_ws/install/mycobot_gazebo/share/mycobot_gazebo/models/aws_robomaker_residential_ChairD_01/model.sdf
[0.732s] -- Up-to-date: /home/ibrahim/ros2_ws/install/mycobot_gazebo/share/mycobot_gazebo/models/aws_robomaker_residential_ChairD_01/materials
[0.732s] -- Up-to-date: /home/ibrahim/ros2_ws/install/mycobot_gazebo/share/mycobot_gazebo/models/aws_robomaker_residential_ChairD_01/materials/textures
[0.732s] -- Up-to-date: /home/ibrahim/ros2_ws/install/mycobot_gazebo/share/mycobot_gazebo/models/aws_robomaker_residential_ChairD_01/materials/textures/aws_ChairD_01.png
[0.733s] -- Up-to-date: /home/ibrahim/ros2_ws/install/mycobot_gazebo/share/mycobot_gazebo/models/aws_robomaker_residential_ChairD_01/meshes
[0.734s] -- Up-to-date: /home/ibrahim/ros2_ws/install/mycobot_gazebo/share/mycobot_gazebo/models/aws_robomaker_residential_ChairD_01/meshes/aws_ChairD_01_collision.DAE
[0.734s] -- Up-to-date: /home/ibrahim/ros2_ws/install/mycobot_gazebo/share/mycobot_gazebo/models/aws_robomaker_residential_ChairD_01/meshes/aws_ChairD_01_visual.DAE
[0.735s] -- Up-to-date: /home/ibrahim/ros2_ws/install/mycobot_gazebo/share/mycobot_gazebo/models/aws_robomaker_residential_ChairD_01/model.config
[0.735s] -- Up-to-date: /home/ibrahim/ros2_ws/install/mycobot_gazebo/share/mycobot_gazebo/models/aws_robomaker_residential_PortraitA_02
[0.736s] -- Up-to-date: /home/ibrahim/ros2_ws/install/mycobot_gazebo/share/mycobot_gazebo/models/aws_robomaker_residential_PortraitA_02/model.sdf
[0.736s] -- Up-to-date: /home/ibrahim/ros2_ws/install/mycobot_gazebo/share/mycobot_gazebo/models/aws_robomaker_residential_PortraitA_02/materials
[0.736s] -- Up-to-date: /home/ibrahim/ros2_ws/install/mycobot_gazebo/share/mycobot_gazebo/models/aws_robomaker_residential_PortraitA_02/materials/textures
[0.736s] -- Up-to-date: /home/ibrahim/ros2_ws/install/mycobot_gazebo/share/mycobot_gazebo/models/aws_robomaker_residential_PortraitA_02/materials/textures/aws_PortraitA_01.png
[0.737s] -- Up-to-date: /home/ibrahim/ros2_ws/install/mycobot_gazebo/share/mycobot_gazebo/models/aws_robomaker_residential_PortraitA_02/materials/textures/aws_PortraitA_02.png
[0.737s] -- Up-to-date: /home/ibrahim/ros2_ws/install/mycobot_gazebo/share/mycobot_gazebo/models/aws_robomaker_residential_PortraitA_02/materials/textures/PortraitA_02.jpg
[0.737s] -- Up-to-date: /home/ibrahim/ros2_ws/install/mycobot_gazebo/share/mycobot_gazebo/models/aws_robomaker_residential_PortraitA_02/meshes
[0.737s] -- Up-to-date: /home/ibrahim/ros2_ws/install/mycobot_gazebo/share/mycobot_gazebo/models/aws_robomaker_residential_PortraitA_02/meshes/aws_PortraitA_01_collision.DAE
[0.737s] -- Up-to-date: /home/ibrahim/ros2_ws/install/mycobot_gazebo/share/mycobot_gazebo/models/aws_robomaker_residential_PortraitA_02/meshes/aws_PortraitA_01_visual.DAE
[0.737s] -- Up-to-date: /home/ibrahim/ros2_ws/install/mycobot_gazebo/share/mycobot_gazebo/models/aws_robomaker_residential_PortraitA_02/model.config
[0.737s] -- Up-to-date: /home/ibrahim/ros2_ws/install/mycobot_gazebo/share/mycobot_gazebo/models/aws_robomaker_residential_AirconditionerB_01
[0.737s] -- Up-to-date: /home/ibrahim/ros2_ws/install/mycobot_gazebo/share/mycobot_gazebo/models/aws_robomaker_residential_AirconditionerB_01/model.sdf
[0.737s] -- Up-to-date: /home/ibrahim/ros2_ws/install/mycobot_gazebo/share/mycobot_gazebo/models/aws_robomaker_residential_AirconditionerB_01/materials
[0.737s] -- Up-to-date: /home/ibrahim/ros2_ws/install/mycobot_gazebo/share/mycobot_gazebo/models/aws_robomaker_residential_AirconditionerB_01/materials/textures
[0.737s] -- Up-to-date: /home/ibrahim/ros2_ws/install/mycobot_gazebo/share/mycobot_gazebo/models/aws_robomaker_residential_AirconditionerB_01/materials/textures/aws_AirconditionerB_01.png
[0.737s] -- Up-to-date: /home/ibrahim/ros2_ws/install/mycobot_gazebo/share/mycobot_gazebo/models/aws_robomaker_residential_AirconditionerB_01/meshes
[0.738s] -- Up-to-date: /home/ibrahim/ros2_ws/install/mycobot_gazebo/share/mycobot_gazebo/models/aws_robomaker_residential_AirconditionerB_01/meshes/aws_AirconditionerB_01_visual.DAE
[0.738s] -- Up-to-date: /home/ibrahim/ros2_ws/install/mycobot_gazebo/share/mycobot_gazebo/models/aws_robomaker_residential_AirconditionerB_01/meshes/aws_AirconditionerB_01_collision.DAE
[0.738s] -- Up-to-date: /home/ibrahim/ros2_ws/install/mycobot_gazebo/share/mycobot_gazebo/models/aws_robomaker_residential_AirconditionerB_01/model.config
[0.738s] -- Up-to-date: /home/ibrahim/ros2_ws/install/mycobot_gazebo/share/mycobot_gazebo/models/aws_robomaker_residential_PortraitB_02
[0.738s] -- Up-to-date: /home/ibrahim/ros2_ws/install/mycobot_gazebo/share/mycobot_gazebo/models/aws_robomaker_residential_PortraitB_02/model.sdf
[0.738s] -- Up-to-date: /home/ibrahim/ros2_ws/install/mycobot_gazebo/share/mycobot_gazebo/models/aws_robomaker_residential_PortraitB_02/materials
[0.738s] -- Up-to-date: /home/ibrahim/ros2_ws/install/mycobot_gazebo/share/mycobot_gazebo/models/aws_robomaker_residential_PortraitB_02/materials/textures
[0.738s] -- Up-to-date: /home/ibrahim/ros2_ws/install/mycobot_gazebo/share/mycobot_gazebo/models/aws_robomaker_residential_PortraitB_02/materials/textures/aws_PortraitB_01.png
[0.738s] -- Up-to-date: /home/ibrahim/ros2_ws/install/mycobot_gazebo/share/mycobot_gazebo/models/aws_robomaker_residential_PortraitB_02/materials/textures/aws_PortraitB_02.png
[0.738s] -- Up-to-date: /home/ibrahim/ros2_ws/install/mycobot_gazebo/share/mycobot_gazebo/models/aws_robomaker_residential_PortraitB_02/materials/textures/PortraitB_02.jpg
[0.738s] -- Up-to-date: /home/ibrahim/ros2_ws/install/mycobot_gazebo/share/mycobot_gazebo/models/aws_robomaker_residential_PortraitB_02/meshes
[0.738s] -- Up-to-date: /home/ibrahim/ros2_ws/install/mycobot_gazebo/share/mycobot_gazebo/models/aws_robomaker_residential_PortraitB_02/meshes/aws_PortraitB_01_collision.DAE
[0.738s] -- Up-to-date: /home/ibrahim/ros2_ws/install/mycobot_gazebo/share/mycobot_gazebo/models/aws_robomaker_residential_PortraitB_02/meshes/aws_PortraitB_01_visual.DAE
[0.738s] -- Up-to-date: /home/ibrahim/ros2_ws/install/mycobot_gazebo/share/mycobot_gazebo/models/aws_robomaker_residential_PortraitB_02/model.config
[0.738s] -- Up-to-date: /home/ibrahim/ros2_ws/install/mycobot_gazebo/share/mycobot_gazebo/worlds
[0.738s] -- Up-to-date: /home/ibrahim/ros2_ws/install/mycobot_gazebo/share/mycobot_gazebo/worlds/house.world
[0.738s] -- Up-to-date: /home/ibrahim/ros2_ws/install/mycobot_gazebo/share/mycobot_gazebo/worlds/pick_and_place_demo.world
[0.738s] -- Up-to-date: /home/ibrahim/ros2_ws/install/mycobot_gazebo/share/mycobot_gazebo/worlds/empty.world
[0.739s] -- Up-to-date: /home/ibrahim/ros2_ws/install/mycobot_gazebo/share/ament_index/resource_index/package_run_dependencies/mycobot_gazebo
[0.739s] -- Up-to-date: /home/ibrahim/ros2_ws/install/mycobot_gazebo/share/ament_index/resource_index/parent_prefix_path/mycobot_gazebo
[0.739s] -- Up-to-date: /home/ibrahim/ros2_ws/install/mycobot_gazebo/share/mycobot_gazebo/environment/ament_prefix_path.sh
[0.739s] -- Up-to-date: /home/ibrahim/ros2_ws/install/mycobot_gazebo/share/mycobot_gazebo/environment/ament_prefix_path.dsv
[0.739s] -- Up-to-date: /home/ibrahim/ros2_ws/install/mycobot_gazebo/share/mycobot_gazebo/environment/path.sh
[0.739s] -- Up-to-date: /home/ibrahim/ros2_ws/install/mycobot_gazebo/share/mycobot_gazebo/environment/path.dsv
[0.739s] -- Up-to-date: /home/ibrahim/ros2_ws/install/mycobot_gazebo/share/mycobot_gazebo/local_setup.bash
[0.739s] -- Up-to-date: /home/ibrahim/ros2_ws/install/mycobot_gazebo/share/mycobot_gazebo/local_setup.sh
[0.739s] -- Up-to-date: /home/ibrahim/ros2_ws/install/mycobot_gazebo/share/mycobot_gazebo/local_setup.zsh
[0.739s] -- Up-to-date: /home/ibrahim/ros2_ws/install/mycobot_gazebo/share/mycobot_gazebo/local_setup.dsv
[0.739s] -- Installing: /home/ibrahim/ros2_ws/install/mycobot_gazebo/share/mycobot_gazebo/package.dsv
[0.739s] -- Up-to-date: /home/ibrahim/ros2_ws/install/mycobot_gazebo/share/ament_index/resource_index/packages/mycobot_gazebo
[0.739s] -- Up-to-date: /home/ibrahim/ros2_ws/install/mycobot_gazebo/share/mycobot_gazebo/cmake/mycobot_gazeboConfig.cmake
[0.739s] -- Up-to-date: /home/ibrahim/ros2_ws/install/mycobot_gazebo/share/mycobot_gazebo/cmake/mycobot_gazeboConfig-version.cmake
[0.740s] -- Up-to-date: /home/ibrahim/ros2_ws/install/mycobot_gazebo/share/mycobot_gazebo/package.xml
[0.740s] Invoked command in '/home/ibrahim/ros2_ws/build/mycobot_gazebo' returned '0': CMAKE_PREFIX_PATH=${CMAKE_PREFIX_PATH}:/home/ibrahim/ros2_ws/install/arm_serial_bridge:/opt/ros/jazzy DEBUGINFOD_URLS=https://debuginfod.ubuntu.com /usr/bin/cmake --install /home/ibrahim/ros2_ws/build/mycobot_gazebo
