[0.052s] Invoking command in '/home/ibrahim/ros2_ws/build/mycobot_gazebo': CMAKE_PREFIX_PATH=${CMAKE_PREFIX_PATH}:/home/ibrahim/ros2_ws/install/arm_serial_bridge:/opt/ros/jazzy DEBUGINFOD_URLS=https://debuginfod.ubuntu.com PS1=\[\e]0;\u@\h: \w\a\]${debian_chroot:+($debian_chroot)}\[\033[01;32m\]\u@\h\[\033[00m\]:\[\033[01;34m\]\w\[\033[00m\]\$ /usr/bin/cmake /home/ibrahim/ros2_ws/src/mycobot_ros2/mycobot_gazebo -DCMAKE_INSTALL_PREFIX=/home/ibrahim/ros2_ws/install/mycobot_gazebo
[0.656s] -- The C compiler identification is GNU 13.3.0
[0.896s] -- The CXX compiler identification is GNU 13.3.0
[0.946s] -- Detecting C compiler ABI info
[1.229s] -- Detecting C compiler ABI info - done
[1.246s] -- Check for working C compiler: /usr/bin/cc - skipped
[1.248s] -- Detecting C compile features
[1.249s] -- Detecting C compile features - done
[1.266s] -- Detecting CXX compiler ABI info
[1.441s] -- Detecting CXX compiler ABI info - done
[1.459s] -- Check for working CXX compiler: /usr/bin/c++ - skipped
[1.460s] -- Detecting CXX compile features
[1.460s] -- Detecting CXX compile features - done
[1.483s] -- Found ament_cmake: 2.5.5 (/opt/ros/jazzy/share/ament_cmake/cmake)
[1.716s] -- Found Python3: /usr/bin/python3 (found version "3.12.3") found components: Interpreter 
[1.944s] -- Found controller_manager: 4.42.2 (/opt/ros/jazzy/share/controller_manager/cmake)
[2.039s] -- Found rosidl_generator_c: 4.6.7 (/opt/ros/jazzy/share/rosidl_generator_c/cmake)
[2.058s] -- Found rosidl_generator_cpp: 4.6.7 (/opt/ros/jazzy/share/rosidl_generator_cpp/cmake)
[2.106s] -- Using all available rosidl_typesupport_c: rosidl_typesupport_fastrtps_c;rosidl_typesupport_introspection_c
[2.152s] -- Using all available rosidl_typesupport_cpp: rosidl_typesupport_fastrtps_cpp;rosidl_typesupport_introspection_cpp
[2.308s] -- Found rmw_implementation_cmake: 7.3.3 (/opt/ros/jazzy/share/rmw_implementation_cmake/cmake)
[2.328s] -- Found rmw_fastrtps_cpp: 8.4.3 (/opt/ros/jazzy/share/rmw_fastrtps_cpp/cmake)
[2.586s] -- Found OpenSSL: /usr/lib/x86_64-linux-gnu/libcrypto.so (found version "3.0.13")  
[2.642s] -- Found FastRTPS: /opt/ros/jazzy/include (Required is at least version "2.13") 
[2.672s] -- Using RMW implementation 'rmw_fastrtps_cpp' as default
[3.982s] -- Found gripper_controllers: 4.36.0 (/opt/ros/jazzy/share/gripper_controllers/cmake)
[4.125s] -- Found eigen3_cmake_module: 0.3.0 (/opt/ros/jazzy/share/eigen3_cmake_module/cmake)
[4.127s] -- Found Eigen3: TRUE (found version "3.4.0") 
[4.127s] -- Ensuring Eigen3 include directory is part of orocos-kdl CMake target
[4.425s] -- Found ros2_control: 4.42.2 (/opt/ros/jazzy/share/ros2_control/cmake)
[4.429s] -- Found ros2_controllers: 4.36.0 (/opt/ros/jazzy/share/ros2_controllers/cmake)
[4.470s] -- Found xacro: 2.1.1 (/opt/ros/jazzy/share/xacro/cmake)
[4.488s] -- Found ament_lint_auto: 0.17.4 (/opt/ros/jazzy/share/ament_lint_auto/cmake)
[4.794s] -- Added test 'flake8' to check Python code syntax and style conventions
[4.794s] -- Configured 'flake8' exclude dirs and/or files: 
[4.821s] -- Added test 'lint_cmake' to check CMake code style
[4.821s] -- Added test 'pep257' to check Python code against some of the docstring style conventions in PEP 257
[4.863s] -- Added test 'xmllint' to check XML markup files
[4.863s] -- Configuring done (4.8s)
[4.872s] -- Generating done (0.0s)
[4.872s] -- Build files have been written to: /home/ibrahim/ros2_ws/build/mycobot_gazebo
[4.901s] Invoked command in '/home/ibrahim/ros2_ws/build/mycobot_gazebo' returned '0': CMAKE_PREFIX_PATH=${CMAKE_PREFIX_PATH}:/home/ibrahim/ros2_ws/install/arm_serial_bridge:/opt/ros/jazzy DEBUGINFOD_URLS=https://debuginfod.ubuntu.com PS1=\[\e]0;\u@\h: \w\a\]${debian_chroot:+($debian_chroot)}\[\033[01;32m\]\u@\h\[\033[00m\]:\[\033[01;34m\]\w\[\033[00m\]\$ /usr/bin/cmake /home/ibrahim/ros2_ws/src/mycobot_ros2/mycobot_gazebo -DCMAKE_INSTALL_PREFIX=/home/ibrahim/ros2_ws/install/mycobot_gazebo
[4.901s] Invoking command in '/home/ibrahim/ros2_ws/build/mycobot_gazebo': CMAKE_PREFIX_PATH=${CMAKE_PREFIX_PATH}:/home/ibrahim/ros2_ws/install/arm_serial_bridge:/opt/ros/jazzy DEBUGINFOD_URLS=https://debuginfod.ubuntu.com PS1=\[\e]0;\u@\h: \w\a\]${debian_chroot:+($debian_chroot)}\[\033[01;32m\]\u@\h\[\033[00m\]:\[\033[01;34m\]\w\[\033[00m\]\$ /usr/bin/cmake --build /home/ibrahim/ros2_ws/build/mycobot_gazebo -- -j4 -l4
[5.045s] Invoked command in '/home/ibrahim/ros2_ws/build/mycobot_gazebo' returned '0': CMAKE_PREFIX_PATH=${CMAKE_PREFIX_PATH}:/home/ibrahim/ros2_ws/install/arm_serial_bridge:/opt/ros/jazzy DEBUGINFOD_URLS=https://debuginfod.ubuntu.com PS1=\[\e]0;\u@\h: \w\a\]${debian_chroot:+($debian_chroot)}\[\033[01;32m\]\u@\h\[\033[00m\]:\[\033[01;34m\]\w\[\033[00m\]\$ /usr/bin/cmake --build /home/ibrahim/ros2_ws/build/mycobot_gazebo -- -j4 -l4
[5.045s] Invoking command in '/home/ibrahim/ros2_ws/build/mycobot_gazebo': CMAKE_PREFIX_PATH=${CMAKE_PREFIX_PATH}:/home/ibrahim/ros2_ws/install/arm_serial_bridge:/opt/ros/jazzy DEBUGINFOD_URLS=https://debuginfod.ubuntu.com PS1=\[\e]0;\u@\h: \w\a\]${debian_chroot:+($debian_chroot)}\[\033[01;32m\]\u@\h\[\033[00m\]:\[\033[01;34m\]\w\[\033[00m\]\$ /usr/bin/cmake --install /home/ibrahim/ros2_ws/build/mycobot_gazebo
[5.116s] -- Install configuration: ""
[5.117s] -- Installing: /home/ibrahim/ros2_ws/install/mycobot_gazebo/share/mycobot_gazebo/config
[5.117s] -- Installing: /home/ibrahim/ros2_ws/install/mycobot_gazebo/share/mycobot_gazebo/config/ros_gz_bridge.yaml
[5.117s] -- Installing: /home/ibrahim/ros2_ws/install/mycobot_gazebo/share/mycobot_gazebo/launch
[5.117s] -- Installing: /home/ibrahim/ros2_ws/install/mycobot_gazebo/share/mycobot_gazebo/launch/mycobot.gazebo.launch.py
[5.117s] -- Installing: /home/ibrahim/ros2_ws/install/mycobot_gazebo/share/mycobot_gazebo/models
[5.117s] -- Installing: /home/ibrahim/ros2_ws/install/mycobot_gazebo/share/mycobot_gazebo/models/aws_robomaker_residential_KitchenUtensils_01
[5.117s] -- Installing: /home/ibrahim/ros2_ws/install/mycobot_gazebo/share/mycobot_gazebo/models/aws_robomaker_residential_KitchenUtensils_01/model.sdf
[5.118s] -- Installing: /home/ibrahim/ros2_ws/install/mycobot_gazebo/share/mycobot_gazebo/models/aws_robomaker_residential_KitchenUtensils_01/materials
[5.118s] -- Installing: /home/ibrahim/ros2_ws/install/mycobot_gazebo/share/mycobot_gazebo/models/aws_robomaker_residential_KitchenUtensils_01/materials/textures
[5.118s] -- Installing: /home/ibrahim/ros2_ws/install/mycobot_gazebo/share/mycobot_gazebo/models/aws_robomaker_residential_KitchenUtensils_01/materials/textures/aws_KitchenUtensils_01.png
[5.118s] -- Installing: /home/ibrahim/ros2_ws/install/mycobot_gazebo/share/mycobot_gazebo/models/aws_robomaker_residential_KitchenUtensils_01/meshes
[5.118s] -- Installing: /home/ibrahim/ros2_ws/install/mycobot_gazebo/share/mycobot_gazebo/models/aws_robomaker_residential_KitchenUtensils_01/meshes/aws_KitchenUtensils_01_visual.DAE
[5.118s] -- Installing: /home/ibrahim/ros2_ws/install/mycobot_gazebo/share/mycobot_gazebo/models/aws_robomaker_residential_KitchenUtensils_01/meshes/aws_KitchenUtensils_01_collision.DAE
[5.118s] -- Installing: /home/ibrahim/ros2_ws/install/mycobot_gazebo/share/mycobot_gazebo/models/aws_robomaker_residential_KitchenUtensils_01/model.config
[5.118s] -- Installing: /home/ibrahim/ros2_ws/install/mycobot_gazebo/share/mycobot_gazebo/models/aws_robomaker_warehouse_GroundB_01
[5.118s] -- Installing: /home/ibrahim/ros2_ws/install/mycobot_gazebo/share/mycobot_gazebo/models/aws_robomaker_warehouse_GroundB_01/model.sdf
[5.118s] -- Installing: /home/ibrahim/ros2_ws/install/mycobot_gazebo/share/mycobot_gazebo/models/aws_robomaker_warehouse_GroundB_01/materials
[5.118s] -- Installing: /home/ibrahim/ros2_ws/install/mycobot_gazebo/share/mycobot_gazebo/models/aws_robomaker_warehouse_GroundB_01/materials/textures
[5.118s] -- Installing: /home/ibrahim/ros2_ws/install/mycobot_gazebo/share/mycobot_gazebo/models/aws_robomaker_warehouse_GroundB_01/materials/textures/aws_robomaker_warehouse_GroundB_02.png
[5.118s] -- Installing: /home/ibrahim/ros2_ws/install/mycobot_gazebo/share/mycobot_gazebo/models/aws_robomaker_warehouse_GroundB_01/materials/textures/aws_robomaker_warehouse_GroundB_01.png
[5.118s] -- Installing: /home/ibrahim/ros2_ws/install/mycobot_gazebo/share/mycobot_gazebo/models/aws_robomaker_warehouse_GroundB_01/meshes
[5.118s] -- Installing: /home/ibrahim/ros2_ws/install/mycobot_gazebo/share/mycobot_gazebo/models/aws_robomaker_warehouse_GroundB_01/meshes/aws_robomaker_warehouse_GroundB_01_visual.DAE
[5.118s] -- Installing: /home/ibrahim/ros2_ws/install/mycobot_gazebo/share/mycobot_gazebo/models/aws_robomaker_warehouse_GroundB_01/meshes/aws_robomaker_warehouse_GroundB_01_collision.DAE
[5.118s] -- Installing: /home/ibrahim/ros2_ws/install/mycobot_gazebo/share/mycobot_gazebo/models/aws_robomaker_warehouse_GroundB_01/model.config
[5.119s] -- Installing: /home/ibrahim/ros2_ws/install/mycobot_gazebo/share/mycobot_gazebo/models/aws_robomaker_residential_CookingBench_01
[5.119s] -- Installing: /home/ibrahim/ros2_ws/install/mycobot_gazebo/share/mycobot_gazebo/models/aws_robomaker_residential_CookingBench_01/model.sdf
[5.119s] -- Installing: /home/ibrahim/ros2_ws/install/mycobot_gazebo/share/mycobot_gazebo/models/aws_robomaker_residential_CookingBench_01/materials
[5.119s] -- Installing: /home/ibrahim/ros2_ws/install/mycobot_gazebo/share/mycobot_gazebo/models/aws_robomaker_residential_CookingBench_01/materials/textures
[5.119s] -- Installing: /home/ibrahim/ros2_ws/install/mycobot_gazebo/share/mycobot_gazebo/models/aws_robomaker_residential_CookingBench_01/materials/textures/aws_CookingBench_01.png
[5.119s] -- Installing: /home/ibrahim/ros2_ws/install/mycobot_gazebo/share/mycobot_gazebo/models/aws_robomaker_residential_CookingBench_01/meshes
[5.119s] -- Installing: /home/ibrahim/ros2_ws/install/mycobot_gazebo/share/mycobot_gazebo/models/aws_robomaker_residential_CookingBench_01/meshes/aws_CookingBench_01_visual.DAE
[5.119s] -- Installing: /home/ibrahim/ros2_ws/install/mycobot_gazebo/share/mycobot_gazebo/models/aws_robomaker_residential_CookingBench_01/meshes/aws_CookingBench_01_collision.DAE
[5.119s] -- Installing: /home/ibrahim/ros2_ws/install/mycobot_gazebo/share/mycobot_gazebo/models/aws_robomaker_residential_CookingBench_01/meshes/aws_CookingBench_01.DAE
[5.119s] -- Installing: /home/ibrahim/ros2_ws/install/mycobot_gazebo/share/mycobot_gazebo/models/aws_robomaker_residential_CookingBench_01/model.config
[5.119s] -- Installing: /home/ibrahim/ros2_ws/install/mycobot_gazebo/share/mycobot_gazebo/models/aws_robomaker_warehouse_ShelfF_01
[5.120s] -- Installing: /home/ibrahim/ros2_ws/install/mycobot_gazebo/share/mycobot_gazebo/models/aws_robomaker_warehouse_ShelfF_01/model.sdf
[5.120s] -- Installing: /home/ibrahim/ros2_ws/install/mycobot_gazebo/share/mycobot_gazebo/models/aws_robomaker_warehouse_ShelfF_01/materials
[5.120s] -- Installing: /home/ibrahim/ros2_ws/install/mycobot_gazebo/share/mycobot_gazebo/models/aws_robomaker_warehouse_ShelfF_01/materials/textures
[5.120s] -- Installing: /home/ibrahim/ros2_ws/install/mycobot_gazebo/share/mycobot_gazebo/models/aws_robomaker_warehouse_ShelfF_01/materials/textures/aws_robomaker_warehouse_ShelfF_03.png
[5.120s] -- Installing: /home/ibrahim/ros2_ws/install/mycobot_gazebo/share/mycobot_gazebo/models/aws_robomaker_warehouse_ShelfF_01/materials/textures/aws_robomaker_warehouse_ShelfF_01.png
[5.120s] -- Installing: /home/ibrahim/ros2_ws/install/mycobot_gazebo/share/mycobot_gazebo/models/aws_robomaker_warehouse_ShelfF_01/materials/textures/aws_robomaker_warehouse_ShelfF_02.png
[5.120s] -- Installing: /home/ibrahim/ros2_ws/install/mycobot_gazebo/share/mycobot_gazebo/models/aws_robomaker_warehouse_ShelfF_01/meshes
[5.120s] -- Installing: /home/ibrahim/ros2_ws/install/mycobot_gazebo/share/mycobot_gazebo/models/aws_robomaker_warehouse_ShelfF_01/meshes/aws_robomaker_warehouse_ShelfF_01_collision.DAE
[5.120s] -- Installing: /home/ibrahim/ros2_ws/install/mycobot_gazebo/share/mycobot_gazebo/models/aws_robomaker_warehouse_ShelfF_01/meshes/aws_robomaker_warehouse_ShelfF_01_visual.DAE
[5.120s] -- Installing: /home/ibrahim/ros2_ws/install/mycobot_gazebo/share/mycobot_gazebo/models/aws_robomaker_warehouse_ShelfF_01/model.config
[5.120s] -- Installing: /home/ibrahim/ros2_ws/install/mycobot_gazebo/share/mycobot_gazebo/models/aws_robomaker_warehouse_Lamp_01
[5.120s] -- Installing: /home/ibrahim/ros2_ws/install/mycobot_gazebo/share/mycobot_gazebo/models/aws_robomaker_warehouse_Lamp_01/model.sdf
[5.121s] -- Installing: /home/ibrahim/ros2_ws/install/mycobot_gazebo/share/mycobot_gazebo/models/aws_robomaker_warehouse_Lamp_01/materials
[5.121s] -- Installing: /home/ibrahim/ros2_ws/install/mycobot_gazebo/share/mycobot_gazebo/models/aws_robomaker_warehouse_Lamp_01/materials/textures
[5.121s] -- Installing: /home/ibrahim/ros2_ws/install/mycobot_gazebo/share/mycobot_gazebo/models/aws_robomaker_warehouse_Lamp_01/materials/textures/aws_robomaker_warehouse_Lamp_01.png
[5.121s] -- Installing: /home/ibrahim/ros2_ws/install/mycobot_gazebo/share/mycobot_gazebo/models/aws_robomaker_warehouse_Lamp_01/meshes
[5.121s] -- Installing: /home/ibrahim/ros2_ws/install/mycobot_gazebo/share/mycobot_gazebo/models/aws_robomaker_warehouse_Lamp_01/meshes/aws_robomaker_warehouse_Lamp_01_collision.DAE
[5.121s] -- Installing: /home/ibrahim/ros2_ws/install/mycobot_gazebo/share/mycobot_gazebo/models/aws_robomaker_warehouse_Lamp_01/meshes/aws_robomaker_warehouse_Lamp_01_visual.DAE
[5.121s] -- Installing: /home/ibrahim/ros2_ws/install/mycobot_gazebo/share/mycobot_gazebo/models/aws_robomaker_warehouse_Lamp_01/model.config
[5.121s] -- Installing: /home/ibrahim/ros2_ws/install/mycobot_gazebo/share/mycobot_gazebo/models/aws_robomaker_residential_Trash_01
[5.121s] -- Installing: /home/ibrahim/ros2_ws/install/mycobot_gazebo/share/mycobot_gazebo/models/aws_robomaker_residential_Trash_01/model.sdf
[5.121s] -- Installing: /home/ibrahim/ros2_ws/install/mycobot_gazebo/share/mycobot_gazebo/models/aws_robomaker_residential_Trash_01/materials
[5.121s] -- Installing: /home/ibrahim/ros2_ws/install/mycobot_gazebo/share/mycobot_gazebo/models/aws_robomaker_residential_Trash_01/materials/textures
[5.121s] -- Installing: /home/ibrahim/ros2_ws/install/mycobot_gazebo/share/mycobot_gazebo/models/aws_robomaker_residential_Trash_01/materials/textures/aws_Trash_01.png
[5.122s] -- Installing: /home/ibrahim/ros2_ws/install/mycobot_gazebo/share/mycobot_gazebo/models/aws_robomaker_residential_Trash_01/meshes
[5.122s] -- Installing: /home/ibrahim/ros2_ws/install/mycobot_gazebo/share/mycobot_gazebo/models/aws_robomaker_residential_Trash_01/meshes/aws_Trash_01_visual.DAE
[5.122s] -- Installing: /home/ibrahim/ros2_ws/install/mycobot_gazebo/share/mycobot_gazebo/models/aws_robomaker_residential_Trash_01/meshes/aws_Trash_01_collision.DAE
[5.122s] -- Installing: /home/ibrahim/ros2_ws/install/mycobot_gazebo/share/mycobot_gazebo/models/aws_robomaker_residential_Trash_01/model.config
[5.122s] -- Installing: /home/ibrahim/ros2_ws/install/mycobot_gazebo/share/mycobot_gazebo/models/coke_can
[5.122s] -- Installing: /home/ibrahim/ros2_ws/install/mycobot_gazebo/share/mycobot_gazebo/models/coke_can/model.sdf
[5.122s] -- Installing: /home/ibrahim/ros2_ws/install/mycobot_gazebo/share/mycobot_gazebo/models/coke_can/materials
[5.122s] -- Installing: /home/ibrahim/ros2_ws/install/mycobot_gazebo/share/mycobot_gazebo/models/coke_can/materials/textures
[5.122s] -- Installing: /home/ibrahim/ros2_ws/install/mycobot_gazebo/share/mycobot_gazebo/models/coke_can/materials/textures/coke_can.png
[5.122s] -- Installing: /home/ibrahim/ros2_ws/install/mycobot_gazebo/share/mycobot_gazebo/models/coke_can/model-1_3.sdf
[5.122s] -- Installing: /home/ibrahim/ros2_ws/install/mycobot_gazebo/share/mycobot_gazebo/models/coke_can/model-1_2.sdf
[5.123s] -- Installing: /home/ibrahim/ros2_ws/install/mycobot_gazebo/share/mycobot_gazebo/models/coke_can/model-1_4.sdf
[5.123s] -- Installing: /home/ibrahim/ros2_ws/install/mycobot_gazebo/share/mycobot_gazebo/models/coke_can/meshes
[5.123s] -- Installing: /home/ibrahim/ros2_ws/install/mycobot_gazebo/share/mycobot_gazebo/models/coke_can/meshes/coke_can.dae
[5.123s] -- Installing: /home/ibrahim/ros2_ws/install/mycobot_gazebo/share/mycobot_gazebo/models/coke_can/model.config
[5.123s] -- Installing: /home/ibrahim/ros2_ws/install/mycobot_gazebo/share/mycobot_gazebo/models/aws_robomaker_warehouse_ShelfD_01
[5.123s] -- Installing: /home/ibrahim/ros2_ws/install/mycobot_gazebo/share/mycobot_gazebo/models/aws_robomaker_warehouse_ShelfD_01/model.sdf
[5.123s] -- Installing: /home/ibrahim/ros2_ws/install/mycobot_gazebo/share/mycobot_gazebo/models/aws_robomaker_warehouse_ShelfD_01/materials
[5.123s] -- Installing: /home/ibrahim/ros2_ws/install/mycobot_gazebo/share/mycobot_gazebo/models/aws_robomaker_warehouse_ShelfD_01/materials/textures
[5.123s] -- Installing: /home/ibrahim/ros2_ws/install/mycobot_gazebo/share/mycobot_gazebo/models/aws_robomaker_warehouse_ShelfD_01/materials/textures/aws_robomaker_warehouse_ShelfD_03.png
[5.123s] -- Installing: /home/ibrahim/ros2_ws/install/mycobot_gazebo/share/mycobot_gazebo/models/aws_robomaker_warehouse_ShelfD_01/materials/textures/aws_robomaker_warehouse_ShelfD_01.png
[5.123s] -- Installing: /home/ibrahim/ros2_ws/install/mycobot_gazebo/share/mycobot_gazebo/models/aws_robomaker_warehouse_ShelfD_01/materials/textures/aws_robomaker_warehouse_ShelfD_04.png
[5.123s] -- Installing: /home/ibrahim/ros2_ws/install/mycobot_gazebo/share/mycobot_gazebo/models/aws_robomaker_warehouse_ShelfD_01/materials/textures/aws_robomaker_warehouse_ShelfD_02.png
[5.124s] -- Installing: /home/ibrahim/ros2_ws/install/mycobot_gazebo/share/mycobot_gazebo/models/aws_robomaker_warehouse_ShelfD_01/meshes
[5.124s] -- Installing: /home/ibrahim/ros2_ws/install/mycobot_gazebo/share/mycobot_gazebo/models/aws_robomaker_warehouse_ShelfD_01/meshes/aws_robomaker_warehouse_ShelfD_01_collision.DAE
[5.124s] -- Installing: /home/ibrahim/ros2_ws/install/mycobot_gazebo/share/mycobot_gazebo/models/aws_robomaker_warehouse_ShelfD_01/meshes/aws_robomaker_warehouse_ShelfD_01_visual.DAE
[5.124s] -- Installing: /home/ibrahim/ros2_ws/install/mycobot_gazebo/share/mycobot_gazebo/models/aws_robomaker_warehouse_ShelfD_01/model.config
[5.125s] -- Installing: /home/ibrahim/ros2_ws/install/mycobot_gazebo/share/mycobot_gazebo/models/aws_robomaker_residential_RoomWall_01
[5.125s] -- Installing: /home/ibrahim/ros2_ws/install/mycobot_gazebo/share/mycobot_gazebo/models/aws_robomaker_residential_RoomWall_01/model.sdf
[5.125s] -- Installing: /home/ibrahim/ros2_ws/install/mycobot_gazebo/share/mycobot_gazebo/models/aws_robomaker_residential_RoomWall_01/materials
[5.125s] -- Installing: /home/ibrahim/ros2_ws/install/mycobot_gazebo/share/mycobot_gazebo/models/aws_robomaker_residential_RoomWall_01/materials/textures
[5.125s] -- Installing: /home/ibrahim/ros2_ws/install/mycobot_gazebo/share/mycobot_gazebo/models/aws_robomaker_residential_RoomWall_01/materials/textures/aws_RoomWall_01.png
[5.125s] -- Installing: /home/ibrahim/ros2_ws/install/mycobot_gazebo/share/mycobot_gazebo/models/aws_robomaker_residential_RoomWall_01/meshes
[5.125s] -- Installing: /home/ibrahim/ros2_ws/install/mycobot_gazebo/share/mycobot_gazebo/models/aws_robomaker_residential_RoomWall_01/meshes/aws_RoomWall_01_visual.DAE
[5.125s] -- Installing: /home/ibrahim/ros2_ws/install/mycobot_gazebo/share/mycobot_gazebo/models/aws_robomaker_residential_RoomWall_01/meshes/aws_RoomWall_01_collision.DAE
[5.125s] -- Installing: /home/ibrahim/ros2_ws/install/mycobot_gazebo/share/mycobot_gazebo/models/aws_robomaker_residential_RoomWall_01/model.config
[5.125s] -- Installing: /home/ibrahim/ros2_ws/install/mycobot_gazebo/share/mycobot_gazebo/models/brown_table
[5.125s] -- Installing: /home/ibrahim/ros2_ws/install/mycobot_gazebo/share/mycobot_gazebo/models/brown_table/model.sdf
[5.125s] -- Installing: /home/ibrahim/ros2_ws/install/mycobot_gazebo/share/mycobot_gazebo/models/brown_table/model.config
[5.127s] -- Installing: /home/ibrahim/ros2_ws/install/mycobot_gazebo/share/mycobot_gazebo/models/aws_robomaker_residential_FloorB_01
[5.127s] -- Installing: /home/ibrahim/ros2_ws/install/mycobot_gazebo/share/mycobot_gazebo/models/aws_robomaker_residential_FloorB_01/model.sdf
[5.134s] -- Installing: /home/ibrahim/ros2_ws/install/mycobot_gazebo/share/mycobot_gazebo/models/aws_robomaker_residential_FloorB_01/materials
[5.134s] -- Installing: /home/ibrahim/ros2_ws/install/mycobot_gazebo/share/mycobot_gazebo/models/aws_robomaker_residential_FloorB_01/materials/textures
[5.135s] -- Installing: /home/ibrahim/ros2_ws/install/mycobot_gazebo/share/mycobot_gazebo/models/aws_robomaker_residential_FloorB_01/materials/textures/aws_FloorB_01.png
[5.135s] -- Installing: /home/ibrahim/ros2_ws/install/mycobot_gazebo/share/mycobot_gazebo/models/aws_robomaker_residential_FloorB_01/meshes
[5.135s] -- Installing: /home/ibrahim/ros2_ws/install/mycobot_gazebo/share/mycobot_gazebo/models/aws_robomaker_residential_FloorB_01/meshes/aws_FloorB_01_collision.DAE
[5.136s] -- Installing: /home/ibrahim/ros2_ws/install/mycobot_gazebo/share/mycobot_gazebo/models/aws_robomaker_residential_FloorB_01/meshes/aws_FloorB_01_visual.DAE
[5.136s] -- Installing: /home/ibrahim/ros2_ws/install/mycobot_gazebo/share/mycobot_gazebo/models/aws_robomaker_residential_FloorB_01/model.config
[5.136s] -- Installing: /home/ibrahim/ros2_ws/install/mycobot_gazebo/share/mycobot_gazebo/models/aws_robomaker_residential_PortraitB_01
[5.136s] -- Installing: /home/ibrahim/ros2_ws/install/mycobot_gazebo/share/mycobot_gazebo/models/aws_robomaker_residential_PortraitB_01/model.sdf
[5.136s] -- Installing: /home/ibrahim/ros2_ws/install/mycobot_gazebo/share/mycobot_gazebo/models/aws_robomaker_residential_PortraitB_01/materials
[5.137s] -- Installing: /home/ibrahim/ros2_ws/install/mycobot_gazebo/share/mycobot_gazebo/models/aws_robomaker_residential_PortraitB_01/materials/textures
[5.137s] -- Installing: /home/ibrahim/ros2_ws/install/mycobot_gazebo/share/mycobot_gazebo/models/aws_robomaker_residential_PortraitB_01/materials/textures/aws_PortraitB_01.png
[5.137s] -- Installing: /home/ibrahim/ros2_ws/install/mycobot_gazebo/share/mycobot_gazebo/models/aws_robomaker_residential_PortraitB_01/materials/textures/PortraitB_01.jpg
[5.137s] -- Installing: /home/ibrahim/ros2_ws/install/mycobot_gazebo/share/mycobot_gazebo/models/aws_robomaker_residential_PortraitB_01/materials/textures/aws_PortraitB_02.png
[5.137s] -- Installing: /home/ibrahim/ros2_ws/install/mycobot_gazebo/share/mycobot_gazebo/models/aws_robomaker_residential_PortraitB_01/meshes
[5.138s] -- Installing: /home/ibrahim/ros2_ws/install/mycobot_gazebo/share/mycobot_gazebo/models/aws_robomaker_residential_PortraitB_01/meshes/aws_PortraitB_01_collision.DAE
[5.138s] -- Installing: /home/ibrahim/ros2_ws/install/mycobot_gazebo/share/mycobot_gazebo/models/aws_robomaker_residential_PortraitB_01/meshes/aws_PortraitB_01_visual.DAE
[5.138s] -- Installing: /home/ibrahim/ros2_ws/install/mycobot_gazebo/share/mycobot_gazebo/models/aws_robomaker_residential_PortraitB_01/model.config
[5.138s] -- Installing: /home/ibrahim/ros2_ws/install/mycobot_gazebo/share/mycobot_gazebo/models/aws_robomaker_residential_PortraitD_01
[5.138s] -- Installing: /home/ibrahim/ros2_ws/install/mycobot_gazebo/share/mycobot_gazebo/models/aws_robomaker_residential_PortraitD_01/model.sdf
[5.138s] -- Installing: /home/ibrahim/ros2_ws/install/mycobot_gazebo/share/mycobot_gazebo/models/aws_robomaker_residential_PortraitD_01/materials
[5.138s] -- Installing: /home/ibrahim/ros2_ws/install/mycobot_gazebo/share/mycobot_gazebo/models/aws_robomaker_residential_PortraitD_01/materials/textures
[5.138s] -- Installing: /home/ibrahim/ros2_ws/install/mycobot_gazebo/share/mycobot_gazebo/models/aws_robomaker_residential_PortraitD_01/materials/textures/PortraitD_01.jpg
[5.138s] -- Installing: /home/ibrahim/ros2_ws/install/mycobot_gazebo/share/mycobot_gazebo/models/aws_robomaker_residential_PortraitD_01/materials/textures/aws_PortraitD_01.png
[5.138s] -- Installing: /home/ibrahim/ros2_ws/install/mycobot_gazebo/share/mycobot_gazebo/models/aws_robomaker_residential_PortraitD_01/materials/textures/aws_PortraitD_02.png
[5.139s] -- Installing: /home/ibrahim/ros2_ws/install/mycobot_gazebo/share/mycobot_gazebo/models/aws_robomaker_residential_PortraitD_01/meshes
[5.139s] -- Installing: /home/ibrahim/ros2_ws/install/mycobot_gazebo/share/mycobot_gazebo/models/aws_robomaker_residential_PortraitD_01/meshes/aws_PortraitD_01_visual.DAE
[5.139s] -- Installing: /home/ibrahim/ros2_ws/install/mycobot_gazebo/share/mycobot_gazebo/models/aws_robomaker_residential_PortraitD_01/meshes/aws_PortraitD_01_collision.DAE
[5.139s] -- Installing: /home/ibrahim/ros2_ws/install/mycobot_gazebo/share/mycobot_gazebo/models/aws_robomaker_residential_PortraitD_01/model.config
[5.139s] -- Installing: /home/ibrahim/ros2_ws/install/mycobot_gazebo/share/mycobot_gazebo/models/aws_robomaker_warehouse_PalletJackB_01
[5.139s] -- Installing: /home/ibrahim/ros2_ws/install/mycobot_gazebo/share/mycobot_gazebo/models/aws_robomaker_warehouse_PalletJackB_01/model.sdf
[5.139s] -- Installing: /home/ibrahim/ros2_ws/install/mycobot_gazebo/share/mycobot_gazebo/models/aws_robomaker_warehouse_PalletJackB_01/materials
[5.139s] -- Installing: /home/ibrahim/ros2_ws/install/mycobot_gazebo/share/mycobot_gazebo/models/aws_robomaker_warehouse_PalletJackB_01/materials/textures
[5.139s] -- Installing: /home/ibrahim/ros2_ws/install/mycobot_gazebo/share/mycobot_gazebo/models/aws_robomaker_warehouse_PalletJackB_01/materials/textures/aws_robomaker_warehouse_PalletJackB_02.png
[5.140s] -- Installing: /home/ibrahim/ros2_ws/install/mycobot_gazebo/share/mycobot_gazebo/models/aws_robomaker_warehouse_PalletJackB_01/materials/textures/aws_robomaker_warehouse_PalletJackB_01.png
[5.140s] -- Installing: /home/ibrahim/ros2_ws/install/mycobot_gazebo/share/mycobot_gazebo/models/aws_robomaker_warehouse_PalletJackB_01/materials/.DS_Store
[5.140s] -- Installing: /home/ibrahim/ros2_ws/install/mycobot_gazebo/share/mycobot_gazebo/models/aws_robomaker_warehouse_PalletJackB_01/.DS_Store
[5.140s] -- Installing: /home/ibrahim/ros2_ws/install/mycobot_gazebo/share/mycobot_gazebo/models/aws_robomaker_warehouse_PalletJackB_01/meshes
[5.140s] -- Installing: /home/ibrahim/ros2_ws/install/mycobot_gazebo/share/mycobot_gazebo/models/aws_robomaker_warehouse_PalletJackB_01/meshes/aws_robomaker_warehouse_PalletJackB_01_collision.DAE
[5.140s] -- Installing: /home/ibrahim/ros2_ws/install/mycobot_gazebo/share/mycobot_gazebo/models/aws_robomaker_warehouse_PalletJackB_01/meshes/aws_robomaker_warehouse_PalletJackB_01_visual.DAE
[5.140s] -- Installing: /home/ibrahim/ros2_ws/install/mycobot_gazebo/share/mycobot_gazebo/models/aws_robomaker_warehouse_PalletJackB_01/model.config
[5.140s] -- Installing: /home/ibrahim/ros2_ws/install/mycobot_gazebo/share/mycobot_gazebo/models/aws_robomaker_residential_DeskPortraitD_02
[5.140s] -- Installing: /home/ibrahim/ros2_ws/install/mycobot_gazebo/share/mycobot_gazebo/models/aws_robomaker_residential_DeskPortraitD_02/model.sdf
[5.141s] -- Installing: /home/ibrahim/ros2_ws/install/mycobot_gazebo/share/mycobot_gazebo/models/aws_robomaker_residential_DeskPortraitD_02/materials
[5.141s] -- Installing: /home/ibrahim/ros2_ws/install/mycobot_gazebo/share/mycobot_gazebo/models/aws_robomaker_residential_DeskPortraitD_02/materials/textures
[5.141s] -- Installing: /home/ibrahim/ros2_ws/install/mycobot_gazebo/share/mycobot_gazebo/models/aws_robomaker_residential_DeskPortraitD_02/materials/textures/aws_DeskPortraitD_02.png
[5.141s] -- Installing: /home/ibrahim/ros2_ws/install/mycobot_gazebo/share/mycobot_gazebo/models/aws_robomaker_residential_DeskPortraitD_02/materials/textures/DeskPortraitD_02.jpg
[5.141s] -- Installing: /home/ibrahim/ros2_ws/install/mycobot_gazebo/share/mycobot_gazebo/models/aws_robomaker_residential_DeskPortraitD_02/materials/textures/aws_DeskPortraitD_01.png
[5.141s] -- Installing: /home/ibrahim/ros2_ws/install/mycobot_gazebo/share/mycobot_gazebo/models/aws_robomaker_residential_DeskPortraitD_02/meshes
[5.141s] -- Installing: /home/ibrahim/ros2_ws/install/mycobot_gazebo/share/mycobot_gazebo/models/aws_robomaker_residential_DeskPortraitD_02/meshes/aws_DeskPortraitD_01_collision.DAE
[5.141s] -- Installing: /home/ibrahim/ros2_ws/install/mycobot_gazebo/share/mycobot_gazebo/models/aws_robomaker_residential_DeskPortraitD_02/meshes/aws_DeskPortraitD_01_visual.DAE
[5.142s] -- Installing: /home/ibrahim/ros2_ws/install/mycobot_gazebo/share/mycobot_gazebo/models/aws_robomaker_residential_DeskPortraitD_02/model.config
[5.142s] -- Installing: /home/ibrahim/ros2_ws/install/mycobot_gazebo/share/mycobot_gazebo/models/aws_robomaker_residential_Carpet_01
[5.142s] -- Installing: /home/ibrahim/ros2_ws/install/mycobot_gazebo/share/mycobot_gazebo/models/aws_robomaker_residential_Carpet_01/model.sdf
[5.142s] -- Installing: /home/ibrahim/ros2_ws/install/mycobot_gazebo/share/mycobot_gazebo/models/aws_robomaker_residential_Carpet_01/materials
[5.142s] -- Installing: /home/ibrahim/ros2_ws/install/mycobot_gazebo/share/mycobot_gazebo/models/aws_robomaker_residential_Carpet_01/materials/textures
[5.142s] -- Installing: /home/ibrahim/ros2_ws/install/mycobot_gazebo/share/mycobot_gazebo/models/aws_robomaker_residential_Carpet_01/materials/textures/aws_Carpet_01.png
[5.144s] -- Installing: /home/ibrahim/ros2_ws/install/mycobot_gazebo/share/mycobot_gazebo/models/aws_robomaker_residential_Carpet_01/meshes
[5.144s] -- Installing: /home/ibrahim/ros2_ws/install/mycobot_gazebo/share/mycobot_gazebo/models/aws_robomaker_residential_Carpet_01/meshes/aws_Carpet_01_visual.DAE
[5.144s] -- Installing: /home/ibrahim/ros2_ws/install/mycobot_gazebo/share/mycobot_gazebo/models/aws_robomaker_residential_Carpet_01/meshes/aws_Carpet_01_collision.DAE
[5.144s] -- Installing: /home/ibrahim/ros2_ws/install/mycobot_gazebo/share/mycobot_gazebo/models/aws_robomaker_residential_Carpet_01/model.config
[5.144s] -- Installing: /home/ibrahim/ros2_ws/install/mycobot_gazebo/share/mycobot_gazebo/models/aws_robomaker_residential_Rangehood_01
[5.145s] -- Installing: /home/ibrahim/ros2_ws/install/mycobot_gazebo/share/mycobot_gazebo/models/aws_robomaker_residential_Rangehood_01/model.sdf
[5.145s] -- Installing: /home/ibrahim/ros2_ws/install/mycobot_gazebo/share/mycobot_gazebo/models/aws_robomaker_residential_Rangehood_01/materials
[5.145s] -- Installing: /home/ibrahim/ros2_ws/install/mycobot_gazebo/share/mycobot_gazebo/models/aws_robomaker_residential_Rangehood_01/materials/textures
[5.145s] -- Installing: /home/ibrahim/ros2_ws/install/mycobot_gazebo/share/mycobot_gazebo/models/aws_robomaker_residential_Rangehood_01/materials/textures/aws_Rangehood_01.png
[5.146s] -- Installing: /home/ibrahim/ros2_ws/install/mycobot_gazebo/share/mycobot_gazebo/models/aws_robomaker_residential_Rangehood_01/meshes
[5.146s] -- Installing: /home/ibrahim/ros2_ws/install/mycobot_gazebo/share/mycobot_gazebo/models/aws_robomaker_residential_Rangehood_01/meshes/aws_Rangehood_01_visual.DAE
[5.147s] -- Installing: /home/ibrahim/ros2_ws/install/mycobot_gazebo/share/mycobot_gazebo/models/aws_robomaker_residential_Rangehood_01/meshes/aws_Rangehood_01_collision.DAE
[5.148s] -- Installing: /home/ibrahim/ros2_ws/install/mycobot_gazebo/share/mycobot_gazebo/models/aws_robomaker_residential_Rangehood_01/model.config
[5.148s] -- Installing: /home/ibrahim/ros2_ws/install/mycobot_gazebo/share/mycobot_gazebo/models/aws_robomaker_residential_Pillow_01
[5.148s] -- Installing: /home/ibrahim/ros2_ws/install/mycobot_gazebo/share/mycobot_gazebo/models/aws_robomaker_residential_Pillow_01/model.sdf
[5.148s] -- Installing: /home/ibrahim/ros2_ws/install/mycobot_gazebo/share/mycobot_gazebo/models/aws_robomaker_residential_Pillow_01/materials
[5.148s] -- Installing: /home/ibrahim/ros2_ws/install/mycobot_gazebo/share/mycobot_gazebo/models/aws_robomaker_residential_Pillow_01/materials/textures
[5.148s] -- Installing: /home/ibrahim/ros2_ws/install/mycobot_gazebo/share/mycobot_gazebo/models/aws_robomaker_residential_Pillow_01/materials/textures/aws_Pillow_01.png
[5.150s] -- Installing: /home/ibrahim/ros2_ws/install/mycobot_gazebo/share/mycobot_gazebo/models/aws_robomaker_residential_Pillow_01/meshes
[5.150s] -- Installing: /home/ibrahim/ros2_ws/install/mycobot_gazebo/share/mycobot_gazebo/models/aws_robomaker_residential_Pillow_01/meshes/aws_Pillow_01_visual.DAE
[5.151s] -- Installing: /home/ibrahim/ros2_ws/install/mycobot_gazebo/share/mycobot_gazebo/models/aws_robomaker_residential_Pillow_01/meshes/aws_Pillow_01_collision.DAE
[5.151s] -- Installing: /home/ibrahim/ros2_ws/install/mycobot_gazebo/share/mycobot_gazebo/models/aws_robomaker_residential_Pillow_01/model.config
[5.151s] -- Installing: /home/ibrahim/ros2_ws/install/mycobot_gazebo/share/mycobot_gazebo/models/aws_robomaker_residential_TVCabinet_01
[5.151s] -- Installing: /home/ibrahim/ros2_ws/install/mycobot_gazebo/share/mycobot_gazebo/models/aws_robomaker_residential_TVCabinet_01/model.sdf
[5.151s] -- Installing: /home/ibrahim/ros2_ws/install/mycobot_gazebo/share/mycobot_gazebo/models/aws_robomaker_residential_TVCabinet_01/materials
[5.152s] -- Installing: /home/ibrahim/ros2_ws/install/mycobot_gazebo/share/mycobot_gazebo/models/aws_robomaker_residential_TVCabinet_01/materials/textures
[5.159s] -- Installing: /home/ibrahim/ros2_ws/install/mycobot_gazebo/share/mycobot_gazebo/models/aws_robomaker_residential_TVCabinet_01/materials/textures/aws_TVCabinet_01.png
[5.159s] -- Installing: /home/ibrahim/ros2_ws/install/mycobot_gazebo/share/mycobot_gazebo/models/aws_robomaker_residential_TVCabinet_01/meshes
[5.159s] -- Installing: /home/ibrahim/ros2_ws/install/mycobot_gazebo/share/mycobot_gazebo/models/aws_robomaker_residential_TVCabinet_01/meshes/aws_TVCabinet_01_visual.DAE
[5.159s] -- Installing: /home/ibrahim/ros2_ws/install/mycobot_gazebo/share/mycobot_gazebo/models/aws_robomaker_residential_TVCabinet_01/meshes/aws_TVCabinet_01_collision.DAE
[5.160s] -- Installing: /home/ibrahim/ros2_ws/install/mycobot_gazebo/share/mycobot_gazebo/models/aws_robomaker_residential_TVCabinet_01/model.config
[5.160s] -- Installing: /home/ibrahim/ros2_ws/install/mycobot_gazebo/share/mycobot_gazebo/models/aws_robomaker_residential_SofaC_01
[5.160s] -- Installing: /home/ibrahim/ros2_ws/install/mycobot_gazebo/share/mycobot_gazebo/models/aws_robomaker_residential_SofaC_01/model.sdf
[5.160s] -- Installing: /home/ibrahim/ros2_ws/install/mycobot_gazebo/share/mycobot_gazebo/models/aws_robomaker_residential_SofaC_01/materials
[5.161s] -- Installing: /home/ibrahim/ros2_ws/install/mycobot_gazebo/share/mycobot_gazebo/models/aws_robomaker_residential_SofaC_01/materials/textures
[5.161s] -- Installing: /home/ibrahim/ros2_ws/install/mycobot_gazebo/share/mycobot_gazebo/models/aws_robomaker_residential_SofaC_01/materials/textures/aws_SofaC_01.png
[5.161s] -- Installing: /home/ibrahim/ros2_ws/install/mycobot_gazebo/share/mycobot_gazebo/models/aws_robomaker_residential_SofaC_01/meshes
[5.161s] -- Installing: /home/ibrahim/ros2_ws/install/mycobot_gazebo/share/mycobot_gazebo/models/aws_robomaker_residential_SofaC_01/meshes/aws_SofaC_01_collision.DAE
[5.161s] -- Installing: /home/ibrahim/ros2_ws/install/mycobot_gazebo/share/mycobot_gazebo/models/aws_robomaker_residential_SofaC_01/meshes/aws_SofaC_01_visual.DAE
[5.161s] -- Installing: /home/ibrahim/ros2_ws/install/mycobot_gazebo/share/mycobot_gazebo/models/aws_robomaker_residential_SofaC_01/model.config
[5.161s] -- Installing: /home/ibrahim/ros2_ws/install/mycobot_gazebo/share/mycobot_gazebo/models/aws_robomaker_residential_DeskPortraitD_01
[5.162s] -- Installing: /home/ibrahim/ros2_ws/install/mycobot_gazebo/share/mycobot_gazebo/models/aws_robomaker_residential_DeskPortraitD_01/model.sdf
[5.162s] -- Installing: /home/ibrahim/ros2_ws/install/mycobot_gazebo/share/mycobot_gazebo/models/aws_robomaker_residential_DeskPortraitD_01/materials
[5.162s] -- Installing: /home/ibrahim/ros2_ws/install/mycobot_gazebo/share/mycobot_gazebo/models/aws_robomaker_residential_DeskPortraitD_01/materials/textures
[5.162s] -- Installing: /home/ibrahim/ros2_ws/install/mycobot_gazebo/share/mycobot_gazebo/models/aws_robomaker_residential_DeskPortraitD_01/materials/textures/aws_DeskPortraitD_02.png
[5.162s] -- Installing: /home/ibrahim/ros2_ws/install/mycobot_gazebo/share/mycobot_gazebo/models/aws_robomaker_residential_DeskPortraitD_01/materials/textures/aws_DeskPortraitD_01.png
[5.162s] -- Installing: /home/ibrahim/ros2_ws/install/mycobot_gazebo/share/mycobot_gazebo/models/aws_robomaker_residential_DeskPortraitD_01/materials/textures/DeskPortraitD_01.jpg
[5.162s] -- Installing: /home/ibrahim/ros2_ws/install/mycobot_gazebo/share/mycobot_gazebo/models/aws_robomaker_residential_DeskPortraitD_01/meshes
[5.162s] -- Installing: /home/ibrahim/ros2_ws/install/mycobot_gazebo/share/mycobot_gazebo/models/aws_robomaker_residential_DeskPortraitD_01/meshes/aws_DeskPortraitD_01_collision.DAE
[5.163s] -- Installing: /home/ibrahim/ros2_ws/install/mycobot_gazebo/share/mycobot_gazebo/models/aws_robomaker_residential_DeskPortraitD_01/meshes/aws_DeskPortraitD_01_visual.DAE
[5.163s] -- Installing: /home/ibrahim/ros2_ws/install/mycobot_gazebo/share/mycobot_gazebo/models/aws_robomaker_residential_DeskPortraitD_01/model.config
[5.163s] -- Installing: /home/ibrahim/ros2_ws/install/mycobot_gazebo/share/mycobot_gazebo/models/aws_robomaker_residential_TV_02
[5.163s] -- Installing: /home/ibrahim/ros2_ws/install/mycobot_gazebo/share/mycobot_gazebo/models/aws_robomaker_residential_TV_02/model.sdf
[5.163s] -- Installing: /home/ibrahim/ros2_ws/install/mycobot_gazebo/share/mycobot_gazebo/models/aws_robomaker_residential_TV_02/materials
[5.164s] -- Installing: /home/ibrahim/ros2_ws/install/mycobot_gazebo/share/mycobot_gazebo/models/aws_robomaker_residential_TV_02/materials/textures
[5.164s] -- Installing: /home/ibrahim/ros2_ws/install/mycobot_gazebo/share/mycobot_gazebo/models/aws_robomaker_residential_TV_02/materials/textures/aws_TV_01.png
[5.164s] -- Installing: /home/ibrahim/ros2_ws/install/mycobot_gazebo/share/mycobot_gazebo/models/aws_robomaker_residential_TV_02/meshes
[5.164s] -- Installing: /home/ibrahim/ros2_ws/install/mycobot_gazebo/share/mycobot_gazebo/models/aws_robomaker_residential_TV_02/meshes/aws_TV_01_collision.DAE
[5.164s] -- Installing: /home/ibrahim/ros2_ws/install/mycobot_gazebo/share/mycobot_gazebo/models/aws_robomaker_residential_TV_02/meshes/aws_TV_01_visual.DAE
[5.164s] -- Installing: /home/ibrahim/ros2_ws/install/mycobot_gazebo/share/mycobot_gazebo/models/aws_robomaker_residential_TV_02/model.config
[5.164s] -- Installing: /home/ibrahim/ros2_ws/install/mycobot_gazebo/share/mycobot_gazebo/models/aws_robomaker_residential_FoldingDoor_01
[5.164s] -- Installing: /home/ibrahim/ros2_ws/install/mycobot_gazebo/share/mycobot_gazebo/models/aws_robomaker_residential_FoldingDoor_01/model.sdf
[5.164s] -- Installing: /home/ibrahim/ros2_ws/install/mycobot_gazebo/share/mycobot_gazebo/models/aws_robomaker_residential_FoldingDoor_01/materials
[5.164s] -- Installing: /home/ibrahim/ros2_ws/install/mycobot_gazebo/share/mycobot_gazebo/models/aws_robomaker_residential_FoldingDoor_01/materials/textures
[5.164s] -- Installing: /home/ibrahim/ros2_ws/install/mycobot_gazebo/share/mycobot_gazebo/models/aws_robomaker_residential_FoldingDoor_01/materials/textures/aws_FoldingDoor_01.png
[5.164s] -- Installing: /home/ibrahim/ros2_ws/install/mycobot_gazebo/share/mycobot_gazebo/models/aws_robomaker_residential_FoldingDoor_01/meshes
[5.164s] -- Installing: /home/ibrahim/ros2_ws/install/mycobot_gazebo/share/mycobot_gazebo/models/aws_robomaker_residential_FoldingDoor_01/meshes/aws_FoldingDoor_01_collision.DAE
[5.164s] -- Installing: /home/ibrahim/ros2_ws/install/mycobot_gazebo/share/mycobot_gazebo/models/aws_robomaker_residential_FoldingDoor_01/meshes/aws_FoldingDoor_01_visual.DAE
[5.165s] -- Installing: /home/ibrahim/ros2_ws/install/mycobot_gazebo/share/mycobot_gazebo/models/aws_robomaker_residential_FoldingDoor_01/model.config
[5.165s] -- Installing: /home/ibrahim/ros2_ws/install/mycobot_gazebo/share/mycobot_gazebo/models/aws_robomaker_residential_Handle_01
[5.168s] -- Installing: /home/ibrahim/ros2_ws/install/mycobot_gazebo/share/mycobot_gazebo/models/aws_robomaker_residential_Handle_01/model.sdf
[5.168s] -- Installing: /home/ibrahim/ros2_ws/install/mycobot_gazebo/share/mycobot_gazebo/models/aws_robomaker_residential_Handle_01/materials
[5.168s] -- Installing: /home/ibrahim/ros2_ws/install/mycobot_gazebo/share/mycobot_gazebo/models/aws_robomaker_residential_Handle_01/materials/textures
[5.169s] -- Installing: /home/ibrahim/ros2_ws/install/mycobot_gazebo/share/mycobot_gazebo/models/aws_robomaker_residential_Handle_01/materials/textures/aws_Handle_01.png
[5.169s] -- Installing: /home/ibrahim/ros2_ws/install/mycobot_gazebo/share/mycobot_gazebo/models/aws_robomaker_residential_Handle_01/meshes
[5.169s] -- Installing: /home/ibrahim/ros2_ws/install/mycobot_gazebo/share/mycobot_gazebo/models/aws_robomaker_residential_Handle_01/meshes/aws_Handle_01_visual.DAE
[5.169s] -- Installing: /home/ibrahim/ros2_ws/install/mycobot_gazebo/share/mycobot_gazebo/models/aws_robomaker_residential_Handle_01/meshes/aws_Handle_01_collision.DAE
[5.169s] -- Installing: /home/ibrahim/ros2_ws/install/mycobot_gazebo/share/mycobot_gazebo/models/aws_robomaker_residential_Handle_01/model.config
[5.169s] -- Installing: /home/ibrahim/ros2_ws/install/mycobot_gazebo/share/mycobot_gazebo/models/aws_robomaker_warehouse_ShelfE_01
[5.170s] -- Installing: /home/ibrahim/ros2_ws/install/mycobot_gazebo/share/mycobot_gazebo/models/aws_robomaker_warehouse_ShelfE_01/model.sdf
[5.170s] -- Installing: /home/ibrahim/ros2_ws/install/mycobot_gazebo/share/mycobot_gazebo/models/aws_robomaker_warehouse_ShelfE_01/materials
[5.170s] -- Installing: /home/ibrahim/ros2_ws/install/mycobot_gazebo/share/mycobot_gazebo/models/aws_robomaker_warehouse_ShelfE_01/materials/textures
[5.170s] -- Installing: /home/ibrahim/ros2_ws/install/mycobot_gazebo/share/mycobot_gazebo/models/aws_robomaker_warehouse_ShelfE_01/materials/textures/aws_robomaker_warehouse_ShelfE_01.png
[5.170s] -- Installing: /home/ibrahim/ros2_ws/install/mycobot_gazebo/share/mycobot_gazebo/models/aws_robomaker_warehouse_ShelfE_01/materials/textures/aws_robomaker_warehouse_ShelfE_03.png
[5.170s] -- Installing: /home/ibrahim/ros2_ws/install/mycobot_gazebo/share/mycobot_gazebo/models/aws_robomaker_warehouse_ShelfE_01/materials/textures/aws_robomaker_warehouse_ShelfE_04.png
[5.170s] -- Installing: /home/ibrahim/ros2_ws/install/mycobot_gazebo/share/mycobot_gazebo/models/aws_robomaker_warehouse_ShelfE_01/materials/textures/aws_robomaker_warehouse_ShelfE_02.png
[5.170s] -- Installing: /home/ibrahim/ros2_ws/install/mycobot_gazebo/share/mycobot_gazebo/models/aws_robomaker_warehouse_ShelfE_01/materials/.DS_Store
[5.171s] -- Installing: /home/ibrahim/ros2_ws/install/mycobot_gazebo/share/mycobot_gazebo/models/aws_robomaker_warehouse_ShelfE_01/.DS_Store
[5.171s] -- Installing: /home/ibrahim/ros2_ws/install/mycobot_gazebo/share/mycobot_gazebo/models/aws_robomaker_warehouse_ShelfE_01/meshes
[5.171s] -- Installing: /home/ibrahim/ros2_ws/install/mycobot_gazebo/share/mycobot_gazebo/models/aws_robomaker_warehouse_ShelfE_01/meshes/aws_robomaker_warehouse_ShelfE_01_collision.DAE
[5.171s] -- Installing: /home/ibrahim/ros2_ws/install/mycobot_gazebo/share/mycobot_gazebo/models/aws_robomaker_warehouse_ShelfE_01/meshes/aws_robomaker_warehouse_ShelfE_01_visual.DAE
[5.171s] -- Installing: /home/ibrahim/ros2_ws/install/mycobot_gazebo/share/mycobot_gazebo/models/aws_robomaker_warehouse_ShelfE_01/model.config
[5.171s] -- Installing: /home/ibrahim/ros2_ws/install/mycobot_gazebo/share/mycobot_gazebo/models/aws_robomaker_residential_CoffeeTable_01
[5.171s] -- Installing: /home/ibrahim/ros2_ws/install/mycobot_gazebo/share/mycobot_gazebo/models/aws_robomaker_residential_CoffeeTable_01/model.sdf
[5.171s] -- Installing: /home/ibrahim/ros2_ws/install/mycobot_gazebo/share/mycobot_gazebo/models/aws_robomaker_residential_CoffeeTable_01/materials
[5.171s] -- Installing: /home/ibrahim/ros2_ws/install/mycobot_gazebo/share/mycobot_gazebo/models/aws_robomaker_residential_CoffeeTable_01/materials/textures
[5.172s] -- Installing: /home/ibrahim/ros2_ws/install/mycobot_gazebo/share/mycobot_gazebo/models/aws_robomaker_residential_CoffeeTable_01/materials/textures/aws_CoffeeTable_01.png
[5.172s] -- Installing: /home/ibrahim/ros2_ws/install/mycobot_gazebo/share/mycobot_gazebo/models/aws_robomaker_residential_CoffeeTable_01/meshes
[5.172s] -- Installing: /home/ibrahim/ros2_ws/install/mycobot_gazebo/share/mycobot_gazebo/models/aws_robomaker_residential_CoffeeTable_01/meshes/aws_CoffeeTable_01_visual.DAE
[5.173s] -- Installing: /home/ibrahim/ros2_ws/install/mycobot_gazebo/share/mycobot_gazebo/models/aws_robomaker_residential_CoffeeTable_01/meshes/aws_CoffeeTable_01_collision.DAE
[5.195s] -- Installing: /home/ibrahim/ros2_ws/install/mycobot_gazebo/share/mycobot_gazebo/models/aws_robomaker_residential_CoffeeTable_01/model.config
[5.195s] -- Installing: /home/ibrahim/ros2_ws/install/mycobot_gazebo/share/mycobot_gazebo/models/aws_robomaker_residential_PortraitC_01
[5.196s] -- Installing: /home/ibrahim/ros2_ws/install/mycobot_gazebo/share/mycobot_gazebo/models/aws_robomaker_residential_PortraitC_01/model.sdf
[5.196s] -- Installing: /home/ibrahim/ros2_ws/install/mycobot_gazebo/share/mycobot_gazebo/models/aws_robomaker_residential_PortraitC_01/materials
[5.196s] -- Installing: /home/ibrahim/ros2_ws/install/mycobot_gazebo/share/mycobot_gazebo/models/aws_robomaker_residential_PortraitC_01/materials/textures
[5.196s] -- Installing: /home/ibrahim/ros2_ws/install/mycobot_gazebo/share/mycobot_gazebo/models/aws_robomaker_residential_PortraitC_01/materials/textures/aws_PortraitC_01.png
[5.196s] -- Installing: /home/ibrahim/ros2_ws/install/mycobot_gazebo/share/mycobot_gazebo/models/aws_robomaker_residential_PortraitC_01/materials/textures/PortraitC_01.jpg
[5.197s] -- Installing: /home/ibrahim/ros2_ws/install/mycobot_gazebo/share/mycobot_gazebo/models/aws_robomaker_residential_PortraitC_01/materials/textures/aws_PortraitC_02.png
[5.197s] -- Installing: /home/ibrahim/ros2_ws/install/mycobot_gazebo/share/mycobot_gazebo/models/aws_robomaker_residential_PortraitC_01/meshes
[5.197s] -- Installing: /home/ibrahim/ros2_ws/install/mycobot_gazebo/share/mycobot_gazebo/models/aws_robomaker_residential_PortraitC_01/meshes/aws_PortraitC_01_visual.DAE
[5.197s] -- Installing: /home/ibrahim/ros2_ws/install/mycobot_gazebo/share/mycobot_gazebo/models/aws_robomaker_residential_PortraitC_01/meshes/aws_PortraitC_01_collision.DAE
[5.197s] -- Installing: /home/ibrahim/ros2_ws/install/mycobot_gazebo/share/mycobot_gazebo/models/aws_robomaker_residential_PortraitC_01/model.config
[5.198s] -- Installing: /home/ibrahim/ros2_ws/install/mycobot_gazebo/share/mycobot_gazebo/models/red_cylinder
[5.198s] -- Installing: /home/ibrahim/ros2_ws/install/mycobot_gazebo/share/mycobot_gazebo/models/red_cylinder/model.sdf
[5.198s] -- Installing: /home/ibrahim/ros2_ws/install/mycobot_gazebo/share/mycobot_gazebo/models/red_cylinder/model.config
[5.198s] -- Installing: /home/ibrahim/ros2_ws/install/mycobot_gazebo/share/mycobot_gazebo/models/aws_robomaker_residential_AirconditionerA_01
[5.198s] -- Installing: /home/ibrahim/ros2_ws/install/mycobot_gazebo/share/mycobot_gazebo/models/aws_robomaker_residential_AirconditionerA_01/model.sdf
[5.199s] -- Installing: /home/ibrahim/ros2_ws/install/mycobot_gazebo/share/mycobot_gazebo/models/aws_robomaker_residential_AirconditionerA_01/materials
[5.199s] -- Installing: /home/ibrahim/ros2_ws/install/mycobot_gazebo/share/mycobot_gazebo/models/aws_robomaker_residential_AirconditionerA_01/materials/textures
[5.199s] -- Installing: /home/ibrahim/ros2_ws/install/mycobot_gazebo/share/mycobot_gazebo/models/aws_robomaker_residential_AirconditionerA_01/materials/textures/aws_AirconditionerA_01.png
[5.199s] -- Installing: /home/ibrahim/ros2_ws/install/mycobot_gazebo/share/mycobot_gazebo/models/aws_robomaker_residential_AirconditionerA_01/meshes
[5.199s] -- Installing: /home/ibrahim/ros2_ws/install/mycobot_gazebo/share/mycobot_gazebo/models/aws_robomaker_residential_AirconditionerA_01/meshes/aws_AirconditionerA_01_collision.DAE
[5.200s] -- Installing: /home/ibrahim/ros2_ws/install/mycobot_gazebo/share/mycobot_gazebo/models/aws_robomaker_residential_AirconditionerA_01/meshes/aws_AirconditionerA_01_visual.DAE
[5.200s] -- Installing: /home/ibrahim/ros2_ws/install/mycobot_gazebo/share/mycobot_gazebo/models/aws_robomaker_residential_AirconditionerA_01/model.config
[5.200s] -- Installing: /home/ibrahim/ros2_ws/install/mycobot_gazebo/share/mycobot_gazebo/models/aws_robomaker_residential_Vase_01
[5.200s] -- Installing: /home/ibrahim/ros2_ws/install/mycobot_gazebo/share/mycobot_gazebo/models/aws_robomaker_residential_Vase_01/model.sdf
[5.202s] -- Installing: /home/ibrahim/ros2_ws/install/mycobot_gazebo/share/mycobot_gazebo/models/aws_robomaker_residential_Vase_01/materials
[5.202s] -- Installing: /home/ibrahim/ros2_ws/install/mycobot_gazebo/share/mycobot_gazebo/models/aws_robomaker_residential_Vase_01/materials/textures
[5.202s] -- Installing: /home/ibrahim/ros2_ws/install/mycobot_gazebo/share/mycobot_gazebo/models/aws_robomaker_residential_Vase_01/materials/textures/aws_Vase_01.png
[5.202s] -- Installing: /home/ibrahim/ros2_ws/install/mycobot_gazebo/share/mycobot_gazebo/models/aws_robomaker_residential_Vase_01/meshes
[5.202s] -- Installing: /home/ibrahim/ros2_ws/install/mycobot_gazebo/share/mycobot_gazebo/models/aws_robomaker_residential_Vase_01/meshes/aws_Vase_01_visual.DAE
[5.202s] -- Installing: /home/ibrahim/ros2_ws/install/mycobot_gazebo/share/mycobot_gazebo/models/aws_robomaker_residential_Vase_01/meshes/aws_Vase_01_collision.DAE
[5.203s] -- Installing: /home/ibrahim/ros2_ws/install/mycobot_gazebo/share/mycobot_gazebo/models/aws_robomaker_residential_Vase_01/model.config
[5.203s] -- Installing: /home/ibrahim/ros2_ws/install/mycobot_gazebo/share/mycobot_gazebo/models/aws_robomaker_warehouse_WallB_01
[5.203s] -- Installing: /home/ibrahim/ros2_ws/install/mycobot_gazebo/share/mycobot_gazebo/models/aws_robomaker_warehouse_WallB_01/model.sdf
[5.203s] -- Installing: /home/ibrahim/ros2_ws/install/mycobot_gazebo/share/mycobot_gazebo/models/aws_robomaker_warehouse_WallB_01/materials
[5.203s] -- Installing: /home/ibrahim/ros2_ws/install/mycobot_gazebo/share/mycobot_gazebo/models/aws_robomaker_warehouse_WallB_01/materials/textures
[5.203s] -- Installing: /home/ibrahim/ros2_ws/install/mycobot_gazebo/share/mycobot_gazebo/models/aws_robomaker_warehouse_WallB_01/materials/textures/aws_robomaker_warehouse_WallB_01.png
[5.203s] -- Installing: /home/ibrahim/ros2_ws/install/mycobot_gazebo/share/mycobot_gazebo/models/aws_robomaker_warehouse_WallB_01/meshes
[5.203s] -- Installing: /home/ibrahim/ros2_ws/install/mycobot_gazebo/share/mycobot_gazebo/models/aws_robomaker_warehouse_WallB_01/meshes/aws_robomaker_warehouse_WallB_01_visual.DAE
[5.203s] -- Installing: /home/ibrahim/ros2_ws/install/mycobot_gazebo/share/mycobot_gazebo/models/aws_robomaker_warehouse_WallB_01/meshes/aws_robomaker_warehouse_WallB_01_collision.DAE
[5.203s] -- Installing: /home/ibrahim/ros2_ws/install/mycobot_gazebo/share/mycobot_gazebo/models/aws_robomaker_warehouse_WallB_01/model.config
[5.203s] -- Installing: /home/ibrahim/ros2_ws/install/mycobot_gazebo/share/mycobot_gazebo/models/aws_robomaker_residential_KitchenCabinet_01
[5.203s] -- Installing: /home/ibrahim/ros2_ws/install/mycobot_gazebo/share/mycobot_gazebo/models/aws_robomaker_residential_KitchenCabinet_01/model.sdf
[5.204s] -- Installing: /home/ibrahim/ros2_ws/install/mycobot_gazebo/share/mycobot_gazebo/models/aws_robomaker_residential_KitchenCabinet_01/materials
[5.204s] -- Installing: /home/ibrahim/ros2_ws/install/mycobot_gazebo/share/mycobot_gazebo/models/aws_robomaker_residential_KitchenCabinet_01/materials/textures
[5.205s] -- Installing: /home/ibrahim/ros2_ws/install/mycobot_gazebo/share/mycobot_gazebo/models/aws_robomaker_residential_KitchenCabinet_01/materials/textures/aws_KitchenCabinet_01.png
[5.205s] -- Installing: /home/ibrahim/ros2_ws/install/mycobot_gazebo/share/mycobot_gazebo/models/aws_robomaker_residential_KitchenCabinet_01/meshes
[5.205s] -- Installing: /home/ibrahim/ros2_ws/install/mycobot_gazebo/share/mycobot_gazebo/models/aws_robomaker_residential_KitchenCabinet_01/meshes/aws_KitchenCabinet_01_visual.DAE
[5.205s] -- Installing: /home/ibrahim/ros2_ws/install/mycobot_gazebo/share/mycobot_gazebo/models/aws_robomaker_residential_KitchenCabinet_01/meshes/aws_KitchenCabinet_01_collision.DAE
[5.205s] -- Installing: /home/ibrahim/ros2_ws/install/mycobot_gazebo/share/mycobot_gazebo/models/aws_robomaker_residential_KitchenCabinet_01/model.config
[5.205s] -- Installing: /home/ibrahim/ros2_ws/install/mycobot_gazebo/share/mycobot_gazebo/models/aws_robomaker_warehouse_ClutteringD_01
[5.205s] -- Installing: /home/ibrahim/ros2_ws/install/mycobot_gazebo/share/mycobot_gazebo/models/aws_robomaker_warehouse_ClutteringD_01/model.sdf
[5.206s] -- Installing: /home/ibrahim/ros2_ws/install/mycobot_gazebo/share/mycobot_gazebo/models/aws_robomaker_warehouse_ClutteringD_01/materials
[5.207s] -- Installing: /home/ibrahim/ros2_ws/install/mycobot_gazebo/share/mycobot_gazebo/models/aws_robomaker_warehouse_ClutteringD_01/materials/textures
[5.207s] -- Installing: /home/ibrahim/ros2_ws/install/mycobot_gazebo/share/mycobot_gazebo/models/aws_robomaker_warehouse_ClutteringD_01/materials/textures/aws_robomaker_warehouse_ClutteringD_01.png
[5.207s] -- Installing: /home/ibrahim/ros2_ws/install/mycobot_gazebo/share/mycobot_gazebo/models/aws_robomaker_warehouse_ClutteringD_01/materials/textures/aws_robomaker_warehouse_ClutteringD_02.png
[5.207s] -- Installing: /home/ibrahim/ros2_ws/install/mycobot_gazebo/share/mycobot_gazebo/models/aws_robomaker_warehouse_ClutteringD_01/meshes
[5.207s] -- Installing: /home/ibrahim/ros2_ws/install/mycobot_gazebo/share/mycobot_gazebo/models/aws_robomaker_warehouse_ClutteringD_01/meshes/aws_robomaker_warehouse_ClutteringD_01_visual.DAE
[5.207s] -- Installing: /home/ibrahim/ros2_ws/install/mycobot_gazebo/share/mycobot_gazebo/models/aws_robomaker_warehouse_ClutteringD_01/meshes/aws_robomaker_warehouse_ClutteringD_01_collision.DAE
[5.207s] -- Installing: /home/ibrahim/ros2_ws/install/mycobot_gazebo/share/mycobot_gazebo/models/aws_robomaker_warehouse_ClutteringD_01/model.config
[5.207s] -- Installing: /home/ibrahim/ros2_ws/install/mycobot_gazebo/share/mycobot_gazebo/models/aws_robomaker_residential_TV_01
[5.208s] -- Installing: /home/ibrahim/ros2_ws/install/mycobot_gazebo/share/mycobot_gazebo/models/aws_robomaker_residential_TV_01/model.sdf
[5.208s] -- Installing: /home/ibrahim/ros2_ws/install/mycobot_gazebo/share/mycobot_gazebo/models/aws_robomaker_residential_TV_01/materials
[5.208s] -- Installing: /home/ibrahim/ros2_ws/install/mycobot_gazebo/share/mycobot_gazebo/models/aws_robomaker_residential_TV_01/materials/textures
[5.208s] -- Installing: /home/ibrahim/ros2_ws/install/mycobot_gazebo/share/mycobot_gazebo/models/aws_robomaker_residential_TV_01/materials/textures/aws_TV_01.png
[5.209s] -- Installing: /home/ibrahim/ros2_ws/install/mycobot_gazebo/share/mycobot_gazebo/models/aws_robomaker_residential_TV_01/meshes
[5.209s] -- Installing: /home/ibrahim/ros2_ws/install/mycobot_gazebo/share/mycobot_gazebo/models/aws_robomaker_residential_TV_01/meshes/aws_TV_01_collision.DAE
[5.209s] -- Installing: /home/ibrahim/ros2_ws/install/mycobot_gazebo/share/mycobot_gazebo/models/aws_robomaker_residential_TV_01/meshes/aws_TV_01_visual.DAE
[5.210s] -- Installing: /home/ibrahim/ros2_ws/install/mycobot_gazebo/share/mycobot_gazebo/models/aws_robomaker_residential_TV_01/model.config
[5.210s] -- Installing: /home/ibrahim/ros2_ws/install/mycobot_gazebo/share/mycobot_gazebo/models/aws_robomaker_residential_Quilt_01
[5.210s] -- Installing: /home/ibrahim/ros2_ws/install/mycobot_gazebo/share/mycobot_gazebo/models/aws_robomaker_residential_Quilt_01/model.sdf
[5.210s] -- Installing: /home/ibrahim/ros2_ws/install/mycobot_gazebo/share/mycobot_gazebo/models/aws_robomaker_residential_Quilt_01/materials
[5.210s] -- Installing: /home/ibrahim/ros2_ws/install/mycobot_gazebo/share/mycobot_gazebo/models/aws_robomaker_residential_Quilt_01/materials/textures
[5.210s] -- Installing: /home/ibrahim/ros2_ws/install/mycobot_gazebo/share/mycobot_gazebo/models/aws_robomaker_residential_Quilt_01/materials/textures/aws_Quilt_01.png
[5.210s] -- Installing: /home/ibrahim/ros2_ws/install/mycobot_gazebo/share/mycobot_gazebo/models/aws_robomaker_residential_Quilt_01/meshes
[5.210s] -- Installing: /home/ibrahim/ros2_ws/install/mycobot_gazebo/share/mycobot_gazebo/models/aws_robomaker_residential_Quilt_01/meshes/aws_Quilt_01_visual.DAE
[5.210s] -- Installing: /home/ibrahim/ros2_ws/install/mycobot_gazebo/share/mycobot_gazebo/models/aws_robomaker_residential_Quilt_01/meshes/aws_Quilt_01_collision.DAE
[5.210s] -- Installing: /home/ibrahim/ros2_ws/install/mycobot_gazebo/share/mycobot_gazebo/models/aws_robomaker_residential_Quilt_01/model.config
[5.210s] -- Installing: /home/ibrahim/ros2_ws/install/mycobot_gazebo/share/mycobot_gazebo/models/aws_robomaker_residential_Dumbbell_01
[5.210s] -- Installing: /home/ibrahim/ros2_ws/install/mycobot_gazebo/share/mycobot_gazebo/models/aws_robomaker_residential_Dumbbell_01/model.sdf
[5.210s] -- Installing: /home/ibrahim/ros2_ws/install/mycobot_gazebo/share/mycobot_gazebo/models/aws_robomaker_residential_Dumbbell_01/materials
[5.210s] -- Installing: /home/ibrahim/ros2_ws/install/mycobot_gazebo/share/mycobot_gazebo/models/aws_robomaker_residential_Dumbbell_01/materials/textures
[5.211s] -- Installing: /home/ibrahim/ros2_ws/install/mycobot_gazebo/share/mycobot_gazebo/models/aws_robomaker_residential_Dumbbell_01/materials/textures/aws_Dumbbell_01.png
[5.211s] -- Installing: /home/ibrahim/ros2_ws/install/mycobot_gazebo/share/mycobot_gazebo/models/aws_robomaker_residential_Dumbbell_01/meshes
[5.211s] -- Installing: /home/ibrahim/ros2_ws/install/mycobot_gazebo/share/mycobot_gazebo/models/aws_robomaker_residential_Dumbbell_01/meshes/aws_Dumbbell_01_collision.DAE
[5.211s] -- Installing: /home/ibrahim/ros2_ws/install/mycobot_gazebo/share/mycobot_gazebo/models/aws_robomaker_residential_Dumbbell_01/meshes/aws_Dumbbell_01_visual.DAE
[5.211s] -- Installing: /home/ibrahim/ros2_ws/install/mycobot_gazebo/share/mycobot_gazebo/models/aws_robomaker_residential_Dumbbell_01/model.config
[5.211s] -- Installing: /home/ibrahim/ros2_ws/install/mycobot_gazebo/share/mycobot_gazebo/models/aws_robomaker_residential_DeskPortraitD_04
[5.211s] -- Installing: /home/ibrahim/ros2_ws/install/mycobot_gazebo/share/mycobot_gazebo/models/aws_robomaker_residential_DeskPortraitD_04/model.sdf
[5.211s] -- Installing: /home/ibrahim/ros2_ws/install/mycobot_gazebo/share/mycobot_gazebo/models/aws_robomaker_residential_DeskPortraitD_04/materials
[5.211s] -- Installing: /home/ibrahim/ros2_ws/install/mycobot_gazebo/share/mycobot_gazebo/models/aws_robomaker_residential_DeskPortraitD_04/materials/textures
[5.211s] -- Installing: /home/ibrahim/ros2_ws/install/mycobot_gazebo/share/mycobot_gazebo/models/aws_robomaker_residential_DeskPortraitD_04/materials/textures/aws_DeskPortraitD_02.png
[5.211s] -- Installing: /home/ibrahim/ros2_ws/install/mycobot_gazebo/share/mycobot_gazebo/models/aws_robomaker_residential_DeskPortraitD_04/materials/textures/DeskPortraitD_04.jpg
[5.211s] -- Installing: /home/ibrahim/ros2_ws/install/mycobot_gazebo/share/mycobot_gazebo/models/aws_robomaker_residential_DeskPortraitD_04/materials/textures/aws_DeskPortraitD_01.png
[5.211s] -- Installing: /home/ibrahim/ros2_ws/install/mycobot_gazebo/share/mycobot_gazebo/models/aws_robomaker_residential_DeskPortraitD_04/meshes
[5.211s] -- Installing: /home/ibrahim/ros2_ws/install/mycobot_gazebo/share/mycobot_gazebo/models/aws_robomaker_residential_DeskPortraitD_04/meshes/aws_DeskPortraitD_01_collision.DAE
[5.211s] -- Installing: /home/ibrahim/ros2_ws/install/mycobot_gazebo/share/mycobot_gazebo/models/aws_robomaker_residential_DeskPortraitD_04/meshes/aws_DeskPortraitD_01_visual.DAE
[5.211s] -- Installing: /home/ibrahim/ros2_ws/install/mycobot_gazebo/share/mycobot_gazebo/models/aws_robomaker_residential_DeskPortraitD_04/model.config
[5.212s] -- Installing: /home/ibrahim/ros2_ws/install/mycobot_gazebo/share/mycobot_gazebo/models/sun
[5.212s] -- Installing: /home/ibrahim/ros2_ws/install/mycobot_gazebo/share/mycobot_gazebo/models/sun/model.sdf
[5.212s] -- Installing: /home/ibrahim/ros2_ws/install/mycobot_gazebo/share/mycobot_gazebo/models/sun/model-1_3.sdf
[5.212s] -- Installing: /home/ibrahim/ros2_ws/install/mycobot_gazebo/share/mycobot_gazebo/models/sun/model-1_2.sdf
[5.212s] -- Installing: /home/ibrahim/ros2_ws/install/mycobot_gazebo/share/mycobot_gazebo/models/sun/model-1_4.sdf
[5.212s] -- Installing: /home/ibrahim/ros2_ws/install/mycobot_gazebo/share/mycobot_gazebo/models/sun/model.config
[5.212s] -- Installing: /home/ibrahim/ros2_ws/install/mycobot_gazebo/share/mycobot_gazebo/models/aws_robomaker_residential_Wardrobe_01
[5.212s] -- Installing: /home/ibrahim/ros2_ws/install/mycobot_gazebo/share/mycobot_gazebo/models/aws_robomaker_residential_Wardrobe_01/model.sdf
[5.212s] -- Installing: /home/ibrahim/ros2_ws/install/mycobot_gazebo/share/mycobot_gazebo/models/aws_robomaker_residential_Wardrobe_01/materials
[5.212s] -- Installing: /home/ibrahim/ros2_ws/install/mycobot_gazebo/share/mycobot_gazebo/models/aws_robomaker_residential_Wardrobe_01/materials/textures
[5.212s] -- Installing: /home/ibrahim/ros2_ws/install/mycobot_gazebo/share/mycobot_gazebo/models/aws_robomaker_residential_Wardrobe_01/materials/textures/aws_Wardrobe_01.png
[5.212s] -- Installing: /home/ibrahim/ros2_ws/install/mycobot_gazebo/share/mycobot_gazebo/models/aws_robomaker_residential_Wardrobe_01/meshes
[5.212s] -- Installing: /home/ibrahim/ros2_ws/install/mycobot_gazebo/share/mycobot_gazebo/models/aws_robomaker_residential_Wardrobe_01/meshes/aws_Wardrobe_01_collision.DAE
[5.212s] -- Installing: /home/ibrahim/ros2_ws/install/mycobot_gazebo/share/mycobot_gazebo/models/aws_robomaker_residential_Wardrobe_01/meshes/aws_Wardrobe_01_visual.DAE
[5.212s] -- Installing: /home/ibrahim/ros2_ws/install/mycobot_gazebo/share/mycobot_gazebo/models/aws_robomaker_residential_Wardrobe_01/model.config
[5.212s] -- Installing: /home/ibrahim/ros2_ws/install/mycobot_gazebo/share/mycobot_gazebo/models/aws_robomaker_residential_Bed_01
[5.212s] -- Installing: /home/ibrahim/ros2_ws/install/mycobot_gazebo/share/mycobot_gazebo/models/aws_robomaker_residential_Bed_01/model.sdf
[5.213s] -- Installing: /home/ibrahim/ros2_ws/install/mycobot_gazebo/share/mycobot_gazebo/models/aws_robomaker_residential_Bed_01/materials
[5.213s] -- Installing: /home/ibrahim/ros2_ws/install/mycobot_gazebo/share/mycobot_gazebo/models/aws_robomaker_residential_Bed_01/materials/textures
[5.213s] -- Installing: /home/ibrahim/ros2_ws/install/mycobot_gazebo/share/mycobot_gazebo/models/aws_robomaker_residential_Bed_01/materials/textures/aws_BedC_01.png
[5.213s] -- Installing: /home/ibrahim/ros2_ws/install/mycobot_gazebo/share/mycobot_gazebo/models/aws_robomaker_residential_Bed_01/materials/textures/aws_BedB_01.png
[5.213s] -- Installing: /home/ibrahim/ros2_ws/install/mycobot_gazebo/share/mycobot_gazebo/models/aws_robomaker_residential_Bed_01/materials/textures/aws_BedA_01.png
[5.213s] -- Installing: /home/ibrahim/ros2_ws/install/mycobot_gazebo/share/mycobot_gazebo/models/aws_robomaker_residential_Bed_01/materials/textures/aws_Bed_01.png
[5.213s] -- Installing: /home/ibrahim/ros2_ws/install/mycobot_gazebo/share/mycobot_gazebo/models/aws_robomaker_residential_Bed_01/meshes
[5.213s] -- Installing: /home/ibrahim/ros2_ws/install/mycobot_gazebo/share/mycobot_gazebo/models/aws_robomaker_residential_Bed_01/meshes/aws_Bed_01_collision.DAE
[5.213s] -- Installing: /home/ibrahim/ros2_ws/install/mycobot_gazebo/share/mycobot_gazebo/models/aws_robomaker_residential_Bed_01/meshes/aws_Bed_01_visual.DAE
[5.213s] -- Installing: /home/ibrahim/ros2_ws/install/mycobot_gazebo/share/mycobot_gazebo/models/aws_robomaker_residential_Bed_01/model.config
[5.213s] -- Installing: /home/ibrahim/ros2_ws/install/mycobot_gazebo/share/mycobot_gazebo/models/aws_robomaker_residential_Board_01
[5.213s] -- Installing: /home/ibrahim/ros2_ws/install/mycobot_gazebo/share/mycobot_gazebo/models/aws_robomaker_residential_Board_01/model.sdf
[5.213s] -- Installing: /home/ibrahim/ros2_ws/install/mycobot_gazebo/share/mycobot_gazebo/models/aws_robomaker_residential_Board_01/materials
[5.213s] -- Installing: /home/ibrahim/ros2_ws/install/mycobot_gazebo/share/mycobot_gazebo/models/aws_robomaker_residential_Board_01/materials/textures
[5.213s] -- Installing: /home/ibrahim/ros2_ws/install/mycobot_gazebo/share/mycobot_gazebo/models/aws_robomaker_residential_Board_01/materials/textures/aws_Board_01.png
[5.213s] -- Installing: /home/ibrahim/ros2_ws/install/mycobot_gazebo/share/mycobot_gazebo/models/aws_robomaker_residential_Board_01/meshes
[5.213s] -- Installing: /home/ibrahim/ros2_ws/install/mycobot_gazebo/share/mycobot_gazebo/models/aws_robomaker_residential_Board_01/meshes/aws_Board_01_visual.DAE
[5.213s] -- Installing: /home/ibrahim/ros2_ws/install/mycobot_gazebo/share/mycobot_gazebo/models/aws_robomaker_residential_Board_01/meshes/aws_Board_01_collision.DAE
[5.213s] -- Installing: /home/ibrahim/ros2_ws/install/mycobot_gazebo/share/mycobot_gazebo/models/aws_robomaker_residential_Board_01/model.config
[5.214s] -- Installing: /home/ibrahim/ros2_ws/install/mycobot_gazebo/share/mycobot_gazebo/models/aws_robomaker_residential_ChairA_01
[5.214s] -- Installing: /home/ibrahim/ros2_ws/install/mycobot_gazebo/share/mycobot_gazebo/models/aws_robomaker_residential_ChairA_01/model.sdf
[5.214s] -- Installing: /home/ibrahim/ros2_ws/install/mycobot_gazebo/share/mycobot_gazebo/models/aws_robomaker_residential_ChairA_01/materials
[5.214s] -- Installing: /home/ibrahim/ros2_ws/install/mycobot_gazebo/share/mycobot_gazebo/models/aws_robomaker_residential_ChairA_01/materials/textures
[5.214s] -- Installing: /home/ibrahim/ros2_ws/install/mycobot_gazebo/share/mycobot_gazebo/models/aws_robomaker_residential_ChairA_01/materials/textures/aws_ChairA_01.png
[5.214s] -- Installing: /home/ibrahim/ros2_ws/install/mycobot_gazebo/share/mycobot_gazebo/models/aws_robomaker_residential_ChairA_01/meshes
[5.214s] -- Installing: /home/ibrahim/ros2_ws/install/mycobot_gazebo/share/mycobot_gazebo/models/aws_robomaker_residential_ChairA_01/meshes/aws_ChairA_01_visual.DAE
[5.214s] -- Installing: /home/ibrahim/ros2_ws/install/mycobot_gazebo/share/mycobot_gazebo/models/aws_robomaker_residential_ChairA_01/meshes/aws_ChairA_01_collision.DAE
[5.214s] -- Installing: /home/ibrahim/ros2_ws/install/mycobot_gazebo/share/mycobot_gazebo/models/aws_robomaker_residential_ChairA_01/model.config
[5.214s] -- Installing: /home/ibrahim/ros2_ws/install/mycobot_gazebo/share/mycobot_gazebo/models/aws_robomaker_residential_Chandelier_01
[5.214s] -- Installing: /home/ibrahim/ros2_ws/install/mycobot_gazebo/share/mycobot_gazebo/models/aws_robomaker_residential_Chandelier_01/model.sdf
[5.214s] -- Installing: /home/ibrahim/ros2_ws/install/mycobot_gazebo/share/mycobot_gazebo/models/aws_robomaker_residential_Chandelier_01/materials
[5.214s] -- Installing: /home/ibrahim/ros2_ws/install/mycobot_gazebo/share/mycobot_gazebo/models/aws_robomaker_residential_Chandelier_01/materials/textures
[5.214s] -- Installing: /home/ibrahim/ros2_ws/install/mycobot_gazebo/share/mycobot_gazebo/models/aws_robomaker_residential_Chandelier_01/materials/textures/aws_Chandelier_01.png
[5.214s] -- Installing: /home/ibrahim/ros2_ws/install/mycobot_gazebo/share/mycobot_gazebo/models/aws_robomaker_residential_Chandelier_01/meshes
[5.214s] -- Installing: /home/ibrahim/ros2_ws/install/mycobot_gazebo/share/mycobot_gazebo/models/aws_robomaker_residential_Chandelier_01/meshes/aws_Chandelier_01.DAE
[5.215s] -- Installing: /home/ibrahim/ros2_ws/install/mycobot_gazebo/share/mycobot_gazebo/models/aws_robomaker_residential_Chandelier_01/meshes/aws_Chandelier_01_collision.DAE
[5.215s] -- Installing: /home/ibrahim/ros2_ws/install/mycobot_gazebo/share/mycobot_gazebo/models/aws_robomaker_residential_Chandelier_01/meshes/aws_Chandelier_01_visual.DAE
[5.215s] -- Installing: /home/ibrahim/ros2_ws/install/mycobot_gazebo/share/mycobot_gazebo/models/aws_robomaker_residential_Chandelier_01/model.config
[5.215s] -- Installing: /home/ibrahim/ros2_ws/install/mycobot_gazebo/share/mycobot_gazebo/models/aws_robomaker_residential_KitchenTable_01
[5.215s] -- Installing: /home/ibrahim/ros2_ws/install/mycobot_gazebo/share/mycobot_gazebo/models/aws_robomaker_residential_KitchenTable_01/model.sdf
[5.215s] -- Installing: /home/ibrahim/ros2_ws/install/mycobot_gazebo/share/mycobot_gazebo/models/aws_robomaker_residential_KitchenTable_01/materials
[5.215s] -- Installing: /home/ibrahim/ros2_ws/install/mycobot_gazebo/share/mycobot_gazebo/models/aws_robomaker_residential_KitchenTable_01/materials/textures
[5.215s] -- Installing: /home/ibrahim/ros2_ws/install/mycobot_gazebo/share/mycobot_gazebo/models/aws_robomaker_residential_KitchenTable_01/materials/textures/aws_KitchenTable_01.png
[5.215s] -- Installing: /home/ibrahim/ros2_ws/install/mycobot_gazebo/share/mycobot_gazebo/models/aws_robomaker_residential_KitchenTable_01/meshes
[5.215s] -- Installing: /home/ibrahim/ros2_ws/install/mycobot_gazebo/share/mycobot_gazebo/models/aws_robomaker_residential_KitchenTable_01/meshes/aws_KitchenTable_01_visual.DAE
[5.216s] -- Installing: /home/ibrahim/ros2_ws/install/mycobot_gazebo/share/mycobot_gazebo/models/aws_robomaker_residential_KitchenTable_01/meshes/aws_KitchenTable_01_collision.DAE
[5.216s] -- Installing: /home/ibrahim/ros2_ws/install/mycobot_gazebo/share/mycobot_gazebo/models/aws_robomaker_residential_KitchenTable_01/model.config
[5.216s] -- Installing: /home/ibrahim/ros2_ws/install/mycobot_gazebo/share/mycobot_gazebo/models/aws_robomaker_residential_FoldingDoor_02
[5.217s] -- Installing: /home/ibrahim/ros2_ws/install/mycobot_gazebo/share/mycobot_gazebo/models/aws_robomaker_residential_FoldingDoor_02/model.sdf
[5.219s] -- Installing: /home/ibrahim/ros2_ws/install/mycobot_gazebo/share/mycobot_gazebo/models/aws_robomaker_residential_FoldingDoor_02/materials
[5.219s] -- Installing: /home/ibrahim/ros2_ws/install/mycobot_gazebo/share/mycobot_gazebo/models/aws_robomaker_residential_FoldingDoor_02/materials/textures
[5.220s] -- Installing: /home/ibrahim/ros2_ws/install/mycobot_gazebo/share/mycobot_gazebo/models/aws_robomaker_residential_FoldingDoor_02/materials/textures/aws_FoldingDoor_02.png
[5.220s] -- Installing: /home/ibrahim/ros2_ws/install/mycobot_gazebo/share/mycobot_gazebo/models/aws_robomaker_residential_FoldingDoor_02/meshes
[5.220s] -- Installing: /home/ibrahim/ros2_ws/install/mycobot_gazebo/share/mycobot_gazebo/models/aws_robomaker_residential_FoldingDoor_02/meshes/aws_FoldingDoor_02_collision.DAE
[5.220s] -- Installing: /home/ibrahim/ros2_ws/install/mycobot_gazebo/share/mycobot_gazebo/models/aws_robomaker_residential_FoldingDoor_02/meshes/aws_FoldingDoor_02_visual.DAE
[5.220s] -- Installing: /home/ibrahim/ros2_ws/install/mycobot_gazebo/share/mycobot_gazebo/models/aws_robomaker_residential_FoldingDoor_02/model.config
[5.220s] -- Installing: /home/ibrahim/ros2_ws/install/mycobot_gazebo/share/mycobot_gazebo/models/aws_robomaker_warehouse_DeskC_01
[5.220s] -- Installing: /home/ibrahim/ros2_ws/install/mycobot_gazebo/share/mycobot_gazebo/models/aws_robomaker_warehouse_DeskC_01/model.sdf
[5.220s] -- Installing: /home/ibrahim/ros2_ws/install/mycobot_gazebo/share/mycobot_gazebo/models/aws_robomaker_warehouse_DeskC_01/materials
[5.220s] -- Installing: /home/ibrahim/ros2_ws/install/mycobot_gazebo/share/mycobot_gazebo/models/aws_robomaker_warehouse_DeskC_01/materials/textures
[5.220s] -- Installing: /home/ibrahim/ros2_ws/install/mycobot_gazebo/share/mycobot_gazebo/models/aws_robomaker_warehouse_DeskC_01/materials/textures/aws_robomaker_warehouse_DeskC_01.png
[5.220s] -- Installing: /home/ibrahim/ros2_ws/install/mycobot_gazebo/share/mycobot_gazebo/models/aws_robomaker_warehouse_DeskC_01/materials/textures/aws_robomaker_warehouse_DeskC_03.png
[5.220s] -- Installing: /home/ibrahim/ros2_ws/install/mycobot_gazebo/share/mycobot_gazebo/models/aws_robomaker_warehouse_DeskC_01/materials/textures/aws_robomaker_warehouse_DeskC_04.png
[5.220s] -- Installing: /home/ibrahim/ros2_ws/install/mycobot_gazebo/share/mycobot_gazebo/models/aws_robomaker_warehouse_DeskC_01/materials/textures/aws_robomaker_warehouse_DeskC_02.png
[5.220s] -- Installing: /home/ibrahim/ros2_ws/install/mycobot_gazebo/share/mycobot_gazebo/models/aws_robomaker_warehouse_DeskC_01/materials/textures/aws_robomaker_warehouse_DeskC_03.psd
[5.221s] -- Installing: /home/ibrahim/ros2_ws/install/mycobot_gazebo/share/mycobot_gazebo/models/aws_robomaker_warehouse_DeskC_01/materials/.DS_Store
[5.221s] -- Installing: /home/ibrahim/ros2_ws/install/mycobot_gazebo/share/mycobot_gazebo/models/aws_robomaker_warehouse_DeskC_01/meshes
[5.221s] -- Installing: /home/ibrahim/ros2_ws/install/mycobot_gazebo/share/mycobot_gazebo/models/aws_robomaker_warehouse_DeskC_01/meshes/aws_robomaker_warehouse_DeskC_01_collision.DAE
[5.221s] -- Installing: /home/ibrahim/ros2_ws/install/mycobot_gazebo/share/mycobot_gazebo/models/aws_robomaker_warehouse_DeskC_01/meshes/aws_robomaker_warehouse_DeskC_01_visual.DAE
[5.221s] -- Installing: /home/ibrahim/ros2_ws/install/mycobot_gazebo/share/mycobot_gazebo/models/aws_robomaker_warehouse_DeskC_01/model.config
[5.221s] -- Installing: /home/ibrahim/ros2_ws/install/mycobot_gazebo/share/mycobot_gazebo/models/aws_robomaker_residential_BalconyTable_01
[5.221s] -- Installing: /home/ibrahim/ros2_ws/install/mycobot_gazebo/share/mycobot_gazebo/models/aws_robomaker_residential_BalconyTable_01/model.sdf
[5.221s] -- Installing: /home/ibrahim/ros2_ws/install/mycobot_gazebo/share/mycobot_gazebo/models/aws_robomaker_residential_BalconyTable_01/materials
[5.221s] -- Installing: /home/ibrahim/ros2_ws/install/mycobot_gazebo/share/mycobot_gazebo/models/aws_robomaker_residential_BalconyTable_01/materials/textures
[5.221s] -- Installing: /home/ibrahim/ros2_ws/install/mycobot_gazebo/share/mycobot_gazebo/models/aws_robomaker_residential_BalconyTable_01/materials/textures/aws_BalconyTable_01.png
[5.221s] -- Installing: /home/ibrahim/ros2_ws/install/mycobot_gazebo/share/mycobot_gazebo/models/aws_robomaker_residential_BalconyTable_01/meshes
[5.221s] -- Installing: /home/ibrahim/ros2_ws/install/mycobot_gazebo/share/mycobot_gazebo/models/aws_robomaker_residential_BalconyTable_01/meshes/aws_BalconyTable_01_visual.DAE
[5.221s] -- Installing: /home/ibrahim/ros2_ws/install/mycobot_gazebo/share/mycobot_gazebo/models/aws_robomaker_residential_BalconyTable_01/meshes/aws_BalconyTable_01_collision.DAE
[5.221s] -- Installing: /home/ibrahim/ros2_ws/install/mycobot_gazebo/share/mycobot_gazebo/models/aws_robomaker_residential_BalconyTable_01/model.config
[5.221s] -- Installing: /home/ibrahim/ros2_ws/install/mycobot_gazebo/share/mycobot_gazebo/models/aws_robomaker_warehouse_Bucket_01
[5.221s] -- Installing: /home/ibrahim/ros2_ws/install/mycobot_gazebo/share/mycobot_gazebo/models/aws_robomaker_warehouse_Bucket_01/model.sdf
[5.222s] -- Installing: /home/ibrahim/ros2_ws/install/mycobot_gazebo/share/mycobot_gazebo/models/aws_robomaker_warehouse_Bucket_01/materials
[5.222s] -- Installing: /home/ibrahim/ros2_ws/install/mycobot_gazebo/share/mycobot_gazebo/models/aws_robomaker_warehouse_Bucket_01/materials/textures
[5.222s] -- Installing: /home/ibrahim/ros2_ws/install/mycobot_gazebo/share/mycobot_gazebo/models/aws_robomaker_warehouse_Bucket_01/materials/textures/aws_robomaker_warehouse_Bucket_01.png
[5.223s] -- Installing: /home/ibrahim/ros2_ws/install/mycobot_gazebo/share/mycobot_gazebo/models/aws_robomaker_warehouse_Bucket_01/materials/.DS_Store
[5.223s] -- Installing: /home/ibrahim/ros2_ws/install/mycobot_gazebo/share/mycobot_gazebo/models/aws_robomaker_warehouse_Bucket_01/.DS_Store
[5.223s] -- Installing: /home/ibrahim/ros2_ws/install/mycobot_gazebo/share/mycobot_gazebo/models/aws_robomaker_warehouse_Bucket_01/meshes
[5.223s] -- Installing: /home/ibrahim/ros2_ws/install/mycobot_gazebo/share/mycobot_gazebo/models/aws_robomaker_warehouse_Bucket_01/meshes/aws_robomaker_warehouse_Bucket_01_collision.DAE
[5.223s] -- Installing: /home/ibrahim/ros2_ws/install/mycobot_gazebo/share/mycobot_gazebo/models/aws_robomaker_warehouse_Bucket_01/meshes/aws_robomaker_warehouse_Bucket_01_visual.DAE
[5.225s] -- Installing: /home/ibrahim/ros2_ws/install/mycobot_gazebo/share/mycobot_gazebo/models/aws_robomaker_warehouse_Bucket_01/model.config
[5.225s] -- Installing: /home/ibrahim/ros2_ws/install/mycobot_gazebo/share/mycobot_gazebo/models/aws_robomaker_residential_FitnessEquipment_01
[5.225s] -- Installing: /home/ibrahim/ros2_ws/install/mycobot_gazebo/share/mycobot_gazebo/models/aws_robomaker_residential_FitnessEquipment_01/model.sdf
[5.225s] -- Installing: /home/ibrahim/ros2_ws/install/mycobot_gazebo/share/mycobot_gazebo/models/aws_robomaker_residential_FitnessEquipment_01/materials
[5.225s] -- Installing: /home/ibrahim/ros2_ws/install/mycobot_gazebo/share/mycobot_gazebo/models/aws_robomaker_residential_FitnessEquipment_01/materials/textures
[5.225s] -- Installing: /home/ibrahim/ros2_ws/install/mycobot_gazebo/share/mycobot_gazebo/models/aws_robomaker_residential_FitnessEquipment_01/materials/textures/aws_FitnessEquipment_01.png
[5.227s] -- Installing: /home/ibrahim/ros2_ws/install/mycobot_gazebo/share/mycobot_gazebo/models/aws_robomaker_residential_FitnessEquipment_01/meshes
[5.227s] -- Installing: /home/ibrahim/ros2_ws/install/mycobot_gazebo/share/mycobot_gazebo/models/aws_robomaker_residential_FitnessEquipment_01/meshes/aws_FitnessEquipment_01_collision.DAE
[5.227s] -- Installing: /home/ibrahim/ros2_ws/install/mycobot_gazebo/share/mycobot_gazebo/models/aws_robomaker_residential_FitnessEquipment_01/meshes/aws_FitnessEquipment_01_visual.DAE
[5.227s] -- Installing: /home/ibrahim/ros2_ws/install/mycobot_gazebo/share/mycobot_gazebo/models/aws_robomaker_residential_FitnessEquipment_01/model.config
[5.227s] -- Installing: /home/ibrahim/ros2_ws/install/mycobot_gazebo/share/mycobot_gazebo/models/aws_robomaker_residential_Refrigerator_01
[5.228s] -- Installing: /home/ibrahim/ros2_ws/install/mycobot_gazebo/share/mycobot_gazebo/models/aws_robomaker_residential_Refrigerator_01/model.sdf
[5.228s] -- Installing: /home/ibrahim/ros2_ws/install/mycobot_gazebo/share/mycobot_gazebo/models/aws_robomaker_residential_Refrigerator_01/materials
[5.228s] -- Installing: /home/ibrahim/ros2_ws/install/mycobot_gazebo/share/mycobot_gazebo/models/aws_robomaker_residential_Refrigerator_01/materials/textures
[5.228s] -- Installing: /home/ibrahim/ros2_ws/install/mycobot_gazebo/share/mycobot_gazebo/models/aws_robomaker_residential_Refrigerator_01/materials/textures/aws_Refrigerator_02.png
[5.228s] -- Installing: /home/ibrahim/ros2_ws/install/mycobot_gazebo/share/mycobot_gazebo/models/aws_robomaker_residential_Refrigerator_01/materials/textures/aws_Refrigerator_01.png
[5.229s] -- Installing: /home/ibrahim/ros2_ws/install/mycobot_gazebo/share/mycobot_gazebo/models/aws_robomaker_residential_Refrigerator_01/meshes
[5.229s] -- Installing: /home/ibrahim/ros2_ws/install/mycobot_gazebo/share/mycobot_gazebo/models/aws_robomaker_residential_Refrigerator_01/meshes/aws_Refrigerator_01_visual.DAE
[5.229s] -- Installing: /home/ibrahim/ros2_ws/install/mycobot_gazebo/share/mycobot_gazebo/models/aws_robomaker_residential_Refrigerator_01/meshes/aws_Refrigerator_01_collision.DAE
[5.229s] -- Installing: /home/ibrahim/ros2_ws/install/mycobot_gazebo/share/mycobot_gazebo/models/aws_robomaker_residential_Refrigerator_01/meshes/aws_Refrigerator_01.DAE
[5.229s] -- Installing: /home/ibrahim/ros2_ws/install/mycobot_gazebo/share/mycobot_gazebo/models/aws_robomaker_residential_Refrigerator_01/model.config
[5.230s] -- Installing: /home/ibrahim/ros2_ws/install/mycobot_gazebo/share/mycobot_gazebo/models/aws_robomaker_warehouse_ClutteringC_01
[5.230s] -- Installing: /home/ibrahim/ros2_ws/install/mycobot_gazebo/share/mycobot_gazebo/models/aws_robomaker_warehouse_ClutteringC_01/model.sdf
[5.230s] -- Installing: /home/ibrahim/ros2_ws/install/mycobot_gazebo/share/mycobot_gazebo/models/aws_robomaker_warehouse_ClutteringC_01/materials
[5.231s] -- Installing: /home/ibrahim/ros2_ws/install/mycobot_gazebo/share/mycobot_gazebo/models/aws_robomaker_warehouse_ClutteringC_01/materials/textures
[5.231s] -- Installing: /home/ibrahim/ros2_ws/install/mycobot_gazebo/share/mycobot_gazebo/models/aws_robomaker_warehouse_ClutteringC_01/materials/textures/aws_robomaker_warehouse_ClutteringC_02.png
[5.239s] -- Installing: /home/ibrahim/ros2_ws/install/mycobot_gazebo/share/mycobot_gazebo/models/aws_robomaker_warehouse_ClutteringC_01/materials/textures/aws_robomaker_warehouse_ClutteringC_01.png
[5.240s] -- Installing: /home/ibrahim/ros2_ws/install/mycobot_gazebo/share/mycobot_gazebo/models/aws_robomaker_warehouse_ClutteringC_01/meshes
[5.240s] -- Installing: /home/ibrahim/ros2_ws/install/mycobot_gazebo/share/mycobot_gazebo/models/aws_robomaker_warehouse_ClutteringC_01/meshes/aws_robomaker_warehouse_ClutteringC_01_collision.DAE
[5.240s] -- Installing: /home/ibrahim/ros2_ws/install/mycobot_gazebo/share/mycobot_gazebo/models/aws_robomaker_warehouse_ClutteringC_01/meshes/aws_robomaker_warehouse_ClutteringC_01_visual.DAE
[5.240s] -- Installing: /home/ibrahim/ros2_ws/install/mycobot_gazebo/share/mycobot_gazebo/models/aws_robomaker_warehouse_ClutteringC_01/model.config
[5.240s] -- Installing: /home/ibrahim/ros2_ws/install/mycobot_gazebo/share/mycobot_gazebo/models/aws_robomaker_residential_HouseWallB_01
[5.240s] -- Installing: /home/ibrahim/ros2_ws/install/mycobot_gazebo/share/mycobot_gazebo/models/aws_robomaker_residential_HouseWallB_01/model.sdf
[5.240s] -- Installing: /home/ibrahim/ros2_ws/install/mycobot_gazebo/share/mycobot_gazebo/models/aws_robomaker_residential_HouseWallB_01/materials
[5.240s] -- Installing: /home/ibrahim/ros2_ws/install/mycobot_gazebo/share/mycobot_gazebo/models/aws_robomaker_residential_HouseWallB_01/materials/textures
[5.240s] -- Installing: /home/ibrahim/ros2_ws/install/mycobot_gazebo/share/mycobot_gazebo/models/aws_robomaker_residential_HouseWallB_01/materials/textures/aws_HouseWallB_01.png
[5.240s] -- Installing: /home/ibrahim/ros2_ws/install/mycobot_gazebo/share/mycobot_gazebo/models/aws_robomaker_residential_HouseWallB_01/meshes
[5.241s] -- Installing: /home/ibrahim/ros2_ws/install/mycobot_gazebo/share/mycobot_gazebo/models/aws_robomaker_residential_HouseWallB_01/meshes/aws_HouseWallB_01_collision.DAE
[5.241s] -- Installing: /home/ibrahim/ros2_ws/install/mycobot_gazebo/share/mycobot_gazebo/models/aws_robomaker_residential_HouseWallB_01/meshes/aws_HouseWallB_01_visual.DAE
[5.241s] -- Installing: /home/ibrahim/ros2_ws/install/mycobot_gazebo/share/mycobot_gazebo/models/aws_robomaker_residential_HouseWallB_01/model.config
[5.241s] -- Installing: /home/ibrahim/ros2_ws/install/mycobot_gazebo/share/mycobot_gazebo/models/aws_robomaker_residential_Tablet_01
[5.241s] -- Installing: /home/ibrahim/ros2_ws/install/mycobot_gazebo/share/mycobot_gazebo/models/aws_robomaker_residential_Tablet_01/model.sdf
[5.241s] -- Installing: /home/ibrahim/ros2_ws/install/mycobot_gazebo/share/mycobot_gazebo/models/aws_robomaker_residential_Tablet_01/materials
[5.241s] -- Installing: /home/ibrahim/ros2_ws/install/mycobot_gazebo/share/mycobot_gazebo/models/aws_robomaker_residential_Tablet_01/materials/textures
[5.241s] -- Installing: /home/ibrahim/ros2_ws/install/mycobot_gazebo/share/mycobot_gazebo/models/aws_robomaker_residential_Tablet_01/materials/textures/aws_Tablet_01_nologo.png
[5.241s] -- Installing: /home/ibrahim/ros2_ws/install/mycobot_gazebo/share/mycobot_gazebo/models/aws_robomaker_residential_Tablet_01/materials/.DS_Store
[5.241s] -- Installing: /home/ibrahim/ros2_ws/install/mycobot_gazebo/share/mycobot_gazebo/models/aws_robomaker_residential_Tablet_01/.DS_Store
[5.241s] -- Installing: /home/ibrahim/ros2_ws/install/mycobot_gazebo/share/mycobot_gazebo/models/aws_robomaker_residential_Tablet_01/meshes
[5.241s] -- Installing: /home/ibrahim/ros2_ws/install/mycobot_gazebo/share/mycobot_gazebo/models/aws_robomaker_residential_Tablet_01/meshes/aws_Tablet_01_collision.DAE
[5.241s] -- Installing: /home/ibrahim/ros2_ws/install/mycobot_gazebo/share/mycobot_gazebo/models/aws_robomaker_residential_Tablet_01/meshes/aws_Tablet_01_visual.DAE
[5.241s] -- Installing: /home/ibrahim/ros2_ws/install/mycobot_gazebo/share/mycobot_gazebo/models/aws_robomaker_residential_Tablet_01/model.config
[5.241s] -- Installing: /home/ibrahim/ros2_ws/install/mycobot_gazebo/share/mycobot_gazebo/models/aws_robomaker_residential_ShoeRack_01
[5.242s] -- Installing: /home/ibrahim/ros2_ws/install/mycobot_gazebo/share/mycobot_gazebo/models/aws_robomaker_residential_ShoeRack_01/model.sdf
[5.242s] -- Installing: /home/ibrahim/ros2_ws/install/mycobot_gazebo/share/mycobot_gazebo/models/aws_robomaker_residential_ShoeRack_01/materials
[5.242s] -- Installing: /home/ibrahim/ros2_ws/install/mycobot_gazebo/share/mycobot_gazebo/models/aws_robomaker_residential_ShoeRack_01/materials/textures
[5.242s] -- Installing: /home/ibrahim/ros2_ws/install/mycobot_gazebo/share/mycobot_gazebo/models/aws_robomaker_residential_ShoeRack_01/materials/textures/aws_ShoeRack_01.png
[5.242s] -- Installing: /home/ibrahim/ros2_ws/install/mycobot_gazebo/share/mycobot_gazebo/models/aws_robomaker_residential_ShoeRack_01/meshes
[5.242s] -- Installing: /home/ibrahim/ros2_ws/install/mycobot_gazebo/share/mycobot_gazebo/models/aws_robomaker_residential_ShoeRack_01/meshes/aws_ShoeRack_01_visual.DAE
[5.242s] -- Installing: /home/ibrahim/ros2_ws/install/mycobot_gazebo/share/mycobot_gazebo/models/aws_robomaker_residential_ShoeRack_01/meshes/aws_ShoeRack_01_collision.DAE
[5.242s] -- Installing: /home/ibrahim/ros2_ws/install/mycobot_gazebo/share/mycobot_gazebo/models/aws_robomaker_residential_ShoeRack_01/model.config
[5.242s] -- Installing: /home/ibrahim/ros2_ws/install/mycobot_gazebo/share/mycobot_gazebo/models/aws_robomaker_residential_Sofa_01
[5.242s] -- Installing: /home/ibrahim/ros2_ws/install/mycobot_gazebo/share/mycobot_gazebo/models/aws_robomaker_residential_Sofa_01/model.sdf
[5.242s] -- Installing: /home/ibrahim/ros2_ws/install/mycobot_gazebo/share/mycobot_gazebo/models/aws_robomaker_residential_Sofa_01/materials
[5.242s] -- Installing: /home/ibrahim/ros2_ws/install/mycobot_gazebo/share/mycobot_gazebo/models/aws_robomaker_residential_Sofa_01/materials/textures
[5.243s] -- Installing: /home/ibrahim/ros2_ws/install/mycobot_gazebo/share/mycobot_gazebo/models/aws_robomaker_residential_Sofa_01/materials/textures/aws_Sofa_01.png
[5.243s] -- Installing: /home/ibrahim/ros2_ws/install/mycobot_gazebo/share/mycobot_gazebo/models/aws_robomaker_residential_Sofa_01/meshes
[5.243s] -- Installing: /home/ibrahim/ros2_ws/install/mycobot_gazebo/share/mycobot_gazebo/models/aws_robomaker_residential_Sofa_01/meshes/aws_Sofa_01_collision.DAE
[5.245s] -- Installing: /home/ibrahim/ros2_ws/install/mycobot_gazebo/share/mycobot_gazebo/models/aws_robomaker_residential_Sofa_01/meshes/aws_Sofa_01.DAE
[5.245s] -- Installing: /home/ibrahim/ros2_ws/install/mycobot_gazebo/share/mycobot_gazebo/models/aws_robomaker_residential_Sofa_01/meshes/aws_Sofa_01_visual.DAE
[5.245s] -- Installing: /home/ibrahim/ros2_ws/install/mycobot_gazebo/share/mycobot_gazebo/models/aws_robomaker_residential_Sofa_01/model.config
[5.245s] -- Installing: /home/ibrahim/ros2_ws/install/mycobot_gazebo/share/mycobot_gazebo/models/aws_robomaker_residential_LightC_01
[5.245s] -- Installing: /home/ibrahim/ros2_ws/install/mycobot_gazebo/share/mycobot_gazebo/models/aws_robomaker_residential_LightC_01/model.sdf
[5.245s] -- Installing: /home/ibrahim/ros2_ws/install/mycobot_gazebo/share/mycobot_gazebo/models/aws_robomaker_residential_LightC_01/materials
[5.245s] -- Installing: /home/ibrahim/ros2_ws/install/mycobot_gazebo/share/mycobot_gazebo/models/aws_robomaker_residential_LightC_01/materials/textures
[5.245s] -- Installing: /home/ibrahim/ros2_ws/install/mycobot_gazebo/share/mycobot_gazebo/models/aws_robomaker_residential_LightC_01/materials/textures/aws_LightC_01.png
[5.245s] -- Installing: /home/ibrahim/ros2_ws/install/mycobot_gazebo/share/mycobot_gazebo/models/aws_robomaker_residential_LightC_01/meshes
[5.245s] -- Installing: /home/ibrahim/ros2_ws/install/mycobot_gazebo/share/mycobot_gazebo/models/aws_robomaker_residential_LightC_01/meshes/aws_LightC_01_collision.DAE
[5.245s] -- Installing: /home/ibrahim/ros2_ws/install/mycobot_gazebo/share/mycobot_gazebo/models/aws_robomaker_residential_LightC_01/meshes/aws_LightC_01_visual.DAE
[5.245s] -- Installing: /home/ibrahim/ros2_ws/install/mycobot_gazebo/share/mycobot_gazebo/models/aws_robomaker_residential_LightC_01/model.config
[5.246s] -- Installing: /home/ibrahim/ros2_ws/install/mycobot_gazebo/share/mycobot_gazebo/models/aws_robomaker_residential_NightStand_01
[5.246s] -- Installing: /home/ibrahim/ros2_ws/install/mycobot_gazebo/share/mycobot_gazebo/models/aws_robomaker_residential_NightStand_01/model.sdf
[5.246s] -- Installing: /home/ibrahim/ros2_ws/install/mycobot_gazebo/share/mycobot_gazebo/models/aws_robomaker_residential_NightStand_01/materials
[5.246s] -- Installing: /home/ibrahim/ros2_ws/install/mycobot_gazebo/share/mycobot_gazebo/models/aws_robomaker_residential_NightStand_01/materials/textures
[5.246s] -- Installing: /home/ibrahim/ros2_ws/install/mycobot_gazebo/share/mycobot_gazebo/models/aws_robomaker_residential_NightStand_01/materials/textures/aws_NightStand_01.png
[5.246s] -- Installing: /home/ibrahim/ros2_ws/install/mycobot_gazebo/share/mycobot_gazebo/models/aws_robomaker_residential_NightStand_01/meshes
[5.246s] -- Installing: /home/ibrahim/ros2_ws/install/mycobot_gazebo/share/mycobot_gazebo/models/aws_robomaker_residential_NightStand_01/meshes/aws_NightStand_01_visual.DAE
[5.246s] -- Installing: /home/ibrahim/ros2_ws/install/mycobot_gazebo/share/mycobot_gazebo/models/aws_robomaker_residential_NightStand_01/meshes/aws_NightStand_01_collision.DAE
[5.246s] -- Installing: /home/ibrahim/ros2_ws/install/mycobot_gazebo/share/mycobot_gazebo/models/aws_robomaker_residential_NightStand_01/model.config
[5.246s] -- Installing: /home/ibrahim/ros2_ws/install/mycobot_gazebo/share/mycobot_gazebo/models/aws_robomaker_residential_DeskPortraitA_01
[5.246s] -- Installing: /home/ibrahim/ros2_ws/install/mycobot_gazebo/share/mycobot_gazebo/models/aws_robomaker_residential_DeskPortraitA_01/model.sdf
[5.246s] -- Installing: /home/ibrahim/ros2_ws/install/mycobot_gazebo/share/mycobot_gazebo/models/aws_robomaker_residential_DeskPortraitA_01/materials
[5.247s] -- Installing: /home/ibrahim/ros2_ws/install/mycobot_gazebo/share/mycobot_gazebo/models/aws_robomaker_residential_DeskPortraitA_01/materials/textures
[5.247s] -- Installing: /home/ibrahim/ros2_ws/install/mycobot_gazebo/share/mycobot_gazebo/models/aws_robomaker_residential_DeskPortraitA_01/materials/textures/DeskPortraitA_01.jpg
[5.247s] -- Installing: /home/ibrahim/ros2_ws/install/mycobot_gazebo/share/mycobot_gazebo/models/aws_robomaker_residential_DeskPortraitA_01/materials/textures/aws_DeskPortraitA_01.png
[5.247s] -- Installing: /home/ibrahim/ros2_ws/install/mycobot_gazebo/share/mycobot_gazebo/models/aws_robomaker_residential_DeskPortraitA_01/materials/textures/aws_DeskPortraitA_02.png
[5.247s] -- Installing: /home/ibrahim/ros2_ws/install/mycobot_gazebo/share/mycobot_gazebo/models/aws_robomaker_residential_DeskPortraitA_01/meshes
[5.248s] -- Installing: /home/ibrahim/ros2_ws/install/mycobot_gazebo/share/mycobot_gazebo/models/aws_robomaker_residential_DeskPortraitA_01/meshes/aws_DeskPortraitA_01_collision.DAE
[5.248s] -- Installing: /home/ibrahim/ros2_ws/install/mycobot_gazebo/share/mycobot_gazebo/models/aws_robomaker_residential_DeskPortraitA_01/meshes/aws_DeskPortraitA_01_visual.DAE
[5.248s] -- Installing: /home/ibrahim/ros2_ws/install/mycobot_gazebo/share/mycobot_gazebo/models/aws_robomaker_residential_DeskPortraitA_01/model.config
[5.248s] -- Installing: /home/ibrahim/ros2_ws/install/mycobot_gazebo/share/mycobot_gazebo/models/aws_robomaker_residential_Ball_01
[5.248s] -- Installing: /home/ibrahim/ros2_ws/install/mycobot_gazebo/share/mycobot_gazebo/models/aws_robomaker_residential_Ball_01/model.sdf
[5.249s] -- Installing: /home/ibrahim/ros2_ws/install/mycobot_gazebo/share/mycobot_gazebo/models/aws_robomaker_residential_Ball_01/materials
[5.249s] -- Installing: /home/ibrahim/ros2_ws/install/mycobot_gazebo/share/mycobot_gazebo/models/aws_robomaker_residential_Ball_01/materials/textures
[5.249s] -- Installing: /home/ibrahim/ros2_ws/install/mycobot_gazebo/share/mycobot_gazebo/models/aws_robomaker_residential_Ball_01/materials/textures/aws_Ball_01.png
[5.249s] -- Installing: /home/ibrahim/ros2_ws/install/mycobot_gazebo/share/mycobot_gazebo/models/aws_robomaker_residential_Ball_01/meshes
[5.250s] -- Installing: /home/ibrahim/ros2_ws/install/mycobot_gazebo/share/mycobot_gazebo/models/aws_robomaker_residential_Ball_01/meshes/aws_Ball_01_visual.DAE
[5.250s] -- Installing: /home/ibrahim/ros2_ws/install/mycobot_gazebo/share/mycobot_gazebo/models/aws_robomaker_residential_Ball_01/meshes/aws_Ball_01_collision.DAE
[5.250s] -- Installing: /home/ibrahim/ros2_ws/install/mycobot_gazebo/share/mycobot_gazebo/models/aws_robomaker_residential_Ball_01/model.config
[5.250s] -- Installing: /home/ibrahim/ros2_ws/install/mycobot_gazebo/share/mycobot_gazebo/models/cheezit_big_original
[5.250s] -- Installing: /home/ibrahim/ros2_ws/install/mycobot_gazebo/share/mycobot_gazebo/models/cheezit_big_original/model.sdf
[5.250s] -- Installing: /home/ibrahim/ros2_ws/install/mycobot_gazebo/share/mycobot_gazebo/models/cheezit_big_original/meshes
[5.250s] -- Installing: /home/ibrahim/ros2_ws/install/mycobot_gazebo/share/mycobot_gazebo/models/cheezit_big_original/meshes/cheezit_big_original.dae
[5.250s] -- Installing: /home/ibrahim/ros2_ws/install/mycobot_gazebo/share/mycobot_gazebo/models/cheezit_big_original/meshes/cheez_tex_0.jpg
[5.250s] -- Installing: /home/ibrahim/ros2_ws/install/mycobot_gazebo/share/mycobot_gazebo/models/cheezit_big_original/model.config
[5.250s] -- Installing: /home/ibrahim/ros2_ws/install/mycobot_gazebo/share/mycobot_gazebo/models/aws_robomaker_residential_RoomCeiling_01
[5.251s] -- Installing: /home/ibrahim/ros2_ws/install/mycobot_gazebo/share/mycobot_gazebo/models/aws_robomaker_residential_RoomCeiling_01/model.sdf
[5.251s] -- Installing: /home/ibrahim/ros2_ws/install/mycobot_gazebo/share/mycobot_gazebo/models/aws_robomaker_residential_RoomCeiling_01/materials
[5.251s] -- Installing: /home/ibrahim/ros2_ws/install/mycobot_gazebo/share/mycobot_gazebo/models/aws_robomaker_residential_RoomCeiling_01/materials/textures
[5.251s] -- Installing: /home/ibrahim/ros2_ws/install/mycobot_gazebo/share/mycobot_gazebo/models/aws_robomaker_residential_RoomCeiling_01/materials/textures/aws_RoomCeiling_01.png
[5.251s] -- Installing: /home/ibrahim/ros2_ws/install/mycobot_gazebo/share/mycobot_gazebo/models/aws_robomaker_residential_RoomCeiling_01/meshes
[5.251s] -- Installing: /home/ibrahim/ros2_ws/install/mycobot_gazebo/share/mycobot_gazebo/models/aws_robomaker_residential_RoomCeiling_01/meshes/aws_RoomCeiling_01_visual.DAE
[5.251s] -- Installing: /home/ibrahim/ros2_ws/install/mycobot_gazebo/share/mycobot_gazebo/models/aws_robomaker_residential_RoomCeiling_01/meshes/aws_RoomCeiling_01_collision.DAE
[5.252s] -- Installing: /home/ibrahim/ros2_ws/install/mycobot_gazebo/share/mycobot_gazebo/models/aws_robomaker_residential_RoomCeiling_01/model.config
[5.252s] -- Installing: /home/ibrahim/ros2_ws/install/mycobot_gazebo/share/mycobot_gazebo/models/aws_robomaker_residential_Tableware_01
[5.252s] -- Installing: /home/ibrahim/ros2_ws/install/mycobot_gazebo/share/mycobot_gazebo/models/aws_robomaker_residential_Tableware_01/model.sdf
[5.252s] -- Installing: /home/ibrahim/ros2_ws/install/mycobot_gazebo/share/mycobot_gazebo/models/aws_robomaker_residential_Tableware_01/materials
[5.252s] -- Installing: /home/ibrahim/ros2_ws/install/mycobot_gazebo/share/mycobot_gazebo/models/aws_robomaker_residential_Tableware_01/materials/textures
[5.252s] -- Installing: /home/ibrahim/ros2_ws/install/mycobot_gazebo/share/mycobot_gazebo/models/aws_robomaker_residential_Tableware_01/materials/textures/aws_Tableware_01.png
[5.252s] -- Installing: /home/ibrahim/ros2_ws/install/mycobot_gazebo/share/mycobot_gazebo/models/aws_robomaker_residential_Tableware_01/meshes
[5.252s] -- Installing: /home/ibrahim/ros2_ws/install/mycobot_gazebo/share/mycobot_gazebo/models/aws_robomaker_residential_Tableware_01/meshes/aws_Tableware_01_collision.DAE
[5.252s] -- Installing: /home/ibrahim/ros2_ws/install/mycobot_gazebo/share/mycobot_gazebo/models/aws_robomaker_residential_Tableware_01/meshes/aws_Tableware_01_visual.DAE
[5.252s] -- Installing: /home/ibrahim/ros2_ws/install/mycobot_gazebo/share/mycobot_gazebo/models/aws_robomaker_residential_Tableware_01/model.config
[5.252s] -- Installing: /home/ibrahim/ros2_ws/install/mycobot_gazebo/share/mycobot_gazebo/models/mustard
[5.252s] -- Installing: /home/ibrahim/ros2_ws/install/mycobot_gazebo/share/mycobot_gazebo/models/mustard/model.sdf
[5.252s] -- Installing: /home/ibrahim/ros2_ws/install/mycobot_gazebo/share/mycobot_gazebo/models/mustard/materials
[5.252s] -- Installing: /home/ibrahim/ros2_ws/install/mycobot_gazebo/share/mycobot_gazebo/models/mustard/materials/textures
[5.252s] -- Installing: /home/ibrahim/ros2_ws/install/mycobot_gazebo/share/mycobot_gazebo/models/mustard/materials/textures/optimized_tsdf_texture_mapped_mesh.png
[5.253s] -- Installing: /home/ibrahim/ros2_ws/install/mycobot_gazebo/share/mycobot_gazebo/models/mustard/materials/scripts
[5.253s] -- Installing: /home/ibrahim/ros2_ws/install/mycobot_gazebo/share/mycobot_gazebo/models/mustard/materials/scripts/mustard.material
[5.253s] -- Installing: /home/ibrahim/ros2_ws/install/mycobot_gazebo/share/mycobot_gazebo/models/mustard/meshes
[5.253s] -- Installing: /home/ibrahim/ros2_ws/install/mycobot_gazebo/share/mycobot_gazebo/models/mustard/meshes/texture_map.png
[5.255s] -- Installing: /home/ibrahim/ros2_ws/install/mycobot_gazebo/share/mycobot_gazebo/models/mustard/meshes/mustard.dae
[5.258s] -- Installing: /home/ibrahim/ros2_ws/install/mycobot_gazebo/share/mycobot_gazebo/models/mustard/model.config
[5.258s] -- Installing: /home/ibrahim/ros2_ws/install/mycobot_gazebo/share/mycobot_gazebo/models/aws_robomaker_residential_SofaB_01
[5.258s] -- Installing: /home/ibrahim/ros2_ws/install/mycobot_gazebo/share/mycobot_gazebo/models/aws_robomaker_residential_SofaB_01/model.sdf
[5.258s] -- Installing: /home/ibrahim/ros2_ws/install/mycobot_gazebo/share/mycobot_gazebo/models/aws_robomaker_residential_SofaB_01/materials
[5.259s] -- Installing: /home/ibrahim/ros2_ws/install/mycobot_gazebo/share/mycobot_gazebo/models/aws_robomaker_residential_SofaB_01/materials/textures
[5.259s] -- Installing: /home/ibrahim/ros2_ws/install/mycobot_gazebo/share/mycobot_gazebo/models/aws_robomaker_residential_SofaB_01/materials/textures/aws_SofaB_01.png
[5.259s] -- Installing: /home/ibrahim/ros2_ws/install/mycobot_gazebo/share/mycobot_gazebo/models/aws_robomaker_residential_SofaB_01/meshes
[5.259s] -- Installing: /home/ibrahim/ros2_ws/install/mycobot_gazebo/share/mycobot_gazebo/models/aws_robomaker_residential_SofaB_01/meshes/aws_SofaB_01_collision.DAE
[5.259s] -- Installing: /home/ibrahim/ros2_ws/install/mycobot_gazebo/share/mycobot_gazebo/models/aws_robomaker_residential_SofaB_01/meshes/aws_SofaB_01_visual.DAE
[5.259s] -- Installing: /home/ibrahim/ros2_ws/install/mycobot_gazebo/share/mycobot_gazebo/models/aws_robomaker_residential_SofaB_01/model.config
[5.260s] -- Installing: /home/ibrahim/ros2_ws/install/mycobot_gazebo/share/mycobot_gazebo/models/aws_robomaker_residential_PortraitE_01
[5.260s] -- Installing: /home/ibrahim/ros2_ws/install/mycobot_gazebo/share/mycobot_gazebo/models/aws_robomaker_residential_PortraitE_01/model.sdf
[5.260s] -- Installing: /home/ibrahim/ros2_ws/install/mycobot_gazebo/share/mycobot_gazebo/models/aws_robomaker_residential_PortraitE_01/materials
[5.260s] -- Installing: /home/ibrahim/ros2_ws/install/mycobot_gazebo/share/mycobot_gazebo/models/aws_robomaker_residential_PortraitE_01/materials/textures
[5.260s] -- Installing: /home/ibrahim/ros2_ws/install/mycobot_gazebo/share/mycobot_gazebo/models/aws_robomaker_residential_PortraitE_01/materials/textures/aws_PortraitE_02.png
[5.261s] -- Installing: /home/ibrahim/ros2_ws/install/mycobot_gazebo/share/mycobot_gazebo/models/aws_robomaker_residential_PortraitE_01/materials/textures/PortraitE_01.jpg
[5.261s] -- Installing: /home/ibrahim/ros2_ws/install/mycobot_gazebo/share/mycobot_gazebo/models/aws_robomaker_residential_PortraitE_01/materials/textures/aws_PortraitE_01.png
[5.262s] -- Installing: /home/ibrahim/ros2_ws/install/mycobot_gazebo/share/mycobot_gazebo/models/aws_robomaker_residential_PortraitE_01/meshes
[5.262s] -- Installing: /home/ibrahim/ros2_ws/install/mycobot_gazebo/share/mycobot_gazebo/models/aws_robomaker_residential_PortraitE_01/meshes/aws_PortraitE_01_visual.DAE
[5.262s] -- Installing: /home/ibrahim/ros2_ws/install/mycobot_gazebo/share/mycobot_gazebo/models/aws_robomaker_residential_PortraitE_01/meshes/aws_PortraitE_01_collision.DAE
[5.262s] -- Installing: /home/ibrahim/ros2_ws/install/mycobot_gazebo/share/mycobot_gazebo/models/aws_robomaker_residential_PortraitE_01/model.config
[5.262s] -- Installing: /home/ibrahim/ros2_ws/install/mycobot_gazebo/share/mycobot_gazebo/models/aws_robomaker_residential_Door_01
[5.262s] -- Installing: /home/ibrahim/ros2_ws/install/mycobot_gazebo/share/mycobot_gazebo/models/aws_robomaker_residential_Door_01/model.sdf
[5.262s] -- Installing: /home/ibrahim/ros2_ws/install/mycobot_gazebo/share/mycobot_gazebo/models/aws_robomaker_residential_Door_01/materials
[5.262s] -- Installing: /home/ibrahim/ros2_ws/install/mycobot_gazebo/share/mycobot_gazebo/models/aws_robomaker_residential_Door_01/materials/textures
[5.262s] -- Installing: /home/ibrahim/ros2_ws/install/mycobot_gazebo/share/mycobot_gazebo/models/aws_robomaker_residential_Door_01/materials/textures/aws_Door_01.png
[5.264s] -- Installing: /home/ibrahim/ros2_ws/install/mycobot_gazebo/share/mycobot_gazebo/models/aws_robomaker_residential_Door_01/meshes
[5.264s] -- Installing: /home/ibrahim/ros2_ws/install/mycobot_gazebo/share/mycobot_gazebo/models/aws_robomaker_residential_Door_01/meshes/aws_Door_01_collision.DAE
[5.264s] -- Installing: /home/ibrahim/ros2_ws/install/mycobot_gazebo/share/mycobot_gazebo/models/aws_robomaker_residential_Door_01/meshes/aws_Door_01_visual.DAE
[5.264s] -- Installing: /home/ibrahim/ros2_ws/install/mycobot_gazebo/share/mycobot_gazebo/models/aws_robomaker_residential_Door_01/model.config
[5.265s] -- Installing: /home/ibrahim/ros2_ws/install/mycobot_gazebo/share/mycobot_gazebo/models/ground_plane
[5.265s] -- Installing: /home/ibrahim/ros2_ws/install/mycobot_gazebo/share/mycobot_gazebo/models/ground_plane/model.sdf
[5.265s] -- Installing: /home/ibrahim/ros2_ws/install/mycobot_gazebo/share/mycobot_gazebo/models/ground_plane/model-1_3.sdf
[5.265s] -- Installing: /home/ibrahim/ros2_ws/install/mycobot_gazebo/share/mycobot_gazebo/models/ground_plane/model-1_2.sdf
[5.265s] -- Installing: /home/ibrahim/ros2_ws/install/mycobot_gazebo/share/mycobot_gazebo/models/ground_plane/model-1_4.sdf
[5.265s] -- Installing: /home/ibrahim/ros2_ws/install/mycobot_gazebo/share/mycobot_gazebo/models/ground_plane/model.config
[5.265s] -- Installing: /home/ibrahim/ros2_ws/install/mycobot_gazebo/share/mycobot_gazebo/models/aws_robomaker_residential_DeskPortraitB_01
[5.265s] -- Installing: /home/ibrahim/ros2_ws/install/mycobot_gazebo/share/mycobot_gazebo/models/aws_robomaker_residential_DeskPortraitB_01/model.sdf
[5.266s] -- Installing: /home/ibrahim/ros2_ws/install/mycobot_gazebo/share/mycobot_gazebo/models/aws_robomaker_residential_DeskPortraitB_01/materials
[5.266s] -- Installing: /home/ibrahim/ros2_ws/install/mycobot_gazebo/share/mycobot_gazebo/models/aws_robomaker_residential_DeskPortraitB_01/materials/textures
[5.266s] -- Installing: /home/ibrahim/ros2_ws/install/mycobot_gazebo/share/mycobot_gazebo/models/aws_robomaker_residential_DeskPortraitB_01/materials/textures/aws_DeskPortraitB_02.png
[5.267s] -- Installing: /home/ibrahim/ros2_ws/install/mycobot_gazebo/share/mycobot_gazebo/models/aws_robomaker_residential_DeskPortraitB_01/materials/textures/aws_DeskPortraitB_01.png
[5.267s] -- Installing: /home/ibrahim/ros2_ws/install/mycobot_gazebo/share/mycobot_gazebo/models/aws_robomaker_residential_DeskPortraitB_01/materials/textures/DeskPortraitB_01.jpg
[5.267s] -- Installing: /home/ibrahim/ros2_ws/install/mycobot_gazebo/share/mycobot_gazebo/models/aws_robomaker_residential_DeskPortraitB_01/meshes
[5.268s] -- Installing: /home/ibrahim/ros2_ws/install/mycobot_gazebo/share/mycobot_gazebo/models/aws_robomaker_residential_DeskPortraitB_01/meshes/aws_DeskPortraitB_01_visual.DAE
[5.269s] -- Installing: /home/ibrahim/ros2_ws/install/mycobot_gazebo/share/mycobot_gazebo/models/aws_robomaker_residential_DeskPortraitB_01/meshes/aws_DeskPortraitB_01_collision.DAE
[5.269s] -- Installing: /home/ibrahim/ros2_ws/install/mycobot_gazebo/share/mycobot_gazebo/models/aws_robomaker_residential_DeskPortraitB_01/model.config
[5.269s] -- Installing: /home/ibrahim/ros2_ws/install/mycobot_gazebo/share/mycobot_gazebo/models/aws_robomaker_residential_ReadingDesk_01
[5.269s] -- Installing: /home/ibrahim/ros2_ws/install/mycobot_gazebo/share/mycobot_gazebo/models/aws_robomaker_residential_ReadingDesk_01/model.sdf
[5.269s] -- Installing: /home/ibrahim/ros2_ws/install/mycobot_gazebo/share/mycobot_gazebo/models/aws_robomaker_residential_ReadingDesk_01/materials
[5.270s] -- Installing: /home/ibrahim/ros2_ws/install/mycobot_gazebo/share/mycobot_gazebo/models/aws_robomaker_residential_ReadingDesk_01/materials/textures
[5.270s] -- Installing: /home/ibrahim/ros2_ws/install/mycobot_gazebo/share/mycobot_gazebo/models/aws_robomaker_residential_ReadingDesk_01/materials/textures/aws_ReadingDesk_01.png
[5.273s] -- Installing: /home/ibrahim/ros2_ws/install/mycobot_gazebo/share/mycobot_gazebo/models/aws_robomaker_residential_ReadingDesk_01/meshes
[5.273s] -- Installing: /home/ibrahim/ros2_ws/install/mycobot_gazebo/share/mycobot_gazebo/models/aws_robomaker_residential_ReadingDesk_01/meshes/aws_ReadingDesk_01_visual.DAE
[5.273s] -- Installing: /home/ibrahim/ros2_ws/install/mycobot_gazebo/share/mycobot_gazebo/models/aws_robomaker_residential_ReadingDesk_01/meshes/aws_ReadingDesk_01_collision.DAE
[5.273s] -- Installing: /home/ibrahim/ros2_ws/install/mycobot_gazebo/share/mycobot_gazebo/models/aws_robomaker_residential_ReadingDesk_01/model.config
[5.273s] -- Installing: /home/ibrahim/ros2_ws/install/mycobot_gazebo/share/mycobot_gazebo/models/aws_robomaker_residential_Curtain_01
[5.273s] -- Installing: /home/ibrahim/ros2_ws/install/mycobot_gazebo/share/mycobot_gazebo/models/aws_robomaker_residential_Curtain_01/model.sdf
[5.274s] -- Installing: /home/ibrahim/ros2_ws/install/mycobot_gazebo/share/mycobot_gazebo/models/aws_robomaker_residential_Curtain_01/materials
[5.274s] -- Installing: /home/ibrahim/ros2_ws/install/mycobot_gazebo/share/mycobot_gazebo/models/aws_robomaker_residential_Curtain_01/materials/textures
[5.274s] -- Installing: /home/ibrahim/ros2_ws/install/mycobot_gazebo/share/mycobot_gazebo/models/aws_robomaker_residential_Curtain_01/materials/textures/aws_Curtain_01.png
[5.274s] -- Installing: /home/ibrahim/ros2_ws/install/mycobot_gazebo/share/mycobot_gazebo/models/aws_robomaker_residential_Curtain_01/meshes
[5.274s] -- Installing: /home/ibrahim/ros2_ws/install/mycobot_gazebo/share/mycobot_gazebo/models/aws_robomaker_residential_Curtain_01/meshes/aws_Curtain_01_collision.DAE
[5.274s] -- Installing: /home/ibrahim/ros2_ws/install/mycobot_gazebo/share/mycobot_gazebo/models/aws_robomaker_residential_Curtain_01/meshes/aws_Curtain_01_visual.DAE
[5.275s] -- Installing: /home/ibrahim/ros2_ws/install/mycobot_gazebo/share/mycobot_gazebo/models/aws_robomaker_residential_Curtain_01/model.config
[5.275s] -- Installing: /home/ibrahim/ros2_ws/install/mycobot_gazebo/share/mycobot_gazebo/models/aws_robomaker_warehouse_RoofB_01
[5.275s] -- Installing: /home/ibrahim/ros2_ws/install/mycobot_gazebo/share/mycobot_gazebo/models/aws_robomaker_warehouse_RoofB_01/model.sdf
[5.275s] -- Installing: /home/ibrahim/ros2_ws/install/mycobot_gazebo/share/mycobot_gazebo/models/aws_robomaker_warehouse_RoofB_01/materials
[5.275s] -- Installing: /home/ibrahim/ros2_ws/install/mycobot_gazebo/share/mycobot_gazebo/models/aws_robomaker_warehouse_RoofB_01/materials/textures
[5.275s] -- Installing: /home/ibrahim/ros2_ws/install/mycobot_gazebo/share/mycobot_gazebo/models/aws_robomaker_warehouse_RoofB_01/materials/textures/aws_robomaker_warehouse_RoofB_01.png
[5.275s] -- Installing: /home/ibrahim/ros2_ws/install/mycobot_gazebo/share/mycobot_gazebo/models/aws_robomaker_warehouse_RoofB_01/meshes
[5.276s] -- Installing: /home/ibrahim/ros2_ws/install/mycobot_gazebo/share/mycobot_gazebo/models/aws_robomaker_warehouse_RoofB_01/meshes/aws_robomaker_warehouse_RoofB_01_collision.DAE
[5.276s] -- Installing: /home/ibrahim/ros2_ws/install/mycobot_gazebo/share/mycobot_gazebo/models/aws_robomaker_warehouse_RoofB_01/meshes/aws_robomaker_warehouse_RoofB_01_visual.DAE
[5.276s] -- Installing: /home/ibrahim/ros2_ws/install/mycobot_gazebo/share/mycobot_gazebo/models/aws_robomaker_warehouse_RoofB_01/model.config
[5.276s] -- Installing: /home/ibrahim/ros2_ws/install/mycobot_gazebo/share/mycobot_gazebo/models/aws_robomaker_residential_PortraitB_03
[5.277s] -- Installing: /home/ibrahim/ros2_ws/install/mycobot_gazebo/share/mycobot_gazebo/models/aws_robomaker_residential_PortraitB_03/model.sdf
[5.277s] -- Installing: /home/ibrahim/ros2_ws/install/mycobot_gazebo/share/mycobot_gazebo/models/aws_robomaker_residential_PortraitB_03/materials
[5.277s] -- Installing: /home/ibrahim/ros2_ws/install/mycobot_gazebo/share/mycobot_gazebo/models/aws_robomaker_residential_PortraitB_03/materials/textures
[5.277s] -- Installing: /home/ibrahim/ros2_ws/install/mycobot_gazebo/share/mycobot_gazebo/models/aws_robomaker_residential_PortraitB_03/materials/textures/aws_PortraitB_01.png
[5.278s] -- Installing: /home/ibrahim/ros2_ws/install/mycobot_gazebo/share/mycobot_gazebo/models/aws_robomaker_residential_PortraitB_03/materials/textures/PortraitB_03.jpg
[5.278s] -- Installing: /home/ibrahim/ros2_ws/install/mycobot_gazebo/share/mycobot_gazebo/models/aws_robomaker_residential_PortraitB_03/materials/textures/aws_PortraitB_02.png
[5.278s] -- Installing: /home/ibrahim/ros2_ws/install/mycobot_gazebo/share/mycobot_gazebo/models/aws_robomaker_residential_PortraitB_03/meshes
[5.278s] -- Installing: /home/ibrahim/ros2_ws/install/mycobot_gazebo/share/mycobot_gazebo/models/aws_robomaker_residential_PortraitB_03/meshes/aws_PortraitB_01_collision.DAE
[5.278s] -- Installing: /home/ibrahim/ros2_ws/install/mycobot_gazebo/share/mycobot_gazebo/models/aws_robomaker_residential_PortraitB_03/meshes/aws_PortraitB_01_visual.DAE
[5.278s] -- Installing: /home/ibrahim/ros2_ws/install/mycobot_gazebo/share/mycobot_gazebo/models/aws_robomaker_residential_PortraitB_03/model.config
[5.279s] -- Installing: /home/ibrahim/ros2_ws/install/mycobot_gazebo/share/mycobot_gazebo/models/aws_robomaker_residential_RoomWindow_01
[5.279s] -- Installing: /home/ibrahim/ros2_ws/install/mycobot_gazebo/share/mycobot_gazebo/models/aws_robomaker_residential_RoomWindow_01/model.sdf
[5.279s] -- Installing: /home/ibrahim/ros2_ws/install/mycobot_gazebo/share/mycobot_gazebo/models/aws_robomaker_residential_RoomWindow_01/materials
[5.279s] -- Installing: /home/ibrahim/ros2_ws/install/mycobot_gazebo/share/mycobot_gazebo/models/aws_robomaker_residential_RoomWindow_01/materials/textures
[5.279s] -- Installing: /home/ibrahim/ros2_ws/install/mycobot_gazebo/share/mycobot_gazebo/models/aws_robomaker_residential_RoomWindow_01/materials/textures/aws_RoomWindow_01.png
[5.280s] -- Installing: /home/ibrahim/ros2_ws/install/mycobot_gazebo/share/mycobot_gazebo/models/aws_robomaker_residential_RoomWindow_01/meshes
[5.280s] -- Installing: /home/ibrahim/ros2_ws/install/mycobot_gazebo/share/mycobot_gazebo/models/aws_robomaker_residential_RoomWindow_01/meshes/aws_RoomWindow_01_visual.DAE
[5.280s] -- Installing: /home/ibrahim/ros2_ws/install/mycobot_gazebo/share/mycobot_gazebo/models/aws_robomaker_residential_RoomWindow_01/meshes/aws_RoomWindow_01_collision.DAE
[5.280s] -- Installing: /home/ibrahim/ros2_ws/install/mycobot_gazebo/share/mycobot_gazebo/models/aws_robomaker_residential_RoomWindow_01/model.config
[5.280s] -- Installing: /home/ibrahim/ros2_ws/install/mycobot_gazebo/share/mycobot_gazebo/models/aws_robomaker_residential_DeskPortraitD_03
[5.280s] -- Installing: /home/ibrahim/ros2_ws/install/mycobot_gazebo/share/mycobot_gazebo/models/aws_robomaker_residential_DeskPortraitD_03/model.sdf
[5.281s] -- Installing: /home/ibrahim/ros2_ws/install/mycobot_gazebo/share/mycobot_gazebo/models/aws_robomaker_residential_DeskPortraitD_03/materials
[5.281s] -- Installing: /home/ibrahim/ros2_ws/install/mycobot_gazebo/share/mycobot_gazebo/models/aws_robomaker_residential_DeskPortraitD_03/materials/textures
[5.284s] -- Installing: /home/ibrahim/ros2_ws/install/mycobot_gazebo/share/mycobot_gazebo/models/aws_robomaker_residential_DeskPortraitD_03/materials/textures/DeskPortraitD_03.jpg
[5.284s] -- Installing: /home/ibrahim/ros2_ws/install/mycobot_gazebo/share/mycobot_gazebo/models/aws_robomaker_residential_DeskPortraitD_03/materials/textures/aws_DeskPortraitD_02.png
[5.284s] -- Installing: /home/ibrahim/ros2_ws/install/mycobot_gazebo/share/mycobot_gazebo/models/aws_robomaker_residential_DeskPortraitD_03/materials/textures/aws_DeskPortraitD_01.png
[5.284s] -- Installing: /home/ibrahim/ros2_ws/install/mycobot_gazebo/share/mycobot_gazebo/models/aws_robomaker_residential_DeskPortraitD_03/meshes
[5.284s] -- Installing: /home/ibrahim/ros2_ws/install/mycobot_gazebo/share/mycobot_gazebo/models/aws_robomaker_residential_DeskPortraitD_03/meshes/aws_DeskPortraitD_01_collision.DAE
[5.284s] -- Installing: /home/ibrahim/ros2_ws/install/mycobot_gazebo/share/mycobot_gazebo/models/aws_robomaker_residential_DeskPortraitD_03/meshes/aws_DeskPortraitD_01_visual.DAE
[5.285s] -- Installing: /home/ibrahim/ros2_ws/install/mycobot_gazebo/share/mycobot_gazebo/models/aws_robomaker_residential_DeskPortraitD_03/model.config
[5.285s] -- Installing: /home/ibrahim/ros2_ws/install/mycobot_gazebo/share/mycobot_gazebo/models/aws_robomaker_residential_DeskPortraitC_02
[5.285s] -- Installing: /home/ibrahim/ros2_ws/install/mycobot_gazebo/share/mycobot_gazebo/models/aws_robomaker_residential_DeskPortraitC_02/model.sdf
[5.285s] -- Installing: /home/ibrahim/ros2_ws/install/mycobot_gazebo/share/mycobot_gazebo/models/aws_robomaker_residential_DeskPortraitC_02/materials
[5.285s] -- Installing: /home/ibrahim/ros2_ws/install/mycobot_gazebo/share/mycobot_gazebo/models/aws_robomaker_residential_DeskPortraitC_02/materials/textures
[5.285s] -- Installing: /home/ibrahim/ros2_ws/install/mycobot_gazebo/share/mycobot_gazebo/models/aws_robomaker_residential_DeskPortraitC_02/materials/textures/DeskPortraitC_02.jpg
[5.285s] -- Installing: /home/ibrahim/ros2_ws/install/mycobot_gazebo/share/mycobot_gazebo/models/aws_robomaker_residential_DeskPortraitC_02/materials/textures/aws_DeskPortraitC_01.png
[5.285s] -- Installing: /home/ibrahim/ros2_ws/install/mycobot_gazebo/share/mycobot_gazebo/models/aws_robomaker_residential_DeskPortraitC_02/materials/textures/aws_DeskPortraitC_02.png
[5.285s] -- Installing: /home/ibrahim/ros2_ws/install/mycobot_gazebo/share/mycobot_gazebo/models/aws_robomaker_residential_DeskPortraitC_02/meshes
[5.285s] -- Installing: /home/ibrahim/ros2_ws/install/mycobot_gazebo/share/mycobot_gazebo/models/aws_robomaker_residential_DeskPortraitC_02/meshes/aws_DeskPortraitC_01_visual.DAE
[5.286s] -- Installing: /home/ibrahim/ros2_ws/install/mycobot_gazebo/share/mycobot_gazebo/models/aws_robomaker_residential_DeskPortraitC_02/meshes/aws_DeskPortraitC_01_collision.DAE
[5.287s] -- Installing: /home/ibrahim/ros2_ws/install/mycobot_gazebo/share/mycobot_gazebo/models/aws_robomaker_residential_DeskPortraitC_02/model.config
[5.287s] -- Installing: /home/ibrahim/ros2_ws/install/mycobot_gazebo/share/mycobot_gazebo/models/aws_robomaker_warehouse_TrashCanC_01
[5.287s] -- Installing: /home/ibrahim/ros2_ws/install/mycobot_gazebo/share/mycobot_gazebo/models/aws_robomaker_warehouse_TrashCanC_01/model.sdf
[5.291s] -- Installing: /home/ibrahim/ros2_ws/install/mycobot_gazebo/share/mycobot_gazebo/models/aws_robomaker_warehouse_TrashCanC_01/materials
[5.291s] -- Installing: /home/ibrahim/ros2_ws/install/mycobot_gazebo/share/mycobot_gazebo/models/aws_robomaker_warehouse_TrashCanC_01/materials/textures
[5.291s] -- Installing: /home/ibrahim/ros2_ws/install/mycobot_gazebo/share/mycobot_gazebo/models/aws_robomaker_warehouse_TrashCanC_01/materials/textures/aws_robomaker_warehouse_TrashCanC_01.png
[5.291s] -- Installing: /home/ibrahim/ros2_ws/install/mycobot_gazebo/share/mycobot_gazebo/models/aws_robomaker_warehouse_TrashCanC_01/meshes
[5.291s] -- Installing: /home/ibrahim/ros2_ws/install/mycobot_gazebo/share/mycobot_gazebo/models/aws_robomaker_warehouse_TrashCanC_01/meshes/aws_robomaker_warehouse_TrashCanC_01_collision.DAE
[5.291s] -- Installing: /home/ibrahim/ros2_ws/install/mycobot_gazebo/share/mycobot_gazebo/models/aws_robomaker_warehouse_TrashCanC_01/meshes/aws_robomaker_warehouse_TrashCanC_01_visual.DAE
[5.291s] -- Installing: /home/ibrahim/ros2_ws/install/mycobot_gazebo/share/mycobot_gazebo/models/aws_robomaker_warehouse_TrashCanC_01/model.config
[5.291s] -- Installing: /home/ibrahim/ros2_ws/install/mycobot_gazebo/share/mycobot_gazebo/models/aws_robomaker_residential_DeskPortraitC_01
[5.291s] -- Installing: /home/ibrahim/ros2_ws/install/mycobot_gazebo/share/mycobot_gazebo/models/aws_robomaker_residential_DeskPortraitC_01/model.sdf
[5.292s] -- Installing: /home/ibrahim/ros2_ws/install/mycobot_gazebo/share/mycobot_gazebo/models/aws_robomaker_residential_DeskPortraitC_01/materials
[5.292s] -- Installing: /home/ibrahim/ros2_ws/install/mycobot_gazebo/share/mycobot_gazebo/models/aws_robomaker_residential_DeskPortraitC_01/materials/textures
[5.292s] -- Installing: /home/ibrahim/ros2_ws/install/mycobot_gazebo/share/mycobot_gazebo/models/aws_robomaker_residential_DeskPortraitC_01/materials/textures/aws_DeskPortraitC_01.png
[5.292s] -- Installing: /home/ibrahim/ros2_ws/install/mycobot_gazebo/share/mycobot_gazebo/models/aws_robomaker_residential_DeskPortraitC_01/materials/textures/DeskPortraitC_01.jpg
[5.296s] -- Installing: /home/ibrahim/ros2_ws/install/mycobot_gazebo/share/mycobot_gazebo/models/aws_robomaker_residential_DeskPortraitC_01/materials/textures/aws_DeskPortraitC_02.png
[5.298s] -- Installing: /home/ibrahim/ros2_ws/install/mycobot_gazebo/share/mycobot_gazebo/models/aws_robomaker_residential_DeskPortraitC_01/meshes
[5.298s] -- Installing: /home/ibrahim/ros2_ws/install/mycobot_gazebo/share/mycobot_gazebo/models/aws_robomaker_residential_DeskPortraitC_01/meshes/aws_DeskPortraitC_01_visual.DAE
[5.299s] -- Installing: /home/ibrahim/ros2_ws/install/mycobot_gazebo/share/mycobot_gazebo/models/aws_robomaker_residential_DeskPortraitC_01/meshes/aws_DeskPortraitC_01_collision.DAE
[5.299s] -- Installing: /home/ibrahim/ros2_ws/install/mycobot_gazebo/share/mycobot_gazebo/models/aws_robomaker_residential_DeskPortraitC_01/model.config
[5.299s] -- Installing: /home/ibrahim/ros2_ws/install/mycobot_gazebo/share/mycobot_gazebo/models/aws_robomaker_residential_DeskPortraitB_02
[5.299s] -- Installing: /home/ibrahim/ros2_ws/install/mycobot_gazebo/share/mycobot_gazebo/models/aws_robomaker_residential_DeskPortraitB_02/model.sdf
[5.299s] -- Installing: /home/ibrahim/ros2_ws/install/mycobot_gazebo/share/mycobot_gazebo/models/aws_robomaker_residential_DeskPortraitB_02/materials
[5.300s] -- Installing: /home/ibrahim/ros2_ws/install/mycobot_gazebo/share/mycobot_gazebo/models/aws_robomaker_residential_DeskPortraitB_02/materials/textures
[5.300s] -- Installing: /home/ibrahim/ros2_ws/install/mycobot_gazebo/share/mycobot_gazebo/models/aws_robomaker_residential_DeskPortraitB_02/materials/textures/DeskPortraitB_02.jpg
[5.309s] -- Installing: /home/ibrahim/ros2_ws/install/mycobot_gazebo/share/mycobot_gazebo/models/aws_robomaker_residential_DeskPortraitB_02/materials/textures/aws_DeskPortraitB_02.png
[5.310s] -- Installing: /home/ibrahim/ros2_ws/install/mycobot_gazebo/share/mycobot_gazebo/models/aws_robomaker_residential_DeskPortraitB_02/materials/textures/aws_DeskPortraitB_01.png
[5.310s] -- Installing: /home/ibrahim/ros2_ws/install/mycobot_gazebo/share/mycobot_gazebo/models/aws_robomaker_residential_DeskPortraitB_02/meshes
[5.311s] -- Installing: /home/ibrahim/ros2_ws/install/mycobot_gazebo/share/mycobot_gazebo/models/aws_robomaker_residential_DeskPortraitB_02/meshes/aws_DeskPortraitB_01_visual.DAE
[5.311s] -- Installing: /home/ibrahim/ros2_ws/install/mycobot_gazebo/share/mycobot_gazebo/models/aws_robomaker_residential_DeskPortraitB_02/meshes/aws_DeskPortraitB_01_collision.DAE
[5.311s] -- Installing: /home/ibrahim/ros2_ws/install/mycobot_gazebo/share/mycobot_gazebo/models/aws_robomaker_residential_DeskPortraitB_02/model.config
[5.311s] -- Installing: /home/ibrahim/ros2_ws/install/mycobot_gazebo/share/mycobot_gazebo/models/aws_robomaker_residential_DeskPortraitA_02
[5.315s] -- Installing: /home/ibrahim/ros2_ws/install/mycobot_gazebo/share/mycobot_gazebo/models/aws_robomaker_residential_DeskPortraitA_02/model.sdf
[5.316s] -- Installing: /home/ibrahim/ros2_ws/install/mycobot_gazebo/share/mycobot_gazebo/models/aws_robomaker_residential_DeskPortraitA_02/materials
[5.318s] -- Installing: /home/ibrahim/ros2_ws/install/mycobot_gazebo/share/mycobot_gazebo/models/aws_robomaker_residential_DeskPortraitA_02/materials/textures
[5.318s] -- Installing: /home/ibrahim/ros2_ws/install/mycobot_gazebo/share/mycobot_gazebo/models/aws_robomaker_residential_DeskPortraitA_02/materials/textures/aws_DeskPortraitA_01.png
[5.319s] -- Installing: /home/ibrahim/ros2_ws/install/mycobot_gazebo/share/mycobot_gazebo/models/aws_robomaker_residential_DeskPortraitA_02/materials/textures/DeskPortraitA_02.jpg
[5.319s] -- Installing: /home/ibrahim/ros2_ws/install/mycobot_gazebo/share/mycobot_gazebo/models/aws_robomaker_residential_DeskPortraitA_02/materials/textures/aws_DeskPortraitA_02.png
[5.319s] -- Installing: /home/ibrahim/ros2_ws/install/mycobot_gazebo/share/mycobot_gazebo/models/aws_robomaker_residential_DeskPortraitA_02/meshes
[5.319s] -- Installing: /home/ibrahim/ros2_ws/install/mycobot_gazebo/share/mycobot_gazebo/models/aws_robomaker_residential_DeskPortraitA_02/meshes/aws_DeskPortraitA_01_collision.DAE
[5.319s] -- Installing: /home/ibrahim/ros2_ws/install/mycobot_gazebo/share/mycobot_gazebo/models/aws_robomaker_residential_DeskPortraitA_02/meshes/aws_DeskPortraitA_01_visual.DAE
[5.319s] -- Installing: /home/ibrahim/ros2_ws/install/mycobot_gazebo/share/mycobot_gazebo/models/aws_robomaker_residential_DeskPortraitA_02/model.config
[5.319s] -- Installing: /home/ibrahim/ros2_ws/install/mycobot_gazebo/share/mycobot_gazebo/models/cardboard_box
[5.319s] -- Installing: /home/ibrahim/ros2_ws/install/mycobot_gazebo/share/mycobot_gazebo/models/cardboard_box/model.sdf
[5.319s] -- Installing: /home/ibrahim/ros2_ws/install/mycobot_gazebo/share/mycobot_gazebo/models/cardboard_box/materials
[5.319s] -- Installing: /home/ibrahim/ros2_ws/install/mycobot_gazebo/share/mycobot_gazebo/models/cardboard_box/materials/textures
[5.319s] -- Installing: /home/ibrahim/ros2_ws/install/mycobot_gazebo/share/mycobot_gazebo/models/cardboard_box/materials/textures/cardboard_box.png
[5.319s] -- Installing: /home/ibrahim/ros2_ws/install/mycobot_gazebo/share/mycobot_gazebo/models/cardboard_box/meshes
[5.319s] -- Installing: /home/ibrahim/ros2_ws/install/mycobot_gazebo/share/mycobot_gazebo/models/cardboard_box/meshes/cardboard_box.png
[5.320s] -- Installing: /home/ibrahim/ros2_ws/install/mycobot_gazebo/share/mycobot_gazebo/models/cardboard_box/meshes/cardboard_box.dae
[5.320s] -- Installing: /home/ibrahim/ros2_ws/install/mycobot_gazebo/share/mycobot_gazebo/models/cardboard_box/model.config
[5.320s] -- Installing: /home/ibrahim/ros2_ws/install/mycobot_gazebo/share/mycobot_gazebo/models/aws_robomaker_warehouse_ClutteringA_01
[5.320s] -- Installing: /home/ibrahim/ros2_ws/install/mycobot_gazebo/share/mycobot_gazebo/models/aws_robomaker_warehouse_ClutteringA_01/model.sdf
[5.321s] -- Installing: /home/ibrahim/ros2_ws/install/mycobot_gazebo/share/mycobot_gazebo/models/aws_robomaker_warehouse_ClutteringA_01/materials
[5.321s] -- Installing: /home/ibrahim/ros2_ws/install/mycobot_gazebo/share/mycobot_gazebo/models/aws_robomaker_warehouse_ClutteringA_01/materials/textures
[5.321s] -- Installing: /home/ibrahim/ros2_ws/install/mycobot_gazebo/share/mycobot_gazebo/models/aws_robomaker_warehouse_ClutteringA_01/materials/textures/aws_robomaker_warehouse_ClutteringA_01.png
[5.321s] -- Installing: /home/ibrahim/ros2_ws/install/mycobot_gazebo/share/mycobot_gazebo/models/aws_robomaker_warehouse_ClutteringA_01/materials/textures/.DS_Store
[5.321s] -- Installing: /home/ibrahim/ros2_ws/install/mycobot_gazebo/share/mycobot_gazebo/models/aws_robomaker_warehouse_ClutteringA_01/materials/textures/aws_robomaker_warehouse_ClutteringA_02.png
[5.328s] -- Installing: /home/ibrahim/ros2_ws/install/mycobot_gazebo/share/mycobot_gazebo/models/aws_robomaker_warehouse_ClutteringA_01/materials/textures/aws_robomaker_warehouse_ClutteringA_03.png
[5.328s] -- Installing: /home/ibrahim/ros2_ws/install/mycobot_gazebo/share/mycobot_gazebo/models/aws_robomaker_warehouse_ClutteringA_01/materials/.DS_Store
[5.328s] -- Installing: /home/ibrahim/ros2_ws/install/mycobot_gazebo/share/mycobot_gazebo/models/aws_robomaker_warehouse_ClutteringA_01/.DS_Store
[5.328s] -- Installing: /home/ibrahim/ros2_ws/install/mycobot_gazebo/share/mycobot_gazebo/models/aws_robomaker_warehouse_ClutteringA_01/meshes
[5.328s] -- Installing: /home/ibrahim/ros2_ws/install/mycobot_gazebo/share/mycobot_gazebo/models/aws_robomaker_warehouse_ClutteringA_01/meshes/aws_robomaker_warehouse_ClutteringA_01_collision.DAE
[5.329s] -- Installing: /home/ibrahim/ros2_ws/install/mycobot_gazebo/share/mycobot_gazebo/models/aws_robomaker_warehouse_ClutteringA_01/meshes/aws_robomaker_warehouse_ClutteringA_01_visual.DAE
[5.329s] -- Installing: /home/ibrahim/ros2_ws/install/mycobot_gazebo/share/mycobot_gazebo/models/aws_robomaker_warehouse_ClutteringA_01/model.config
[5.329s] -- Installing: /home/ibrahim/ros2_ws/install/mycobot_gazebo/share/mycobot_gazebo/models/aws_robomaker_residential_SeasoningBox_01
[5.329s] -- Installing: /home/ibrahim/ros2_ws/install/mycobot_gazebo/share/mycobot_gazebo/models/aws_robomaker_residential_SeasoningBox_01/model.sdf
[5.329s] -- Installing: /home/ibrahim/ros2_ws/install/mycobot_gazebo/share/mycobot_gazebo/models/aws_robomaker_residential_SeasoningBox_01/materials
[5.329s] -- Installing: /home/ibrahim/ros2_ws/install/mycobot_gazebo/share/mycobot_gazebo/models/aws_robomaker_residential_SeasoningBox_01/materials/textures
[5.329s] -- Installing: /home/ibrahim/ros2_ws/install/mycobot_gazebo/share/mycobot_gazebo/models/aws_robomaker_residential_SeasoningBox_01/materials/textures/aws_SeasoningBox_01.png
[5.329s] -- Installing: /home/ibrahim/ros2_ws/install/mycobot_gazebo/share/mycobot_gazebo/models/aws_robomaker_residential_SeasoningBox_01/meshes
[5.329s] -- Installing: /home/ibrahim/ros2_ws/install/mycobot_gazebo/share/mycobot_gazebo/models/aws_robomaker_residential_SeasoningBox_01/meshes/aws_SeasoningBox_01_visual.DAE
[5.329s] -- Installing: /home/ibrahim/ros2_ws/install/mycobot_gazebo/share/mycobot_gazebo/models/aws_robomaker_residential_SeasoningBox_01/meshes/aws_SeasoningBox_01_collision.DAE
[5.330s] -- Installing: /home/ibrahim/ros2_ws/install/mycobot_gazebo/share/mycobot_gazebo/models/aws_robomaker_residential_SeasoningBox_01/model.config
[5.330s] -- Installing: /home/ibrahim/ros2_ws/install/mycobot_gazebo/share/mycobot_gazebo/models/aws_robomaker_residential_PortraitA_01
[5.330s] -- Installing: /home/ibrahim/ros2_ws/install/mycobot_gazebo/share/mycobot_gazebo/models/aws_robomaker_residential_PortraitA_01/model.sdf
[5.330s] -- Installing: /home/ibrahim/ros2_ws/install/mycobot_gazebo/share/mycobot_gazebo/models/aws_robomaker_residential_PortraitA_01/materials
[5.330s] -- Installing: /home/ibrahim/ros2_ws/install/mycobot_gazebo/share/mycobot_gazebo/models/aws_robomaker_residential_PortraitA_01/materials/textures
[5.331s] -- Installing: /home/ibrahim/ros2_ws/install/mycobot_gazebo/share/mycobot_gazebo/models/aws_robomaker_residential_PortraitA_01/materials/textures/aws_PortraitA_01.png
[5.331s] -- Installing: /home/ibrahim/ros2_ws/install/mycobot_gazebo/share/mycobot_gazebo/models/aws_robomaker_residential_PortraitA_01/materials/textures/aws_PortraitA_02.png
[5.348s] -- Installing: /home/ibrahim/ros2_ws/install/mycobot_gazebo/share/mycobot_gazebo/models/aws_robomaker_residential_PortraitA_01/materials/textures/PortraitA_01.jpg
[5.348s] -- Installing: /home/ibrahim/ros2_ws/install/mycobot_gazebo/share/mycobot_gazebo/models/aws_robomaker_residential_PortraitA_01/meshes
[5.349s] -- Installing: /home/ibrahim/ros2_ws/install/mycobot_gazebo/share/mycobot_gazebo/models/aws_robomaker_residential_PortraitA_01/meshes/aws_PortraitA_01_collision.DAE
[5.349s] -- Installing: /home/ibrahim/ros2_ws/install/mycobot_gazebo/share/mycobot_gazebo/models/aws_robomaker_residential_PortraitA_01/meshes/aws_PortraitA_01_visual.DAE
[5.349s] -- Installing: /home/ibrahim/ros2_ws/install/mycobot_gazebo/share/mycobot_gazebo/models/aws_robomaker_residential_PortraitA_01/model.config
[5.350s] -- Installing: /home/ibrahim/ros2_ws/install/mycobot_gazebo/share/mycobot_gazebo/models/aws_robomaker_residential_PortraitE_02
[5.350s] -- Installing: /home/ibrahim/ros2_ws/install/mycobot_gazebo/share/mycobot_gazebo/models/aws_robomaker_residential_PortraitE_02/model.sdf
[5.350s] -- Installing: /home/ibrahim/ros2_ws/install/mycobot_gazebo/share/mycobot_gazebo/models/aws_robomaker_residential_PortraitE_02/materials
[5.350s] -- Installing: /home/ibrahim/ros2_ws/install/mycobot_gazebo/share/mycobot_gazebo/models/aws_robomaker_residential_PortraitE_02/materials/textures
[5.351s] -- Installing: /home/ibrahim/ros2_ws/install/mycobot_gazebo/share/mycobot_gazebo/models/aws_robomaker_residential_PortraitE_02/materials/textures/aws_PortraitE_02.png
[5.351s] -- Installing: /home/ibrahim/ros2_ws/install/mycobot_gazebo/share/mycobot_gazebo/models/aws_robomaker_residential_PortraitE_02/materials/textures/aws_PortraitE_01.png
[5.351s] -- Installing: /home/ibrahim/ros2_ws/install/mycobot_gazebo/share/mycobot_gazebo/models/aws_robomaker_residential_PortraitE_02/materials/textures/PortraitE_02.jpg
[5.351s] -- Installing: /home/ibrahim/ros2_ws/install/mycobot_gazebo/share/mycobot_gazebo/models/aws_robomaker_residential_PortraitE_02/meshes
[5.351s] -- Installing: /home/ibrahim/ros2_ws/install/mycobot_gazebo/share/mycobot_gazebo/models/aws_robomaker_residential_PortraitE_02/meshes/aws_PortraitE_01_visual.DAE
[5.351s] -- Installing: /home/ibrahim/ros2_ws/install/mycobot_gazebo/share/mycobot_gazebo/models/aws_robomaker_residential_PortraitE_02/meshes/aws_PortraitE_01_collision.DAE
[5.351s] -- Installing: /home/ibrahim/ros2_ws/install/mycobot_gazebo/share/mycobot_gazebo/models/aws_robomaker_residential_PortraitE_02/model.config
[5.351s] -- Installing: /home/ibrahim/ros2_ws/install/mycobot_gazebo/share/mycobot_gazebo/models/aws_robomaker_residential_PortraitD_02
[5.351s] -- Installing: /home/ibrahim/ros2_ws/install/mycobot_gazebo/share/mycobot_gazebo/models/aws_robomaker_residential_PortraitD_02/model.sdf
[5.352s] -- Installing: /home/ibrahim/ros2_ws/install/mycobot_gazebo/share/mycobot_gazebo/models/aws_robomaker_residential_PortraitD_02/materials
[5.353s] -- Installing: /home/ibrahim/ros2_ws/install/mycobot_gazebo/share/mycobot_gazebo/models/aws_robomaker_residential_PortraitD_02/materials/textures
[5.353s] -- Installing: /home/ibrahim/ros2_ws/install/mycobot_gazebo/share/mycobot_gazebo/models/aws_robomaker_residential_PortraitD_02/materials/textures/PortraitD_02.jpg
[5.353s] -- Installing: /home/ibrahim/ros2_ws/install/mycobot_gazebo/share/mycobot_gazebo/models/aws_robomaker_residential_PortraitD_02/materials/textures/aws_PortraitD_01.png
[5.354s] -- Installing: /home/ibrahim/ros2_ws/install/mycobot_gazebo/share/mycobot_gazebo/models/aws_robomaker_residential_PortraitD_02/materials/textures/aws_PortraitD_02.png
[5.354s] -- Installing: /home/ibrahim/ros2_ws/install/mycobot_gazebo/share/mycobot_gazebo/models/aws_robomaker_residential_PortraitD_02/meshes
[5.354s] -- Installing: /home/ibrahim/ros2_ws/install/mycobot_gazebo/share/mycobot_gazebo/models/aws_robomaker_residential_PortraitD_02/meshes/aws_PortraitD_01_visual.DAE
[5.355s] -- Installing: /home/ibrahim/ros2_ws/install/mycobot_gazebo/share/mycobot_gazebo/models/aws_robomaker_residential_PortraitD_02/meshes/aws_PortraitD_01_collision.DAE
[5.355s] -- Installing: /home/ibrahim/ros2_ws/install/mycobot_gazebo/share/mycobot_gazebo/models/aws_robomaker_residential_PortraitD_02/model.config
[5.355s] -- Installing: /home/ibrahim/ros2_ws/install/mycobot_gazebo/share/mycobot_gazebo/models/aws_robomaker_residential_SecurityCamera_01
[5.355s] -- Installing: /home/ibrahim/ros2_ws/install/mycobot_gazebo/share/mycobot_gazebo/models/aws_robomaker_residential_SecurityCamera_01/model.sdf
[5.355s] -- Installing: /home/ibrahim/ros2_ws/install/mycobot_gazebo/share/mycobot_gazebo/models/aws_robomaker_residential_SecurityCamera_01/materials
[5.356s] -- Installing: /home/ibrahim/ros2_ws/install/mycobot_gazebo/share/mycobot_gazebo/models/aws_robomaker_residential_SecurityCamera_01/materials/textures
[5.356s] -- Installing: /home/ibrahim/ros2_ws/install/mycobot_gazebo/share/mycobot_gazebo/models/aws_robomaker_residential_SecurityCamera_01/materials/textures/aws_SecurityCamera_01.png
[5.356s] -- Installing: /home/ibrahim/ros2_ws/install/mycobot_gazebo/share/mycobot_gazebo/models/aws_robomaker_residential_SecurityCamera_01/meshes
[5.356s] -- Installing: /home/ibrahim/ros2_ws/install/mycobot_gazebo/share/mycobot_gazebo/models/aws_robomaker_residential_SecurityCamera_01/meshes/aws_SecurityCamera_01_collision.DAE
[5.357s] -- Installing: /home/ibrahim/ros2_ws/install/mycobot_gazebo/share/mycobot_gazebo/models/aws_robomaker_residential_SecurityCamera_01/meshes/aws_SecurityCamera_01_visual.DAE
[5.357s] -- Installing: /home/ibrahim/ros2_ws/install/mycobot_gazebo/share/mycobot_gazebo/models/aws_robomaker_residential_SecurityCamera_01/model.config
[5.357s] -- Installing: /home/ibrahim/ros2_ws/install/mycobot_gazebo/share/mycobot_gazebo/models/aws_robomaker_residential_ChairD_01
[5.358s] -- Installing: /home/ibrahim/ros2_ws/install/mycobot_gazebo/share/mycobot_gazebo/models/aws_robomaker_residential_ChairD_01/model.sdf
[5.358s] -- Installing: /home/ibrahim/ros2_ws/install/mycobot_gazebo/share/mycobot_gazebo/models/aws_robomaker_residential_ChairD_01/materials
[5.359s] -- Installing: /home/ibrahim/ros2_ws/install/mycobot_gazebo/share/mycobot_gazebo/models/aws_robomaker_residential_ChairD_01/materials/textures
[5.359s] -- Installing: /home/ibrahim/ros2_ws/install/mycobot_gazebo/share/mycobot_gazebo/models/aws_robomaker_residential_ChairD_01/materials/textures/aws_ChairD_01.png
[5.359s] -- Installing: /home/ibrahim/ros2_ws/install/mycobot_gazebo/share/mycobot_gazebo/models/aws_robomaker_residential_ChairD_01/meshes
[5.359s] -- Installing: /home/ibrahim/ros2_ws/install/mycobot_gazebo/share/mycobot_gazebo/models/aws_robomaker_residential_ChairD_01/meshes/aws_ChairD_01_collision.DAE
[5.360s] -- Installing: /home/ibrahim/ros2_ws/install/mycobot_gazebo/share/mycobot_gazebo/models/aws_robomaker_residential_ChairD_01/meshes/aws_ChairD_01_visual.DAE
[5.360s] -- Installing: /home/ibrahim/ros2_ws/install/mycobot_gazebo/share/mycobot_gazebo/models/aws_robomaker_residential_ChairD_01/model.config
[5.360s] -- Installing: /home/ibrahim/ros2_ws/install/mycobot_gazebo/share/mycobot_gazebo/models/aws_robomaker_residential_PortraitA_02
[5.360s] -- Installing: /home/ibrahim/ros2_ws/install/mycobot_gazebo/share/mycobot_gazebo/models/aws_robomaker_residential_PortraitA_02/model.sdf
[5.361s] -- Installing: /home/ibrahim/ros2_ws/install/mycobot_gazebo/share/mycobot_gazebo/models/aws_robomaker_residential_PortraitA_02/materials
[5.361s] -- Installing: /home/ibrahim/ros2_ws/install/mycobot_gazebo/share/mycobot_gazebo/models/aws_robomaker_residential_PortraitA_02/materials/textures
[5.361s] -- Installing: /home/ibrahim/ros2_ws/install/mycobot_gazebo/share/mycobot_gazebo/models/aws_robomaker_residential_PortraitA_02/materials/textures/aws_PortraitA_01.png
[5.362s] -- Installing: /home/ibrahim/ros2_ws/install/mycobot_gazebo/share/mycobot_gazebo/models/aws_robomaker_residential_PortraitA_02/materials/textures/aws_PortraitA_02.png
[5.362s] -- Installing: /home/ibrahim/ros2_ws/install/mycobot_gazebo/share/mycobot_gazebo/models/aws_robomaker_residential_PortraitA_02/materials/textures/PortraitA_02.jpg
[5.365s] -- Installing: /home/ibrahim/ros2_ws/install/mycobot_gazebo/share/mycobot_gazebo/models/aws_robomaker_residential_PortraitA_02/meshes
[5.365s] -- Installing: /home/ibrahim/ros2_ws/install/mycobot_gazebo/share/mycobot_gazebo/models/aws_robomaker_residential_PortraitA_02/meshes/aws_PortraitA_01_collision.DAE
[5.365s] -- Installing: /home/ibrahim/ros2_ws/install/mycobot_gazebo/share/mycobot_gazebo/models/aws_robomaker_residential_PortraitA_02/meshes/aws_PortraitA_01_visual.DAE
[5.365s] -- Installing: /home/ibrahim/ros2_ws/install/mycobot_gazebo/share/mycobot_gazebo/models/aws_robomaker_residential_PortraitA_02/model.config
[5.365s] -- Installing: /home/ibrahim/ros2_ws/install/mycobot_gazebo/share/mycobot_gazebo/models/aws_robomaker_residential_AirconditionerB_01
[5.365s] -- Installing: /home/ibrahim/ros2_ws/install/mycobot_gazebo/share/mycobot_gazebo/models/aws_robomaker_residential_AirconditionerB_01/model.sdf
[5.366s] -- Installing: /home/ibrahim/ros2_ws/install/mycobot_gazebo/share/mycobot_gazebo/models/aws_robomaker_residential_AirconditionerB_01/materials
[5.366s] -- Installing: /home/ibrahim/ros2_ws/install/mycobot_gazebo/share/mycobot_gazebo/models/aws_robomaker_residential_AirconditionerB_01/materials/textures
[5.366s] -- Installing: /home/ibrahim/ros2_ws/install/mycobot_gazebo/share/mycobot_gazebo/models/aws_robomaker_residential_AirconditionerB_01/materials/textures/aws_AirconditionerB_01.png
[5.366s] -- Installing: /home/ibrahim/ros2_ws/install/mycobot_gazebo/share/mycobot_gazebo/models/aws_robomaker_residential_AirconditionerB_01/meshes
[5.368s] -- Installing: /home/ibrahim/ros2_ws/install/mycobot_gazebo/share/mycobot_gazebo/models/aws_robomaker_residential_AirconditionerB_01/meshes/aws_AirconditionerB_01_visual.DAE
[5.368s] -- Installing: /home/ibrahim/ros2_ws/install/mycobot_gazebo/share/mycobot_gazebo/models/aws_robomaker_residential_AirconditionerB_01/meshes/aws_AirconditionerB_01_collision.DAE
[5.369s] -- Installing: /home/ibrahim/ros2_ws/install/mycobot_gazebo/share/mycobot_gazebo/models/aws_robomaker_residential_AirconditionerB_01/model.config
[5.369s] -- Installing: /home/ibrahim/ros2_ws/install/mycobot_gazebo/share/mycobot_gazebo/models/aws_robomaker_residential_PortraitB_02
[5.369s] -- Installing: /home/ibrahim/ros2_ws/install/mycobot_gazebo/share/mycobot_gazebo/models/aws_robomaker_residential_PortraitB_02/model.sdf
[5.369s] -- Installing: /home/ibrahim/ros2_ws/install/mycobot_gazebo/share/mycobot_gazebo/models/aws_robomaker_residential_PortraitB_02/materials
[5.369s] -- Installing: /home/ibrahim/ros2_ws/install/mycobot_gazebo/share/mycobot_gazebo/models/aws_robomaker_residential_PortraitB_02/materials/textures
[5.369s] -- Installing: /home/ibrahim/ros2_ws/install/mycobot_gazebo/share/mycobot_gazebo/models/aws_robomaker_residential_PortraitB_02/materials/textures/aws_PortraitB_01.png
[5.369s] -- Installing: /home/ibrahim/ros2_ws/install/mycobot_gazebo/share/mycobot_gazebo/models/aws_robomaker_residential_PortraitB_02/materials/textures/aws_PortraitB_02.png
[5.370s] -- Installing: /home/ibrahim/ros2_ws/install/mycobot_gazebo/share/mycobot_gazebo/models/aws_robomaker_residential_PortraitB_02/materials/textures/PortraitB_02.jpg
[5.373s] -- Installing: /home/ibrahim/ros2_ws/install/mycobot_gazebo/share/mycobot_gazebo/models/aws_robomaker_residential_PortraitB_02/meshes
[5.377s] -- Installing: /home/ibrahim/ros2_ws/install/mycobot_gazebo/share/mycobot_gazebo/models/aws_robomaker_residential_PortraitB_02/meshes/aws_PortraitB_01_collision.DAE
[5.377s] -- Installing: /home/ibrahim/ros2_ws/install/mycobot_gazebo/share/mycobot_gazebo/models/aws_robomaker_residential_PortraitB_02/meshes/aws_PortraitB_01_visual.DAE
[5.377s] -- Installing: /home/ibrahim/ros2_ws/install/mycobot_gazebo/share/mycobot_gazebo/models/aws_robomaker_residential_PortraitB_02/model.config
[5.377s] -- Installing: /home/ibrahim/ros2_ws/install/mycobot_gazebo/share/mycobot_gazebo/worlds
[5.378s] -- Installing: /home/ibrahim/ros2_ws/install/mycobot_gazebo/share/mycobot_gazebo/worlds/house.world
[5.378s] -- Installing: /home/ibrahim/ros2_ws/install/mycobot_gazebo/share/mycobot_gazebo/worlds/pick_and_place_demo.world
[5.378s] -- Installing: /home/ibrahim/ros2_ws/install/mycobot_gazebo/share/mycobot_gazebo/worlds/empty.world
[5.378s] -- Installing: /home/ibrahim/ros2_ws/install/mycobot_gazebo/share/ament_index/resource_index/package_run_dependencies/mycobot_gazebo
[5.378s] -- Installing: /home/ibrahim/ros2_ws/install/mycobot_gazebo/share/ament_index/resource_index/parent_prefix_path/mycobot_gazebo
[5.378s] -- Installing: /home/ibrahim/ros2_ws/install/mycobot_gazebo/share/mycobot_gazebo/environment/ament_prefix_path.sh
[5.378s] -- Installing: /home/ibrahim/ros2_ws/install/mycobot_gazebo/share/mycobot_gazebo/environment/ament_prefix_path.dsv
[5.378s] -- Installing: /home/ibrahim/ros2_ws/install/mycobot_gazebo/share/mycobot_gazebo/environment/path.sh
[5.378s] -- Installing: /home/ibrahim/ros2_ws/install/mycobot_gazebo/share/mycobot_gazebo/environment/path.dsv
[5.378s] -- Installing: /home/ibrahim/ros2_ws/install/mycobot_gazebo/share/mycobot_gazebo/local_setup.bash
[5.378s] -- Installing: /home/ibrahim/ros2_ws/install/mycobot_gazebo/share/mycobot_gazebo/local_setup.sh
[5.378s] -- Installing: /home/ibrahim/ros2_ws/install/mycobot_gazebo/share/mycobot_gazebo/local_setup.zsh
[5.378s] -- Installing: /home/ibrahim/ros2_ws/install/mycobot_gazebo/share/mycobot_gazebo/local_setup.dsv
[5.379s] -- Installing: /home/ibrahim/ros2_ws/install/mycobot_gazebo/share/mycobot_gazebo/package.dsv
[5.379s] -- Installing: /home/ibrahim/ros2_ws/install/mycobot_gazebo/share/ament_index/resource_index/packages/mycobot_gazebo
[5.379s] -- Installing: /home/ibrahim/ros2_ws/install/mycobot_gazebo/share/mycobot_gazebo/cmake/mycobot_gazeboConfig.cmake
[5.379s] -- Installing: /home/ibrahim/ros2_ws/install/mycobot_gazebo/share/mycobot_gazebo/cmake/mycobot_gazeboConfig-version.cmake
[5.380s] -- Installing: /home/ibrahim/ros2_ws/install/mycobot_gazebo/share/mycobot_gazebo/package.xml
[5.383s] Invoked command in '/home/ibrahim/ros2_ws/build/mycobot_gazebo' returned '0': CMAKE_PREFIX_PATH=${CMAKE_PREFIX_PATH}:/home/ibrahim/ros2_ws/install/arm_serial_bridge:/opt/ros/jazzy DEBUGINFOD_URLS=https://debuginfod.ubuntu.com PS1=\[\e]0;\u@\h: \w\a\]${debian_chroot:+($debian_chroot)}\[\033[01;32m\]\u@\h\[\033[00m\]:\[\033[01;34m\]\w\[\033[00m\]\$ /usr/bin/cmake --install /home/ibrahim/ros2_ws/build/mycobot_gazebo
