[0.066s] Invoking command in '/home/ibrahim/ros2_ws/build/mycobot_gazebo': CMAKE_PREFIX_PATH=${CMAKE_PREFIX_PATH}:/home/ibrahim/ros2_ws/install/arm_serial_bridge:/opt/ros/jazzy DEBUGINFOD_URLS=https://debuginfod.ubuntu.com PS1=\[\e]0;\u@\h: \w\a\]${debian_chroot:+($debian_chroot)}\[\033[01;32m\]\u@\h\[\033[00m\]:\[\033[01;34m\]\w\[\033[00m\]\$ /usr/bin/cmake --build /home/ibrahim/ros2_ws/build/mycobot_gazebo -- -j4 -l4
[0.503s] -- Found ament_cmake: 2.5.5 (/opt/ros/jazzy/share/ament_cmake/cmake)
[0.986s] -- Found controller_manager: 4.42.2 (/opt/ros/jazzy/share/controller_manager/cmake)
[1.428s] -- Found rosidl_generator_c: 4.6.7 (/opt/ros/jazzy/share/rosidl_generator_c/cmake)
[1.466s] -- Found rosidl_generator_cpp: 4.6.7 (/opt/ros/jazzy/share/rosidl_generator_cpp/cmake)
[1.563s] -- Using all available rosidl_typesupport_c: rosidl_typesupport_fastrtps_c;rosidl_typesupport_introspection_c
[1.654s] -- Using all available rosidl_typesupport_cpp: rosidl_typesupport_fastrtps_cpp;rosidl_typesupport_introspection_cpp
[2.097s] -- Found rmw_implementation_cmake: 7.3.3 (/opt/ros/jazzy/share/rmw_implementation_cmake/cmake)
[2.164s] -- Found rmw_fastrtps_cpp: 8.4.3 (/opt/ros/jazzy/share/rmw_fastrtps_cpp/cmake)
[2.591s] -- Using RMW implementation 'rmw_fastrtps_cpp' as default
[4.953s] -- Found gripper_controllers: 4.36.0 (/opt/ros/jazzy/share/gripper_controllers/cmake)
[5.161s] -- Found eigen3_cmake_module: 0.3.0 (/opt/ros/jazzy/share/eigen3_cmake_module/cmake)
[5.161s] -- Ensuring Eigen3 include directory is part of orocos-kdl CMake target
[5.363s] -- Found ros2_control: 4.42.2 (/opt/ros/jazzy/share/ros2_control/cmake)
[5.383s] -- Found ros2_controllers: 4.36.0 (/opt/ros/jazzy/share/ros2_controllers/cmake)
[5.416s] -- Found xacro: 2.1.1 (/opt/ros/jazzy/share/xacro/cmake)
[5.421s] -- Found ament_lint_auto: 0.17.4 (/opt/ros/jazzy/share/ament_lint_auto/cmake)
[5.574s] -- Added test 'flake8' to check Python code syntax and style conventions
[5.574s] -- Configured 'flake8' exclude dirs and/or files: 
[5.582s] -- Added test 'lint_cmake' to check CMake code style
[5.592s] -- Added test 'pep257' to check Python code against some of the docstring style conventions in PEP 257
[5.635s] -- Added test 'xmllint' to check XML markup files
[5.640s] -- Configuring done (5.3s)
[5.668s] -- Generating done (0.0s)
[5.672s] -- Build files have been written to: /home/ibrahim/ros2_ws/build/mycobot_gazebo
[5.723s] Invoked command in '/home/ibrahim/ros2_ws/build/mycobot_gazebo' returned '0': CMAKE_PREFIX_PATH=${CMAKE_PREFIX_PATH}:/home/ibrahim/ros2_ws/install/arm_serial_bridge:/opt/ros/jazzy DEBUGINFOD_URLS=https://debuginfod.ubuntu.com PS1=\[\e]0;\u@\h: \w\a\]${debian_chroot:+($debian_chroot)}\[\033[01;32m\]\u@\h\[\033[00m\]:\[\033[01;34m\]\w\[\033[00m\]\$ /usr/bin/cmake --build /home/ibrahim/ros2_ws/build/mycobot_gazebo -- -j4 -l4
[5.726s] Invoking command in '/home/ibrahim/ros2_ws/build/mycobot_gazebo': CMAKE_PREFIX_PATH=${CMAKE_PREFIX_PATH}:/home/ibrahim/ros2_ws/install/arm_serial_bridge:/opt/ros/jazzy DEBUGINFOD_URLS=https://debuginfod.ubuntu.com PS1=\[\e]0;\u@\h: \w\a\]${debian_chroot:+($debian_chroot)}\[\033[01;32m\]\u@\h\[\033[00m\]:\[\033[01;34m\]\w\[\033[00m\]\$ /usr/bin/cmake --install /home/ibrahim/ros2_ws/build/mycobot_gazebo
[5.741s] -- Install configuration: ""
[5.741s] -- Up-to-date: /home/ibrahim/ros2_ws/install/mycobot_gazebo/share/mycobot_gazebo/config
[5.741s] -- Installing: /home/ibrahim/ros2_ws/install/mycobot_gazebo/share/mycobot_gazebo/config/ros_gz_bridge.yaml
[5.741s] -- Up-to-date: /home/ibrahim/ros2_ws/install/mycobot_gazebo/share/mycobot_gazebo/launch
[5.741s] -- Installing: /home/ibrahim/ros2_ws/install/mycobot_gazebo/share/mycobot_gazebo/launch/mycobot.gazebo.launch.py
[5.741s] -- Up-to-date: /home/ibrahim/ros2_ws/install/mycobot_gazebo/share/mycobot_gazebo/models
[5.742s] -- Up-to-date: /home/ibrahim/ros2_ws/install/mycobot_gazebo/share/mycobot_gazebo/models/aws_robomaker_residential_KitchenUtensils_01
[5.742s] -- Installing: /home/ibrahim/ros2_ws/install/mycobot_gazebo/share/mycobot_gazebo/models/aws_robomaker_residential_KitchenUtensils_01/model.sdf
[5.743s] -- Up-to-date: /home/ibrahim/ros2_ws/install/mycobot_gazebo/share/mycobot_gazebo/models/aws_robomaker_residential_KitchenUtensils_01/materials
[5.743s] -- Up-to-date: /home/ibrahim/ros2_ws/install/mycobot_gazebo/share/mycobot_gazebo/models/aws_robomaker_residential_KitchenUtensils_01/materials/textures
[5.743s] -- Installing: /home/ibrahim/ros2_ws/install/mycobot_gazebo/share/mycobot_gazebo/models/aws_robomaker_residential_KitchenUtensils_01/materials/textures/aws_KitchenUtensils_01.png
[5.743s] -- Up-to-date: /home/ibrahim/ros2_ws/install/mycobot_gazebo/share/mycobot_gazebo/models/aws_robomaker_residential_KitchenUtensils_01/meshes
[5.743s] -- Installing: /home/ibrahim/ros2_ws/install/mycobot_gazebo/share/mycobot_gazebo/models/aws_robomaker_residential_KitchenUtensils_01/meshes/aws_KitchenUtensils_01_visual.DAE
[5.745s] -- Installing: /home/ibrahim/ros2_ws/install/mycobot_gazebo/share/mycobot_gazebo/models/aws_robomaker_residential_KitchenUtensils_01/meshes/aws_KitchenUtensils_01_collision.DAE
[5.745s] -- Installing: /home/ibrahim/ros2_ws/install/mycobot_gazebo/share/mycobot_gazebo/models/aws_robomaker_residential_KitchenUtensils_01/model.config
[5.746s] -- Up-to-date: /home/ibrahim/ros2_ws/install/mycobot_gazebo/share/mycobot_gazebo/models/aws_robomaker_warehouse_GroundB_01
[5.746s] -- Installing: /home/ibrahim/ros2_ws/install/mycobot_gazebo/share/mycobot_gazebo/models/aws_robomaker_warehouse_GroundB_01/model.sdf
[5.746s] -- Up-to-date: /home/ibrahim/ros2_ws/install/mycobot_gazebo/share/mycobot_gazebo/models/aws_robomaker_warehouse_GroundB_01/materials
[5.747s] -- Up-to-date: /home/ibrahim/ros2_ws/install/mycobot_gazebo/share/mycobot_gazebo/models/aws_robomaker_warehouse_GroundB_01/materials/textures
[5.759s] -- Installing: /home/ibrahim/ros2_ws/install/mycobot_gazebo/share/mycobot_gazebo/models/aws_robomaker_warehouse_GroundB_01/materials/textures/aws_robomaker_warehouse_GroundB_02.png
[5.759s] -- Installing: /home/ibrahim/ros2_ws/install/mycobot_gazebo/share/mycobot_gazebo/models/aws_robomaker_warehouse_GroundB_01/materials/textures/aws_robomaker_warehouse_GroundB_01.png
[5.759s] -- Up-to-date: /home/ibrahim/ros2_ws/install/mycobot_gazebo/share/mycobot_gazebo/models/aws_robomaker_warehouse_GroundB_01/meshes
[5.759s] -- Installing: /home/ibrahim/ros2_ws/install/mycobot_gazebo/share/mycobot_gazebo/models/aws_robomaker_warehouse_GroundB_01/meshes/aws_robomaker_warehouse_GroundB_01_visual.DAE
[5.759s] -- Installing: /home/ibrahim/ros2_ws/install/mycobot_gazebo/share/mycobot_gazebo/models/aws_robomaker_warehouse_GroundB_01/meshes/aws_robomaker_warehouse_GroundB_01_collision.DAE
[5.759s] -- Installing: /home/ibrahim/ros2_ws/install/mycobot_gazebo/share/mycobot_gazebo/models/aws_robomaker_warehouse_GroundB_01/model.config
[5.759s] -- Up-to-date: /home/ibrahim/ros2_ws/install/mycobot_gazebo/share/mycobot_gazebo/models/aws_robomaker_residential_CookingBench_01
[5.760s] -- Installing: /home/ibrahim/ros2_ws/install/mycobot_gazebo/share/mycobot_gazebo/models/aws_robomaker_residential_CookingBench_01/model.sdf
[5.760s] -- Up-to-date: /home/ibrahim/ros2_ws/install/mycobot_gazebo/share/mycobot_gazebo/models/aws_robomaker_residential_CookingBench_01/materials
[5.760s] -- Up-to-date: /home/ibrahim/ros2_ws/install/mycobot_gazebo/share/mycobot_gazebo/models/aws_robomaker_residential_CookingBench_01/materials/textures
[5.760s] -- Installing: /home/ibrahim/ros2_ws/install/mycobot_gazebo/share/mycobot_gazebo/models/aws_robomaker_residential_CookingBench_01/materials/textures/aws_CookingBench_01.png
[5.760s] -- Up-to-date: /home/ibrahim/ros2_ws/install/mycobot_gazebo/share/mycobot_gazebo/models/aws_robomaker_residential_CookingBench_01/meshes
[5.760s] -- Installing: /home/ibrahim/ros2_ws/install/mycobot_gazebo/share/mycobot_gazebo/models/aws_robomaker_residential_CookingBench_01/meshes/aws_CookingBench_01_visual.DAE
[5.760s] -- Installing: /home/ibrahim/ros2_ws/install/mycobot_gazebo/share/mycobot_gazebo/models/aws_robomaker_residential_CookingBench_01/meshes/aws_CookingBench_01_collision.DAE
[5.760s] -- Installing: /home/ibrahim/ros2_ws/install/mycobot_gazebo/share/mycobot_gazebo/models/aws_robomaker_residential_CookingBench_01/meshes/aws_CookingBench_01.DAE
[5.760s] -- Installing: /home/ibrahim/ros2_ws/install/mycobot_gazebo/share/mycobot_gazebo/models/aws_robomaker_residential_CookingBench_01/model.config
[5.761s] -- Up-to-date: /home/ibrahim/ros2_ws/install/mycobot_gazebo/share/mycobot_gazebo/models/aws_robomaker_warehouse_ShelfF_01
[5.761s] -- Installing: /home/ibrahim/ros2_ws/install/mycobot_gazebo/share/mycobot_gazebo/models/aws_robomaker_warehouse_ShelfF_01/model.sdf
[5.761s] -- Up-to-date: /home/ibrahim/ros2_ws/install/mycobot_gazebo/share/mycobot_gazebo/models/aws_robomaker_warehouse_ShelfF_01/materials
[5.761s] -- Up-to-date: /home/ibrahim/ros2_ws/install/mycobot_gazebo/share/mycobot_gazebo/models/aws_robomaker_warehouse_ShelfF_01/materials/textures
[5.761s] -- Installing: /home/ibrahim/ros2_ws/install/mycobot_gazebo/share/mycobot_gazebo/models/aws_robomaker_warehouse_ShelfF_01/materials/textures/aws_robomaker_warehouse_ShelfF_03.png
[5.761s] -- Installing: /home/ibrahim/ros2_ws/install/mycobot_gazebo/share/mycobot_gazebo/models/aws_robomaker_warehouse_ShelfF_01/materials/textures/aws_robomaker_warehouse_ShelfF_01.png
[5.761s] -- Installing: /home/ibrahim/ros2_ws/install/mycobot_gazebo/share/mycobot_gazebo/models/aws_robomaker_warehouse_ShelfF_01/materials/textures/aws_robomaker_warehouse_ShelfF_02.png
[5.761s] -- Up-to-date: /home/ibrahim/ros2_ws/install/mycobot_gazebo/share/mycobot_gazebo/models/aws_robomaker_warehouse_ShelfF_01/meshes
[5.761s] -- Installing: /home/ibrahim/ros2_ws/install/mycobot_gazebo/share/mycobot_gazebo/models/aws_robomaker_warehouse_ShelfF_01/meshes/aws_robomaker_warehouse_ShelfF_01_collision.DAE
[5.761s] -- Installing: /home/ibrahim/ros2_ws/install/mycobot_gazebo/share/mycobot_gazebo/models/aws_robomaker_warehouse_ShelfF_01/meshes/aws_robomaker_warehouse_ShelfF_01_visual.DAE
[5.761s] -- Installing: /home/ibrahim/ros2_ws/install/mycobot_gazebo/share/mycobot_gazebo/models/aws_robomaker_warehouse_ShelfF_01/model.config
[5.761s] -- Up-to-date: /home/ibrahim/ros2_ws/install/mycobot_gazebo/share/mycobot_gazebo/models/aws_robomaker_warehouse_Lamp_01
[5.762s] -- Installing: /home/ibrahim/ros2_ws/install/mycobot_gazebo/share/mycobot_gazebo/models/aws_robomaker_warehouse_Lamp_01/model.sdf
[5.762s] -- Up-to-date: /home/ibrahim/ros2_ws/install/mycobot_gazebo/share/mycobot_gazebo/models/aws_robomaker_warehouse_Lamp_01/materials
[5.762s] -- Up-to-date: /home/ibrahim/ros2_ws/install/mycobot_gazebo/share/mycobot_gazebo/models/aws_robomaker_warehouse_Lamp_01/materials/textures
[5.762s] -- Installing: /home/ibrahim/ros2_ws/install/mycobot_gazebo/share/mycobot_gazebo/models/aws_robomaker_warehouse_Lamp_01/materials/textures/aws_robomaker_warehouse_Lamp_01.png
[5.762s] -- Up-to-date: /home/ibrahim/ros2_ws/install/mycobot_gazebo/share/mycobot_gazebo/models/aws_robomaker_warehouse_Lamp_01/meshes
[5.762s] -- Installing: /home/ibrahim/ros2_ws/install/mycobot_gazebo/share/mycobot_gazebo/models/aws_robomaker_warehouse_Lamp_01/meshes/aws_robomaker_warehouse_Lamp_01_collision.DAE
[5.762s] -- Installing: /home/ibrahim/ros2_ws/install/mycobot_gazebo/share/mycobot_gazebo/models/aws_robomaker_warehouse_Lamp_01/meshes/aws_robomaker_warehouse_Lamp_01_visual.DAE
[5.762s] -- Installing: /home/ibrahim/ros2_ws/install/mycobot_gazebo/share/mycobot_gazebo/models/aws_robomaker_warehouse_Lamp_01/model.config
[5.762s] -- Up-to-date: /home/ibrahim/ros2_ws/install/mycobot_gazebo/share/mycobot_gazebo/models/aws_robomaker_residential_Trash_01
[5.762s] -- Installing: /home/ibrahim/ros2_ws/install/mycobot_gazebo/share/mycobot_gazebo/models/aws_robomaker_residential_Trash_01/model.sdf
[5.762s] -- Up-to-date: /home/ibrahim/ros2_ws/install/mycobot_gazebo/share/mycobot_gazebo/models/aws_robomaker_residential_Trash_01/materials
[5.762s] -- Up-to-date: /home/ibrahim/ros2_ws/install/mycobot_gazebo/share/mycobot_gazebo/models/aws_robomaker_residential_Trash_01/materials/textures
[5.762s] -- Installing: /home/ibrahim/ros2_ws/install/mycobot_gazebo/share/mycobot_gazebo/models/aws_robomaker_residential_Trash_01/materials/textures/aws_Trash_01.png
[5.762s] -- Up-to-date: /home/ibrahim/ros2_ws/install/mycobot_gazebo/share/mycobot_gazebo/models/aws_robomaker_residential_Trash_01/meshes
[5.762s] -- Installing: /home/ibrahim/ros2_ws/install/mycobot_gazebo/share/mycobot_gazebo/models/aws_robomaker_residential_Trash_01/meshes/aws_Trash_01_visual.DAE
[5.763s] -- Installing: /home/ibrahim/ros2_ws/install/mycobot_gazebo/share/mycobot_gazebo/models/aws_robomaker_residential_Trash_01/meshes/aws_Trash_01_collision.DAE
[5.763s] -- Installing: /home/ibrahim/ros2_ws/install/mycobot_gazebo/share/mycobot_gazebo/models/aws_robomaker_residential_Trash_01/model.config
[5.763s] -- Up-to-date: /home/ibrahim/ros2_ws/install/mycobot_gazebo/share/mycobot_gazebo/models/coke_can
[5.763s] -- Installing: /home/ibrahim/ros2_ws/install/mycobot_gazebo/share/mycobot_gazebo/models/coke_can/model.sdf
[5.763s] -- Up-to-date: /home/ibrahim/ros2_ws/install/mycobot_gazebo/share/mycobot_gazebo/models/coke_can/materials
[5.763s] -- Up-to-date: /home/ibrahim/ros2_ws/install/mycobot_gazebo/share/mycobot_gazebo/models/coke_can/materials/textures
[5.763s] -- Installing: /home/ibrahim/ros2_ws/install/mycobot_gazebo/share/mycobot_gazebo/models/coke_can/materials/textures/coke_can.png
[5.763s] -- Installing: /home/ibrahim/ros2_ws/install/mycobot_gazebo/share/mycobot_gazebo/models/coke_can/model-1_3.sdf
[5.763s] -- Installing: /home/ibrahim/ros2_ws/install/mycobot_gazebo/share/mycobot_gazebo/models/coke_can/model-1_2.sdf
[5.764s] -- Installing: /home/ibrahim/ros2_ws/install/mycobot_gazebo/share/mycobot_gazebo/models/coke_can/model-1_4.sdf
[5.764s] -- Up-to-date: /home/ibrahim/ros2_ws/install/mycobot_gazebo/share/mycobot_gazebo/models/coke_can/meshes
[5.764s] -- Installing: /home/ibrahim/ros2_ws/install/mycobot_gazebo/share/mycobot_gazebo/models/coke_can/meshes/coke_can.dae
[5.764s] -- Installing: /home/ibrahim/ros2_ws/install/mycobot_gazebo/share/mycobot_gazebo/models/coke_can/model.config
[5.764s] -- Up-to-date: /home/ibrahim/ros2_ws/install/mycobot_gazebo/share/mycobot_gazebo/models/aws_robomaker_warehouse_ShelfD_01
[5.764s] -- Installing: /home/ibrahim/ros2_ws/install/mycobot_gazebo/share/mycobot_gazebo/models/aws_robomaker_warehouse_ShelfD_01/model.sdf
[5.764s] -- Up-to-date: /home/ibrahim/ros2_ws/install/mycobot_gazebo/share/mycobot_gazebo/models/aws_robomaker_warehouse_ShelfD_01/materials
[5.764s] -- Up-to-date: /home/ibrahim/ros2_ws/install/mycobot_gazebo/share/mycobot_gazebo/models/aws_robomaker_warehouse_ShelfD_01/materials/textures
[5.764s] -- Installing: /home/ibrahim/ros2_ws/install/mycobot_gazebo/share/mycobot_gazebo/models/aws_robomaker_warehouse_ShelfD_01/materials/textures/aws_robomaker_warehouse_ShelfD_03.png
[5.764s] -- Installing: /home/ibrahim/ros2_ws/install/mycobot_gazebo/share/mycobot_gazebo/models/aws_robomaker_warehouse_ShelfD_01/materials/textures/aws_robomaker_warehouse_ShelfD_01.png
[5.764s] -- Installing: /home/ibrahim/ros2_ws/install/mycobot_gazebo/share/mycobot_gazebo/models/aws_robomaker_warehouse_ShelfD_01/materials/textures/aws_robomaker_warehouse_ShelfD_04.png
[5.764s] -- Installing: /home/ibrahim/ros2_ws/install/mycobot_gazebo/share/mycobot_gazebo/models/aws_robomaker_warehouse_ShelfD_01/materials/textures/aws_robomaker_warehouse_ShelfD_02.png
[5.764s] -- Up-to-date: /home/ibrahim/ros2_ws/install/mycobot_gazebo/share/mycobot_gazebo/models/aws_robomaker_warehouse_ShelfD_01/meshes
[5.764s] -- Installing: /home/ibrahim/ros2_ws/install/mycobot_gazebo/share/mycobot_gazebo/models/aws_robomaker_warehouse_ShelfD_01/meshes/aws_robomaker_warehouse_ShelfD_01_collision.DAE
[5.764s] -- Installing: /home/ibrahim/ros2_ws/install/mycobot_gazebo/share/mycobot_gazebo/models/aws_robomaker_warehouse_ShelfD_01/meshes/aws_robomaker_warehouse_ShelfD_01_visual.DAE
[5.764s] -- Installing: /home/ibrahim/ros2_ws/install/mycobot_gazebo/share/mycobot_gazebo/models/aws_robomaker_warehouse_ShelfD_01/model.config
[5.764s] -- Up-to-date: /home/ibrahim/ros2_ws/install/mycobot_gazebo/share/mycobot_gazebo/models/aws_robomaker_residential_RoomWall_01
[5.765s] -- Installing: /home/ibrahim/ros2_ws/install/mycobot_gazebo/share/mycobot_gazebo/models/aws_robomaker_residential_RoomWall_01/model.sdf
[5.765s] -- Up-to-date: /home/ibrahim/ros2_ws/install/mycobot_gazebo/share/mycobot_gazebo/models/aws_robomaker_residential_RoomWall_01/materials
[5.765s] -- Up-to-date: /home/ibrahim/ros2_ws/install/mycobot_gazebo/share/mycobot_gazebo/models/aws_robomaker_residential_RoomWall_01/materials/textures
[5.765s] -- Installing: /home/ibrahim/ros2_ws/install/mycobot_gazebo/share/mycobot_gazebo/models/aws_robomaker_residential_RoomWall_01/materials/textures/aws_RoomWall_01.png
[5.765s] -- Up-to-date: /home/ibrahim/ros2_ws/install/mycobot_gazebo/share/mycobot_gazebo/models/aws_robomaker_residential_RoomWall_01/meshes
[5.766s] -- Installing: /home/ibrahim/ros2_ws/install/mycobot_gazebo/share/mycobot_gazebo/models/aws_robomaker_residential_RoomWall_01/meshes/aws_RoomWall_01_visual.DAE
[5.766s] -- Installing: /home/ibrahim/ros2_ws/install/mycobot_gazebo/share/mycobot_gazebo/models/aws_robomaker_residential_RoomWall_01/meshes/aws_RoomWall_01_collision.DAE
[5.766s] -- Installing: /home/ibrahim/ros2_ws/install/mycobot_gazebo/share/mycobot_gazebo/models/aws_robomaker_residential_RoomWall_01/model.config
[5.766s] -- Up-to-date: /home/ibrahim/ros2_ws/install/mycobot_gazebo/share/mycobot_gazebo/models/brown_table
[5.766s] -- Installing: /home/ibrahim/ros2_ws/install/mycobot_gazebo/share/mycobot_gazebo/models/brown_table/model.sdf
[5.766s] -- Installing: /home/ibrahim/ros2_ws/install/mycobot_gazebo/share/mycobot_gazebo/models/brown_table/model.config
[5.766s] -- Up-to-date: /home/ibrahim/ros2_ws/install/mycobot_gazebo/share/mycobot_gazebo/models/aws_robomaker_residential_FloorB_01
[5.766s] -- Installing: /home/ibrahim/ros2_ws/install/mycobot_gazebo/share/mycobot_gazebo/models/aws_robomaker_residential_FloorB_01/model.sdf
[5.766s] -- Up-to-date: /home/ibrahim/ros2_ws/install/mycobot_gazebo/share/mycobot_gazebo/models/aws_robomaker_residential_FloorB_01/materials
[5.766s] -- Up-to-date: /home/ibrahim/ros2_ws/install/mycobot_gazebo/share/mycobot_gazebo/models/aws_robomaker_residential_FloorB_01/materials/textures
[5.766s] -- Installing: /home/ibrahim/ros2_ws/install/mycobot_gazebo/share/mycobot_gazebo/models/aws_robomaker_residential_FloorB_01/materials/textures/aws_FloorB_01.png
[5.767s] -- Up-to-date: /home/ibrahim/ros2_ws/install/mycobot_gazebo/share/mycobot_gazebo/models/aws_robomaker_residential_FloorB_01/meshes
[5.767s] -- Installing: /home/ibrahim/ros2_ws/install/mycobot_gazebo/share/mycobot_gazebo/models/aws_robomaker_residential_FloorB_01/meshes/aws_FloorB_01_collision.DAE
[5.767s] -- Installing: /home/ibrahim/ros2_ws/install/mycobot_gazebo/share/mycobot_gazebo/models/aws_robomaker_residential_FloorB_01/meshes/aws_FloorB_01_visual.DAE
[5.767s] -- Installing: /home/ibrahim/ros2_ws/install/mycobot_gazebo/share/mycobot_gazebo/models/aws_robomaker_residential_FloorB_01/model.config
[5.767s] -- Up-to-date: /home/ibrahim/ros2_ws/install/mycobot_gazebo/share/mycobot_gazebo/models/aws_robomaker_residential_PortraitB_01
[5.767s] -- Installing: /home/ibrahim/ros2_ws/install/mycobot_gazebo/share/mycobot_gazebo/models/aws_robomaker_residential_PortraitB_01/model.sdf
[5.767s] -- Up-to-date: /home/ibrahim/ros2_ws/install/mycobot_gazebo/share/mycobot_gazebo/models/aws_robomaker_residential_PortraitB_01/materials
[5.767s] -- Up-to-date: /home/ibrahim/ros2_ws/install/mycobot_gazebo/share/mycobot_gazebo/models/aws_robomaker_residential_PortraitB_01/materials/textures
[5.767s] -- Installing: /home/ibrahim/ros2_ws/install/mycobot_gazebo/share/mycobot_gazebo/models/aws_robomaker_residential_PortraitB_01/materials/textures/aws_PortraitB_01.png
[5.767s] -- Installing: /home/ibrahim/ros2_ws/install/mycobot_gazebo/share/mycobot_gazebo/models/aws_robomaker_residential_PortraitB_01/materials/textures/PortraitB_01.jpg
[5.768s] -- Installing: /home/ibrahim/ros2_ws/install/mycobot_gazebo/share/mycobot_gazebo/models/aws_robomaker_residential_PortraitB_01/materials/textures/aws_PortraitB_02.png
[5.772s] -- Up-to-date: /home/ibrahim/ros2_ws/install/mycobot_gazebo/share/mycobot_gazebo/models/aws_robomaker_residential_PortraitB_01/meshes
[5.772s] -- Installing: /home/ibrahim/ros2_ws/install/mycobot_gazebo/share/mycobot_gazebo/models/aws_robomaker_residential_PortraitB_01/meshes/aws_PortraitB_01_collision.DAE
[5.772s] -- Installing: /home/ibrahim/ros2_ws/install/mycobot_gazebo/share/mycobot_gazebo/models/aws_robomaker_residential_PortraitB_01/meshes/aws_PortraitB_01_visual.DAE
[5.772s] -- Installing: /home/ibrahim/ros2_ws/install/mycobot_gazebo/share/mycobot_gazebo/models/aws_robomaker_residential_PortraitB_01/model.config
[5.773s] -- Up-to-date: /home/ibrahim/ros2_ws/install/mycobot_gazebo/share/mycobot_gazebo/models/aws_robomaker_residential_PortraitD_01
[5.773s] -- Installing: /home/ibrahim/ros2_ws/install/mycobot_gazebo/share/mycobot_gazebo/models/aws_robomaker_residential_PortraitD_01/model.sdf
[5.774s] -- Up-to-date: /home/ibrahim/ros2_ws/install/mycobot_gazebo/share/mycobot_gazebo/models/aws_robomaker_residential_PortraitD_01/materials
[5.774s] -- Up-to-date: /home/ibrahim/ros2_ws/install/mycobot_gazebo/share/mycobot_gazebo/models/aws_robomaker_residential_PortraitD_01/materials/textures
[5.774s] -- Installing: /home/ibrahim/ros2_ws/install/mycobot_gazebo/share/mycobot_gazebo/models/aws_robomaker_residential_PortraitD_01/materials/textures/PortraitD_01.jpg
[5.776s] -- Installing: /home/ibrahim/ros2_ws/install/mycobot_gazebo/share/mycobot_gazebo/models/aws_robomaker_residential_PortraitD_01/materials/textures/aws_PortraitD_01.png
[5.777s] -- Installing: /home/ibrahim/ros2_ws/install/mycobot_gazebo/share/mycobot_gazebo/models/aws_robomaker_residential_PortraitD_01/materials/textures/aws_PortraitD_02.png
[5.777s] -- Up-to-date: /home/ibrahim/ros2_ws/install/mycobot_gazebo/share/mycobot_gazebo/models/aws_robomaker_residential_PortraitD_01/meshes
[5.778s] -- Installing: /home/ibrahim/ros2_ws/install/mycobot_gazebo/share/mycobot_gazebo/models/aws_robomaker_residential_PortraitD_01/meshes/aws_PortraitD_01_visual.DAE
[5.778s] -- Installing: /home/ibrahim/ros2_ws/install/mycobot_gazebo/share/mycobot_gazebo/models/aws_robomaker_residential_PortraitD_01/meshes/aws_PortraitD_01_collision.DAE
[5.778s] -- Installing: /home/ibrahim/ros2_ws/install/mycobot_gazebo/share/mycobot_gazebo/models/aws_robomaker_residential_PortraitD_01/model.config
[5.778s] -- Up-to-date: /home/ibrahim/ros2_ws/install/mycobot_gazebo/share/mycobot_gazebo/models/aws_robomaker_warehouse_PalletJackB_01
[5.778s] -- Installing: /home/ibrahim/ros2_ws/install/mycobot_gazebo/share/mycobot_gazebo/models/aws_robomaker_warehouse_PalletJackB_01/model.sdf
[5.778s] -- Up-to-date: /home/ibrahim/ros2_ws/install/mycobot_gazebo/share/mycobot_gazebo/models/aws_robomaker_warehouse_PalletJackB_01/materials
[5.778s] -- Up-to-date: /home/ibrahim/ros2_ws/install/mycobot_gazebo/share/mycobot_gazebo/models/aws_robomaker_warehouse_PalletJackB_01/materials/textures
[5.779s] -- Installing: /home/ibrahim/ros2_ws/install/mycobot_gazebo/share/mycobot_gazebo/models/aws_robomaker_warehouse_PalletJackB_01/materials/textures/aws_robomaker_warehouse_PalletJackB_02.png
[5.779s] -- Installing: /home/ibrahim/ros2_ws/install/mycobot_gazebo/share/mycobot_gazebo/models/aws_robomaker_warehouse_PalletJackB_01/materials/textures/aws_robomaker_warehouse_PalletJackB_01.png
[5.780s] -- Installing: /home/ibrahim/ros2_ws/install/mycobot_gazebo/share/mycobot_gazebo/models/aws_robomaker_warehouse_PalletJackB_01/materials/.DS_Store
[5.780s] -- Installing: /home/ibrahim/ros2_ws/install/mycobot_gazebo/share/mycobot_gazebo/models/aws_robomaker_warehouse_PalletJackB_01/.DS_Store
[5.780s] -- Up-to-date: /home/ibrahim/ros2_ws/install/mycobot_gazebo/share/mycobot_gazebo/models/aws_robomaker_warehouse_PalletJackB_01/meshes
[5.781s] -- Installing: /home/ibrahim/ros2_ws/install/mycobot_gazebo/share/mycobot_gazebo/models/aws_robomaker_warehouse_PalletJackB_01/meshes/aws_robomaker_warehouse_PalletJackB_01_collision.DAE
[5.781s] -- Installing: /home/ibrahim/ros2_ws/install/mycobot_gazebo/share/mycobot_gazebo/models/aws_robomaker_warehouse_PalletJackB_01/meshes/aws_robomaker_warehouse_PalletJackB_01_visual.DAE
[5.781s] -- Installing: /home/ibrahim/ros2_ws/install/mycobot_gazebo/share/mycobot_gazebo/models/aws_robomaker_warehouse_PalletJackB_01/model.config
[5.781s] -- Up-to-date: /home/ibrahim/ros2_ws/install/mycobot_gazebo/share/mycobot_gazebo/models/aws_robomaker_residential_DeskPortraitD_02
[5.782s] -- Installing: /home/ibrahim/ros2_ws/install/mycobot_gazebo/share/mycobot_gazebo/models/aws_robomaker_residential_DeskPortraitD_02/model.sdf
[5.782s] -- Up-to-date: /home/ibrahim/ros2_ws/install/mycobot_gazebo/share/mycobot_gazebo/models/aws_robomaker_residential_DeskPortraitD_02/materials
[5.782s] -- Up-to-date: /home/ibrahim/ros2_ws/install/mycobot_gazebo/share/mycobot_gazebo/models/aws_robomaker_residential_DeskPortraitD_02/materials/textures
[5.782s] -- Installing: /home/ibrahim/ros2_ws/install/mycobot_gazebo/share/mycobot_gazebo/models/aws_robomaker_residential_DeskPortraitD_02/materials/textures/aws_DeskPortraitD_02.png
[5.783s] -- Installing: /home/ibrahim/ros2_ws/install/mycobot_gazebo/share/mycobot_gazebo/models/aws_robomaker_residential_DeskPortraitD_02/materials/textures/DeskPortraitD_02.jpg
[5.785s] -- Installing: /home/ibrahim/ros2_ws/install/mycobot_gazebo/share/mycobot_gazebo/models/aws_robomaker_residential_DeskPortraitD_02/materials/textures/aws_DeskPortraitD_01.png
[5.785s] -- Up-to-date: /home/ibrahim/ros2_ws/install/mycobot_gazebo/share/mycobot_gazebo/models/aws_robomaker_residential_DeskPortraitD_02/meshes
[5.785s] -- Installing: /home/ibrahim/ros2_ws/install/mycobot_gazebo/share/mycobot_gazebo/models/aws_robomaker_residential_DeskPortraitD_02/meshes/aws_DeskPortraitD_01_collision.DAE
[5.786s] -- Installing: /home/ibrahim/ros2_ws/install/mycobot_gazebo/share/mycobot_gazebo/models/aws_robomaker_residential_DeskPortraitD_02/meshes/aws_DeskPortraitD_01_visual.DAE
[5.786s] -- Installing: /home/ibrahim/ros2_ws/install/mycobot_gazebo/share/mycobot_gazebo/models/aws_robomaker_residential_DeskPortraitD_02/model.config
[5.786s] -- Up-to-date: /home/ibrahim/ros2_ws/install/mycobot_gazebo/share/mycobot_gazebo/models/aws_robomaker_residential_Carpet_01
[5.786s] -- Installing: /home/ibrahim/ros2_ws/install/mycobot_gazebo/share/mycobot_gazebo/models/aws_robomaker_residential_Carpet_01/model.sdf
[5.786s] -- Up-to-date: /home/ibrahim/ros2_ws/install/mycobot_gazebo/share/mycobot_gazebo/models/aws_robomaker_residential_Carpet_01/materials
[5.786s] -- Up-to-date: /home/ibrahim/ros2_ws/install/mycobot_gazebo/share/mycobot_gazebo/models/aws_robomaker_residential_Carpet_01/materials/textures
[5.786s] -- Installing: /home/ibrahim/ros2_ws/install/mycobot_gazebo/share/mycobot_gazebo/models/aws_robomaker_residential_Carpet_01/materials/textures/aws_Carpet_01.png
[5.824s] -- Up-to-date: /home/ibrahim/ros2_ws/install/mycobot_gazebo/share/mycobot_gazebo/models/aws_robomaker_residential_Carpet_01/meshes
[5.824s] -- Installing: /home/ibrahim/ros2_ws/install/mycobot_gazebo/share/mycobot_gazebo/models/aws_robomaker_residential_Carpet_01/meshes/aws_Carpet_01_visual.DAE
[5.824s] -- Installing: /home/ibrahim/ros2_ws/install/mycobot_gazebo/share/mycobot_gazebo/models/aws_robomaker_residential_Carpet_01/meshes/aws_Carpet_01_collision.DAE
[5.824s] -- Installing: /home/ibrahim/ros2_ws/install/mycobot_gazebo/share/mycobot_gazebo/models/aws_robomaker_residential_Carpet_01/model.config
[5.825s] -- Up-to-date: /home/ibrahim/ros2_ws/install/mycobot_gazebo/share/mycobot_gazebo/models/aws_robomaker_residential_Rangehood_01
[5.825s] -- Installing: /home/ibrahim/ros2_ws/install/mycobot_gazebo/share/mycobot_gazebo/models/aws_robomaker_residential_Rangehood_01/model.sdf
[5.825s] -- Up-to-date: /home/ibrahim/ros2_ws/install/mycobot_gazebo/share/mycobot_gazebo/models/aws_robomaker_residential_Rangehood_01/materials
[5.825s] -- Up-to-date: /home/ibrahim/ros2_ws/install/mycobot_gazebo/share/mycobot_gazebo/models/aws_robomaker_residential_Rangehood_01/materials/textures
[5.825s] -- Installing: /home/ibrahim/ros2_ws/install/mycobot_gazebo/share/mycobot_gazebo/models/aws_robomaker_residential_Rangehood_01/materials/textures/aws_Rangehood_01.png
[5.825s] -- Up-to-date: /home/ibrahim/ros2_ws/install/mycobot_gazebo/share/mycobot_gazebo/models/aws_robomaker_residential_Rangehood_01/meshes
[5.825s] -- Installing: /home/ibrahim/ros2_ws/install/mycobot_gazebo/share/mycobot_gazebo/models/aws_robomaker_residential_Rangehood_01/meshes/aws_Rangehood_01_visual.DAE
[5.826s] -- Installing: /home/ibrahim/ros2_ws/install/mycobot_gazebo/share/mycobot_gazebo/models/aws_robomaker_residential_Rangehood_01/meshes/aws_Rangehood_01_collision.DAE
[5.827s] -- Installing: /home/ibrahim/ros2_ws/install/mycobot_gazebo/share/mycobot_gazebo/models/aws_robomaker_residential_Rangehood_01/model.config
[5.827s] -- Up-to-date: /home/ibrahim/ros2_ws/install/mycobot_gazebo/share/mycobot_gazebo/models/aws_robomaker_residential_Pillow_01
[5.827s] -- Installing: /home/ibrahim/ros2_ws/install/mycobot_gazebo/share/mycobot_gazebo/models/aws_robomaker_residential_Pillow_01/model.sdf
[5.827s] -- Up-to-date: /home/ibrahim/ros2_ws/install/mycobot_gazebo/share/mycobot_gazebo/models/aws_robomaker_residential_Pillow_01/materials
[5.827s] -- Up-to-date: /home/ibrahim/ros2_ws/install/mycobot_gazebo/share/mycobot_gazebo/models/aws_robomaker_residential_Pillow_01/materials/textures
[5.827s] -- Installing: /home/ibrahim/ros2_ws/install/mycobot_gazebo/share/mycobot_gazebo/models/aws_robomaker_residential_Pillow_01/materials/textures/aws_Pillow_01.png
[5.828s] -- Up-to-date: /home/ibrahim/ros2_ws/install/mycobot_gazebo/share/mycobot_gazebo/models/aws_robomaker_residential_Pillow_01/meshes
[5.828s] -- Installing: /home/ibrahim/ros2_ws/install/mycobot_gazebo/share/mycobot_gazebo/models/aws_robomaker_residential_Pillow_01/meshes/aws_Pillow_01_visual.DAE
[5.829s] -- Installing: /home/ibrahim/ros2_ws/install/mycobot_gazebo/share/mycobot_gazebo/models/aws_robomaker_residential_Pillow_01/meshes/aws_Pillow_01_collision.DAE
[5.830s] -- Installing: /home/ibrahim/ros2_ws/install/mycobot_gazebo/share/mycobot_gazebo/models/aws_robomaker_residential_Pillow_01/model.config
[5.830s] -- Up-to-date: /home/ibrahim/ros2_ws/install/mycobot_gazebo/share/mycobot_gazebo/models/aws_robomaker_residential_TVCabinet_01
[5.830s] -- Installing: /home/ibrahim/ros2_ws/install/mycobot_gazebo/share/mycobot_gazebo/models/aws_robomaker_residential_TVCabinet_01/model.sdf
[5.830s] -- Up-to-date: /home/ibrahim/ros2_ws/install/mycobot_gazebo/share/mycobot_gazebo/models/aws_robomaker_residential_TVCabinet_01/materials
[5.830s] -- Up-to-date: /home/ibrahim/ros2_ws/install/mycobot_gazebo/share/mycobot_gazebo/models/aws_robomaker_residential_TVCabinet_01/materials/textures
[5.830s] -- Installing: /home/ibrahim/ros2_ws/install/mycobot_gazebo/share/mycobot_gazebo/models/aws_robomaker_residential_TVCabinet_01/materials/textures/aws_TVCabinet_01.png
[5.831s] -- Up-to-date: /home/ibrahim/ros2_ws/install/mycobot_gazebo/share/mycobot_gazebo/models/aws_robomaker_residential_TVCabinet_01/meshes
[5.831s] -- Installing: /home/ibrahim/ros2_ws/install/mycobot_gazebo/share/mycobot_gazebo/models/aws_robomaker_residential_TVCabinet_01/meshes/aws_TVCabinet_01_visual.DAE
[5.831s] -- Installing: /home/ibrahim/ros2_ws/install/mycobot_gazebo/share/mycobot_gazebo/models/aws_robomaker_residential_TVCabinet_01/meshes/aws_TVCabinet_01_collision.DAE
[5.831s] -- Installing: /home/ibrahim/ros2_ws/install/mycobot_gazebo/share/mycobot_gazebo/models/aws_robomaker_residential_TVCabinet_01/model.config
[5.831s] -- Up-to-date: /home/ibrahim/ros2_ws/install/mycobot_gazebo/share/mycobot_gazebo/models/aws_robomaker_residential_SofaC_01
[5.831s] -- Installing: /home/ibrahim/ros2_ws/install/mycobot_gazebo/share/mycobot_gazebo/models/aws_robomaker_residential_SofaC_01/model.sdf
[5.832s] -- Up-to-date: /home/ibrahim/ros2_ws/install/mycobot_gazebo/share/mycobot_gazebo/models/aws_robomaker_residential_SofaC_01/materials
[5.832s] -- Up-to-date: /home/ibrahim/ros2_ws/install/mycobot_gazebo/share/mycobot_gazebo/models/aws_robomaker_residential_SofaC_01/materials/textures
[5.832s] -- Installing: /home/ibrahim/ros2_ws/install/mycobot_gazebo/share/mycobot_gazebo/models/aws_robomaker_residential_SofaC_01/materials/textures/aws_SofaC_01.png
[5.832s] -- Up-to-date: /home/ibrahim/ros2_ws/install/mycobot_gazebo/share/mycobot_gazebo/models/aws_robomaker_residential_SofaC_01/meshes
[5.832s] -- Installing: /home/ibrahim/ros2_ws/install/mycobot_gazebo/share/mycobot_gazebo/models/aws_robomaker_residential_SofaC_01/meshes/aws_SofaC_01_collision.DAE
[5.832s] -- Installing: /home/ibrahim/ros2_ws/install/mycobot_gazebo/share/mycobot_gazebo/models/aws_robomaker_residential_SofaC_01/meshes/aws_SofaC_01_visual.DAE
[5.833s] -- Installing: /home/ibrahim/ros2_ws/install/mycobot_gazebo/share/mycobot_gazebo/models/aws_robomaker_residential_SofaC_01/model.config
[5.833s] -- Up-to-date: /home/ibrahim/ros2_ws/install/mycobot_gazebo/share/mycobot_gazebo/models/aws_robomaker_residential_DeskPortraitD_01
[5.833s] -- Installing: /home/ibrahim/ros2_ws/install/mycobot_gazebo/share/mycobot_gazebo/models/aws_robomaker_residential_DeskPortraitD_01/model.sdf
[5.833s] -- Up-to-date: /home/ibrahim/ros2_ws/install/mycobot_gazebo/share/mycobot_gazebo/models/aws_robomaker_residential_DeskPortraitD_01/materials
[5.833s] -- Up-to-date: /home/ibrahim/ros2_ws/install/mycobot_gazebo/share/mycobot_gazebo/models/aws_robomaker_residential_DeskPortraitD_01/materials/textures
[5.833s] -- Installing: /home/ibrahim/ros2_ws/install/mycobot_gazebo/share/mycobot_gazebo/models/aws_robomaker_residential_DeskPortraitD_01/materials/textures/aws_DeskPortraitD_02.png
[5.835s] -- Installing: /home/ibrahim/ros2_ws/install/mycobot_gazebo/share/mycobot_gazebo/models/aws_robomaker_residential_DeskPortraitD_01/materials/textures/aws_DeskPortraitD_01.png
[5.835s] -- Installing: /home/ibrahim/ros2_ws/install/mycobot_gazebo/share/mycobot_gazebo/models/aws_robomaker_residential_DeskPortraitD_01/materials/textures/DeskPortraitD_01.jpg
[5.836s] -- Up-to-date: /home/ibrahim/ros2_ws/install/mycobot_gazebo/share/mycobot_gazebo/models/aws_robomaker_residential_DeskPortraitD_01/meshes
[5.836s] -- Installing: /home/ibrahim/ros2_ws/install/mycobot_gazebo/share/mycobot_gazebo/models/aws_robomaker_residential_DeskPortraitD_01/meshes/aws_DeskPortraitD_01_collision.DAE
[5.836s] -- Installing: /home/ibrahim/ros2_ws/install/mycobot_gazebo/share/mycobot_gazebo/models/aws_robomaker_residential_DeskPortraitD_01/meshes/aws_DeskPortraitD_01_visual.DAE
[5.836s] -- Installing: /home/ibrahim/ros2_ws/install/mycobot_gazebo/share/mycobot_gazebo/models/aws_robomaker_residential_DeskPortraitD_01/model.config
[5.836s] -- Up-to-date: /home/ibrahim/ros2_ws/install/mycobot_gazebo/share/mycobot_gazebo/models/aws_robomaker_residential_TV_02
[5.836s] -- Installing: /home/ibrahim/ros2_ws/install/mycobot_gazebo/share/mycobot_gazebo/models/aws_robomaker_residential_TV_02/model.sdf
[5.836s] -- Up-to-date: /home/ibrahim/ros2_ws/install/mycobot_gazebo/share/mycobot_gazebo/models/aws_robomaker_residential_TV_02/materials
[5.836s] -- Up-to-date: /home/ibrahim/ros2_ws/install/mycobot_gazebo/share/mycobot_gazebo/models/aws_robomaker_residential_TV_02/materials/textures
[5.836s] -- Installing: /home/ibrahim/ros2_ws/install/mycobot_gazebo/share/mycobot_gazebo/models/aws_robomaker_residential_TV_02/materials/textures/aws_TV_01.png
[5.837s] -- Up-to-date: /home/ibrahim/ros2_ws/install/mycobot_gazebo/share/mycobot_gazebo/models/aws_robomaker_residential_TV_02/meshes
[5.838s] -- Installing: /home/ibrahim/ros2_ws/install/mycobot_gazebo/share/mycobot_gazebo/models/aws_robomaker_residential_TV_02/meshes/aws_TV_01_collision.DAE
[5.838s] -- Installing: /home/ibrahim/ros2_ws/install/mycobot_gazebo/share/mycobot_gazebo/models/aws_robomaker_residential_TV_02/meshes/aws_TV_01_visual.DAE
[5.838s] -- Installing: /home/ibrahim/ros2_ws/install/mycobot_gazebo/share/mycobot_gazebo/models/aws_robomaker_residential_TV_02/model.config
[5.838s] -- Up-to-date: /home/ibrahim/ros2_ws/install/mycobot_gazebo/share/mycobot_gazebo/models/aws_robomaker_residential_FoldingDoor_01
[5.838s] -- Installing: /home/ibrahim/ros2_ws/install/mycobot_gazebo/share/mycobot_gazebo/models/aws_robomaker_residential_FoldingDoor_01/model.sdf
[5.838s] -- Up-to-date: /home/ibrahim/ros2_ws/install/mycobot_gazebo/share/mycobot_gazebo/models/aws_robomaker_residential_FoldingDoor_01/materials
[5.838s] -- Up-to-date: /home/ibrahim/ros2_ws/install/mycobot_gazebo/share/mycobot_gazebo/models/aws_robomaker_residential_FoldingDoor_01/materials/textures
[5.838s] -- Installing: /home/ibrahim/ros2_ws/install/mycobot_gazebo/share/mycobot_gazebo/models/aws_robomaker_residential_FoldingDoor_01/materials/textures/aws_FoldingDoor_01.png
[5.838s] -- Up-to-date: /home/ibrahim/ros2_ws/install/mycobot_gazebo/share/mycobot_gazebo/models/aws_robomaker_residential_FoldingDoor_01/meshes
[5.839s] -- Installing: /home/ibrahim/ros2_ws/install/mycobot_gazebo/share/mycobot_gazebo/models/aws_robomaker_residential_FoldingDoor_01/meshes/aws_FoldingDoor_01_collision.DAE
[5.839s] -- Installing: /home/ibrahim/ros2_ws/install/mycobot_gazebo/share/mycobot_gazebo/models/aws_robomaker_residential_FoldingDoor_01/meshes/aws_FoldingDoor_01_visual.DAE
[5.841s] -- Installing: /home/ibrahim/ros2_ws/install/mycobot_gazebo/share/mycobot_gazebo/models/aws_robomaker_residential_FoldingDoor_01/model.config
[5.841s] -- Up-to-date: /home/ibrahim/ros2_ws/install/mycobot_gazebo/share/mycobot_gazebo/models/aws_robomaker_residential_Handle_01
[5.841s] -- Installing: /home/ibrahim/ros2_ws/install/mycobot_gazebo/share/mycobot_gazebo/models/aws_robomaker_residential_Handle_01/model.sdf
[5.841s] -- Up-to-date: /home/ibrahim/ros2_ws/install/mycobot_gazebo/share/mycobot_gazebo/models/aws_robomaker_residential_Handle_01/materials
[5.841s] -- Up-to-date: /home/ibrahim/ros2_ws/install/mycobot_gazebo/share/mycobot_gazebo/models/aws_robomaker_residential_Handle_01/materials/textures
[5.841s] -- Installing: /home/ibrahim/ros2_ws/install/mycobot_gazebo/share/mycobot_gazebo/models/aws_robomaker_residential_Handle_01/materials/textures/aws_Handle_01.png
[5.842s] -- Up-to-date: /home/ibrahim/ros2_ws/install/mycobot_gazebo/share/mycobot_gazebo/models/aws_robomaker_residential_Handle_01/meshes
[5.842s] -- Installing: /home/ibrahim/ros2_ws/install/mycobot_gazebo/share/mycobot_gazebo/models/aws_robomaker_residential_Handle_01/meshes/aws_Handle_01_visual.DAE
[5.843s] -- Installing: /home/ibrahim/ros2_ws/install/mycobot_gazebo/share/mycobot_gazebo/models/aws_robomaker_residential_Handle_01/meshes/aws_Handle_01_collision.DAE
[5.843s] -- Installing: /home/ibrahim/ros2_ws/install/mycobot_gazebo/share/mycobot_gazebo/models/aws_robomaker_residential_Handle_01/model.config
[5.844s] -- Up-to-date: /home/ibrahim/ros2_ws/install/mycobot_gazebo/share/mycobot_gazebo/models/aws_robomaker_warehouse_ShelfE_01
[5.844s] -- Installing: /home/ibrahim/ros2_ws/install/mycobot_gazebo/share/mycobot_gazebo/models/aws_robomaker_warehouse_ShelfE_01/model.sdf
[5.844s] -- Up-to-date: /home/ibrahim/ros2_ws/install/mycobot_gazebo/share/mycobot_gazebo/models/aws_robomaker_warehouse_ShelfE_01/materials
[5.844s] -- Up-to-date: /home/ibrahim/ros2_ws/install/mycobot_gazebo/share/mycobot_gazebo/models/aws_robomaker_warehouse_ShelfE_01/materials/textures
[5.844s] -- Installing: /home/ibrahim/ros2_ws/install/mycobot_gazebo/share/mycobot_gazebo/models/aws_robomaker_warehouse_ShelfE_01/materials/textures/aws_robomaker_warehouse_ShelfE_01.png
[5.844s] -- Installing: /home/ibrahim/ros2_ws/install/mycobot_gazebo/share/mycobot_gazebo/models/aws_robomaker_warehouse_ShelfE_01/materials/textures/aws_robomaker_warehouse_ShelfE_03.png
[5.845s] -- Installing: /home/ibrahim/ros2_ws/install/mycobot_gazebo/share/mycobot_gazebo/models/aws_robomaker_warehouse_ShelfE_01/materials/textures/aws_robomaker_warehouse_ShelfE_04.png
[5.845s] -- Installing: /home/ibrahim/ros2_ws/install/mycobot_gazebo/share/mycobot_gazebo/models/aws_robomaker_warehouse_ShelfE_01/materials/textures/aws_robomaker_warehouse_ShelfE_02.png
[5.845s] -- Installing: /home/ibrahim/ros2_ws/install/mycobot_gazebo/share/mycobot_gazebo/models/aws_robomaker_warehouse_ShelfE_01/materials/.DS_Store
[5.846s] -- Installing: /home/ibrahim/ros2_ws/install/mycobot_gazebo/share/mycobot_gazebo/models/aws_robomaker_warehouse_ShelfE_01/.DS_Store
[5.846s] -- Up-to-date: /home/ibrahim/ros2_ws/install/mycobot_gazebo/share/mycobot_gazebo/models/aws_robomaker_warehouse_ShelfE_01/meshes
[5.846s] -- Installing: /home/ibrahim/ros2_ws/install/mycobot_gazebo/share/mycobot_gazebo/models/aws_robomaker_warehouse_ShelfE_01/meshes/aws_robomaker_warehouse_ShelfE_01_collision.DAE
[5.846s] -- Installing: /home/ibrahim/ros2_ws/install/mycobot_gazebo/share/mycobot_gazebo/models/aws_robomaker_warehouse_ShelfE_01/meshes/aws_robomaker_warehouse_ShelfE_01_visual.DAE
[5.846s] -- Installing: /home/ibrahim/ros2_ws/install/mycobot_gazebo/share/mycobot_gazebo/models/aws_robomaker_warehouse_ShelfE_01/model.config
[5.847s] -- Up-to-date: /home/ibrahim/ros2_ws/install/mycobot_gazebo/share/mycobot_gazebo/models/aws_robomaker_residential_CoffeeTable_01
[5.847s] -- Installing: /home/ibrahim/ros2_ws/install/mycobot_gazebo/share/mycobot_gazebo/models/aws_robomaker_residential_CoffeeTable_01/model.sdf
[5.847s] -- Up-to-date: /home/ibrahim/ros2_ws/install/mycobot_gazebo/share/mycobot_gazebo/models/aws_robomaker_residential_CoffeeTable_01/materials
[5.847s] -- Up-to-date: /home/ibrahim/ros2_ws/install/mycobot_gazebo/share/mycobot_gazebo/models/aws_robomaker_residential_CoffeeTable_01/materials/textures
[5.847s] -- Installing: /home/ibrahim/ros2_ws/install/mycobot_gazebo/share/mycobot_gazebo/models/aws_robomaker_residential_CoffeeTable_01/materials/textures/aws_CoffeeTable_01.png
[5.847s] -- Up-to-date: /home/ibrahim/ros2_ws/install/mycobot_gazebo/share/mycobot_gazebo/models/aws_robomaker_residential_CoffeeTable_01/meshes
[5.848s] -- Installing: /home/ibrahim/ros2_ws/install/mycobot_gazebo/share/mycobot_gazebo/models/aws_robomaker_residential_CoffeeTable_01/meshes/aws_CoffeeTable_01_visual.DAE
[5.848s] -- Installing: /home/ibrahim/ros2_ws/install/mycobot_gazebo/share/mycobot_gazebo/models/aws_robomaker_residential_CoffeeTable_01/meshes/aws_CoffeeTable_01_collision.DAE
[5.848s] -- Installing: /home/ibrahim/ros2_ws/install/mycobot_gazebo/share/mycobot_gazebo/models/aws_robomaker_residential_CoffeeTable_01/model.config
[5.848s] -- Up-to-date: /home/ibrahim/ros2_ws/install/mycobot_gazebo/share/mycobot_gazebo/models/aws_robomaker_residential_PortraitC_01
[5.848s] -- Installing: /home/ibrahim/ros2_ws/install/mycobot_gazebo/share/mycobot_gazebo/models/aws_robomaker_residential_PortraitC_01/model.sdf
[5.848s] -- Up-to-date: /home/ibrahim/ros2_ws/install/mycobot_gazebo/share/mycobot_gazebo/models/aws_robomaker_residential_PortraitC_01/materials
[5.849s] -- Up-to-date: /home/ibrahim/ros2_ws/install/mycobot_gazebo/share/mycobot_gazebo/models/aws_robomaker_residential_PortraitC_01/materials/textures
[5.849s] -- Installing: /home/ibrahim/ros2_ws/install/mycobot_gazebo/share/mycobot_gazebo/models/aws_robomaker_residential_PortraitC_01/materials/textures/aws_PortraitC_01.png
[5.849s] -- Installing: /home/ibrahim/ros2_ws/install/mycobot_gazebo/share/mycobot_gazebo/models/aws_robomaker_residential_PortraitC_01/materials/textures/PortraitC_01.jpg
[5.850s] -- Installing: /home/ibrahim/ros2_ws/install/mycobot_gazebo/share/mycobot_gazebo/models/aws_robomaker_residential_PortraitC_01/materials/textures/aws_PortraitC_02.png
[5.851s] -- Up-to-date: /home/ibrahim/ros2_ws/install/mycobot_gazebo/share/mycobot_gazebo/models/aws_robomaker_residential_PortraitC_01/meshes
[5.851s] -- Installing: /home/ibrahim/ros2_ws/install/mycobot_gazebo/share/mycobot_gazebo/models/aws_robomaker_residential_PortraitC_01/meshes/aws_PortraitC_01_visual.DAE
[5.852s] -- Installing: /home/ibrahim/ros2_ws/install/mycobot_gazebo/share/mycobot_gazebo/models/aws_robomaker_residential_PortraitC_01/meshes/aws_PortraitC_01_collision.DAE
[5.852s] -- Installing: /home/ibrahim/ros2_ws/install/mycobot_gazebo/share/mycobot_gazebo/models/aws_robomaker_residential_PortraitC_01/model.config
[5.852s] -- Up-to-date: /home/ibrahim/ros2_ws/install/mycobot_gazebo/share/mycobot_gazebo/models/red_cylinder
[5.852s] -- Installing: /home/ibrahim/ros2_ws/install/mycobot_gazebo/share/mycobot_gazebo/models/red_cylinder/model.sdf
[5.852s] -- Installing: /home/ibrahim/ros2_ws/install/mycobot_gazebo/share/mycobot_gazebo/models/red_cylinder/model.config
[5.853s] -- Up-to-date: /home/ibrahim/ros2_ws/install/mycobot_gazebo/share/mycobot_gazebo/models/aws_robomaker_residential_AirconditionerA_01
[5.853s] -- Installing: /home/ibrahim/ros2_ws/install/mycobot_gazebo/share/mycobot_gazebo/models/aws_robomaker_residential_AirconditionerA_01/model.sdf
[5.853s] -- Up-to-date: /home/ibrahim/ros2_ws/install/mycobot_gazebo/share/mycobot_gazebo/models/aws_robomaker_residential_AirconditionerA_01/materials
[5.853s] -- Up-to-date: /home/ibrahim/ros2_ws/install/mycobot_gazebo/share/mycobot_gazebo/models/aws_robomaker_residential_AirconditionerA_01/materials/textures
[5.853s] -- Installing: /home/ibrahim/ros2_ws/install/mycobot_gazebo/share/mycobot_gazebo/models/aws_robomaker_residential_AirconditionerA_01/materials/textures/aws_AirconditionerA_01.png
[5.854s] -- Up-to-date: /home/ibrahim/ros2_ws/install/mycobot_gazebo/share/mycobot_gazebo/models/aws_robomaker_residential_AirconditionerA_01/meshes
[5.854s] -- Installing: /home/ibrahim/ros2_ws/install/mycobot_gazebo/share/mycobot_gazebo/models/aws_robomaker_residential_AirconditionerA_01/meshes/aws_AirconditionerA_01_collision.DAE
[5.854s] -- Installing: /home/ibrahim/ros2_ws/install/mycobot_gazebo/share/mycobot_gazebo/models/aws_robomaker_residential_AirconditionerA_01/meshes/aws_AirconditionerA_01_visual.DAE
[5.855s] -- Installing: /home/ibrahim/ros2_ws/install/mycobot_gazebo/share/mycobot_gazebo/models/aws_robomaker_residential_AirconditionerA_01/model.config
[5.855s] -- Up-to-date: /home/ibrahim/ros2_ws/install/mycobot_gazebo/share/mycobot_gazebo/models/aws_robomaker_residential_Vase_01
[5.855s] -- Installing: /home/ibrahim/ros2_ws/install/mycobot_gazebo/share/mycobot_gazebo/models/aws_robomaker_residential_Vase_01/model.sdf
[5.855s] -- Up-to-date: /home/ibrahim/ros2_ws/install/mycobot_gazebo/share/mycobot_gazebo/models/aws_robomaker_residential_Vase_01/materials
[5.856s] -- Up-to-date: /home/ibrahim/ros2_ws/install/mycobot_gazebo/share/mycobot_gazebo/models/aws_robomaker_residential_Vase_01/materials/textures
[5.856s] -- Installing: /home/ibrahim/ros2_ws/install/mycobot_gazebo/share/mycobot_gazebo/models/aws_robomaker_residential_Vase_01/materials/textures/aws_Vase_01.png
[5.856s] -- Up-to-date: /home/ibrahim/ros2_ws/install/mycobot_gazebo/share/mycobot_gazebo/models/aws_robomaker_residential_Vase_01/meshes
[5.856s] -- Installing: /home/ibrahim/ros2_ws/install/mycobot_gazebo/share/mycobot_gazebo/models/aws_robomaker_residential_Vase_01/meshes/aws_Vase_01_visual.DAE
[5.857s] -- Installing: /home/ibrahim/ros2_ws/install/mycobot_gazebo/share/mycobot_gazebo/models/aws_robomaker_residential_Vase_01/meshes/aws_Vase_01_collision.DAE
[5.857s] -- Installing: /home/ibrahim/ros2_ws/install/mycobot_gazebo/share/mycobot_gazebo/models/aws_robomaker_residential_Vase_01/model.config
[5.858s] -- Up-to-date: /home/ibrahim/ros2_ws/install/mycobot_gazebo/share/mycobot_gazebo/models/aws_robomaker_warehouse_WallB_01
[5.858s] -- Installing: /home/ibrahim/ros2_ws/install/mycobot_gazebo/share/mycobot_gazebo/models/aws_robomaker_warehouse_WallB_01/model.sdf
[5.858s] -- Up-to-date: /home/ibrahim/ros2_ws/install/mycobot_gazebo/share/mycobot_gazebo/models/aws_robomaker_warehouse_WallB_01/materials
[5.858s] -- Up-to-date: /home/ibrahim/ros2_ws/install/mycobot_gazebo/share/mycobot_gazebo/models/aws_robomaker_warehouse_WallB_01/materials/textures
[5.858s] -- Installing: /home/ibrahim/ros2_ws/install/mycobot_gazebo/share/mycobot_gazebo/models/aws_robomaker_warehouse_WallB_01/materials/textures/aws_robomaker_warehouse_WallB_01.png
[5.858s] -- Up-to-date: /home/ibrahim/ros2_ws/install/mycobot_gazebo/share/mycobot_gazebo/models/aws_robomaker_warehouse_WallB_01/meshes
[5.858s] -- Installing: /home/ibrahim/ros2_ws/install/mycobot_gazebo/share/mycobot_gazebo/models/aws_robomaker_warehouse_WallB_01/meshes/aws_robomaker_warehouse_WallB_01_visual.DAE
[5.859s] -- Installing: /home/ibrahim/ros2_ws/install/mycobot_gazebo/share/mycobot_gazebo/models/aws_robomaker_warehouse_WallB_01/meshes/aws_robomaker_warehouse_WallB_01_collision.DAE
[5.859s] -- Installing: /home/ibrahim/ros2_ws/install/mycobot_gazebo/share/mycobot_gazebo/models/aws_robomaker_warehouse_WallB_01/model.config
[5.859s] -- Up-to-date: /home/ibrahim/ros2_ws/install/mycobot_gazebo/share/mycobot_gazebo/models/aws_robomaker_residential_KitchenCabinet_01
[5.859s] -- Installing: /home/ibrahim/ros2_ws/install/mycobot_gazebo/share/mycobot_gazebo/models/aws_robomaker_residential_KitchenCabinet_01/model.sdf
[5.859s] -- Up-to-date: /home/ibrahim/ros2_ws/install/mycobot_gazebo/share/mycobot_gazebo/models/aws_robomaker_residential_KitchenCabinet_01/materials
[5.859s] -- Up-to-date: /home/ibrahim/ros2_ws/install/mycobot_gazebo/share/mycobot_gazebo/models/aws_robomaker_residential_KitchenCabinet_01/materials/textures
[5.859s] -- Installing: /home/ibrahim/ros2_ws/install/mycobot_gazebo/share/mycobot_gazebo/models/aws_robomaker_residential_KitchenCabinet_01/materials/textures/aws_KitchenCabinet_01.png
[5.860s] -- Up-to-date: /home/ibrahim/ros2_ws/install/mycobot_gazebo/share/mycobot_gazebo/models/aws_robomaker_residential_KitchenCabinet_01/meshes
[5.860s] -- Installing: /home/ibrahim/ros2_ws/install/mycobot_gazebo/share/mycobot_gazebo/models/aws_robomaker_residential_KitchenCabinet_01/meshes/aws_KitchenCabinet_01_visual.DAE
[5.861s] -- Installing: /home/ibrahim/ros2_ws/install/mycobot_gazebo/share/mycobot_gazebo/models/aws_robomaker_residential_KitchenCabinet_01/meshes/aws_KitchenCabinet_01_collision.DAE
[5.862s] -- Installing: /home/ibrahim/ros2_ws/install/mycobot_gazebo/share/mycobot_gazebo/models/aws_robomaker_residential_KitchenCabinet_01/model.config
[5.862s] -- Up-to-date: /home/ibrahim/ros2_ws/install/mycobot_gazebo/share/mycobot_gazebo/models/aws_robomaker_warehouse_ClutteringD_01
[5.862s] -- Installing: /home/ibrahim/ros2_ws/install/mycobot_gazebo/share/mycobot_gazebo/models/aws_robomaker_warehouse_ClutteringD_01/model.sdf
[5.862s] -- Up-to-date: /home/ibrahim/ros2_ws/install/mycobot_gazebo/share/mycobot_gazebo/models/aws_robomaker_warehouse_ClutteringD_01/materials
[5.862s] -- Up-to-date: /home/ibrahim/ros2_ws/install/mycobot_gazebo/share/mycobot_gazebo/models/aws_robomaker_warehouse_ClutteringD_01/materials/textures
[5.862s] -- Installing: /home/ibrahim/ros2_ws/install/mycobot_gazebo/share/mycobot_gazebo/models/aws_robomaker_warehouse_ClutteringD_01/materials/textures/aws_robomaker_warehouse_ClutteringD_01.png
[5.863s] -- Installing: /home/ibrahim/ros2_ws/install/mycobot_gazebo/share/mycobot_gazebo/models/aws_robomaker_warehouse_ClutteringD_01/materials/textures/aws_robomaker_warehouse_ClutteringD_02.png
[5.863s] -- Up-to-date: /home/ibrahim/ros2_ws/install/mycobot_gazebo/share/mycobot_gazebo/models/aws_robomaker_warehouse_ClutteringD_01/meshes
[5.863s] -- Installing: /home/ibrahim/ros2_ws/install/mycobot_gazebo/share/mycobot_gazebo/models/aws_robomaker_warehouse_ClutteringD_01/meshes/aws_robomaker_warehouse_ClutteringD_01_visual.DAE
[5.863s] -- Installing: /home/ibrahim/ros2_ws/install/mycobot_gazebo/share/mycobot_gazebo/models/aws_robomaker_warehouse_ClutteringD_01/meshes/aws_robomaker_warehouse_ClutteringD_01_collision.DAE
[5.864s] -- Installing: /home/ibrahim/ros2_ws/install/mycobot_gazebo/share/mycobot_gazebo/models/aws_robomaker_warehouse_ClutteringD_01/model.config
[5.864s] -- Up-to-date: /home/ibrahim/ros2_ws/install/mycobot_gazebo/share/mycobot_gazebo/models/aws_robomaker_residential_TV_01
[5.864s] -- Installing: /home/ibrahim/ros2_ws/install/mycobot_gazebo/share/mycobot_gazebo/models/aws_robomaker_residential_TV_01/model.sdf
[5.864s] -- Up-to-date: /home/ibrahim/ros2_ws/install/mycobot_gazebo/share/mycobot_gazebo/models/aws_robomaker_residential_TV_01/materials
[5.864s] -- Up-to-date: /home/ibrahim/ros2_ws/install/mycobot_gazebo/share/mycobot_gazebo/models/aws_robomaker_residential_TV_01/materials/textures
[5.864s] -- Installing: /home/ibrahim/ros2_ws/install/mycobot_gazebo/share/mycobot_gazebo/models/aws_robomaker_residential_TV_01/materials/textures/aws_TV_01.png
[5.866s] -- Up-to-date: /home/ibrahim/ros2_ws/install/mycobot_gazebo/share/mycobot_gazebo/models/aws_robomaker_residential_TV_01/meshes
[5.866s] -- Installing: /home/ibrahim/ros2_ws/install/mycobot_gazebo/share/mycobot_gazebo/models/aws_robomaker_residential_TV_01/meshes/aws_TV_01_collision.DAE
[5.866s] -- Installing: /home/ibrahim/ros2_ws/install/mycobot_gazebo/share/mycobot_gazebo/models/aws_robomaker_residential_TV_01/meshes/aws_TV_01_visual.DAE
[5.866s] -- Installing: /home/ibrahim/ros2_ws/install/mycobot_gazebo/share/mycobot_gazebo/models/aws_robomaker_residential_TV_01/model.config
[5.866s] -- Up-to-date: /home/ibrahim/ros2_ws/install/mycobot_gazebo/share/mycobot_gazebo/models/aws_robomaker_residential_Quilt_01
[5.867s] -- Installing: /home/ibrahim/ros2_ws/install/mycobot_gazebo/share/mycobot_gazebo/models/aws_robomaker_residential_Quilt_01/model.sdf
[5.867s] -- Up-to-date: /home/ibrahim/ros2_ws/install/mycobot_gazebo/share/mycobot_gazebo/models/aws_robomaker_residential_Quilt_01/materials
[5.867s] -- Up-to-date: /home/ibrahim/ros2_ws/install/mycobot_gazebo/share/mycobot_gazebo/models/aws_robomaker_residential_Quilt_01/materials/textures
[5.867s] -- Installing: /home/ibrahim/ros2_ws/install/mycobot_gazebo/share/mycobot_gazebo/models/aws_robomaker_residential_Quilt_01/materials/textures/aws_Quilt_01.png
[5.868s] -- Up-to-date: /home/ibrahim/ros2_ws/install/mycobot_gazebo/share/mycobot_gazebo/models/aws_robomaker_residential_Quilt_01/meshes
[5.868s] -- Installing: /home/ibrahim/ros2_ws/install/mycobot_gazebo/share/mycobot_gazebo/models/aws_robomaker_residential_Quilt_01/meshes/aws_Quilt_01_visual.DAE
[5.869s] -- Installing: /home/ibrahim/ros2_ws/install/mycobot_gazebo/share/mycobot_gazebo/models/aws_robomaker_residential_Quilt_01/meshes/aws_Quilt_01_collision.DAE
[5.869s] -- Installing: /home/ibrahim/ros2_ws/install/mycobot_gazebo/share/mycobot_gazebo/models/aws_robomaker_residential_Quilt_01/model.config
[5.869s] -- Up-to-date: /home/ibrahim/ros2_ws/install/mycobot_gazebo/share/mycobot_gazebo/models/aws_robomaker_residential_Dumbbell_01
[5.869s] -- Installing: /home/ibrahim/ros2_ws/install/mycobot_gazebo/share/mycobot_gazebo/models/aws_robomaker_residential_Dumbbell_01/model.sdf
[5.869s] -- Up-to-date: /home/ibrahim/ros2_ws/install/mycobot_gazebo/share/mycobot_gazebo/models/aws_robomaker_residential_Dumbbell_01/materials
[5.872s] -- Up-to-date: /home/ibrahim/ros2_ws/install/mycobot_gazebo/share/mycobot_gazebo/models/aws_robomaker_residential_Dumbbell_01/materials/textures
[5.872s] -- Installing: /home/ibrahim/ros2_ws/install/mycobot_gazebo/share/mycobot_gazebo/models/aws_robomaker_residential_Dumbbell_01/materials/textures/aws_Dumbbell_01.png
[5.872s] -- Up-to-date: /home/ibrahim/ros2_ws/install/mycobot_gazebo/share/mycobot_gazebo/models/aws_robomaker_residential_Dumbbell_01/meshes
[5.872s] -- Installing: /home/ibrahim/ros2_ws/install/mycobot_gazebo/share/mycobot_gazebo/models/aws_robomaker_residential_Dumbbell_01/meshes/aws_Dumbbell_01_collision.DAE
[5.872s] -- Installing: /home/ibrahim/ros2_ws/install/mycobot_gazebo/share/mycobot_gazebo/models/aws_robomaker_residential_Dumbbell_01/meshes/aws_Dumbbell_01_visual.DAE
[5.872s] -- Installing: /home/ibrahim/ros2_ws/install/mycobot_gazebo/share/mycobot_gazebo/models/aws_robomaker_residential_Dumbbell_01/model.config
[5.872s] -- Up-to-date: /home/ibrahim/ros2_ws/install/mycobot_gazebo/share/mycobot_gazebo/models/aws_robomaker_residential_DeskPortraitD_04
[5.872s] -- Installing: /home/ibrahim/ros2_ws/install/mycobot_gazebo/share/mycobot_gazebo/models/aws_robomaker_residential_DeskPortraitD_04/model.sdf
[5.872s] -- Up-to-date: /home/ibrahim/ros2_ws/install/mycobot_gazebo/share/mycobot_gazebo/models/aws_robomaker_residential_DeskPortraitD_04/materials
[5.872s] -- Up-to-date: /home/ibrahim/ros2_ws/install/mycobot_gazebo/share/mycobot_gazebo/models/aws_robomaker_residential_DeskPortraitD_04/materials/textures
[5.873s] -- Installing: /home/ibrahim/ros2_ws/install/mycobot_gazebo/share/mycobot_gazebo/models/aws_robomaker_residential_DeskPortraitD_04/materials/textures/aws_DeskPortraitD_02.png
[5.873s] -- Installing: /home/ibrahim/ros2_ws/install/mycobot_gazebo/share/mycobot_gazebo/models/aws_robomaker_residential_DeskPortraitD_04/materials/textures/DeskPortraitD_04.jpg
[5.873s] -- Installing: /home/ibrahim/ros2_ws/install/mycobot_gazebo/share/mycobot_gazebo/models/aws_robomaker_residential_DeskPortraitD_04/materials/textures/aws_DeskPortraitD_01.png
[5.873s] -- Up-to-date: /home/ibrahim/ros2_ws/install/mycobot_gazebo/share/mycobot_gazebo/models/aws_robomaker_residential_DeskPortraitD_04/meshes
[5.873s] -- Installing: /home/ibrahim/ros2_ws/install/mycobot_gazebo/share/mycobot_gazebo/models/aws_robomaker_residential_DeskPortraitD_04/meshes/aws_DeskPortraitD_01_collision.DAE
[5.873s] -- Installing: /home/ibrahim/ros2_ws/install/mycobot_gazebo/share/mycobot_gazebo/models/aws_robomaker_residential_DeskPortraitD_04/meshes/aws_DeskPortraitD_01_visual.DAE
[5.873s] -- Installing: /home/ibrahim/ros2_ws/install/mycobot_gazebo/share/mycobot_gazebo/models/aws_robomaker_residential_DeskPortraitD_04/model.config
[5.873s] -- Up-to-date: /home/ibrahim/ros2_ws/install/mycobot_gazebo/share/mycobot_gazebo/models/sun
[5.874s] -- Installing: /home/ibrahim/ros2_ws/install/mycobot_gazebo/share/mycobot_gazebo/models/sun/model.sdf
[5.874s] -- Installing: /home/ibrahim/ros2_ws/install/mycobot_gazebo/share/mycobot_gazebo/models/sun/model-1_3.sdf
[5.874s] -- Installing: /home/ibrahim/ros2_ws/install/mycobot_gazebo/share/mycobot_gazebo/models/sun/model-1_2.sdf
[5.874s] -- Installing: /home/ibrahim/ros2_ws/install/mycobot_gazebo/share/mycobot_gazebo/models/sun/model-1_4.sdf
[5.875s] -- Installing: /home/ibrahim/ros2_ws/install/mycobot_gazebo/share/mycobot_gazebo/models/sun/model.config
[5.875s] -- Up-to-date: /home/ibrahim/ros2_ws/install/mycobot_gazebo/share/mycobot_gazebo/models/aws_robomaker_residential_Wardrobe_01
[5.875s] -- Installing: /home/ibrahim/ros2_ws/install/mycobot_gazebo/share/mycobot_gazebo/models/aws_robomaker_residential_Wardrobe_01/model.sdf
[5.877s] -- Up-to-date: /home/ibrahim/ros2_ws/install/mycobot_gazebo/share/mycobot_gazebo/models/aws_robomaker_residential_Wardrobe_01/materials
[5.877s] -- Up-to-date: /home/ibrahim/ros2_ws/install/mycobot_gazebo/share/mycobot_gazebo/models/aws_robomaker_residential_Wardrobe_01/materials/textures
[5.878s] -- Installing: /home/ibrahim/ros2_ws/install/mycobot_gazebo/share/mycobot_gazebo/models/aws_robomaker_residential_Wardrobe_01/materials/textures/aws_Wardrobe_01.png
[5.878s] -- Up-to-date: /home/ibrahim/ros2_ws/install/mycobot_gazebo/share/mycobot_gazebo/models/aws_robomaker_residential_Wardrobe_01/meshes
[5.878s] -- Installing: /home/ibrahim/ros2_ws/install/mycobot_gazebo/share/mycobot_gazebo/models/aws_robomaker_residential_Wardrobe_01/meshes/aws_Wardrobe_01_collision.DAE
[5.878s] -- Installing: /home/ibrahim/ros2_ws/install/mycobot_gazebo/share/mycobot_gazebo/models/aws_robomaker_residential_Wardrobe_01/meshes/aws_Wardrobe_01_visual.DAE
[5.878s] -- Installing: /home/ibrahim/ros2_ws/install/mycobot_gazebo/share/mycobot_gazebo/models/aws_robomaker_residential_Wardrobe_01/model.config
[5.878s] -- Up-to-date: /home/ibrahim/ros2_ws/install/mycobot_gazebo/share/mycobot_gazebo/models/aws_robomaker_residential_Bed_01
[5.878s] -- Installing: /home/ibrahim/ros2_ws/install/mycobot_gazebo/share/mycobot_gazebo/models/aws_robomaker_residential_Bed_01/model.sdf
[5.878s] -- Up-to-date: /home/ibrahim/ros2_ws/install/mycobot_gazebo/share/mycobot_gazebo/models/aws_robomaker_residential_Bed_01/materials
[5.878s] -- Up-to-date: /home/ibrahim/ros2_ws/install/mycobot_gazebo/share/mycobot_gazebo/models/aws_robomaker_residential_Bed_01/materials/textures
[5.878s] -- Installing: /home/ibrahim/ros2_ws/install/mycobot_gazebo/share/mycobot_gazebo/models/aws_robomaker_residential_Bed_01/materials/textures/aws_BedC_01.png
[5.880s] -- Installing: /home/ibrahim/ros2_ws/install/mycobot_gazebo/share/mycobot_gazebo/models/aws_robomaker_residential_Bed_01/materials/textures/aws_BedB_01.png
[5.881s] -- Installing: /home/ibrahim/ros2_ws/install/mycobot_gazebo/share/mycobot_gazebo/models/aws_robomaker_residential_Bed_01/materials/textures/aws_BedA_01.png
[5.882s] -- Installing: /home/ibrahim/ros2_ws/install/mycobot_gazebo/share/mycobot_gazebo/models/aws_robomaker_residential_Bed_01/materials/textures/aws_Bed_01.png
[5.882s] -- Up-to-date: /home/ibrahim/ros2_ws/install/mycobot_gazebo/share/mycobot_gazebo/models/aws_robomaker_residential_Bed_01/meshes
[5.883s] -- Installing: /home/ibrahim/ros2_ws/install/mycobot_gazebo/share/mycobot_gazebo/models/aws_robomaker_residential_Bed_01/meshes/aws_Bed_01_collision.DAE
[5.883s] -- Installing: /home/ibrahim/ros2_ws/install/mycobot_gazebo/share/mycobot_gazebo/models/aws_robomaker_residential_Bed_01/meshes/aws_Bed_01_visual.DAE
[5.887s] -- Installing: /home/ibrahim/ros2_ws/install/mycobot_gazebo/share/mycobot_gazebo/models/aws_robomaker_residential_Bed_01/model.config
[5.887s] -- Up-to-date: /home/ibrahim/ros2_ws/install/mycobot_gazebo/share/mycobot_gazebo/models/aws_robomaker_residential_Board_01
[5.887s] -- Installing: /home/ibrahim/ros2_ws/install/mycobot_gazebo/share/mycobot_gazebo/models/aws_robomaker_residential_Board_01/model.sdf
[5.887s] -- Up-to-date: /home/ibrahim/ros2_ws/install/mycobot_gazebo/share/mycobot_gazebo/models/aws_robomaker_residential_Board_01/materials
[5.888s] -- Up-to-date: /home/ibrahim/ros2_ws/install/mycobot_gazebo/share/mycobot_gazebo/models/aws_robomaker_residential_Board_01/materials/textures
[5.888s] -- Installing: /home/ibrahim/ros2_ws/install/mycobot_gazebo/share/mycobot_gazebo/models/aws_robomaker_residential_Board_01/materials/textures/aws_Board_01.png
[5.888s] -- Up-to-date: /home/ibrahim/ros2_ws/install/mycobot_gazebo/share/mycobot_gazebo/models/aws_robomaker_residential_Board_01/meshes
[5.888s] -- Installing: /home/ibrahim/ros2_ws/install/mycobot_gazebo/share/mycobot_gazebo/models/aws_robomaker_residential_Board_01/meshes/aws_Board_01_visual.DAE
[5.888s] -- Installing: /home/ibrahim/ros2_ws/install/mycobot_gazebo/share/mycobot_gazebo/models/aws_robomaker_residential_Board_01/meshes/aws_Board_01_collision.DAE
[5.888s] -- Installing: /home/ibrahim/ros2_ws/install/mycobot_gazebo/share/mycobot_gazebo/models/aws_robomaker_residential_Board_01/model.config
[5.888s] -- Up-to-date: /home/ibrahim/ros2_ws/install/mycobot_gazebo/share/mycobot_gazebo/models/aws_robomaker_residential_ChairA_01
[5.888s] -- Installing: /home/ibrahim/ros2_ws/install/mycobot_gazebo/share/mycobot_gazebo/models/aws_robomaker_residential_ChairA_01/model.sdf
[5.888s] -- Up-to-date: /home/ibrahim/ros2_ws/install/mycobot_gazebo/share/mycobot_gazebo/models/aws_robomaker_residential_ChairA_01/materials
[5.888s] -- Up-to-date: /home/ibrahim/ros2_ws/install/mycobot_gazebo/share/mycobot_gazebo/models/aws_robomaker_residential_ChairA_01/materials/textures
[5.888s] -- Installing: /home/ibrahim/ros2_ws/install/mycobot_gazebo/share/mycobot_gazebo/models/aws_robomaker_residential_ChairA_01/materials/textures/aws_ChairA_01.png
[5.890s] -- Up-to-date: /home/ibrahim/ros2_ws/install/mycobot_gazebo/share/mycobot_gazebo/models/aws_robomaker_residential_ChairA_01/meshes
[5.890s] -- Installing: /home/ibrahim/ros2_ws/install/mycobot_gazebo/share/mycobot_gazebo/models/aws_robomaker_residential_ChairA_01/meshes/aws_ChairA_01_visual.DAE
[5.890s] -- Installing: /home/ibrahim/ros2_ws/install/mycobot_gazebo/share/mycobot_gazebo/models/aws_robomaker_residential_ChairA_01/meshes/aws_ChairA_01_collision.DAE
[5.890s] -- Installing: /home/ibrahim/ros2_ws/install/mycobot_gazebo/share/mycobot_gazebo/models/aws_robomaker_residential_ChairA_01/model.config
[5.890s] -- Up-to-date: /home/ibrahim/ros2_ws/install/mycobot_gazebo/share/mycobot_gazebo/models/aws_robomaker_residential_Chandelier_01
[5.891s] -- Installing: /home/ibrahim/ros2_ws/install/mycobot_gazebo/share/mycobot_gazebo/models/aws_robomaker_residential_Chandelier_01/model.sdf
[5.891s] -- Up-to-date: /home/ibrahim/ros2_ws/install/mycobot_gazebo/share/mycobot_gazebo/models/aws_robomaker_residential_Chandelier_01/materials
[5.891s] -- Up-to-date: /home/ibrahim/ros2_ws/install/mycobot_gazebo/share/mycobot_gazebo/models/aws_robomaker_residential_Chandelier_01/materials/textures
[5.891s] -- Installing: /home/ibrahim/ros2_ws/install/mycobot_gazebo/share/mycobot_gazebo/models/aws_robomaker_residential_Chandelier_01/materials/textures/aws_Chandelier_01.png
[5.891s] -- Up-to-date: /home/ibrahim/ros2_ws/install/mycobot_gazebo/share/mycobot_gazebo/models/aws_robomaker_residential_Chandelier_01/meshes
[5.891s] -- Installing: /home/ibrahim/ros2_ws/install/mycobot_gazebo/share/mycobot_gazebo/models/aws_robomaker_residential_Chandelier_01/meshes/aws_Chandelier_01.DAE
[5.891s] -- Installing: /home/ibrahim/ros2_ws/install/mycobot_gazebo/share/mycobot_gazebo/models/aws_robomaker_residential_Chandelier_01/meshes/aws_Chandelier_01_collision.DAE
[5.892s] -- Installing: /home/ibrahim/ros2_ws/install/mycobot_gazebo/share/mycobot_gazebo/models/aws_robomaker_residential_Chandelier_01/meshes/aws_Chandelier_01_visual.DAE
[5.892s] -- Installing: /home/ibrahim/ros2_ws/install/mycobot_gazebo/share/mycobot_gazebo/models/aws_robomaker_residential_Chandelier_01/model.config
[5.892s] -- Up-to-date: /home/ibrahim/ros2_ws/install/mycobot_gazebo/share/mycobot_gazebo/models/aws_robomaker_residential_KitchenTable_01
[5.892s] -- Installing: /home/ibrahim/ros2_ws/install/mycobot_gazebo/share/mycobot_gazebo/models/aws_robomaker_residential_KitchenTable_01/model.sdf
[5.892s] -- Up-to-date: /home/ibrahim/ros2_ws/install/mycobot_gazebo/share/mycobot_gazebo/models/aws_robomaker_residential_KitchenTable_01/materials
[5.892s] -- Up-to-date: /home/ibrahim/ros2_ws/install/mycobot_gazebo/share/mycobot_gazebo/models/aws_robomaker_residential_KitchenTable_01/materials/textures
[5.892s] -- Installing: /home/ibrahim/ros2_ws/install/mycobot_gazebo/share/mycobot_gazebo/models/aws_robomaker_residential_KitchenTable_01/materials/textures/aws_KitchenTable_01.png
[5.896s] -- Up-to-date: /home/ibrahim/ros2_ws/install/mycobot_gazebo/share/mycobot_gazebo/models/aws_robomaker_residential_KitchenTable_01/meshes
[5.896s] -- Installing: /home/ibrahim/ros2_ws/install/mycobot_gazebo/share/mycobot_gazebo/models/aws_robomaker_residential_KitchenTable_01/meshes/aws_KitchenTable_01_visual.DAE
[5.897s] -- Installing: /home/ibrahim/ros2_ws/install/mycobot_gazebo/share/mycobot_gazebo/models/aws_robomaker_residential_KitchenTable_01/meshes/aws_KitchenTable_01_collision.DAE
[5.897s] -- Installing: /home/ibrahim/ros2_ws/install/mycobot_gazebo/share/mycobot_gazebo/models/aws_robomaker_residential_KitchenTable_01/model.config
[5.897s] -- Up-to-date: /home/ibrahim/ros2_ws/install/mycobot_gazebo/share/mycobot_gazebo/models/aws_robomaker_residential_FoldingDoor_02
[5.897s] -- Installing: /home/ibrahim/ros2_ws/install/mycobot_gazebo/share/mycobot_gazebo/models/aws_robomaker_residential_FoldingDoor_02/model.sdf
[5.898s] -- Up-to-date: /home/ibrahim/ros2_ws/install/mycobot_gazebo/share/mycobot_gazebo/models/aws_robomaker_residential_FoldingDoor_02/materials
[5.898s] -- Up-to-date: /home/ibrahim/ros2_ws/install/mycobot_gazebo/share/mycobot_gazebo/models/aws_robomaker_residential_FoldingDoor_02/materials/textures
[5.898s] -- Installing: /home/ibrahim/ros2_ws/install/mycobot_gazebo/share/mycobot_gazebo/models/aws_robomaker_residential_FoldingDoor_02/materials/textures/aws_FoldingDoor_02.png
[5.898s] -- Up-to-date: /home/ibrahim/ros2_ws/install/mycobot_gazebo/share/mycobot_gazebo/models/aws_robomaker_residential_FoldingDoor_02/meshes
[5.898s] -- Installing: /home/ibrahim/ros2_ws/install/mycobot_gazebo/share/mycobot_gazebo/models/aws_robomaker_residential_FoldingDoor_02/meshes/aws_FoldingDoor_02_collision.DAE
[5.898s] -- Installing: /home/ibrahim/ros2_ws/install/mycobot_gazebo/share/mycobot_gazebo/models/aws_robomaker_residential_FoldingDoor_02/meshes/aws_FoldingDoor_02_visual.DAE
[5.898s] -- Installing: /home/ibrahim/ros2_ws/install/mycobot_gazebo/share/mycobot_gazebo/models/aws_robomaker_residential_FoldingDoor_02/model.config
[5.898s] -- Up-to-date: /home/ibrahim/ros2_ws/install/mycobot_gazebo/share/mycobot_gazebo/models/aws_robomaker_warehouse_DeskC_01
[5.899s] -- Installing: /home/ibrahim/ros2_ws/install/mycobot_gazebo/share/mycobot_gazebo/models/aws_robomaker_warehouse_DeskC_01/model.sdf
[5.899s] -- Up-to-date: /home/ibrahim/ros2_ws/install/mycobot_gazebo/share/mycobot_gazebo/models/aws_robomaker_warehouse_DeskC_01/materials
[5.899s] -- Up-to-date: /home/ibrahim/ros2_ws/install/mycobot_gazebo/share/mycobot_gazebo/models/aws_robomaker_warehouse_DeskC_01/materials/textures
[5.899s] -- Installing: /home/ibrahim/ros2_ws/install/mycobot_gazebo/share/mycobot_gazebo/models/aws_robomaker_warehouse_DeskC_01/materials/textures/aws_robomaker_warehouse_DeskC_01.png
[5.899s] -- Installing: /home/ibrahim/ros2_ws/install/mycobot_gazebo/share/mycobot_gazebo/models/aws_robomaker_warehouse_DeskC_01/materials/textures/aws_robomaker_warehouse_DeskC_03.png
[5.900s] -- Installing: /home/ibrahim/ros2_ws/install/mycobot_gazebo/share/mycobot_gazebo/models/aws_robomaker_warehouse_DeskC_01/materials/textures/aws_robomaker_warehouse_DeskC_04.png
[5.900s] -- Installing: /home/ibrahim/ros2_ws/install/mycobot_gazebo/share/mycobot_gazebo/models/aws_robomaker_warehouse_DeskC_01/materials/textures/aws_robomaker_warehouse_DeskC_02.png
[5.901s] -- Installing: /home/ibrahim/ros2_ws/install/mycobot_gazebo/share/mycobot_gazebo/models/aws_robomaker_warehouse_DeskC_01/materials/textures/aws_robomaker_warehouse_DeskC_03.psd
[5.903s] -- Installing: /home/ibrahim/ros2_ws/install/mycobot_gazebo/share/mycobot_gazebo/models/aws_robomaker_warehouse_DeskC_01/materials/.DS_Store
[5.903s] -- Up-to-date: /home/ibrahim/ros2_ws/install/mycobot_gazebo/share/mycobot_gazebo/models/aws_robomaker_warehouse_DeskC_01/meshes
[5.903s] -- Installing: /home/ibrahim/ros2_ws/install/mycobot_gazebo/share/mycobot_gazebo/models/aws_robomaker_warehouse_DeskC_01/meshes/aws_robomaker_warehouse_DeskC_01_collision.DAE
[5.903s] -- Installing: /home/ibrahim/ros2_ws/install/mycobot_gazebo/share/mycobot_gazebo/models/aws_robomaker_warehouse_DeskC_01/meshes/aws_robomaker_warehouse_DeskC_01_visual.DAE
[5.903s] -- Installing: /home/ibrahim/ros2_ws/install/mycobot_gazebo/share/mycobot_gazebo/models/aws_robomaker_warehouse_DeskC_01/model.config
[5.904s] -- Up-to-date: /home/ibrahim/ros2_ws/install/mycobot_gazebo/share/mycobot_gazebo/models/aws_robomaker_residential_BalconyTable_01
[5.904s] -- Installing: /home/ibrahim/ros2_ws/install/mycobot_gazebo/share/mycobot_gazebo/models/aws_robomaker_residential_BalconyTable_01/model.sdf
[5.904s] -- Up-to-date: /home/ibrahim/ros2_ws/install/mycobot_gazebo/share/mycobot_gazebo/models/aws_robomaker_residential_BalconyTable_01/materials
[5.904s] -- Up-to-date: /home/ibrahim/ros2_ws/install/mycobot_gazebo/share/mycobot_gazebo/models/aws_robomaker_residential_BalconyTable_01/materials/textures
[5.904s] -- Installing: /home/ibrahim/ros2_ws/install/mycobot_gazebo/share/mycobot_gazebo/models/aws_robomaker_residential_BalconyTable_01/materials/textures/aws_BalconyTable_01.png
[5.905s] -- Up-to-date: /home/ibrahim/ros2_ws/install/mycobot_gazebo/share/mycobot_gazebo/models/aws_robomaker_residential_BalconyTable_01/meshes
[5.905s] -- Installing: /home/ibrahim/ros2_ws/install/mycobot_gazebo/share/mycobot_gazebo/models/aws_robomaker_residential_BalconyTable_01/meshes/aws_BalconyTable_01_visual.DAE
[5.906s] -- Installing: /home/ibrahim/ros2_ws/install/mycobot_gazebo/share/mycobot_gazebo/models/aws_robomaker_residential_BalconyTable_01/meshes/aws_BalconyTable_01_collision.DAE
[5.906s] -- Installing: /home/ibrahim/ros2_ws/install/mycobot_gazebo/share/mycobot_gazebo/models/aws_robomaker_residential_BalconyTable_01/model.config
[5.906s] -- Up-to-date: /home/ibrahim/ros2_ws/install/mycobot_gazebo/share/mycobot_gazebo/models/aws_robomaker_warehouse_Bucket_01
[5.906s] -- Installing: /home/ibrahim/ros2_ws/install/mycobot_gazebo/share/mycobot_gazebo/models/aws_robomaker_warehouse_Bucket_01/model.sdf
[5.906s] -- Up-to-date: /home/ibrahim/ros2_ws/install/mycobot_gazebo/share/mycobot_gazebo/models/aws_robomaker_warehouse_Bucket_01/materials
[5.906s] -- Up-to-date: /home/ibrahim/ros2_ws/install/mycobot_gazebo/share/mycobot_gazebo/models/aws_robomaker_warehouse_Bucket_01/materials/textures
[5.906s] -- Installing: /home/ibrahim/ros2_ws/install/mycobot_gazebo/share/mycobot_gazebo/models/aws_robomaker_warehouse_Bucket_01/materials/textures/aws_robomaker_warehouse_Bucket_01.png
[5.923s] -- Installing: /home/ibrahim/ros2_ws/install/mycobot_gazebo/share/mycobot_gazebo/models/aws_robomaker_warehouse_Bucket_01/materials/.DS_Store
[5.923s] -- Installing: /home/ibrahim/ros2_ws/install/mycobot_gazebo/share/mycobot_gazebo/models/aws_robomaker_warehouse_Bucket_01/.DS_Store
[5.924s] -- Up-to-date: /home/ibrahim/ros2_ws/install/mycobot_gazebo/share/mycobot_gazebo/models/aws_robomaker_warehouse_Bucket_01/meshes
[5.924s] -- Installing: /home/ibrahim/ros2_ws/install/mycobot_gazebo/share/mycobot_gazebo/models/aws_robomaker_warehouse_Bucket_01/meshes/aws_robomaker_warehouse_Bucket_01_collision.DAE
[5.925s] -- Installing: /home/ibrahim/ros2_ws/install/mycobot_gazebo/share/mycobot_gazebo/models/aws_robomaker_warehouse_Bucket_01/meshes/aws_robomaker_warehouse_Bucket_01_visual.DAE
[5.925s] -- Installing: /home/ibrahim/ros2_ws/install/mycobot_gazebo/share/mycobot_gazebo/models/aws_robomaker_warehouse_Bucket_01/model.config
[5.925s] -- Up-to-date: /home/ibrahim/ros2_ws/install/mycobot_gazebo/share/mycobot_gazebo/models/aws_robomaker_residential_FitnessEquipment_01
[5.925s] -- Installing: /home/ibrahim/ros2_ws/install/mycobot_gazebo/share/mycobot_gazebo/models/aws_robomaker_residential_FitnessEquipment_01/model.sdf
[5.925s] -- Up-to-date: /home/ibrahim/ros2_ws/install/mycobot_gazebo/share/mycobot_gazebo/models/aws_robomaker_residential_FitnessEquipment_01/materials
[5.925s] -- Up-to-date: /home/ibrahim/ros2_ws/install/mycobot_gazebo/share/mycobot_gazebo/models/aws_robomaker_residential_FitnessEquipment_01/materials/textures
[5.925s] -- Installing: /home/ibrahim/ros2_ws/install/mycobot_gazebo/share/mycobot_gazebo/models/aws_robomaker_residential_FitnessEquipment_01/materials/textures/aws_FitnessEquipment_01.png
[5.926s] -- Up-to-date: /home/ibrahim/ros2_ws/install/mycobot_gazebo/share/mycobot_gazebo/models/aws_robomaker_residential_FitnessEquipment_01/meshes
[5.926s] -- Installing: /home/ibrahim/ros2_ws/install/mycobot_gazebo/share/mycobot_gazebo/models/aws_robomaker_residential_FitnessEquipment_01/meshes/aws_FitnessEquipment_01_collision.DAE
[5.926s] -- Installing: /home/ibrahim/ros2_ws/install/mycobot_gazebo/share/mycobot_gazebo/models/aws_robomaker_residential_FitnessEquipment_01/meshes/aws_FitnessEquipment_01_visual.DAE
[5.926s] -- Installing: /home/ibrahim/ros2_ws/install/mycobot_gazebo/share/mycobot_gazebo/models/aws_robomaker_residential_FitnessEquipment_01/model.config
[5.926s] -- Up-to-date: /home/ibrahim/ros2_ws/install/mycobot_gazebo/share/mycobot_gazebo/models/aws_robomaker_residential_Refrigerator_01
[5.927s] -- Installing: /home/ibrahim/ros2_ws/install/mycobot_gazebo/share/mycobot_gazebo/models/aws_robomaker_residential_Refrigerator_01/model.sdf
[5.927s] -- Up-to-date: /home/ibrahim/ros2_ws/install/mycobot_gazebo/share/mycobot_gazebo/models/aws_robomaker_residential_Refrigerator_01/materials
[5.934s] -- Up-to-date: /home/ibrahim/ros2_ws/install/mycobot_gazebo/share/mycobot_gazebo/models/aws_robomaker_residential_Refrigerator_01/materials/textures
[5.934s] -- Installing: /home/ibrahim/ros2_ws/install/mycobot_gazebo/share/mycobot_gazebo/models/aws_robomaker_residential_Refrigerator_01/materials/textures/aws_Refrigerator_02.png
[5.934s] -- Installing: /home/ibrahim/ros2_ws/install/mycobot_gazebo/share/mycobot_gazebo/models/aws_robomaker_residential_Refrigerator_01/materials/textures/aws_Refrigerator_01.png
[5.934s] -- Up-to-date: /home/ibrahim/ros2_ws/install/mycobot_gazebo/share/mycobot_gazebo/models/aws_robomaker_residential_Refrigerator_01/meshes
[5.934s] -- Installing: /home/ibrahim/ros2_ws/install/mycobot_gazebo/share/mycobot_gazebo/models/aws_robomaker_residential_Refrigerator_01/meshes/aws_Refrigerator_01_visual.DAE
[5.934s] -- Installing: /home/ibrahim/ros2_ws/install/mycobot_gazebo/share/mycobot_gazebo/models/aws_robomaker_residential_Refrigerator_01/meshes/aws_Refrigerator_01_collision.DAE
[5.935s] -- Installing: /home/ibrahim/ros2_ws/install/mycobot_gazebo/share/mycobot_gazebo/models/aws_robomaker_residential_Refrigerator_01/meshes/aws_Refrigerator_01.DAE
[5.935s] -- Installing: /home/ibrahim/ros2_ws/install/mycobot_gazebo/share/mycobot_gazebo/models/aws_robomaker_residential_Refrigerator_01/model.config
[5.935s] -- Up-to-date: /home/ibrahim/ros2_ws/install/mycobot_gazebo/share/mycobot_gazebo/models/aws_robomaker_warehouse_ClutteringC_01
[5.935s] -- Installing: /home/ibrahim/ros2_ws/install/mycobot_gazebo/share/mycobot_gazebo/models/aws_robomaker_warehouse_ClutteringC_01/model.sdf
[5.935s] -- Up-to-date: /home/ibrahim/ros2_ws/install/mycobot_gazebo/share/mycobot_gazebo/models/aws_robomaker_warehouse_ClutteringC_01/materials
[5.935s] -- Up-to-date: /home/ibrahim/ros2_ws/install/mycobot_gazebo/share/mycobot_gazebo/models/aws_robomaker_warehouse_ClutteringC_01/materials/textures
[5.935s] -- Installing: /home/ibrahim/ros2_ws/install/mycobot_gazebo/share/mycobot_gazebo/models/aws_robomaker_warehouse_ClutteringC_01/materials/textures/aws_robomaker_warehouse_ClutteringC_02.png
[5.935s] -- Installing: /home/ibrahim/ros2_ws/install/mycobot_gazebo/share/mycobot_gazebo/models/aws_robomaker_warehouse_ClutteringC_01/materials/textures/aws_robomaker_warehouse_ClutteringC_01.png
[5.935s] -- Up-to-date: /home/ibrahim/ros2_ws/install/mycobot_gazebo/share/mycobot_gazebo/models/aws_robomaker_warehouse_ClutteringC_01/meshes
[5.935s] -- Installing: /home/ibrahim/ros2_ws/install/mycobot_gazebo/share/mycobot_gazebo/models/aws_robomaker_warehouse_ClutteringC_01/meshes/aws_robomaker_warehouse_ClutteringC_01_collision.DAE
[5.935s] -- Installing: /home/ibrahim/ros2_ws/install/mycobot_gazebo/share/mycobot_gazebo/models/aws_robomaker_warehouse_ClutteringC_01/meshes/aws_robomaker_warehouse_ClutteringC_01_visual.DAE
[5.936s] -- Installing: /home/ibrahim/ros2_ws/install/mycobot_gazebo/share/mycobot_gazebo/models/aws_robomaker_warehouse_ClutteringC_01/model.config
[5.936s] -- Up-to-date: /home/ibrahim/ros2_ws/install/mycobot_gazebo/share/mycobot_gazebo/models/aws_robomaker_residential_HouseWallB_01
[5.936s] -- Installing: /home/ibrahim/ros2_ws/install/mycobot_gazebo/share/mycobot_gazebo/models/aws_robomaker_residential_HouseWallB_01/model.sdf
[5.936s] -- Up-to-date: /home/ibrahim/ros2_ws/install/mycobot_gazebo/share/mycobot_gazebo/models/aws_robomaker_residential_HouseWallB_01/materials
[5.936s] -- Up-to-date: /home/ibrahim/ros2_ws/install/mycobot_gazebo/share/mycobot_gazebo/models/aws_robomaker_residential_HouseWallB_01/materials/textures
[5.936s] -- Installing: /home/ibrahim/ros2_ws/install/mycobot_gazebo/share/mycobot_gazebo/models/aws_robomaker_residential_HouseWallB_01/materials/textures/aws_HouseWallB_01.png
[5.936s] -- Up-to-date: /home/ibrahim/ros2_ws/install/mycobot_gazebo/share/mycobot_gazebo/models/aws_robomaker_residential_HouseWallB_01/meshes
[5.936s] -- Installing: /home/ibrahim/ros2_ws/install/mycobot_gazebo/share/mycobot_gazebo/models/aws_robomaker_residential_HouseWallB_01/meshes/aws_HouseWallB_01_collision.DAE
[5.936s] -- Installing: /home/ibrahim/ros2_ws/install/mycobot_gazebo/share/mycobot_gazebo/models/aws_robomaker_residential_HouseWallB_01/meshes/aws_HouseWallB_01_visual.DAE
[5.936s] -- Installing: /home/ibrahim/ros2_ws/install/mycobot_gazebo/share/mycobot_gazebo/models/aws_robomaker_residential_HouseWallB_01/model.config
[5.936s] -- Up-to-date: /home/ibrahim/ros2_ws/install/mycobot_gazebo/share/mycobot_gazebo/models/aws_robomaker_residential_Tablet_01
[5.936s] -- Installing: /home/ibrahim/ros2_ws/install/mycobot_gazebo/share/mycobot_gazebo/models/aws_robomaker_residential_Tablet_01/model.sdf
[5.936s] -- Up-to-date: /home/ibrahim/ros2_ws/install/mycobot_gazebo/share/mycobot_gazebo/models/aws_robomaker_residential_Tablet_01/materials
[5.936s] -- Up-to-date: /home/ibrahim/ros2_ws/install/mycobot_gazebo/share/mycobot_gazebo/models/aws_robomaker_residential_Tablet_01/materials/textures
[5.936s] -- Installing: /home/ibrahim/ros2_ws/install/mycobot_gazebo/share/mycobot_gazebo/models/aws_robomaker_residential_Tablet_01/materials/textures/aws_Tablet_01_nologo.png
[5.937s] -- Installing: /home/ibrahim/ros2_ws/install/mycobot_gazebo/share/mycobot_gazebo/models/aws_robomaker_residential_Tablet_01/materials/.DS_Store
[5.937s] -- Installing: /home/ibrahim/ros2_ws/install/mycobot_gazebo/share/mycobot_gazebo/models/aws_robomaker_residential_Tablet_01/.DS_Store
[5.937s] -- Up-to-date: /home/ibrahim/ros2_ws/install/mycobot_gazebo/share/mycobot_gazebo/models/aws_robomaker_residential_Tablet_01/meshes
[5.937s] -- Installing: /home/ibrahim/ros2_ws/install/mycobot_gazebo/share/mycobot_gazebo/models/aws_robomaker_residential_Tablet_01/meshes/aws_Tablet_01_collision.DAE
[5.937s] -- Installing: /home/ibrahim/ros2_ws/install/mycobot_gazebo/share/mycobot_gazebo/models/aws_robomaker_residential_Tablet_01/meshes/aws_Tablet_01_visual.DAE
[5.937s] -- Installing: /home/ibrahim/ros2_ws/install/mycobot_gazebo/share/mycobot_gazebo/models/aws_robomaker_residential_Tablet_01/model.config
[5.937s] -- Up-to-date: /home/ibrahim/ros2_ws/install/mycobot_gazebo/share/mycobot_gazebo/models/aws_robomaker_residential_ShoeRack_01
[5.937s] -- Installing: /home/ibrahim/ros2_ws/install/mycobot_gazebo/share/mycobot_gazebo/models/aws_robomaker_residential_ShoeRack_01/model.sdf
[5.937s] -- Up-to-date: /home/ibrahim/ros2_ws/install/mycobot_gazebo/share/mycobot_gazebo/models/aws_robomaker_residential_ShoeRack_01/materials
[5.937s] -- Up-to-date: /home/ibrahim/ros2_ws/install/mycobot_gazebo/share/mycobot_gazebo/models/aws_robomaker_residential_ShoeRack_01/materials/textures
[5.937s] -- Installing: /home/ibrahim/ros2_ws/install/mycobot_gazebo/share/mycobot_gazebo/models/aws_robomaker_residential_ShoeRack_01/materials/textures/aws_ShoeRack_01.png
[5.937s] -- Up-to-date: /home/ibrahim/ros2_ws/install/mycobot_gazebo/share/mycobot_gazebo/models/aws_robomaker_residential_ShoeRack_01/meshes
[5.937s] -- Installing: /home/ibrahim/ros2_ws/install/mycobot_gazebo/share/mycobot_gazebo/models/aws_robomaker_residential_ShoeRack_01/meshes/aws_ShoeRack_01_visual.DAE
[5.938s] -- Installing: /home/ibrahim/ros2_ws/install/mycobot_gazebo/share/mycobot_gazebo/models/aws_robomaker_residential_ShoeRack_01/meshes/aws_ShoeRack_01_collision.DAE
[5.938s] -- Installing: /home/ibrahim/ros2_ws/install/mycobot_gazebo/share/mycobot_gazebo/models/aws_robomaker_residential_ShoeRack_01/model.config
[5.938s] -- Up-to-date: /home/ibrahim/ros2_ws/install/mycobot_gazebo/share/mycobot_gazebo/models/aws_robomaker_residential_Sofa_01
[5.938s] -- Installing: /home/ibrahim/ros2_ws/install/mycobot_gazebo/share/mycobot_gazebo/models/aws_robomaker_residential_Sofa_01/model.sdf
[5.938s] -- Up-to-date: /home/ibrahim/ros2_ws/install/mycobot_gazebo/share/mycobot_gazebo/models/aws_robomaker_residential_Sofa_01/materials
[5.938s] -- Up-to-date: /home/ibrahim/ros2_ws/install/mycobot_gazebo/share/mycobot_gazebo/models/aws_robomaker_residential_Sofa_01/materials/textures
[5.938s] -- Installing: /home/ibrahim/ros2_ws/install/mycobot_gazebo/share/mycobot_gazebo/models/aws_robomaker_residential_Sofa_01/materials/textures/aws_Sofa_01.png
[5.938s] -- Up-to-date: /home/ibrahim/ros2_ws/install/mycobot_gazebo/share/mycobot_gazebo/models/aws_robomaker_residential_Sofa_01/meshes
[5.938s] -- Installing: /home/ibrahim/ros2_ws/install/mycobot_gazebo/share/mycobot_gazebo/models/aws_robomaker_residential_Sofa_01/meshes/aws_Sofa_01_collision.DAE
[5.938s] -- Installing: /home/ibrahim/ros2_ws/install/mycobot_gazebo/share/mycobot_gazebo/models/aws_robomaker_residential_Sofa_01/meshes/aws_Sofa_01.DAE
[5.941s] -- Installing: /home/ibrahim/ros2_ws/install/mycobot_gazebo/share/mycobot_gazebo/models/aws_robomaker_residential_Sofa_01/meshes/aws_Sofa_01_visual.DAE
[5.943s] -- Installing: /home/ibrahim/ros2_ws/install/mycobot_gazebo/share/mycobot_gazebo/models/aws_robomaker_residential_Sofa_01/model.config
[5.943s] -- Up-to-date: /home/ibrahim/ros2_ws/install/mycobot_gazebo/share/mycobot_gazebo/models/aws_robomaker_residential_LightC_01
[5.943s] -- Installing: /home/ibrahim/ros2_ws/install/mycobot_gazebo/share/mycobot_gazebo/models/aws_robomaker_residential_LightC_01/model.sdf
[5.943s] -- Up-to-date: /home/ibrahim/ros2_ws/install/mycobot_gazebo/share/mycobot_gazebo/models/aws_robomaker_residential_LightC_01/materials
[5.943s] -- Up-to-date: /home/ibrahim/ros2_ws/install/mycobot_gazebo/share/mycobot_gazebo/models/aws_robomaker_residential_LightC_01/materials/textures
[5.943s] -- Installing: /home/ibrahim/ros2_ws/install/mycobot_gazebo/share/mycobot_gazebo/models/aws_robomaker_residential_LightC_01/materials/textures/aws_LightC_01.png
[5.943s] -- Up-to-date: /home/ibrahim/ros2_ws/install/mycobot_gazebo/share/mycobot_gazebo/models/aws_robomaker_residential_LightC_01/meshes
[5.944s] -- Installing: /home/ibrahim/ros2_ws/install/mycobot_gazebo/share/mycobot_gazebo/models/aws_robomaker_residential_LightC_01/meshes/aws_LightC_01_collision.DAE
[5.944s] -- Installing: /home/ibrahim/ros2_ws/install/mycobot_gazebo/share/mycobot_gazebo/models/aws_robomaker_residential_LightC_01/meshes/aws_LightC_01_visual.DAE
[5.944s] -- Installing: /home/ibrahim/ros2_ws/install/mycobot_gazebo/share/mycobot_gazebo/models/aws_robomaker_residential_LightC_01/model.config
[5.945s] -- Up-to-date: /home/ibrahim/ros2_ws/install/mycobot_gazebo/share/mycobot_gazebo/models/aws_robomaker_residential_NightStand_01
[5.945s] -- Installing: /home/ibrahim/ros2_ws/install/mycobot_gazebo/share/mycobot_gazebo/models/aws_robomaker_residential_NightStand_01/model.sdf
[5.945s] -- Up-to-date: /home/ibrahim/ros2_ws/install/mycobot_gazebo/share/mycobot_gazebo/models/aws_robomaker_residential_NightStand_01/materials
[5.945s] -- Up-to-date: /home/ibrahim/ros2_ws/install/mycobot_gazebo/share/mycobot_gazebo/models/aws_robomaker_residential_NightStand_01/materials/textures
[5.945s] -- Installing: /home/ibrahim/ros2_ws/install/mycobot_gazebo/share/mycobot_gazebo/models/aws_robomaker_residential_NightStand_01/materials/textures/aws_NightStand_01.png
[5.945s] -- Up-to-date: /home/ibrahim/ros2_ws/install/mycobot_gazebo/share/mycobot_gazebo/models/aws_robomaker_residential_NightStand_01/meshes
[5.945s] -- Installing: /home/ibrahim/ros2_ws/install/mycobot_gazebo/share/mycobot_gazebo/models/aws_robomaker_residential_NightStand_01/meshes/aws_NightStand_01_visual.DAE
[5.946s] -- Installing: /home/ibrahim/ros2_ws/install/mycobot_gazebo/share/mycobot_gazebo/models/aws_robomaker_residential_NightStand_01/meshes/aws_NightStand_01_collision.DAE
[5.946s] -- Installing: /home/ibrahim/ros2_ws/install/mycobot_gazebo/share/mycobot_gazebo/models/aws_robomaker_residential_NightStand_01/model.config
[5.947s] -- Up-to-date: /home/ibrahim/ros2_ws/install/mycobot_gazebo/share/mycobot_gazebo/models/aws_robomaker_residential_DeskPortraitA_01
[5.947s] -- Installing: /home/ibrahim/ros2_ws/install/mycobot_gazebo/share/mycobot_gazebo/models/aws_robomaker_residential_DeskPortraitA_01/model.sdf
[5.947s] -- Up-to-date: /home/ibrahim/ros2_ws/install/mycobot_gazebo/share/mycobot_gazebo/models/aws_robomaker_residential_DeskPortraitA_01/materials
[5.947s] -- Up-to-date: /home/ibrahim/ros2_ws/install/mycobot_gazebo/share/mycobot_gazebo/models/aws_robomaker_residential_DeskPortraitA_01/materials/textures
[5.947s] -- Installing: /home/ibrahim/ros2_ws/install/mycobot_gazebo/share/mycobot_gazebo/models/aws_robomaker_residential_DeskPortraitA_01/materials/textures/DeskPortraitA_01.jpg
[5.948s] -- Installing: /home/ibrahim/ros2_ws/install/mycobot_gazebo/share/mycobot_gazebo/models/aws_robomaker_residential_DeskPortraitA_01/materials/textures/aws_DeskPortraitA_01.png
[5.948s] -- Installing: /home/ibrahim/ros2_ws/install/mycobot_gazebo/share/mycobot_gazebo/models/aws_robomaker_residential_DeskPortraitA_01/materials/textures/aws_DeskPortraitA_02.png
[5.950s] -- Up-to-date: /home/ibrahim/ros2_ws/install/mycobot_gazebo/share/mycobot_gazebo/models/aws_robomaker_residential_DeskPortraitA_01/meshes
[5.950s] -- Installing: /home/ibrahim/ros2_ws/install/mycobot_gazebo/share/mycobot_gazebo/models/aws_robomaker_residential_DeskPortraitA_01/meshes/aws_DeskPortraitA_01_collision.DAE
[5.950s] -- Installing: /home/ibrahim/ros2_ws/install/mycobot_gazebo/share/mycobot_gazebo/models/aws_robomaker_residential_DeskPortraitA_01/meshes/aws_DeskPortraitA_01_visual.DAE
[5.950s] -- Installing: /home/ibrahim/ros2_ws/install/mycobot_gazebo/share/mycobot_gazebo/models/aws_robomaker_residential_DeskPortraitA_01/model.config
[5.950s] -- Up-to-date: /home/ibrahim/ros2_ws/install/mycobot_gazebo/share/mycobot_gazebo/models/aws_robomaker_residential_Ball_01
[5.951s] -- Installing: /home/ibrahim/ros2_ws/install/mycobot_gazebo/share/mycobot_gazebo/models/aws_robomaker_residential_Ball_01/model.sdf
[5.951s] -- Up-to-date: /home/ibrahim/ros2_ws/install/mycobot_gazebo/share/mycobot_gazebo/models/aws_robomaker_residential_Ball_01/materials
[5.951s] -- Up-to-date: /home/ibrahim/ros2_ws/install/mycobot_gazebo/share/mycobot_gazebo/models/aws_robomaker_residential_Ball_01/materials/textures
[5.951s] -- Installing: /home/ibrahim/ros2_ws/install/mycobot_gazebo/share/mycobot_gazebo/models/aws_robomaker_residential_Ball_01/materials/textures/aws_Ball_01.png
[5.951s] -- Up-to-date: /home/ibrahim/ros2_ws/install/mycobot_gazebo/share/mycobot_gazebo/models/aws_robomaker_residential_Ball_01/meshes
[5.952s] -- Installing: /home/ibrahim/ros2_ws/install/mycobot_gazebo/share/mycobot_gazebo/models/aws_robomaker_residential_Ball_01/meshes/aws_Ball_01_visual.DAE
[5.952s] -- Installing: /home/ibrahim/ros2_ws/install/mycobot_gazebo/share/mycobot_gazebo/models/aws_robomaker_residential_Ball_01/meshes/aws_Ball_01_collision.DAE
[5.952s] -- Installing: /home/ibrahim/ros2_ws/install/mycobot_gazebo/share/mycobot_gazebo/models/aws_robomaker_residential_Ball_01/model.config
[5.952s] -- Up-to-date: /home/ibrahim/ros2_ws/install/mycobot_gazebo/share/mycobot_gazebo/models/cheezit_big_original
[5.952s] -- Installing: /home/ibrahim/ros2_ws/install/mycobot_gazebo/share/mycobot_gazebo/models/cheezit_big_original/model.sdf
[5.952s] -- Up-to-date: /home/ibrahim/ros2_ws/install/mycobot_gazebo/share/mycobot_gazebo/models/cheezit_big_original/meshes
[5.952s] -- Installing: /home/ibrahim/ros2_ws/install/mycobot_gazebo/share/mycobot_gazebo/models/cheezit_big_original/meshes/cheezit_big_original.dae
[5.953s] -- Installing: /home/ibrahim/ros2_ws/install/mycobot_gazebo/share/mycobot_gazebo/models/cheezit_big_original/meshes/cheez_tex_0.jpg
[5.959s] -- Installing: /home/ibrahim/ros2_ws/install/mycobot_gazebo/share/mycobot_gazebo/models/cheezit_big_original/model.config
[5.959s] -- Up-to-date: /home/ibrahim/ros2_ws/install/mycobot_gazebo/share/mycobot_gazebo/models/aws_robomaker_residential_RoomCeiling_01
[5.959s] -- Installing: /home/ibrahim/ros2_ws/install/mycobot_gazebo/share/mycobot_gazebo/models/aws_robomaker_residential_RoomCeiling_01/model.sdf
[5.959s] -- Up-to-date: /home/ibrahim/ros2_ws/install/mycobot_gazebo/share/mycobot_gazebo/models/aws_robomaker_residential_RoomCeiling_01/materials
[5.959s] -- Up-to-date: /home/ibrahim/ros2_ws/install/mycobot_gazebo/share/mycobot_gazebo/models/aws_robomaker_residential_RoomCeiling_01/materials/textures
[5.959s] -- Installing: /home/ibrahim/ros2_ws/install/mycobot_gazebo/share/mycobot_gazebo/models/aws_robomaker_residential_RoomCeiling_01/materials/textures/aws_RoomCeiling_01.png
[5.960s] -- Up-to-date: /home/ibrahim/ros2_ws/install/mycobot_gazebo/share/mycobot_gazebo/models/aws_robomaker_residential_RoomCeiling_01/meshes
[5.960s] -- Installing: /home/ibrahim/ros2_ws/install/mycobot_gazebo/share/mycobot_gazebo/models/aws_robomaker_residential_RoomCeiling_01/meshes/aws_RoomCeiling_01_visual.DAE
[5.960s] -- Installing: /home/ibrahim/ros2_ws/install/mycobot_gazebo/share/mycobot_gazebo/models/aws_robomaker_residential_RoomCeiling_01/meshes/aws_RoomCeiling_01_collision.DAE
[5.960s] -- Installing: /home/ibrahim/ros2_ws/install/mycobot_gazebo/share/mycobot_gazebo/models/aws_robomaker_residential_RoomCeiling_01/model.config
[5.960s] -- Up-to-date: /home/ibrahim/ros2_ws/install/mycobot_gazebo/share/mycobot_gazebo/models/aws_robomaker_residential_Tableware_01
[5.961s] -- Installing: /home/ibrahim/ros2_ws/install/mycobot_gazebo/share/mycobot_gazebo/models/aws_robomaker_residential_Tableware_01/model.sdf
[5.961s] -- Up-to-date: /home/ibrahim/ros2_ws/install/mycobot_gazebo/share/mycobot_gazebo/models/aws_robomaker_residential_Tableware_01/materials
[5.961s] -- Up-to-date: /home/ibrahim/ros2_ws/install/mycobot_gazebo/share/mycobot_gazebo/models/aws_robomaker_residential_Tableware_01/materials/textures
[5.961s] -- Installing: /home/ibrahim/ros2_ws/install/mycobot_gazebo/share/mycobot_gazebo/models/aws_robomaker_residential_Tableware_01/materials/textures/aws_Tableware_01.png
[5.961s] -- Up-to-date: /home/ibrahim/ros2_ws/install/mycobot_gazebo/share/mycobot_gazebo/models/aws_robomaker_residential_Tableware_01/meshes
[5.961s] -- Installing: /home/ibrahim/ros2_ws/install/mycobot_gazebo/share/mycobot_gazebo/models/aws_robomaker_residential_Tableware_01/meshes/aws_Tableware_01_collision.DAE
[5.962s] -- Installing: /home/ibrahim/ros2_ws/install/mycobot_gazebo/share/mycobot_gazebo/models/aws_robomaker_residential_Tableware_01/meshes/aws_Tableware_01_visual.DAE
[5.963s] -- Installing: /home/ibrahim/ros2_ws/install/mycobot_gazebo/share/mycobot_gazebo/models/aws_robomaker_residential_Tableware_01/model.config
[5.963s] -- Up-to-date: /home/ibrahim/ros2_ws/install/mycobot_gazebo/share/mycobot_gazebo/models/mustard
[5.963s] -- Installing: /home/ibrahim/ros2_ws/install/mycobot_gazebo/share/mycobot_gazebo/models/mustard/model.sdf
[5.963s] -- Up-to-date: /home/ibrahim/ros2_ws/install/mycobot_gazebo/share/mycobot_gazebo/models/mustard/materials
[5.963s] -- Up-to-date: /home/ibrahim/ros2_ws/install/mycobot_gazebo/share/mycobot_gazebo/models/mustard/materials/textures
[5.963s] -- Installing: /home/ibrahim/ros2_ws/install/mycobot_gazebo/share/mycobot_gazebo/models/mustard/materials/textures/optimized_tsdf_texture_mapped_mesh.png
[5.966s] -- Up-to-date: /home/ibrahim/ros2_ws/install/mycobot_gazebo/share/mycobot_gazebo/models/mustard/materials/scripts
[5.966s] -- Installing: /home/ibrahim/ros2_ws/install/mycobot_gazebo/share/mycobot_gazebo/models/mustard/materials/scripts/mustard.material
[5.967s] -- Up-to-date: /home/ibrahim/ros2_ws/install/mycobot_gazebo/share/mycobot_gazebo/models/mustard/meshes
[5.967s] -- Installing: /home/ibrahim/ros2_ws/install/mycobot_gazebo/share/mycobot_gazebo/models/mustard/meshes/texture_map.png
[5.968s] -- Installing: /home/ibrahim/ros2_ws/install/mycobot_gazebo/share/mycobot_gazebo/models/mustard/meshes/mustard.dae
[5.972s] -- Installing: /home/ibrahim/ros2_ws/install/mycobot_gazebo/share/mycobot_gazebo/models/mustard/model.config
[5.972s] -- Up-to-date: /home/ibrahim/ros2_ws/install/mycobot_gazebo/share/mycobot_gazebo/models/aws_robomaker_residential_SofaB_01
[5.972s] -- Installing: /home/ibrahim/ros2_ws/install/mycobot_gazebo/share/mycobot_gazebo/models/aws_robomaker_residential_SofaB_01/model.sdf
[5.973s] -- Up-to-date: /home/ibrahim/ros2_ws/install/mycobot_gazebo/share/mycobot_gazebo/models/aws_robomaker_residential_SofaB_01/materials
[5.973s] -- Up-to-date: /home/ibrahim/ros2_ws/install/mycobot_gazebo/share/mycobot_gazebo/models/aws_robomaker_residential_SofaB_01/materials/textures
[5.973s] -- Installing: /home/ibrahim/ros2_ws/install/mycobot_gazebo/share/mycobot_gazebo/models/aws_robomaker_residential_SofaB_01/materials/textures/aws_SofaB_01.png
[5.973s] -- Up-to-date: /home/ibrahim/ros2_ws/install/mycobot_gazebo/share/mycobot_gazebo/models/aws_robomaker_residential_SofaB_01/meshes
[5.973s] -- Installing: /home/ibrahim/ros2_ws/install/mycobot_gazebo/share/mycobot_gazebo/models/aws_robomaker_residential_SofaB_01/meshes/aws_SofaB_01_collision.DAE
[5.973s] -- Installing: /home/ibrahim/ros2_ws/install/mycobot_gazebo/share/mycobot_gazebo/models/aws_robomaker_residential_SofaB_01/meshes/aws_SofaB_01_visual.DAE
[5.973s] -- Installing: /home/ibrahim/ros2_ws/install/mycobot_gazebo/share/mycobot_gazebo/models/aws_robomaker_residential_SofaB_01/model.config
[5.974s] -- Up-to-date: /home/ibrahim/ros2_ws/install/mycobot_gazebo/share/mycobot_gazebo/models/aws_robomaker_residential_PortraitE_01
[5.974s] -- Installing: /home/ibrahim/ros2_ws/install/mycobot_gazebo/share/mycobot_gazebo/models/aws_robomaker_residential_PortraitE_01/model.sdf
[5.974s] -- Up-to-date: /home/ibrahim/ros2_ws/install/mycobot_gazebo/share/mycobot_gazebo/models/aws_robomaker_residential_PortraitE_01/materials
[5.974s] -- Up-to-date: /home/ibrahim/ros2_ws/install/mycobot_gazebo/share/mycobot_gazebo/models/aws_robomaker_residential_PortraitE_01/materials/textures
[5.974s] -- Installing: /home/ibrahim/ros2_ws/install/mycobot_gazebo/share/mycobot_gazebo/models/aws_robomaker_residential_PortraitE_01/materials/textures/aws_PortraitE_02.png
[5.976s] -- Installing: /home/ibrahim/ros2_ws/install/mycobot_gazebo/share/mycobot_gazebo/models/aws_robomaker_residential_PortraitE_01/materials/textures/PortraitE_01.jpg
[5.976s] -- Installing: /home/ibrahim/ros2_ws/install/mycobot_gazebo/share/mycobot_gazebo/models/aws_robomaker_residential_PortraitE_01/materials/textures/aws_PortraitE_01.png
[5.976s] -- Up-to-date: /home/ibrahim/ros2_ws/install/mycobot_gazebo/share/mycobot_gazebo/models/aws_robomaker_residential_PortraitE_01/meshes
[5.976s] -- Installing: /home/ibrahim/ros2_ws/install/mycobot_gazebo/share/mycobot_gazebo/models/aws_robomaker_residential_PortraitE_01/meshes/aws_PortraitE_01_visual.DAE
[5.977s] -- Installing: /home/ibrahim/ros2_ws/install/mycobot_gazebo/share/mycobot_gazebo/models/aws_robomaker_residential_PortraitE_01/meshes/aws_PortraitE_01_collision.DAE
[5.977s] -- Installing: /home/ibrahim/ros2_ws/install/mycobot_gazebo/share/mycobot_gazebo/models/aws_robomaker_residential_PortraitE_01/model.config
[5.977s] -- Up-to-date: /home/ibrahim/ros2_ws/install/mycobot_gazebo/share/mycobot_gazebo/models/aws_robomaker_residential_Door_01
[5.977s] -- Installing: /home/ibrahim/ros2_ws/install/mycobot_gazebo/share/mycobot_gazebo/models/aws_robomaker_residential_Door_01/model.sdf
[5.978s] -- Up-to-date: /home/ibrahim/ros2_ws/install/mycobot_gazebo/share/mycobot_gazebo/models/aws_robomaker_residential_Door_01/materials
[5.978s] -- Up-to-date: /home/ibrahim/ros2_ws/install/mycobot_gazebo/share/mycobot_gazebo/models/aws_robomaker_residential_Door_01/materials/textures
[5.978s] -- Installing: /home/ibrahim/ros2_ws/install/mycobot_gazebo/share/mycobot_gazebo/models/aws_robomaker_residential_Door_01/materials/textures/aws_Door_01.png
[5.979s] -- Up-to-date: /home/ibrahim/ros2_ws/install/mycobot_gazebo/share/mycobot_gazebo/models/aws_robomaker_residential_Door_01/meshes
[5.979s] -- Installing: /home/ibrahim/ros2_ws/install/mycobot_gazebo/share/mycobot_gazebo/models/aws_robomaker_residential_Door_01/meshes/aws_Door_01_collision.DAE
[5.979s] -- Installing: /home/ibrahim/ros2_ws/install/mycobot_gazebo/share/mycobot_gazebo/models/aws_robomaker_residential_Door_01/meshes/aws_Door_01_visual.DAE
[5.979s] -- Installing: /home/ibrahim/ros2_ws/install/mycobot_gazebo/share/mycobot_gazebo/models/aws_robomaker_residential_Door_01/model.config
[5.979s] -- Up-to-date: /home/ibrahim/ros2_ws/install/mycobot_gazebo/share/mycobot_gazebo/models/ground_plane
[5.979s] -- Installing: /home/ibrahim/ros2_ws/install/mycobot_gazebo/share/mycobot_gazebo/models/ground_plane/model.sdf
[5.980s] -- Installing: /home/ibrahim/ros2_ws/install/mycobot_gazebo/share/mycobot_gazebo/models/ground_plane/model-1_3.sdf
[5.980s] -- Installing: /home/ibrahim/ros2_ws/install/mycobot_gazebo/share/mycobot_gazebo/models/ground_plane/model-1_2.sdf
[5.980s] -- Installing: /home/ibrahim/ros2_ws/install/mycobot_gazebo/share/mycobot_gazebo/models/ground_plane/model-1_4.sdf
[5.980s] -- Installing: /home/ibrahim/ros2_ws/install/mycobot_gazebo/share/mycobot_gazebo/models/ground_plane/model.config
[5.980s] -- Up-to-date: /home/ibrahim/ros2_ws/install/mycobot_gazebo/share/mycobot_gazebo/models/aws_robomaker_residential_DeskPortraitB_01
[5.980s] -- Installing: /home/ibrahim/ros2_ws/install/mycobot_gazebo/share/mycobot_gazebo/models/aws_robomaker_residential_DeskPortraitB_01/model.sdf
[5.980s] -- Up-to-date: /home/ibrahim/ros2_ws/install/mycobot_gazebo/share/mycobot_gazebo/models/aws_robomaker_residential_DeskPortraitB_01/materials
[5.980s] -- Up-to-date: /home/ibrahim/ros2_ws/install/mycobot_gazebo/share/mycobot_gazebo/models/aws_robomaker_residential_DeskPortraitB_01/materials/textures
[5.981s] -- Installing: /home/ibrahim/ros2_ws/install/mycobot_gazebo/share/mycobot_gazebo/models/aws_robomaker_residential_DeskPortraitB_01/materials/textures/aws_DeskPortraitB_02.png
[5.982s] -- Installing: /home/ibrahim/ros2_ws/install/mycobot_gazebo/share/mycobot_gazebo/models/aws_robomaker_residential_DeskPortraitB_01/materials/textures/aws_DeskPortraitB_01.png
[5.982s] -- Installing: /home/ibrahim/ros2_ws/install/mycobot_gazebo/share/mycobot_gazebo/models/aws_robomaker_residential_DeskPortraitB_01/materials/textures/DeskPortraitB_01.jpg
[5.983s] -- Up-to-date: /home/ibrahim/ros2_ws/install/mycobot_gazebo/share/mycobot_gazebo/models/aws_robomaker_residential_DeskPortraitB_01/meshes
[5.984s] -- Installing: /home/ibrahim/ros2_ws/install/mycobot_gazebo/share/mycobot_gazebo/models/aws_robomaker_residential_DeskPortraitB_01/meshes/aws_DeskPortraitB_01_visual.DAE
[5.984s] -- Installing: /home/ibrahim/ros2_ws/install/mycobot_gazebo/share/mycobot_gazebo/models/aws_robomaker_residential_DeskPortraitB_01/meshes/aws_DeskPortraitB_01_collision.DAE
[5.984s] -- Installing: /home/ibrahim/ros2_ws/install/mycobot_gazebo/share/mycobot_gazebo/models/aws_robomaker_residential_DeskPortraitB_01/model.config
[5.985s] -- Up-to-date: /home/ibrahim/ros2_ws/install/mycobot_gazebo/share/mycobot_gazebo/models/aws_robomaker_residential_ReadingDesk_01
[5.985s] -- Installing: /home/ibrahim/ros2_ws/install/mycobot_gazebo/share/mycobot_gazebo/models/aws_robomaker_residential_ReadingDesk_01/model.sdf
[5.985s] -- Up-to-date: /home/ibrahim/ros2_ws/install/mycobot_gazebo/share/mycobot_gazebo/models/aws_robomaker_residential_ReadingDesk_01/materials
[5.985s] -- Up-to-date: /home/ibrahim/ros2_ws/install/mycobot_gazebo/share/mycobot_gazebo/models/aws_robomaker_residential_ReadingDesk_01/materials/textures
[5.985s] -- Installing: /home/ibrahim/ros2_ws/install/mycobot_gazebo/share/mycobot_gazebo/models/aws_robomaker_residential_ReadingDesk_01/materials/textures/aws_ReadingDesk_01.png
[5.985s] -- Up-to-date: /home/ibrahim/ros2_ws/install/mycobot_gazebo/share/mycobot_gazebo/models/aws_robomaker_residential_ReadingDesk_01/meshes
[5.986s] -- Installing: /home/ibrahim/ros2_ws/install/mycobot_gazebo/share/mycobot_gazebo/models/aws_robomaker_residential_ReadingDesk_01/meshes/aws_ReadingDesk_01_visual.DAE
[5.986s] -- Installing: /home/ibrahim/ros2_ws/install/mycobot_gazebo/share/mycobot_gazebo/models/aws_robomaker_residential_ReadingDesk_01/meshes/aws_ReadingDesk_01_collision.DAE
[5.986s] -- Installing: /home/ibrahim/ros2_ws/install/mycobot_gazebo/share/mycobot_gazebo/models/aws_robomaker_residential_ReadingDesk_01/model.config
[5.986s] -- Up-to-date: /home/ibrahim/ros2_ws/install/mycobot_gazebo/share/mycobot_gazebo/models/aws_robomaker_residential_Curtain_01
[5.986s] -- Installing: /home/ibrahim/ros2_ws/install/mycobot_gazebo/share/mycobot_gazebo/models/aws_robomaker_residential_Curtain_01/model.sdf
[5.986s] -- Up-to-date: /home/ibrahim/ros2_ws/install/mycobot_gazebo/share/mycobot_gazebo/models/aws_robomaker_residential_Curtain_01/materials
[5.986s] -- Up-to-date: /home/ibrahim/ros2_ws/install/mycobot_gazebo/share/mycobot_gazebo/models/aws_robomaker_residential_Curtain_01/materials/textures
[5.986s] -- Installing: /home/ibrahim/ros2_ws/install/mycobot_gazebo/share/mycobot_gazebo/models/aws_robomaker_residential_Curtain_01/materials/textures/aws_Curtain_01.png
[5.986s] -- Up-to-date: /home/ibrahim/ros2_ws/install/mycobot_gazebo/share/mycobot_gazebo/models/aws_robomaker_residential_Curtain_01/meshes
[5.987s] -- Installing: /home/ibrahim/ros2_ws/install/mycobot_gazebo/share/mycobot_gazebo/models/aws_robomaker_residential_Curtain_01/meshes/aws_Curtain_01_collision.DAE
[5.987s] -- Installing: /home/ibrahim/ros2_ws/install/mycobot_gazebo/share/mycobot_gazebo/models/aws_robomaker_residential_Curtain_01/meshes/aws_Curtain_01_visual.DAE
[5.987s] -- Installing: /home/ibrahim/ros2_ws/install/mycobot_gazebo/share/mycobot_gazebo/models/aws_robomaker_residential_Curtain_01/model.config
[5.987s] -- Up-to-date: /home/ibrahim/ros2_ws/install/mycobot_gazebo/share/mycobot_gazebo/models/aws_robomaker_warehouse_RoofB_01
[5.987s] -- Installing: /home/ibrahim/ros2_ws/install/mycobot_gazebo/share/mycobot_gazebo/models/aws_robomaker_warehouse_RoofB_01/model.sdf
[5.988s] -- Up-to-date: /home/ibrahim/ros2_ws/install/mycobot_gazebo/share/mycobot_gazebo/models/aws_robomaker_warehouse_RoofB_01/materials
[5.988s] -- Up-to-date: /home/ibrahim/ros2_ws/install/mycobot_gazebo/share/mycobot_gazebo/models/aws_robomaker_warehouse_RoofB_01/materials/textures
[5.988s] -- Installing: /home/ibrahim/ros2_ws/install/mycobot_gazebo/share/mycobot_gazebo/models/aws_robomaker_warehouse_RoofB_01/materials/textures/aws_robomaker_warehouse_RoofB_01.png
[5.988s] -- Up-to-date: /home/ibrahim/ros2_ws/install/mycobot_gazebo/share/mycobot_gazebo/models/aws_robomaker_warehouse_RoofB_01/meshes
[5.988s] -- Installing: /home/ibrahim/ros2_ws/install/mycobot_gazebo/share/mycobot_gazebo/models/aws_robomaker_warehouse_RoofB_01/meshes/aws_robomaker_warehouse_RoofB_01_collision.DAE
[5.988s] -- Installing: /home/ibrahim/ros2_ws/install/mycobot_gazebo/share/mycobot_gazebo/models/aws_robomaker_warehouse_RoofB_01/meshes/aws_robomaker_warehouse_RoofB_01_visual.DAE
[5.989s] -- Installing: /home/ibrahim/ros2_ws/install/mycobot_gazebo/share/mycobot_gazebo/models/aws_robomaker_warehouse_RoofB_01/model.config
[5.989s] -- Up-to-date: /home/ibrahim/ros2_ws/install/mycobot_gazebo/share/mycobot_gazebo/models/aws_robomaker_residential_PortraitB_03
[5.989s] -- Installing: /home/ibrahim/ros2_ws/install/mycobot_gazebo/share/mycobot_gazebo/models/aws_robomaker_residential_PortraitB_03/model.sdf
[5.989s] -- Up-to-date: /home/ibrahim/ros2_ws/install/mycobot_gazebo/share/mycobot_gazebo/models/aws_robomaker_residential_PortraitB_03/materials
[5.989s] -- Up-to-date: /home/ibrahim/ros2_ws/install/mycobot_gazebo/share/mycobot_gazebo/models/aws_robomaker_residential_PortraitB_03/materials/textures
[5.989s] -- Installing: /home/ibrahim/ros2_ws/install/mycobot_gazebo/share/mycobot_gazebo/models/aws_robomaker_residential_PortraitB_03/materials/textures/aws_PortraitB_01.png
[5.989s] -- Installing: /home/ibrahim/ros2_ws/install/mycobot_gazebo/share/mycobot_gazebo/models/aws_robomaker_residential_PortraitB_03/materials/textures/PortraitB_03.jpg
[5.990s] -- Installing: /home/ibrahim/ros2_ws/install/mycobot_gazebo/share/mycobot_gazebo/models/aws_robomaker_residential_PortraitB_03/materials/textures/aws_PortraitB_02.png
[5.991s] -- Up-to-date: /home/ibrahim/ros2_ws/install/mycobot_gazebo/share/mycobot_gazebo/models/aws_robomaker_residential_PortraitB_03/meshes
[5.991s] -- Installing: /home/ibrahim/ros2_ws/install/mycobot_gazebo/share/mycobot_gazebo/models/aws_robomaker_residential_PortraitB_03/meshes/aws_PortraitB_01_collision.DAE
[5.992s] -- Installing: /home/ibrahim/ros2_ws/install/mycobot_gazebo/share/mycobot_gazebo/models/aws_robomaker_residential_PortraitB_03/meshes/aws_PortraitB_01_visual.DAE
[5.992s] -- Installing: /home/ibrahim/ros2_ws/install/mycobot_gazebo/share/mycobot_gazebo/models/aws_robomaker_residential_PortraitB_03/model.config
[5.992s] -- Up-to-date: /home/ibrahim/ros2_ws/install/mycobot_gazebo/share/mycobot_gazebo/models/aws_robomaker_residential_RoomWindow_01
[5.993s] -- Installing: /home/ibrahim/ros2_ws/install/mycobot_gazebo/share/mycobot_gazebo/models/aws_robomaker_residential_RoomWindow_01/model.sdf
[5.994s] -- Up-to-date: /home/ibrahim/ros2_ws/install/mycobot_gazebo/share/mycobot_gazebo/models/aws_robomaker_residential_RoomWindow_01/materials
[5.994s] -- Up-to-date: /home/ibrahim/ros2_ws/install/mycobot_gazebo/share/mycobot_gazebo/models/aws_robomaker_residential_RoomWindow_01/materials/textures
[5.994s] -- Installing: /home/ibrahim/ros2_ws/install/mycobot_gazebo/share/mycobot_gazebo/models/aws_robomaker_residential_RoomWindow_01/materials/textures/aws_RoomWindow_01.png
[5.994s] -- Up-to-date: /home/ibrahim/ros2_ws/install/mycobot_gazebo/share/mycobot_gazebo/models/aws_robomaker_residential_RoomWindow_01/meshes
[5.994s] -- Installing: /home/ibrahim/ros2_ws/install/mycobot_gazebo/share/mycobot_gazebo/models/aws_robomaker_residential_RoomWindow_01/meshes/aws_RoomWindow_01_visual.DAE
[5.995s] -- Installing: /home/ibrahim/ros2_ws/install/mycobot_gazebo/share/mycobot_gazebo/models/aws_robomaker_residential_RoomWindow_01/meshes/aws_RoomWindow_01_collision.DAE
[5.995s] -- Installing: /home/ibrahim/ros2_ws/install/mycobot_gazebo/share/mycobot_gazebo/models/aws_robomaker_residential_RoomWindow_01/model.config
[5.995s] -- Up-to-date: /home/ibrahim/ros2_ws/install/mycobot_gazebo/share/mycobot_gazebo/models/aws_robomaker_residential_DeskPortraitD_03
[5.995s] -- Installing: /home/ibrahim/ros2_ws/install/mycobot_gazebo/share/mycobot_gazebo/models/aws_robomaker_residential_DeskPortraitD_03/model.sdf
[5.995s] -- Up-to-date: /home/ibrahim/ros2_ws/install/mycobot_gazebo/share/mycobot_gazebo/models/aws_robomaker_residential_DeskPortraitD_03/materials
[5.995s] -- Up-to-date: /home/ibrahim/ros2_ws/install/mycobot_gazebo/share/mycobot_gazebo/models/aws_robomaker_residential_DeskPortraitD_03/materials/textures
[5.995s] -- Installing: /home/ibrahim/ros2_ws/install/mycobot_gazebo/share/mycobot_gazebo/models/aws_robomaker_residential_DeskPortraitD_03/materials/textures/DeskPortraitD_03.jpg
[5.995s] -- Installing: /home/ibrahim/ros2_ws/install/mycobot_gazebo/share/mycobot_gazebo/models/aws_robomaker_residential_DeskPortraitD_03/materials/textures/aws_DeskPortraitD_02.png
[5.998s] -- Installing: /home/ibrahim/ros2_ws/install/mycobot_gazebo/share/mycobot_gazebo/models/aws_robomaker_residential_DeskPortraitD_03/materials/textures/aws_DeskPortraitD_01.png
[5.998s] -- Up-to-date: /home/ibrahim/ros2_ws/install/mycobot_gazebo/share/mycobot_gazebo/models/aws_robomaker_residential_DeskPortraitD_03/meshes
[5.998s] -- Installing: /home/ibrahim/ros2_ws/install/mycobot_gazebo/share/mycobot_gazebo/models/aws_robomaker_residential_DeskPortraitD_03/meshes/aws_DeskPortraitD_01_collision.DAE
[5.999s] -- Installing: /home/ibrahim/ros2_ws/install/mycobot_gazebo/share/mycobot_gazebo/models/aws_robomaker_residential_DeskPortraitD_03/meshes/aws_DeskPortraitD_01_visual.DAE
[5.999s] -- Installing: /home/ibrahim/ros2_ws/install/mycobot_gazebo/share/mycobot_gazebo/models/aws_robomaker_residential_DeskPortraitD_03/model.config
[5.999s] -- Up-to-date: /home/ibrahim/ros2_ws/install/mycobot_gazebo/share/mycobot_gazebo/models/aws_robomaker_residential_DeskPortraitC_02
[5.999s] -- Installing: /home/ibrahim/ros2_ws/install/mycobot_gazebo/share/mycobot_gazebo/models/aws_robomaker_residential_DeskPortraitC_02/model.sdf
[5.999s] -- Up-to-date: /home/ibrahim/ros2_ws/install/mycobot_gazebo/share/mycobot_gazebo/models/aws_robomaker_residential_DeskPortraitC_02/materials
[5.999s] -- Up-to-date: /home/ibrahim/ros2_ws/install/mycobot_gazebo/share/mycobot_gazebo/models/aws_robomaker_residential_DeskPortraitC_02/materials/textures
[5.999s] -- Installing: /home/ibrahim/ros2_ws/install/mycobot_gazebo/share/mycobot_gazebo/models/aws_robomaker_residential_DeskPortraitC_02/materials/textures/DeskPortraitC_02.jpg
[6.000s] -- Installing: /home/ibrahim/ros2_ws/install/mycobot_gazebo/share/mycobot_gazebo/models/aws_robomaker_residential_DeskPortraitC_02/materials/textures/aws_DeskPortraitC_01.png
[6.000s] -- Installing: /home/ibrahim/ros2_ws/install/mycobot_gazebo/share/mycobot_gazebo/models/aws_robomaker_residential_DeskPortraitC_02/materials/textures/aws_DeskPortraitC_02.png
[6.001s] -- Up-to-date: /home/ibrahim/ros2_ws/install/mycobot_gazebo/share/mycobot_gazebo/models/aws_robomaker_residential_DeskPortraitC_02/meshes
[6.001s] -- Installing: /home/ibrahim/ros2_ws/install/mycobot_gazebo/share/mycobot_gazebo/models/aws_robomaker_residential_DeskPortraitC_02/meshes/aws_DeskPortraitC_01_visual.DAE
[6.001s] -- Installing: /home/ibrahim/ros2_ws/install/mycobot_gazebo/share/mycobot_gazebo/models/aws_robomaker_residential_DeskPortraitC_02/meshes/aws_DeskPortraitC_01_collision.DAE
[6.001s] -- Installing: /home/ibrahim/ros2_ws/install/mycobot_gazebo/share/mycobot_gazebo/models/aws_robomaker_residential_DeskPortraitC_02/model.config
[6.002s] -- Up-to-date: /home/ibrahim/ros2_ws/install/mycobot_gazebo/share/mycobot_gazebo/models/aws_robomaker_warehouse_TrashCanC_01
[6.002s] -- Installing: /home/ibrahim/ros2_ws/install/mycobot_gazebo/share/mycobot_gazebo/models/aws_robomaker_warehouse_TrashCanC_01/model.sdf
[6.002s] -- Up-to-date: /home/ibrahim/ros2_ws/install/mycobot_gazebo/share/mycobot_gazebo/models/aws_robomaker_warehouse_TrashCanC_01/materials
[6.002s] -- Up-to-date: /home/ibrahim/ros2_ws/install/mycobot_gazebo/share/mycobot_gazebo/models/aws_robomaker_warehouse_TrashCanC_01/materials/textures
[6.003s] -- Installing: /home/ibrahim/ros2_ws/install/mycobot_gazebo/share/mycobot_gazebo/models/aws_robomaker_warehouse_TrashCanC_01/materials/textures/aws_robomaker_warehouse_TrashCanC_01.png
[6.003s] -- Up-to-date: /home/ibrahim/ros2_ws/install/mycobot_gazebo/share/mycobot_gazebo/models/aws_robomaker_warehouse_TrashCanC_01/meshes
[6.003s] -- Installing: /home/ibrahim/ros2_ws/install/mycobot_gazebo/share/mycobot_gazebo/models/aws_robomaker_warehouse_TrashCanC_01/meshes/aws_robomaker_warehouse_TrashCanC_01_collision.DAE
[6.006s] -- Installing: /home/ibrahim/ros2_ws/install/mycobot_gazebo/share/mycobot_gazebo/models/aws_robomaker_warehouse_TrashCanC_01/meshes/aws_robomaker_warehouse_TrashCanC_01_visual.DAE
[6.006s] -- Installing: /home/ibrahim/ros2_ws/install/mycobot_gazebo/share/mycobot_gazebo/models/aws_robomaker_warehouse_TrashCanC_01/model.config
[6.006s] -- Up-to-date: /home/ibrahim/ros2_ws/install/mycobot_gazebo/share/mycobot_gazebo/models/aws_robomaker_residential_DeskPortraitC_01
[6.006s] -- Installing: /home/ibrahim/ros2_ws/install/mycobot_gazebo/share/mycobot_gazebo/models/aws_robomaker_residential_DeskPortraitC_01/model.sdf
[6.006s] -- Up-to-date: /home/ibrahim/ros2_ws/install/mycobot_gazebo/share/mycobot_gazebo/models/aws_robomaker_residential_DeskPortraitC_01/materials
[6.006s] -- Up-to-date: /home/ibrahim/ros2_ws/install/mycobot_gazebo/share/mycobot_gazebo/models/aws_robomaker_residential_DeskPortraitC_01/materials/textures
[6.006s] -- Installing: /home/ibrahim/ros2_ws/install/mycobot_gazebo/share/mycobot_gazebo/models/aws_robomaker_residential_DeskPortraitC_01/materials/textures/aws_DeskPortraitC_01.png
[6.006s] -- Installing: /home/ibrahim/ros2_ws/install/mycobot_gazebo/share/mycobot_gazebo/models/aws_robomaker_residential_DeskPortraitC_01/materials/textures/DeskPortraitC_01.jpg
[6.013s] -- Installing: /home/ibrahim/ros2_ws/install/mycobot_gazebo/share/mycobot_gazebo/models/aws_robomaker_residential_DeskPortraitC_01/materials/textures/aws_DeskPortraitC_02.png
[6.014s] -- Up-to-date: /home/ibrahim/ros2_ws/install/mycobot_gazebo/share/mycobot_gazebo/models/aws_robomaker_residential_DeskPortraitC_01/meshes
[6.014s] -- Installing: /home/ibrahim/ros2_ws/install/mycobot_gazebo/share/mycobot_gazebo/models/aws_robomaker_residential_DeskPortraitC_01/meshes/aws_DeskPortraitC_01_visual.DAE
[6.015s] -- Installing: /home/ibrahim/ros2_ws/install/mycobot_gazebo/share/mycobot_gazebo/models/aws_robomaker_residential_DeskPortraitC_01/meshes/aws_DeskPortraitC_01_collision.DAE
[6.016s] -- Installing: /home/ibrahim/ros2_ws/install/mycobot_gazebo/share/mycobot_gazebo/models/aws_robomaker_residential_DeskPortraitC_01/model.config
[6.016s] -- Up-to-date: /home/ibrahim/ros2_ws/install/mycobot_gazebo/share/mycobot_gazebo/models/aws_robomaker_residential_DeskPortraitB_02
[6.016s] -- Installing: /home/ibrahim/ros2_ws/install/mycobot_gazebo/share/mycobot_gazebo/models/aws_robomaker_residential_DeskPortraitB_02/model.sdf
[6.016s] -- Up-to-date: /home/ibrahim/ros2_ws/install/mycobot_gazebo/share/mycobot_gazebo/models/aws_robomaker_residential_DeskPortraitB_02/materials
[6.016s] -- Up-to-date: /home/ibrahim/ros2_ws/install/mycobot_gazebo/share/mycobot_gazebo/models/aws_robomaker_residential_DeskPortraitB_02/materials/textures
[6.016s] -- Installing: /home/ibrahim/ros2_ws/install/mycobot_gazebo/share/mycobot_gazebo/models/aws_robomaker_residential_DeskPortraitB_02/materials/textures/DeskPortraitB_02.jpg
[6.025s] -- Installing: /home/ibrahim/ros2_ws/install/mycobot_gazebo/share/mycobot_gazebo/models/aws_robomaker_residential_DeskPortraitB_02/materials/textures/aws_DeskPortraitB_02.png
[6.026s] -- Installing: /home/ibrahim/ros2_ws/install/mycobot_gazebo/share/mycobot_gazebo/models/aws_robomaker_residential_DeskPortraitB_02/materials/textures/aws_DeskPortraitB_01.png
[6.027s] -- Up-to-date: /home/ibrahim/ros2_ws/install/mycobot_gazebo/share/mycobot_gazebo/models/aws_robomaker_residential_DeskPortraitB_02/meshes
[6.027s] -- Installing: /home/ibrahim/ros2_ws/install/mycobot_gazebo/share/mycobot_gazebo/models/aws_robomaker_residential_DeskPortraitB_02/meshes/aws_DeskPortraitB_01_visual.DAE
[6.027s] -- Installing: /home/ibrahim/ros2_ws/install/mycobot_gazebo/share/mycobot_gazebo/models/aws_robomaker_residential_DeskPortraitB_02/meshes/aws_DeskPortraitB_01_collision.DAE
[6.028s] -- Installing: /home/ibrahim/ros2_ws/install/mycobot_gazebo/share/mycobot_gazebo/models/aws_robomaker_residential_DeskPortraitB_02/model.config
[6.028s] -- Up-to-date: /home/ibrahim/ros2_ws/install/mycobot_gazebo/share/mycobot_gazebo/models/aws_robomaker_residential_DeskPortraitA_02
[6.028s] -- Installing: /home/ibrahim/ros2_ws/install/mycobot_gazebo/share/mycobot_gazebo/models/aws_robomaker_residential_DeskPortraitA_02/model.sdf
[6.028s] -- Up-to-date: /home/ibrahim/ros2_ws/install/mycobot_gazebo/share/mycobot_gazebo/models/aws_robomaker_residential_DeskPortraitA_02/materials
[6.028s] -- Up-to-date: /home/ibrahim/ros2_ws/install/mycobot_gazebo/share/mycobot_gazebo/models/aws_robomaker_residential_DeskPortraitA_02/materials/textures
[6.028s] -- Installing: /home/ibrahim/ros2_ws/install/mycobot_gazebo/share/mycobot_gazebo/models/aws_robomaker_residential_DeskPortraitA_02/materials/textures/aws_DeskPortraitA_01.png
[6.028s] -- Installing: /home/ibrahim/ros2_ws/install/mycobot_gazebo/share/mycobot_gazebo/models/aws_robomaker_residential_DeskPortraitA_02/materials/textures/DeskPortraitA_02.jpg
[6.030s] -- Installing: /home/ibrahim/ros2_ws/install/mycobot_gazebo/share/mycobot_gazebo/models/aws_robomaker_residential_DeskPortraitA_02/materials/textures/aws_DeskPortraitA_02.png
[6.032s] -- Up-to-date: /home/ibrahim/ros2_ws/install/mycobot_gazebo/share/mycobot_gazebo/models/aws_robomaker_residential_DeskPortraitA_02/meshes
[6.032s] -- Installing: /home/ibrahim/ros2_ws/install/mycobot_gazebo/share/mycobot_gazebo/models/aws_robomaker_residential_DeskPortraitA_02/meshes/aws_DeskPortraitA_01_collision.DAE
[6.032s] -- Installing: /home/ibrahim/ros2_ws/install/mycobot_gazebo/share/mycobot_gazebo/models/aws_robomaker_residential_DeskPortraitA_02/meshes/aws_DeskPortraitA_01_visual.DAE
[6.032s] -- Installing: /home/ibrahim/ros2_ws/install/mycobot_gazebo/share/mycobot_gazebo/models/aws_robomaker_residential_DeskPortraitA_02/model.config
[6.032s] -- Up-to-date: /home/ibrahim/ros2_ws/install/mycobot_gazebo/share/mycobot_gazebo/models/cardboard_box
[6.033s] -- Installing: /home/ibrahim/ros2_ws/install/mycobot_gazebo/share/mycobot_gazebo/models/cardboard_box/model.sdf
[6.033s] -- Up-to-date: /home/ibrahim/ros2_ws/install/mycobot_gazebo/share/mycobot_gazebo/models/cardboard_box/materials
[6.033s] -- Up-to-date: /home/ibrahim/ros2_ws/install/mycobot_gazebo/share/mycobot_gazebo/models/cardboard_box/materials/textures
[6.033s] -- Installing: /home/ibrahim/ros2_ws/install/mycobot_gazebo/share/mycobot_gazebo/models/cardboard_box/materials/textures/cardboard_box.png
[6.033s] -- Up-to-date: /home/ibrahim/ros2_ws/install/mycobot_gazebo/share/mycobot_gazebo/models/cardboard_box/meshes
[6.034s] -- Installing: /home/ibrahim/ros2_ws/install/mycobot_gazebo/share/mycobot_gazebo/models/cardboard_box/meshes/cardboard_box.png
[6.035s] -- Installing: /home/ibrahim/ros2_ws/install/mycobot_gazebo/share/mycobot_gazebo/models/cardboard_box/meshes/cardboard_box.dae
[6.035s] -- Installing: /home/ibrahim/ros2_ws/install/mycobot_gazebo/share/mycobot_gazebo/models/cardboard_box/model.config
[6.035s] -- Up-to-date: /home/ibrahim/ros2_ws/install/mycobot_gazebo/share/mycobot_gazebo/models/aws_robomaker_warehouse_ClutteringA_01
[6.035s] -- Installing: /home/ibrahim/ros2_ws/install/mycobot_gazebo/share/mycobot_gazebo/models/aws_robomaker_warehouse_ClutteringA_01/model.sdf
[6.035s] -- Up-to-date: /home/ibrahim/ros2_ws/install/mycobot_gazebo/share/mycobot_gazebo/models/aws_robomaker_warehouse_ClutteringA_01/materials
[6.035s] -- Up-to-date: /home/ibrahim/ros2_ws/install/mycobot_gazebo/share/mycobot_gazebo/models/aws_robomaker_warehouse_ClutteringA_01/materials/textures
[6.036s] -- Installing: /home/ibrahim/ros2_ws/install/mycobot_gazebo/share/mycobot_gazebo/models/aws_robomaker_warehouse_ClutteringA_01/materials/textures/aws_robomaker_warehouse_ClutteringA_01.png
[6.036s] -- Installing: /home/ibrahim/ros2_ws/install/mycobot_gazebo/share/mycobot_gazebo/models/aws_robomaker_warehouse_ClutteringA_01/materials/textures/.DS_Store
[6.036s] -- Installing: /home/ibrahim/ros2_ws/install/mycobot_gazebo/share/mycobot_gazebo/models/aws_robomaker_warehouse_ClutteringA_01/materials/textures/aws_robomaker_warehouse_ClutteringA_02.png
[6.036s] -- Installing: /home/ibrahim/ros2_ws/install/mycobot_gazebo/share/mycobot_gazebo/models/aws_robomaker_warehouse_ClutteringA_01/materials/textures/aws_robomaker_warehouse_ClutteringA_03.png
[6.037s] -- Installing: /home/ibrahim/ros2_ws/install/mycobot_gazebo/share/mycobot_gazebo/models/aws_robomaker_warehouse_ClutteringA_01/materials/.DS_Store
[6.037s] -- Installing: /home/ibrahim/ros2_ws/install/mycobot_gazebo/share/mycobot_gazebo/models/aws_robomaker_warehouse_ClutteringA_01/.DS_Store
[6.038s] -- Up-to-date: /home/ibrahim/ros2_ws/install/mycobot_gazebo/share/mycobot_gazebo/models/aws_robomaker_warehouse_ClutteringA_01/meshes
[6.038s] -- Installing: /home/ibrahim/ros2_ws/install/mycobot_gazebo/share/mycobot_gazebo/models/aws_robomaker_warehouse_ClutteringA_01/meshes/aws_robomaker_warehouse_ClutteringA_01_collision.DAE
[6.038s] -- Installing: /home/ibrahim/ros2_ws/install/mycobot_gazebo/share/mycobot_gazebo/models/aws_robomaker_warehouse_ClutteringA_01/meshes/aws_robomaker_warehouse_ClutteringA_01_visual.DAE
[6.038s] -- Installing: /home/ibrahim/ros2_ws/install/mycobot_gazebo/share/mycobot_gazebo/models/aws_robomaker_warehouse_ClutteringA_01/model.config
[6.039s] -- Up-to-date: /home/ibrahim/ros2_ws/install/mycobot_gazebo/share/mycobot_gazebo/models/aws_robomaker_residential_SeasoningBox_01
[6.039s] -- Installing: /home/ibrahim/ros2_ws/install/mycobot_gazebo/share/mycobot_gazebo/models/aws_robomaker_residential_SeasoningBox_01/model.sdf
[6.039s] -- Up-to-date: /home/ibrahim/ros2_ws/install/mycobot_gazebo/share/mycobot_gazebo/models/aws_robomaker_residential_SeasoningBox_01/materials
[6.039s] -- Up-to-date: /home/ibrahim/ros2_ws/install/mycobot_gazebo/share/mycobot_gazebo/models/aws_robomaker_residential_SeasoningBox_01/materials/textures
[6.039s] -- Installing: /home/ibrahim/ros2_ws/install/mycobot_gazebo/share/mycobot_gazebo/models/aws_robomaker_residential_SeasoningBox_01/materials/textures/aws_SeasoningBox_01.png
[6.039s] -- Up-to-date: /home/ibrahim/ros2_ws/install/mycobot_gazebo/share/mycobot_gazebo/models/aws_robomaker_residential_SeasoningBox_01/meshes
[6.039s] -- Installing: /home/ibrahim/ros2_ws/install/mycobot_gazebo/share/mycobot_gazebo/models/aws_robomaker_residential_SeasoningBox_01/meshes/aws_SeasoningBox_01_visual.DAE
[6.043s] -- Installing: /home/ibrahim/ros2_ws/install/mycobot_gazebo/share/mycobot_gazebo/models/aws_robomaker_residential_SeasoningBox_01/meshes/aws_SeasoningBox_01_collision.DAE
[6.043s] -- Installing: /home/ibrahim/ros2_ws/install/mycobot_gazebo/share/mycobot_gazebo/models/aws_robomaker_residential_SeasoningBox_01/model.config
[6.043s] -- Up-to-date: /home/ibrahim/ros2_ws/install/mycobot_gazebo/share/mycobot_gazebo/models/aws_robomaker_residential_PortraitA_01
[6.043s] -- Installing: /home/ibrahim/ros2_ws/install/mycobot_gazebo/share/mycobot_gazebo/models/aws_robomaker_residential_PortraitA_01/model.sdf
[6.043s] -- Up-to-date: /home/ibrahim/ros2_ws/install/mycobot_gazebo/share/mycobot_gazebo/models/aws_robomaker_residential_PortraitA_01/materials
[6.043s] -- Up-to-date: /home/ibrahim/ros2_ws/install/mycobot_gazebo/share/mycobot_gazebo/models/aws_robomaker_residential_PortraitA_01/materials/textures
[6.043s] -- Installing: /home/ibrahim/ros2_ws/install/mycobot_gazebo/share/mycobot_gazebo/models/aws_robomaker_residential_PortraitA_01/materials/textures/aws_PortraitA_01.png
[6.043s] -- Installing: /home/ibrahim/ros2_ws/install/mycobot_gazebo/share/mycobot_gazebo/models/aws_robomaker_residential_PortraitA_01/materials/textures/aws_PortraitA_02.png
[6.044s] -- Installing: /home/ibrahim/ros2_ws/install/mycobot_gazebo/share/mycobot_gazebo/models/aws_robomaker_residential_PortraitA_01/materials/textures/PortraitA_01.jpg
[6.045s] -- Up-to-date: /home/ibrahim/ros2_ws/install/mycobot_gazebo/share/mycobot_gazebo/models/aws_robomaker_residential_PortraitA_01/meshes
[6.045s] -- Installing: /home/ibrahim/ros2_ws/install/mycobot_gazebo/share/mycobot_gazebo/models/aws_robomaker_residential_PortraitA_01/meshes/aws_PortraitA_01_collision.DAE
[6.045s] -- Installing: /home/ibrahim/ros2_ws/install/mycobot_gazebo/share/mycobot_gazebo/models/aws_robomaker_residential_PortraitA_01/meshes/aws_PortraitA_01_visual.DAE
[6.045s] -- Installing: /home/ibrahim/ros2_ws/install/mycobot_gazebo/share/mycobot_gazebo/models/aws_robomaker_residential_PortraitA_01/model.config
[6.045s] -- Up-to-date: /home/ibrahim/ros2_ws/install/mycobot_gazebo/share/mycobot_gazebo/models/aws_robomaker_residential_PortraitE_02
[6.046s] -- Installing: /home/ibrahim/ros2_ws/install/mycobot_gazebo/share/mycobot_gazebo/models/aws_robomaker_residential_PortraitE_02/model.sdf
[6.046s] -- Up-to-date: /home/ibrahim/ros2_ws/install/mycobot_gazebo/share/mycobot_gazebo/models/aws_robomaker_residential_PortraitE_02/materials
[6.046s] -- Up-to-date: /home/ibrahim/ros2_ws/install/mycobot_gazebo/share/mycobot_gazebo/models/aws_robomaker_residential_PortraitE_02/materials/textures
[6.046s] -- Installing: /home/ibrahim/ros2_ws/install/mycobot_gazebo/share/mycobot_gazebo/models/aws_robomaker_residential_PortraitE_02/materials/textures/aws_PortraitE_02.png
[6.047s] -- Installing: /home/ibrahim/ros2_ws/install/mycobot_gazebo/share/mycobot_gazebo/models/aws_robomaker_residential_PortraitE_02/materials/textures/aws_PortraitE_01.png
[6.047s] -- Installing: /home/ibrahim/ros2_ws/install/mycobot_gazebo/share/mycobot_gazebo/models/aws_robomaker_residential_PortraitE_02/materials/textures/PortraitE_02.jpg
[6.047s] -- Up-to-date: /home/ibrahim/ros2_ws/install/mycobot_gazebo/share/mycobot_gazebo/models/aws_robomaker_residential_PortraitE_02/meshes
[6.047s] -- Installing: /home/ibrahim/ros2_ws/install/mycobot_gazebo/share/mycobot_gazebo/models/aws_robomaker_residential_PortraitE_02/meshes/aws_PortraitE_01_visual.DAE
[6.048s] -- Installing: /home/ibrahim/ros2_ws/install/mycobot_gazebo/share/mycobot_gazebo/models/aws_robomaker_residential_PortraitE_02/meshes/aws_PortraitE_01_collision.DAE
[6.048s] -- Installing: /home/ibrahim/ros2_ws/install/mycobot_gazebo/share/mycobot_gazebo/models/aws_robomaker_residential_PortraitE_02/model.config
[6.048s] -- Up-to-date: /home/ibrahim/ros2_ws/install/mycobot_gazebo/share/mycobot_gazebo/models/aws_robomaker_residential_PortraitD_02
[6.048s] -- Installing: /home/ibrahim/ros2_ws/install/mycobot_gazebo/share/mycobot_gazebo/models/aws_robomaker_residential_PortraitD_02/model.sdf
[6.048s] -- Up-to-date: /home/ibrahim/ros2_ws/install/mycobot_gazebo/share/mycobot_gazebo/models/aws_robomaker_residential_PortraitD_02/materials
[6.048s] -- Up-to-date: /home/ibrahim/ros2_ws/install/mycobot_gazebo/share/mycobot_gazebo/models/aws_robomaker_residential_PortraitD_02/materials/textures
[6.048s] -- Installing: /home/ibrahim/ros2_ws/install/mycobot_gazebo/share/mycobot_gazebo/models/aws_robomaker_residential_PortraitD_02/materials/textures/PortraitD_02.jpg
[6.049s] -- Installing: /home/ibrahim/ros2_ws/install/mycobot_gazebo/share/mycobot_gazebo/models/aws_robomaker_residential_PortraitD_02/materials/textures/aws_PortraitD_01.png
[6.049s] -- Installing: /home/ibrahim/ros2_ws/install/mycobot_gazebo/share/mycobot_gazebo/models/aws_robomaker_residential_PortraitD_02/materials/textures/aws_PortraitD_02.png
[6.050s] -- Up-to-date: /home/ibrahim/ros2_ws/install/mycobot_gazebo/share/mycobot_gazebo/models/aws_robomaker_residential_PortraitD_02/meshes
[6.051s] -- Installing: /home/ibrahim/ros2_ws/install/mycobot_gazebo/share/mycobot_gazebo/models/aws_robomaker_residential_PortraitD_02/meshes/aws_PortraitD_01_visual.DAE
[6.051s] -- Installing: /home/ibrahim/ros2_ws/install/mycobot_gazebo/share/mycobot_gazebo/models/aws_robomaker_residential_PortraitD_02/meshes/aws_PortraitD_01_collision.DAE
[6.051s] -- Installing: /home/ibrahim/ros2_ws/install/mycobot_gazebo/share/mycobot_gazebo/models/aws_robomaker_residential_PortraitD_02/model.config
[6.051s] -- Up-to-date: /home/ibrahim/ros2_ws/install/mycobot_gazebo/share/mycobot_gazebo/models/aws_robomaker_residential_SecurityCamera_01
[6.051s] -- Installing: /home/ibrahim/ros2_ws/install/mycobot_gazebo/share/mycobot_gazebo/models/aws_robomaker_residential_SecurityCamera_01/model.sdf
[6.052s] -- Up-to-date: /home/ibrahim/ros2_ws/install/mycobot_gazebo/share/mycobot_gazebo/models/aws_robomaker_residential_SecurityCamera_01/materials
[6.052s] -- Up-to-date: /home/ibrahim/ros2_ws/install/mycobot_gazebo/share/mycobot_gazebo/models/aws_robomaker_residential_SecurityCamera_01/materials/textures
[6.052s] -- Installing: /home/ibrahim/ros2_ws/install/mycobot_gazebo/share/mycobot_gazebo/models/aws_robomaker_residential_SecurityCamera_01/materials/textures/aws_SecurityCamera_01.png
[6.052s] -- Up-to-date: /home/ibrahim/ros2_ws/install/mycobot_gazebo/share/mycobot_gazebo/models/aws_robomaker_residential_SecurityCamera_01/meshes
[6.052s] -- Installing: /home/ibrahim/ros2_ws/install/mycobot_gazebo/share/mycobot_gazebo/models/aws_robomaker_residential_SecurityCamera_01/meshes/aws_SecurityCamera_01_collision.DAE
[6.053s] -- Installing: /home/ibrahim/ros2_ws/install/mycobot_gazebo/share/mycobot_gazebo/models/aws_robomaker_residential_SecurityCamera_01/meshes/aws_SecurityCamera_01_visual.DAE
[6.053s] -- Installing: /home/ibrahim/ros2_ws/install/mycobot_gazebo/share/mycobot_gazebo/models/aws_robomaker_residential_SecurityCamera_01/model.config
[6.053s] -- Up-to-date: /home/ibrahim/ros2_ws/install/mycobot_gazebo/share/mycobot_gazebo/models/aws_robomaker_residential_ChairD_01
[6.053s] -- Installing: /home/ibrahim/ros2_ws/install/mycobot_gazebo/share/mycobot_gazebo/models/aws_robomaker_residential_ChairD_01/model.sdf
[6.054s] -- Up-to-date: /home/ibrahim/ros2_ws/install/mycobot_gazebo/share/mycobot_gazebo/models/aws_robomaker_residential_ChairD_01/materials
[6.054s] -- Up-to-date: /home/ibrahim/ros2_ws/install/mycobot_gazebo/share/mycobot_gazebo/models/aws_robomaker_residential_ChairD_01/materials/textures
[6.054s] -- Installing: /home/ibrahim/ros2_ws/install/mycobot_gazebo/share/mycobot_gazebo/models/aws_robomaker_residential_ChairD_01/materials/textures/aws_ChairD_01.png
[6.054s] -- Up-to-date: /home/ibrahim/ros2_ws/install/mycobot_gazebo/share/mycobot_gazebo/models/aws_robomaker_residential_ChairD_01/meshes
[6.054s] -- Installing: /home/ibrahim/ros2_ws/install/mycobot_gazebo/share/mycobot_gazebo/models/aws_robomaker_residential_ChairD_01/meshes/aws_ChairD_01_collision.DAE
[6.055s] -- Installing: /home/ibrahim/ros2_ws/install/mycobot_gazebo/share/mycobot_gazebo/models/aws_robomaker_residential_ChairD_01/meshes/aws_ChairD_01_visual.DAE
[6.055s] -- Installing: /home/ibrahim/ros2_ws/install/mycobot_gazebo/share/mycobot_gazebo/models/aws_robomaker_residential_ChairD_01/model.config
[6.055s] -- Up-to-date: /home/ibrahim/ros2_ws/install/mycobot_gazebo/share/mycobot_gazebo/models/aws_robomaker_residential_PortraitA_02
[6.055s] -- Installing: /home/ibrahim/ros2_ws/install/mycobot_gazebo/share/mycobot_gazebo/models/aws_robomaker_residential_PortraitA_02/model.sdf
[6.055s] -- Up-to-date: /home/ibrahim/ros2_ws/install/mycobot_gazebo/share/mycobot_gazebo/models/aws_robomaker_residential_PortraitA_02/materials
[6.055s] -- Up-to-date: /home/ibrahim/ros2_ws/install/mycobot_gazebo/share/mycobot_gazebo/models/aws_robomaker_residential_PortraitA_02/materials/textures
[6.055s] -- Installing: /home/ibrahim/ros2_ws/install/mycobot_gazebo/share/mycobot_gazebo/models/aws_robomaker_residential_PortraitA_02/materials/textures/aws_PortraitA_01.png
[6.055s] -- Installing: /home/ibrahim/ros2_ws/install/mycobot_gazebo/share/mycobot_gazebo/models/aws_robomaker_residential_PortraitA_02/materials/textures/aws_PortraitA_02.png
[6.056s] -- Installing: /home/ibrahim/ros2_ws/install/mycobot_gazebo/share/mycobot_gazebo/models/aws_robomaker_residential_PortraitA_02/materials/textures/PortraitA_02.jpg
[6.057s] -- Up-to-date: /home/ibrahim/ros2_ws/install/mycobot_gazebo/share/mycobot_gazebo/models/aws_robomaker_residential_PortraitA_02/meshes
[6.058s] -- Installing: /home/ibrahim/ros2_ws/install/mycobot_gazebo/share/mycobot_gazebo/models/aws_robomaker_residential_PortraitA_02/meshes/aws_PortraitA_01_collision.DAE
[6.058s] -- Installing: /home/ibrahim/ros2_ws/install/mycobot_gazebo/share/mycobot_gazebo/models/aws_robomaker_residential_PortraitA_02/meshes/aws_PortraitA_01_visual.DAE
[6.058s] -- Installing: /home/ibrahim/ros2_ws/install/mycobot_gazebo/share/mycobot_gazebo/models/aws_robomaker_residential_PortraitA_02/model.config
[6.058s] -- Up-to-date: /home/ibrahim/ros2_ws/install/mycobot_gazebo/share/mycobot_gazebo/models/aws_robomaker_residential_AirconditionerB_01
[6.058s] -- Installing: /home/ibrahim/ros2_ws/install/mycobot_gazebo/share/mycobot_gazebo/models/aws_robomaker_residential_AirconditionerB_01/model.sdf
[6.058s] -- Up-to-date: /home/ibrahim/ros2_ws/install/mycobot_gazebo/share/mycobot_gazebo/models/aws_robomaker_residential_AirconditionerB_01/materials
[6.058s] -- Up-to-date: /home/ibrahim/ros2_ws/install/mycobot_gazebo/share/mycobot_gazebo/models/aws_robomaker_residential_AirconditionerB_01/materials/textures
[6.059s] -- Installing: /home/ibrahim/ros2_ws/install/mycobot_gazebo/share/mycobot_gazebo/models/aws_robomaker_residential_AirconditionerB_01/materials/textures/aws_AirconditionerB_01.png
[6.059s] -- Up-to-date: /home/ibrahim/ros2_ws/install/mycobot_gazebo/share/mycobot_gazebo/models/aws_robomaker_residential_AirconditionerB_01/meshes
[6.059s] -- Installing: /home/ibrahim/ros2_ws/install/mycobot_gazebo/share/mycobot_gazebo/models/aws_robomaker_residential_AirconditionerB_01/meshes/aws_AirconditionerB_01_visual.DAE
[6.059s] -- Installing: /home/ibrahim/ros2_ws/install/mycobot_gazebo/share/mycobot_gazebo/models/aws_robomaker_residential_AirconditionerB_01/meshes/aws_AirconditionerB_01_collision.DAE
[6.060s] -- Installing: /home/ibrahim/ros2_ws/install/mycobot_gazebo/share/mycobot_gazebo/models/aws_robomaker_residential_AirconditionerB_01/model.config
[6.060s] -- Up-to-date: /home/ibrahim/ros2_ws/install/mycobot_gazebo/share/mycobot_gazebo/models/aws_robomaker_residential_PortraitB_02
[6.060s] -- Installing: /home/ibrahim/ros2_ws/install/mycobot_gazebo/share/mycobot_gazebo/models/aws_robomaker_residential_PortraitB_02/model.sdf
[6.060s] -- Up-to-date: /home/ibrahim/ros2_ws/install/mycobot_gazebo/share/mycobot_gazebo/models/aws_robomaker_residential_PortraitB_02/materials
[6.060s] -- Up-to-date: /home/ibrahim/ros2_ws/install/mycobot_gazebo/share/mycobot_gazebo/models/aws_robomaker_residential_PortraitB_02/materials/textures
[6.060s] -- Installing: /home/ibrahim/ros2_ws/install/mycobot_gazebo/share/mycobot_gazebo/models/aws_robomaker_residential_PortraitB_02/materials/textures/aws_PortraitB_01.png
[6.060s] -- Installing: /home/ibrahim/ros2_ws/install/mycobot_gazebo/share/mycobot_gazebo/models/aws_robomaker_residential_PortraitB_02/materials/textures/aws_PortraitB_02.png
[6.061s] -- Installing: /home/ibrahim/ros2_ws/install/mycobot_gazebo/share/mycobot_gazebo/models/aws_robomaker_residential_PortraitB_02/materials/textures/PortraitB_02.jpg
[6.064s] -- Up-to-date: /home/ibrahim/ros2_ws/install/mycobot_gazebo/share/mycobot_gazebo/models/aws_robomaker_residential_PortraitB_02/meshes
[6.064s] -- Installing: /home/ibrahim/ros2_ws/install/mycobot_gazebo/share/mycobot_gazebo/models/aws_robomaker_residential_PortraitB_02/meshes/aws_PortraitB_01_collision.DAE
[6.064s] -- Installing: /home/ibrahim/ros2_ws/install/mycobot_gazebo/share/mycobot_gazebo/models/aws_robomaker_residential_PortraitB_02/meshes/aws_PortraitB_01_visual.DAE
[6.064s] -- Installing: /home/ibrahim/ros2_ws/install/mycobot_gazebo/share/mycobot_gazebo/models/aws_robomaker_residential_PortraitB_02/model.config
[6.064s] -- Up-to-date: /home/ibrahim/ros2_ws/install/mycobot_gazebo/share/mycobot_gazebo/worlds
[6.064s] -- Installing: /home/ibrahim/ros2_ws/install/mycobot_gazebo/share/mycobot_gazebo/worlds/house.world
[6.064s] -- Installing: /home/ibrahim/ros2_ws/install/mycobot_gazebo/share/mycobot_gazebo/worlds/pick_and_place_demo.world
[6.064s] -- Installing: /home/ibrahim/ros2_ws/install/mycobot_gazebo/share/mycobot_gazebo/worlds/empty.world
[6.065s] -- Up-to-date: /home/ibrahim/ros2_ws/install/mycobot_gazebo/share/ament_index/resource_index/package_run_dependencies/mycobot_gazebo
[6.065s] -- Up-to-date: /home/ibrahim/ros2_ws/install/mycobot_gazebo/share/ament_index/resource_index/parent_prefix_path/mycobot_gazebo
[6.065s] -- Up-to-date: /home/ibrahim/ros2_ws/install/mycobot_gazebo/share/mycobot_gazebo/environment/ament_prefix_path.sh
[6.066s] -- Up-to-date: /home/ibrahim/ros2_ws/install/mycobot_gazebo/share/mycobot_gazebo/environment/ament_prefix_path.dsv
[6.066s] -- Up-to-date: /home/ibrahim/ros2_ws/install/mycobot_gazebo/share/mycobot_gazebo/environment/path.sh
[6.066s] -- Up-to-date: /home/ibrahim/ros2_ws/install/mycobot_gazebo/share/mycobot_gazebo/environment/path.dsv
[6.066s] -- Up-to-date: /home/ibrahim/ros2_ws/install/mycobot_gazebo/share/mycobot_gazebo/local_setup.bash
[6.066s] -- Up-to-date: /home/ibrahim/ros2_ws/install/mycobot_gazebo/share/mycobot_gazebo/local_setup.sh
[6.066s] -- Up-to-date: /home/ibrahim/ros2_ws/install/mycobot_gazebo/share/mycobot_gazebo/local_setup.zsh
[6.066s] -- Up-to-date: /home/ibrahim/ros2_ws/install/mycobot_gazebo/share/mycobot_gazebo/local_setup.dsv
[6.067s] -- Installing: /home/ibrahim/ros2_ws/install/mycobot_gazebo/share/mycobot_gazebo/package.dsv
[6.067s] -- Up-to-date: /home/ibrahim/ros2_ws/install/mycobot_gazebo/share/ament_index/resource_index/packages/mycobot_gazebo
[6.067s] -- Up-to-date: /home/ibrahim/ros2_ws/install/mycobot_gazebo/share/mycobot_gazebo/cmake/mycobot_gazeboConfig.cmake
[6.067s] -- Up-to-date: /home/ibrahim/ros2_ws/install/mycobot_gazebo/share/mycobot_gazebo/cmake/mycobot_gazeboConfig-version.cmake
[6.067s] -- Installing: /home/ibrahim/ros2_ws/install/mycobot_gazebo/share/mycobot_gazebo/package.xml
[6.071s] Invoked command in '/home/ibrahim/ros2_ws/build/mycobot_gazebo' returned '0': CMAKE_PREFIX_PATH=${CMAKE_PREFIX_PATH}:/home/ibrahim/ros2_ws/install/arm_serial_bridge:/opt/ros/jazzy DEBUGINFOD_URLS=https://debuginfod.ubuntu.com PS1=\[\e]0;\u@\h: \w\a\]${debian_chroot:+($debian_chroot)}\[\033[01;32m\]\u@\h\[\033[00m\]:\[\033[01;34m\]\w\[\033[00m\]\$ /usr/bin/cmake --install /home/ibrahim/ros2_ws/build/mycobot_gazebo
