[0.297s] DEBUG:colcon:Command line arguments: ['/usr/bin/colcon', 'build']
[0.297s] DEBUG:colcon:Parsed command line arguments: Namespace(log_base=None, log_level=None, verb_name='build', build_base='build', install_base='install', merge_install=False, symlink_install=False, test_result_base=None, continue_on_error=False, executor='parallel', parallel_workers=4, event_handlers=None, ignore_user_meta=False, metas=['./colcon.meta'], base_paths=['.'], packages_ignore=None, packages_ignore_regex=None, paths=None, packages_up_to=None, packages_up_to_regex=None, packages_above=None, packages_above_and_dependencies=None, packages_above_depth=None, packages_select_by_dep=None, packages_skip_by_dep=None, packages_skip_up_to=None, packages_select_build_failed=False, packages_skip_build_finished=False, packages_select_test_failures=False, packages_skip_test_passed=False, packages_select=None, packages_skip=None, packages_select_regex=None, packages_skip_regex=None, packages_start=None, packages_end=None, allow_overriding=[], cmake_args=None, cmake_target=None, cmake_target_skip_unavailable=False, cmake_clean_cache=False, cmake_clean_first=False, cmake_force_configure=False, ament_cmake_args=None, catkin_cmake_args=None, catkin_skip_building_tests=False, verb_parser=<colcon_defaults.argument_parser.defaults.DefaultArgumentsDecorator object at 0x72a6c6362960>, verb_extension=<colcon_core.verb.build.BuildVerb object at 0x72a6c63627b0>, main=<bound method BuildVerb.main of <colcon_core.verb.build.BuildVerb object at 0x72a6c63627b0>>)
[0.336s] Level 1:colcon.colcon_core.package_discovery:discover_packages(colcon_meta) check parameters
[0.337s] Level 1:colcon.colcon_core.package_discovery:discover_packages(recursive) check parameters
[0.337s] Level 1:colcon.colcon_core.package_discovery:discover_packages(ignore) check parameters
[0.337s] Level 1:colcon.colcon_core.package_discovery:discover_packages(path) check parameters
[0.337s] Level 1:colcon.colcon_core.package_discovery:discover_packages(colcon_meta) discover
[0.337s] Level 1:colcon.colcon_core.package_discovery:discover_packages(recursive) discover
[0.337s] INFO:colcon.colcon_core.package_discovery:Crawling recursively for packages in '/home/ibrahim/ros2_ws'
[0.337s] Level 1:colcon.colcon_core.package_identification:_identify(.) by extensions ['ignore', 'ignore_ament_install']
[0.337s] Level 1:colcon.colcon_core.package_identification:_identify(.) by extension 'ignore'
[0.337s] Level 1:colcon.colcon_core.package_identification:_identify(.) by extension 'ignore_ament_install'
[0.337s] Level 1:colcon.colcon_core.package_identification:_identify(.) by extensions ['colcon_pkg']
[0.337s] Level 1:colcon.colcon_core.package_identification:_identify(.) by extension 'colcon_pkg'
[0.337s] Level 1:colcon.colcon_core.package_identification:_identify(.) by extensions ['colcon_meta']
[0.337s] Level 1:colcon.colcon_core.package_identification:_identify(.) by extension 'colcon_meta'
[0.337s] Level 1:colcon.colcon_core.package_identification:_identify(.) by extensions ['ros']
[0.337s] Level 1:colcon.colcon_core.package_identification:_identify(.) by extension 'ros'
[0.362s] Level 1:colcon.colcon_core.package_identification:_identify(.) by extensions ['cmake', 'python']
[0.362s] Level 1:colcon.colcon_core.package_identification:_identify(.) by extension 'cmake'
[0.362s] Level 1:colcon.colcon_core.package_identification:_identify(.) by extension 'python'
[0.362s] Level 1:colcon.colcon_core.package_identification:_identify(.) by extensions ['python_setup_py']
[0.362s] Level 1:colcon.colcon_core.package_identification:_identify(.) by extension 'python_setup_py'
[0.377s] Level 1:colcon.colcon_core.package_identification:_identify(build) by extensions ['ignore', 'ignore_ament_install']
[0.377s] Level 1:colcon.colcon_core.package_identification:_identify(build) by extension 'ignore'
[0.377s] Level 1:colcon.colcon_core.package_identification:_identify(build) ignored
[0.377s] Level 1:colcon.colcon_core.package_identification:_identify(install) by extensions ['ignore', 'ignore_ament_install']
[0.377s] Level 1:colcon.colcon_core.package_identification:_identify(install) by extension 'ignore'
[0.378s] Level 1:colcon.colcon_core.package_identification:_identify(install) ignored
[0.378s] Level 1:colcon.colcon_core.package_identification:_identify(log) by extensions ['ignore', 'ignore_ament_install']
[0.378s] Level 1:colcon.colcon_core.package_identification:_identify(log) by extension 'ignore'
[0.378s] Level 1:colcon.colcon_core.package_identification:_identify(log) ignored
[0.378s] Level 1:colcon.colcon_core.package_identification:_identify(src) by extensions ['ignore', 'ignore_ament_install']
[0.378s] Level 1:colcon.colcon_core.package_identification:_identify(src) by extension 'ignore'
[0.378s] Level 1:colcon.colcon_core.package_identification:_identify(src) by extension 'ignore_ament_install'
[0.378s] Level 1:colcon.colcon_core.package_identification:_identify(src) by extensions ['colcon_pkg']
[0.378s] Level 1:colcon.colcon_core.package_identification:_identify(src) by extension 'colcon_pkg'
[0.378s] Level 1:colcon.colcon_core.package_identification:_identify(src) by extensions ['colcon_meta']
[0.378s] Level 1:colcon.colcon_core.package_identification:_identify(src) by extension 'colcon_meta'
[0.378s] Level 1:colcon.colcon_core.package_identification:_identify(src) by extensions ['ros']
[0.378s] Level 1:colcon.colcon_core.package_identification:_identify(src) by extension 'ros'
[0.378s] Level 1:colcon.colcon_core.package_identification:_identify(src) by extensions ['cmake', 'python']
[0.378s] Level 1:colcon.colcon_core.package_identification:_identify(src) by extension 'cmake'
[0.379s] Level 1:colcon.colcon_core.package_identification:_identify(src) by extension 'python'
[0.379s] Level 1:colcon.colcon_core.package_identification:_identify(src) by extensions ['python_setup_py']
[0.379s] Level 1:colcon.colcon_core.package_identification:_identify(src) by extension 'python_setup_py'
[0.379s] Level 1:colcon.colcon_core.package_identification:_identify(src/arm_serial_bridge) by extensions ['ignore', 'ignore_ament_install']
[0.379s] Level 1:colcon.colcon_core.package_identification:_identify(src/arm_serial_bridge) by extension 'ignore'
[0.379s] Level 1:colcon.colcon_core.package_identification:_identify(src/arm_serial_bridge) by extension 'ignore_ament_install'
[0.379s] Level 1:colcon.colcon_core.package_identification:_identify(src/arm_serial_bridge) by extensions ['colcon_pkg']
[0.379s] Level 1:colcon.colcon_core.package_identification:_identify(src/arm_serial_bridge) by extension 'colcon_pkg'
[0.379s] Level 1:colcon.colcon_core.package_identification:_identify(src/arm_serial_bridge) by extensions ['colcon_meta']
[0.379s] Level 1:colcon.colcon_core.package_identification:_identify(src/arm_serial_bridge) by extension 'colcon_meta'
[0.379s] Level 1:colcon.colcon_core.package_identification:_identify(src/arm_serial_bridge) by extensions ['ros']
[0.379s] Level 1:colcon.colcon_core.package_identification:_identify(src/arm_serial_bridge) by extension 'ros'
[0.382s] DEBUG:colcon.colcon_core.package_identification:Package 'src/arm_serial_bridge' with type 'ros.ament_python' and name 'arm_serial_bridge'
[0.383s] Level 1:colcon.colcon_core.package_identification:_identify(src/mycobot_ros2) by extensions ['ignore', 'ignore_ament_install']
[0.383s] Level 1:colcon.colcon_core.package_identification:_identify(src/mycobot_ros2) by extension 'ignore'
[0.383s] Level 1:colcon.colcon_core.package_identification:_identify(src/mycobot_ros2) by extension 'ignore_ament_install'
[0.383s] Level 1:colcon.colcon_core.package_identification:_identify(src/mycobot_ros2) by extensions ['colcon_pkg']
[0.383s] Level 1:colcon.colcon_core.package_identification:_identify(src/mycobot_ros2) by extension 'colcon_pkg'
[0.383s] Level 1:colcon.colcon_core.package_identification:_identify(src/mycobot_ros2) by extensions ['colcon_meta']
[0.383s] Level 1:colcon.colcon_core.package_identification:_identify(src/mycobot_ros2) by extension 'colcon_meta'
[0.383s] Level 1:colcon.colcon_core.package_identification:_identify(src/mycobot_ros2) by extensions ['ros']
[0.383s] Level 1:colcon.colcon_core.package_identification:_identify(src/mycobot_ros2) by extension 'ros'
[0.383s] Level 1:colcon.colcon_core.package_identification:_identify(src/mycobot_ros2) by extensions ['cmake', 'python']
[0.383s] Level 1:colcon.colcon_core.package_identification:_identify(src/mycobot_ros2) by extension 'cmake'
[0.383s] Level 1:colcon.colcon_core.package_identification:_identify(src/mycobot_ros2) by extension 'python'
[0.383s] Level 1:colcon.colcon_core.package_identification:_identify(src/mycobot_ros2) by extensions ['python_setup_py']
[0.383s] Level 1:colcon.colcon_core.package_identification:_identify(src/mycobot_ros2) by extension 'python_setup_py'
[0.384s] Level 1:colcon.colcon_core.package_identification:_identify(src/mycobot_ros2/mycobot_bringup) by extensions ['ignore', 'ignore_ament_install']
[0.384s] Level 1:colcon.colcon_core.package_identification:_identify(src/mycobot_ros2/mycobot_bringup) by extension 'ignore'
[0.384s] Level 1:colcon.colcon_core.package_identification:_identify(src/mycobot_ros2/mycobot_bringup) by extension 'ignore_ament_install'
[0.384s] Level 1:colcon.colcon_core.package_identification:_identify(src/mycobot_ros2/mycobot_bringup) by extensions ['colcon_pkg']
[0.384s] Level 1:colcon.colcon_core.package_identification:_identify(src/mycobot_ros2/mycobot_bringup) by extension 'colcon_pkg'
[0.384s] Level 1:colcon.colcon_core.package_identification:_identify(src/mycobot_ros2/mycobot_bringup) by extensions ['colcon_meta']
[0.384s] Level 1:colcon.colcon_core.package_identification:_identify(src/mycobot_ros2/mycobot_bringup) by extension 'colcon_meta'
[0.384s] Level 1:colcon.colcon_core.package_identification:_identify(src/mycobot_ros2/mycobot_bringup) by extensions ['ros']
[0.384s] Level 1:colcon.colcon_core.package_identification:_identify(src/mycobot_ros2/mycobot_bringup) by extension 'ros'
[0.384s] DEBUG:colcon.colcon_core.package_identification:Package 'src/mycobot_ros2/mycobot_bringup' with type 'ros.ament_cmake' and name 'mycobot_bringup'
[0.385s] Level 1:colcon.colcon_core.package_identification:_identify(src/mycobot_ros2/mycobot_description) by extensions ['ignore', 'ignore_ament_install']
[0.385s] Level 1:colcon.colcon_core.package_identification:_identify(src/mycobot_ros2/mycobot_description) by extension 'ignore'
[0.385s] Level 1:colcon.colcon_core.package_identification:_identify(src/mycobot_ros2/mycobot_description) by extension 'ignore_ament_install'
[0.385s] Level 1:colcon.colcon_core.package_identification:_identify(src/mycobot_ros2/mycobot_description) by extensions ['colcon_pkg']
[0.385s] Level 1:colcon.colcon_core.package_identification:_identify(src/mycobot_ros2/mycobot_description) by extension 'colcon_pkg'
[0.385s] Level 1:colcon.colcon_core.package_identification:_identify(src/mycobot_ros2/mycobot_description) by extensions ['colcon_meta']
[0.385s] Level 1:colcon.colcon_core.package_identification:_identify(src/mycobot_ros2/mycobot_description) by extension 'colcon_meta'
[0.385s] Level 1:colcon.colcon_core.package_identification:_identify(src/mycobot_ros2/mycobot_description) by extensions ['ros']
[0.385s] Level 1:colcon.colcon_core.package_identification:_identify(src/mycobot_ros2/mycobot_description) by extension 'ros'
[0.385s] DEBUG:colcon.colcon_core.package_identification:Package 'src/mycobot_ros2/mycobot_description' with type 'ros.ament_cmake' and name 'mycobot_description'
[0.386s] Level 1:colcon.colcon_core.package_identification:_identify(src/mycobot_ros2/mycobot_gazebo) by extensions ['ignore', 'ignore_ament_install']
[0.386s] Level 1:colcon.colcon_core.package_identification:_identify(src/mycobot_ros2/mycobot_gazebo) by extension 'ignore'
[0.386s] Level 1:colcon.colcon_core.package_identification:_identify(src/mycobot_ros2/mycobot_gazebo) by extension 'ignore_ament_install'
[0.386s] Level 1:colcon.colcon_core.package_identification:_identify(src/mycobot_ros2/mycobot_gazebo) by extensions ['colcon_pkg']
[0.386s] Level 1:colcon.colcon_core.package_identification:_identify(src/mycobot_ros2/mycobot_gazebo) by extension 'colcon_pkg'
[0.386s] Level 1:colcon.colcon_core.package_identification:_identify(src/mycobot_ros2/mycobot_gazebo) by extensions ['colcon_meta']
[0.386s] Level 1:colcon.colcon_core.package_identification:_identify(src/mycobot_ros2/mycobot_gazebo) by extension 'colcon_meta'
[0.386s] Level 1:colcon.colcon_core.package_identification:_identify(src/mycobot_ros2/mycobot_gazebo) by extensions ['ros']
[0.386s] Level 1:colcon.colcon_core.package_identification:_identify(src/mycobot_ros2/mycobot_gazebo) by extension 'ros'
[0.387s] DEBUG:colcon.colcon_core.package_identification:Package 'src/mycobot_ros2/mycobot_gazebo' with type 'ros.ament_cmake' and name 'mycobot_gazebo'
[0.387s] Level 1:colcon.colcon_core.package_identification:_identify(src/mycobot_ros2/mycobot_interfaces) by extensions ['ignore', 'ignore_ament_install']
[0.387s] Level 1:colcon.colcon_core.package_identification:_identify(src/mycobot_ros2/mycobot_interfaces) by extension 'ignore'
[0.387s] Level 1:colcon.colcon_core.package_identification:_identify(src/mycobot_ros2/mycobot_interfaces) by extension 'ignore_ament_install'
[0.387s] Level 1:colcon.colcon_core.package_identification:_identify(src/mycobot_ros2/mycobot_interfaces) by extensions ['colcon_pkg']
[0.387s] Level 1:colcon.colcon_core.package_identification:_identify(src/mycobot_ros2/mycobot_interfaces) by extension 'colcon_pkg'
[0.387s] Level 1:colcon.colcon_core.package_identification:_identify(src/mycobot_ros2/mycobot_interfaces) by extensions ['colcon_meta']
[0.387s] Level 1:colcon.colcon_core.package_identification:_identify(src/mycobot_ros2/mycobot_interfaces) by extension 'colcon_meta'
[0.387s] Level 1:colcon.colcon_core.package_identification:_identify(src/mycobot_ros2/mycobot_interfaces) by extensions ['ros']
[0.387s] Level 1:colcon.colcon_core.package_identification:_identify(src/mycobot_ros2/mycobot_interfaces) by extension 'ros'
[0.388s] DEBUG:colcon.colcon_core.package_identification:Package 'src/mycobot_ros2/mycobot_interfaces' with type 'ros.ament_cmake' and name 'mycobot_interfaces'
[0.388s] Level 1:colcon.colcon_core.package_identification:_identify(src/mycobot_ros2/mycobot_moveit_config) by extensions ['ignore', 'ignore_ament_install']
[0.388s] Level 1:colcon.colcon_core.package_identification:_identify(src/mycobot_ros2/mycobot_moveit_config) by extension 'ignore'
[0.388s] Level 1:colcon.colcon_core.package_identification:_identify(src/mycobot_ros2/mycobot_moveit_config) by extension 'ignore_ament_install'
[0.388s] Level 1:colcon.colcon_core.package_identification:_identify(src/mycobot_ros2/mycobot_moveit_config) by extensions ['colcon_pkg']
[0.388s] Level 1:colcon.colcon_core.package_identification:_identify(src/mycobot_ros2/mycobot_moveit_config) by extension 'colcon_pkg'
[0.388s] Level 1:colcon.colcon_core.package_identification:_identify(src/mycobot_ros2/mycobot_moveit_config) by extensions ['colcon_meta']
[0.388s] Level 1:colcon.colcon_core.package_identification:_identify(src/mycobot_ros2/mycobot_moveit_config) by extension 'colcon_meta'
[0.388s] Level 1:colcon.colcon_core.package_identification:_identify(src/mycobot_ros2/mycobot_moveit_config) by extensions ['ros']
[0.388s] Level 1:colcon.colcon_core.package_identification:_identify(src/mycobot_ros2/mycobot_moveit_config) by extension 'ros'
[0.390s] DEBUG:colcon.colcon_core.package_identification:Package 'src/mycobot_ros2/mycobot_moveit_config' with type 'ros.ament_cmake' and name 'mycobot_moveit_config'
[0.390s] Level 1:colcon.colcon_core.package_identification:_identify(src/mycobot_ros2/mycobot_moveit_demos) by extensions ['ignore', 'ignore_ament_install']
[0.390s] Level 1:colcon.colcon_core.package_identification:_identify(src/mycobot_ros2/mycobot_moveit_demos) by extension 'ignore'
[0.390s] Level 1:colcon.colcon_core.package_identification:_identify(src/mycobot_ros2/mycobot_moveit_demos) by extension 'ignore_ament_install'
[0.390s] Level 1:colcon.colcon_core.package_identification:_identify(src/mycobot_ros2/mycobot_moveit_demos) by extensions ['colcon_pkg']
[0.390s] Level 1:colcon.colcon_core.package_identification:_identify(src/mycobot_ros2/mycobot_moveit_demos) by extension 'colcon_pkg'
[0.390s] Level 1:colcon.colcon_core.package_identification:_identify(src/mycobot_ros2/mycobot_moveit_demos) by extensions ['colcon_meta']
[0.390s] Level 1:colcon.colcon_core.package_identification:_identify(src/mycobot_ros2/mycobot_moveit_demos) by extension 'colcon_meta'
[0.390s] Level 1:colcon.colcon_core.package_identification:_identify(src/mycobot_ros2/mycobot_moveit_demos) by extensions ['ros']
[0.391s] Level 1:colcon.colcon_core.package_identification:_identify(src/mycobot_ros2/mycobot_moveit_demos) by extension 'ros'
[0.391s] DEBUG:colcon.colcon_core.package_identification:Package 'src/mycobot_ros2/mycobot_moveit_demos' with type 'ros.ament_cmake' and name 'mycobot_moveit_demos'
[0.391s] Level 1:colcon.colcon_core.package_identification:_identify(src/mycobot_ros2/mycobot_mtc_demos) by extensions ['ignore', 'ignore_ament_install']
[0.391s] Level 1:colcon.colcon_core.package_identification:_identify(src/mycobot_ros2/mycobot_mtc_demos) by extension 'ignore'
[0.391s] Level 1:colcon.colcon_core.package_identification:_identify(src/mycobot_ros2/mycobot_mtc_demos) by extension 'ignore_ament_install'
[0.392s] Level 1:colcon.colcon_core.package_identification:_identify(src/mycobot_ros2/mycobot_mtc_demos) by extensions ['colcon_pkg']
[0.392s] Level 1:colcon.colcon_core.package_identification:_identify(src/mycobot_ros2/mycobot_mtc_demos) by extension 'colcon_pkg'
[0.392s] Level 1:colcon.colcon_core.package_identification:_identify(src/mycobot_ros2/mycobot_mtc_demos) by extensions ['colcon_meta']
[0.392s] Level 1:colcon.colcon_core.package_identification:_identify(src/mycobot_ros2/mycobot_mtc_demos) by extension 'colcon_meta'
[0.392s] Level 1:colcon.colcon_core.package_identification:_identify(src/mycobot_ros2/mycobot_mtc_demos) by extensions ['ros']
[0.392s] Level 1:colcon.colcon_core.package_identification:_identify(src/mycobot_ros2/mycobot_mtc_demos) by extension 'ros'
[0.392s] DEBUG:colcon.colcon_core.package_identification:Package 'src/mycobot_ros2/mycobot_mtc_demos' with type 'ros.ament_cmake' and name 'mycobot_mtc_demos'
[0.392s] Level 1:colcon.colcon_core.package_identification:_identify(src/mycobot_ros2/mycobot_mtc_pick_place_demo) by extensions ['ignore', 'ignore_ament_install']
[0.392s] Level 1:colcon.colcon_core.package_identification:_identify(src/mycobot_ros2/mycobot_mtc_pick_place_demo) by extension 'ignore'
[0.393s] Level 1:colcon.colcon_core.package_identification:_identify(src/mycobot_ros2/mycobot_mtc_pick_place_demo) by extension 'ignore_ament_install'
[0.393s] Level 1:colcon.colcon_core.package_identification:_identify(src/mycobot_ros2/mycobot_mtc_pick_place_demo) by extensions ['colcon_pkg']
[0.393s] Level 1:colcon.colcon_core.package_identification:_identify(src/mycobot_ros2/mycobot_mtc_pick_place_demo) by extension 'colcon_pkg'
[0.393s] Level 1:colcon.colcon_core.package_identification:_identify(src/mycobot_ros2/mycobot_mtc_pick_place_demo) by extensions ['colcon_meta']
[0.393s] Level 1:colcon.colcon_core.package_identification:_identify(src/mycobot_ros2/mycobot_mtc_pick_place_demo) by extension 'colcon_meta'
[0.393s] Level 1:colcon.colcon_core.package_identification:_identify(src/mycobot_ros2/mycobot_mtc_pick_place_demo) by extensions ['ros']
[0.393s] Level 1:colcon.colcon_core.package_identification:_identify(src/mycobot_ros2/mycobot_mtc_pick_place_demo) by extension 'ros'
[0.394s] DEBUG:colcon.colcon_core.package_identification:Package 'src/mycobot_ros2/mycobot_mtc_pick_place_demo' with type 'ros.ament_cmake' and name 'mycobot_mtc_pick_place_demo'
[0.394s] Level 1:colcon.colcon_core.package_identification:_identify(src/mycobot_ros2/mycobot_ros2) by extensions ['ignore', 'ignore_ament_install']
[0.394s] Level 1:colcon.colcon_core.package_identification:_identify(src/mycobot_ros2/mycobot_ros2) by extension 'ignore'
[0.394s] Level 1:colcon.colcon_core.package_identification:_identify(src/mycobot_ros2/mycobot_ros2) by extension 'ignore_ament_install'
[0.394s] Level 1:colcon.colcon_core.package_identification:_identify(src/mycobot_ros2/mycobot_ros2) by extensions ['colcon_pkg']
[0.394s] Level 1:colcon.colcon_core.package_identification:_identify(src/mycobot_ros2/mycobot_ros2) by extension 'colcon_pkg'
[0.394s] Level 1:colcon.colcon_core.package_identification:_identify(src/mycobot_ros2/mycobot_ros2) by extensions ['colcon_meta']
[0.394s] Level 1:colcon.colcon_core.package_identification:_identify(src/mycobot_ros2/mycobot_ros2) by extension 'colcon_meta'
[0.394s] Level 1:colcon.colcon_core.package_identification:_identify(src/mycobot_ros2/mycobot_ros2) by extensions ['ros']
[0.394s] Level 1:colcon.colcon_core.package_identification:_identify(src/mycobot_ros2/mycobot_ros2) by extension 'ros'
[0.395s] DEBUG:colcon.colcon_core.package_identification:Package 'src/mycobot_ros2/mycobot_ros2' with type 'ros.ament_cmake' and name 'mycobot_ros2'
[0.395s] Level 1:colcon.colcon_core.package_identification:_identify(src/mycobot_ros2/mycobot_system_tests) by extensions ['ignore', 'ignore_ament_install']
[0.395s] Level 1:colcon.colcon_core.package_identification:_identify(src/mycobot_ros2/mycobot_system_tests) by extension 'ignore'
[0.395s] Level 1:colcon.colcon_core.package_identification:_identify(src/mycobot_ros2/mycobot_system_tests) by extension 'ignore_ament_install'
[0.395s] Level 1:colcon.colcon_core.package_identification:_identify(src/mycobot_ros2/mycobot_system_tests) by extensions ['colcon_pkg']
[0.395s] Level 1:colcon.colcon_core.package_identification:_identify(src/mycobot_ros2/mycobot_system_tests) by extension 'colcon_pkg'
[0.395s] Level 1:colcon.colcon_core.package_identification:_identify(src/mycobot_ros2/mycobot_system_tests) by extensions ['colcon_meta']
[0.395s] Level 1:colcon.colcon_core.package_identification:_identify(src/mycobot_ros2/mycobot_system_tests) by extension 'colcon_meta'
[0.395s] Level 1:colcon.colcon_core.package_identification:_identify(src/mycobot_ros2/mycobot_system_tests) by extensions ['ros']
[0.395s] Level 1:colcon.colcon_core.package_identification:_identify(src/mycobot_ros2/mycobot_system_tests) by extension 'ros'
[0.395s] DEBUG:colcon.colcon_core.package_identification:Package 'src/mycobot_ros2/mycobot_system_tests' with type 'ros.ament_cmake' and name 'mycobot_system_tests'
[0.395s] Level 1:colcon.colcon_core.package_discovery:discover_packages(recursive) using defaults
[0.395s] Level 1:colcon.colcon_core.package_discovery:discover_packages(ignore) discover
[0.395s] Level 1:colcon.colcon_core.package_discovery:discover_packages(ignore) using defaults
[0.395s] Level 1:colcon.colcon_core.package_discovery:discover_packages(path) discover
[0.396s] Level 1:colcon.colcon_core.package_discovery:discover_packages(path) using defaults
[0.416s] Level 1:colcon.colcon_core.package_discovery:discover_packages(prefix_path) check parameters
[0.416s] Level 1:colcon.colcon_core.package_discovery:discover_packages(prefix_path) discover
[0.417s] WARNING:colcon.colcon_ros.prefix_path.ament:The path '/home/ibrahim/ros2_ws/install/mycobot_mtc_pick_place_demo' in the environment variable AMENT_PREFIX_PATH doesn't exist
[0.417s] WARNING:colcon.colcon_ros.prefix_path.catkin:The path '/home/ibrahim/ros2_ws/install/mycobot_mtc_pick_place_demo' in the environment variable CMAKE_PREFIX_PATH doesn't exist
[0.419s] DEBUG:colcon.colcon_installed_package_information.package_discovery:Found 10 installed packages in /home/ibrahim/ros2_ws/install
[0.421s] DEBUG:colcon.colcon_installed_package_information.package_discovery:Found 425 installed packages in /opt/ros/jazzy
[0.423s] Level 1:colcon.colcon_core.package_discovery:discover_packages(prefix_path) using defaults
[0.554s] Level 5:colcon.colcon_core.verb:set package 'arm_serial_bridge' build argument 'cmake_args' from command line to 'None'
[0.554s] Level 5:colcon.colcon_core.verb:set package 'arm_serial_bridge' build argument 'cmake_target' from command line to 'None'
[0.554s] Level 5:colcon.colcon_core.verb:set package 'arm_serial_bridge' build argument 'cmake_target_skip_unavailable' from command line to 'False'
[0.554s] Level 5:colcon.colcon_core.verb:set package 'arm_serial_bridge' build argument 'cmake_clean_cache' from command line to 'False'
[0.554s] Level 5:colcon.colcon_core.verb:set package 'arm_serial_bridge' build argument 'cmake_clean_first' from command line to 'False'
[0.554s] Level 5:colcon.colcon_core.verb:set package 'arm_serial_bridge' build argument 'cmake_force_configure' from command line to 'False'
[0.554s] Level 5:colcon.colcon_core.verb:set package 'arm_serial_bridge' build argument 'ament_cmake_args' from command line to 'None'
[0.554s] Level 5:colcon.colcon_core.verb:set package 'arm_serial_bridge' build argument 'catkin_cmake_args' from command line to 'None'
[0.554s] Level 5:colcon.colcon_core.verb:set package 'arm_serial_bridge' build argument 'catkin_skip_building_tests' from command line to 'False'
[0.554s] DEBUG:colcon.colcon_core.verb:Building package 'arm_serial_bridge' with the following arguments: {'ament_cmake_args': None, 'build_base': '/home/ibrahim/ros2_ws/build/arm_serial_bridge', 'catkin_cmake_args': None, 'catkin_skip_building_tests': False, 'cmake_args': None, 'cmake_clean_cache': False, 'cmake_clean_first': False, 'cmake_force_configure': False, 'cmake_target': None, 'cmake_target_skip_unavailable': False, 'install_base': '/home/ibrahim/ros2_ws/install/arm_serial_bridge', 'merge_install': False, 'path': '/home/ibrahim/ros2_ws/src/arm_serial_bridge', 'symlink_install': False, 'test_result_base': None}
[0.554s] Level 5:colcon.colcon_core.verb:set package 'mycobot_bringup' build argument 'cmake_args' from command line to 'None'
[0.554s] Level 5:colcon.colcon_core.verb:set package 'mycobot_bringup' build argument 'cmake_target' from command line to 'None'
[0.554s] Level 5:colcon.colcon_core.verb:set package 'mycobot_bringup' build argument 'cmake_target_skip_unavailable' from command line to 'False'
[0.554s] Level 5:colcon.colcon_core.verb:set package 'mycobot_bringup' build argument 'cmake_clean_cache' from command line to 'False'
[0.554s] Level 5:colcon.colcon_core.verb:set package 'mycobot_bringup' build argument 'cmake_clean_first' from command line to 'False'
[0.554s] Level 5:colcon.colcon_core.verb:set package 'mycobot_bringup' build argument 'cmake_force_configure' from command line to 'False'
[0.554s] Level 5:colcon.colcon_core.verb:set package 'mycobot_bringup' build argument 'ament_cmake_args' from command line to 'None'
[0.555s] Level 5:colcon.colcon_core.verb:set package 'mycobot_bringup' build argument 'catkin_cmake_args' from command line to 'None'
[0.555s] Level 5:colcon.colcon_core.verb:set package 'mycobot_bringup' build argument 'catkin_skip_building_tests' from command line to 'False'
[0.555s] DEBUG:colcon.colcon_core.verb:Building package 'mycobot_bringup' with the following arguments: {'ament_cmake_args': None, 'build_base': '/home/ibrahim/ros2_ws/build/mycobot_bringup', 'catkin_cmake_args': None, 'catkin_skip_building_tests': False, 'cmake_args': None, 'cmake_clean_cache': False, 'cmake_clean_first': False, 'cmake_force_configure': False, 'cmake_target': None, 'cmake_target_skip_unavailable': False, 'install_base': '/home/ibrahim/ros2_ws/install/mycobot_bringup', 'merge_install': False, 'path': '/home/ibrahim/ros2_ws/src/mycobot_ros2/mycobot_bringup', 'symlink_install': False, 'test_result_base': None}
[0.555s] Level 5:colcon.colcon_core.verb:set package 'mycobot_description' build argument 'cmake_args' from command line to 'None'
[0.555s] Level 5:colcon.colcon_core.verb:set package 'mycobot_description' build argument 'cmake_target' from command line to 'None'
[0.555s] Level 5:colcon.colcon_core.verb:set package 'mycobot_description' build argument 'cmake_target_skip_unavailable' from command line to 'False'
[0.555s] Level 5:colcon.colcon_core.verb:set package 'mycobot_description' build argument 'cmake_clean_cache' from command line to 'False'
[0.555s] Level 5:colcon.colcon_core.verb:set package 'mycobot_description' build argument 'cmake_clean_first' from command line to 'False'
[0.555s] Level 5:colcon.colcon_core.verb:set package 'mycobot_description' build argument 'cmake_force_configure' from command line to 'False'
[0.555s] Level 5:colcon.colcon_core.verb:set package 'mycobot_description' build argument 'ament_cmake_args' from command line to 'None'
[0.555s] Level 5:colcon.colcon_core.verb:set package 'mycobot_description' build argument 'catkin_cmake_args' from command line to 'None'
[0.555s] Level 5:colcon.colcon_core.verb:set package 'mycobot_description' build argument 'catkin_skip_building_tests' from command line to 'False'
[0.555s] DEBUG:colcon.colcon_core.verb:Building package 'mycobot_description' with the following arguments: {'ament_cmake_args': None, 'build_base': '/home/ibrahim/ros2_ws/build/mycobot_description', 'catkin_cmake_args': None, 'catkin_skip_building_tests': False, 'cmake_args': None, 'cmake_clean_cache': False, 'cmake_clean_first': False, 'cmake_force_configure': False, 'cmake_target': None, 'cmake_target_skip_unavailable': False, 'install_base': '/home/ibrahim/ros2_ws/install/mycobot_description', 'merge_install': False, 'path': '/home/ibrahim/ros2_ws/src/mycobot_ros2/mycobot_description', 'symlink_install': False, 'test_result_base': None}
[0.555s] Level 5:colcon.colcon_core.verb:set package 'mycobot_gazebo' build argument 'cmake_args' from command line to 'None'
[0.555s] Level 5:colcon.colcon_core.verb:set package 'mycobot_gazebo' build argument 'cmake_target' from command line to 'None'
[0.555s] Level 5:colcon.colcon_core.verb:set package 'mycobot_gazebo' build argument 'cmake_target_skip_unavailable' from command line to 'False'
[0.555s] Level 5:colcon.colcon_core.verb:set package 'mycobot_gazebo' build argument 'cmake_clean_cache' from command line to 'False'
[0.556s] Level 5:colcon.colcon_core.verb:set package 'mycobot_gazebo' build argument 'cmake_clean_first' from command line to 'False'
[0.556s] Level 5:colcon.colcon_core.verb:set package 'mycobot_gazebo' build argument 'cmake_force_configure' from command line to 'False'
[0.556s] Level 5:colcon.colcon_core.verb:set package 'mycobot_gazebo' build argument 'ament_cmake_args' from command line to 'None'
[0.556s] Level 5:colcon.colcon_core.verb:set package 'mycobot_gazebo' build argument 'catkin_cmake_args' from command line to 'None'
[0.556s] Level 5:colcon.colcon_core.verb:set package 'mycobot_gazebo' build argument 'catkin_skip_building_tests' from command line to 'False'
[0.556s] DEBUG:colcon.colcon_core.verb:Building package 'mycobot_gazebo' with the following arguments: {'ament_cmake_args': None, 'build_base': '/home/ibrahim/ros2_ws/build/mycobot_gazebo', 'catkin_cmake_args': None, 'catkin_skip_building_tests': False, 'cmake_args': None, 'cmake_clean_cache': False, 'cmake_clean_first': False, 'cmake_force_configure': False, 'cmake_target': None, 'cmake_target_skip_unavailable': False, 'install_base': '/home/ibrahim/ros2_ws/install/mycobot_gazebo', 'merge_install': False, 'path': '/home/ibrahim/ros2_ws/src/mycobot_ros2/mycobot_gazebo', 'symlink_install': False, 'test_result_base': None}
[0.556s] Level 5:colcon.colcon_core.verb:set package 'mycobot_interfaces' build argument 'cmake_args' from command line to 'None'
[0.556s] Level 5:colcon.colcon_core.verb:set package 'mycobot_interfaces' build argument 'cmake_target' from command line to 'None'
[0.556s] Level 5:colcon.colcon_core.verb:set package 'mycobot_interfaces' build argument 'cmake_target_skip_unavailable' from command line to 'False'
[0.556s] Level 5:colcon.colcon_core.verb:set package 'mycobot_interfaces' build argument 'cmake_clean_cache' from command line to 'False'
[0.556s] Level 5:colcon.colcon_core.verb:set package 'mycobot_interfaces' build argument 'cmake_clean_first' from command line to 'False'
[0.556s] Level 5:colcon.colcon_core.verb:set package 'mycobot_interfaces' build argument 'cmake_force_configure' from command line to 'False'
[0.556s] Level 5:colcon.colcon_core.verb:set package 'mycobot_interfaces' build argument 'ament_cmake_args' from command line to 'None'
[0.556s] Level 5:colcon.colcon_core.verb:set package 'mycobot_interfaces' build argument 'catkin_cmake_args' from command line to 'None'
[0.556s] Level 5:colcon.colcon_core.verb:set package 'mycobot_interfaces' build argument 'catkin_skip_building_tests' from command line to 'False'
[0.556s] DEBUG:colcon.colcon_core.verb:Building package 'mycobot_interfaces' with the following arguments: {'ament_cmake_args': None, 'build_base': '/home/ibrahim/ros2_ws/build/mycobot_interfaces', 'catkin_cmake_args': None, 'catkin_skip_building_tests': False, 'cmake_args': None, 'cmake_clean_cache': False, 'cmake_clean_first': False, 'cmake_force_configure': False, 'cmake_target': None, 'cmake_target_skip_unavailable': False, 'install_base': '/home/ibrahim/ros2_ws/install/mycobot_interfaces', 'merge_install': False, 'path': '/home/ibrahim/ros2_ws/src/mycobot_ros2/mycobot_interfaces', 'symlink_install': False, 'test_result_base': None}
[0.557s] Level 5:colcon.colcon_core.verb:set package 'mycobot_moveit_config' build argument 'cmake_args' from command line to 'None'
[0.557s] Level 5:colcon.colcon_core.verb:set package 'mycobot_moveit_config' build argument 'cmake_target' from command line to 'None'
[0.557s] Level 5:colcon.colcon_core.verb:set package 'mycobot_moveit_config' build argument 'cmake_target_skip_unavailable' from command line to 'False'
[0.557s] Level 5:colcon.colcon_core.verb:set package 'mycobot_moveit_config' build argument 'cmake_clean_cache' from command line to 'False'
[0.557s] Level 5:colcon.colcon_core.verb:set package 'mycobot_moveit_config' build argument 'cmake_clean_first' from command line to 'False'
[0.557s] Level 5:colcon.colcon_core.verb:set package 'mycobot_moveit_config' build argument 'cmake_force_configure' from command line to 'False'
[0.557s] Level 5:colcon.colcon_core.verb:set package 'mycobot_moveit_config' build argument 'ament_cmake_args' from command line to 'None'
[0.557s] Level 5:colcon.colcon_core.verb:set package 'mycobot_moveit_config' build argument 'catkin_cmake_args' from command line to 'None'
[0.557s] Level 5:colcon.colcon_core.verb:set package 'mycobot_moveit_config' build argument 'catkin_skip_building_tests' from command line to 'False'
[0.557s] DEBUG:colcon.colcon_core.verb:Building package 'mycobot_moveit_config' with the following arguments: {'ament_cmake_args': None, 'build_base': '/home/ibrahim/ros2_ws/build/mycobot_moveit_config', 'catkin_cmake_args': None, 'catkin_skip_building_tests': False, 'cmake_args': None, 'cmake_clean_cache': False, 'cmake_clean_first': False, 'cmake_force_configure': False, 'cmake_target': None, 'cmake_target_skip_unavailable': False, 'install_base': '/home/ibrahim/ros2_ws/install/mycobot_moveit_config', 'merge_install': False, 'path': '/home/ibrahim/ros2_ws/src/mycobot_ros2/mycobot_moveit_config', 'symlink_install': False, 'test_result_base': None}
[0.558s] Level 5:colcon.colcon_core.verb:set package 'mycobot_moveit_demos' build argument 'cmake_args' from command line to 'None'
[0.558s] Level 5:colcon.colcon_core.verb:set package 'mycobot_moveit_demos' build argument 'cmake_target' from command line to 'None'
[0.558s] Level 5:colcon.colcon_core.verb:set package 'mycobot_moveit_demos' build argument 'cmake_target_skip_unavailable' from command line to 'False'
[0.558s] Level 5:colcon.colcon_core.verb:set package 'mycobot_moveit_demos' build argument 'cmake_clean_cache' from command line to 'False'
[0.558s] Level 5:colcon.colcon_core.verb:set package 'mycobot_moveit_demos' build argument 'cmake_clean_first' from command line to 'False'
[0.558s] Level 5:colcon.colcon_core.verb:set package 'mycobot_moveit_demos' build argument 'cmake_force_configure' from command line to 'False'
[0.558s] Level 5:colcon.colcon_core.verb:set package 'mycobot_moveit_demos' build argument 'ament_cmake_args' from command line to 'None'
[0.558s] Level 5:colcon.colcon_core.verb:set package 'mycobot_moveit_demos' build argument 'catkin_cmake_args' from command line to 'None'
[0.558s] Level 5:colcon.colcon_core.verb:set package 'mycobot_moveit_demos' build argument 'catkin_skip_building_tests' from command line to 'False'
[0.558s] DEBUG:colcon.colcon_core.verb:Building package 'mycobot_moveit_demos' with the following arguments: {'ament_cmake_args': None, 'build_base': '/home/ibrahim/ros2_ws/build/mycobot_moveit_demos', 'catkin_cmake_args': None, 'catkin_skip_building_tests': False, 'cmake_args': None, 'cmake_clean_cache': False, 'cmake_clean_first': False, 'cmake_force_configure': False, 'cmake_target': None, 'cmake_target_skip_unavailable': False, 'install_base': '/home/ibrahim/ros2_ws/install/mycobot_moveit_demos', 'merge_install': False, 'path': '/home/ibrahim/ros2_ws/src/mycobot_ros2/mycobot_moveit_demos', 'symlink_install': False, 'test_result_base': None}
[0.558s] Level 5:colcon.colcon_core.verb:set package 'mycobot_mtc_demos' build argument 'cmake_args' from command line to 'None'
[0.558s] Level 5:colcon.colcon_core.verb:set package 'mycobot_mtc_demos' build argument 'cmake_target' from command line to 'None'
[0.558s] Level 5:colcon.colcon_core.verb:set package 'mycobot_mtc_demos' build argument 'cmake_target_skip_unavailable' from command line to 'False'
[0.558s] Level 5:colcon.colcon_core.verb:set package 'mycobot_mtc_demos' build argument 'cmake_clean_cache' from command line to 'False'
[0.558s] Level 5:colcon.colcon_core.verb:set package 'mycobot_mtc_demos' build argument 'cmake_clean_first' from command line to 'False'
[0.558s] Level 5:colcon.colcon_core.verb:set package 'mycobot_mtc_demos' build argument 'cmake_force_configure' from command line to 'False'
[0.558s] Level 5:colcon.colcon_core.verb:set package 'mycobot_mtc_demos' build argument 'ament_cmake_args' from command line to 'None'
[0.558s] Level 5:colcon.colcon_core.verb:set package 'mycobot_mtc_demos' build argument 'catkin_cmake_args' from command line to 'None'
[0.558s] Level 5:colcon.colcon_core.verb:set package 'mycobot_mtc_demos' build argument 'catkin_skip_building_tests' from command line to 'False'
[0.558s] DEBUG:colcon.colcon_core.verb:Building package 'mycobot_mtc_demos' with the following arguments: {'ament_cmake_args': None, 'build_base': '/home/ibrahim/ros2_ws/build/mycobot_mtc_demos', 'catkin_cmake_args': None, 'catkin_skip_building_tests': False, 'cmake_args': None, 'cmake_clean_cache': False, 'cmake_clean_first': False, 'cmake_force_configure': False, 'cmake_target': None, 'cmake_target_skip_unavailable': False, 'install_base': '/home/ibrahim/ros2_ws/install/mycobot_mtc_demos', 'merge_install': False, 'path': '/home/ibrahim/ros2_ws/src/mycobot_ros2/mycobot_mtc_demos', 'symlink_install': False, 'test_result_base': None}
[0.559s] Level 5:colcon.colcon_core.verb:set package 'mycobot_system_tests' build argument 'cmake_args' from command line to 'None'
[0.559s] Level 5:colcon.colcon_core.verb:set package 'mycobot_system_tests' build argument 'cmake_target' from command line to 'None'
[0.559s] Level 5:colcon.colcon_core.verb:set package 'mycobot_system_tests' build argument 'cmake_target_skip_unavailable' from command line to 'False'
[0.559s] Level 5:colcon.colcon_core.verb:set package 'mycobot_system_tests' build argument 'cmake_clean_cache' from command line to 'False'
[0.559s] Level 5:colcon.colcon_core.verb:set package 'mycobot_system_tests' build argument 'cmake_clean_first' from command line to 'False'
[0.559s] Level 5:colcon.colcon_core.verb:set package 'mycobot_system_tests' build argument 'cmake_force_configure' from command line to 'False'
[0.559s] Level 5:colcon.colcon_core.verb:set package 'mycobot_system_tests' build argument 'ament_cmake_args' from command line to 'None'
[0.559s] Level 5:colcon.colcon_core.verb:set package 'mycobot_system_tests' build argument 'catkin_cmake_args' from command line to 'None'
[0.559s] Level 5:colcon.colcon_core.verb:set package 'mycobot_system_tests' build argument 'catkin_skip_building_tests' from command line to 'False'
[0.559s] DEBUG:colcon.colcon_core.verb:Building package 'mycobot_system_tests' with the following arguments: {'ament_cmake_args': None, 'build_base': '/home/ibrahim/ros2_ws/build/mycobot_system_tests', 'catkin_cmake_args': None, 'catkin_skip_building_tests': False, 'cmake_args': None, 'cmake_clean_cache': False, 'cmake_clean_first': False, 'cmake_force_configure': False, 'cmake_target': None, 'cmake_target_skip_unavailable': False, 'install_base': '/home/ibrahim/ros2_ws/install/mycobot_system_tests', 'merge_install': False, 'path': '/home/ibrahim/ros2_ws/src/mycobot_ros2/mycobot_system_tests', 'symlink_install': False, 'test_result_base': None}
[0.559s] Level 5:colcon.colcon_core.verb:set package 'mycobot_mtc_pick_place_demo' build argument 'cmake_args' from command line to 'None'
[0.559s] Level 5:colcon.colcon_core.verb:set package 'mycobot_mtc_pick_place_demo' build argument 'cmake_target' from command line to 'None'
[0.559s] Level 5:colcon.colcon_core.verb:set package 'mycobot_mtc_pick_place_demo' build argument 'cmake_target_skip_unavailable' from command line to 'False'
[0.559s] Level 5:colcon.colcon_core.verb:set package 'mycobot_mtc_pick_place_demo' build argument 'cmake_clean_cache' from command line to 'False'
[0.559s] Level 5:colcon.colcon_core.verb:set package 'mycobot_mtc_pick_place_demo' build argument 'cmake_clean_first' from command line to 'False'
[0.559s] Level 5:colcon.colcon_core.verb:set package 'mycobot_mtc_pick_place_demo' build argument 'cmake_force_configure' from command line to 'False'
[0.559s] Level 5:colcon.colcon_core.verb:set package 'mycobot_mtc_pick_place_demo' build argument 'ament_cmake_args' from command line to 'None'
[0.559s] Level 5:colcon.colcon_core.verb:set package 'mycobot_mtc_pick_place_demo' build argument 'catkin_cmake_args' from command line to 'None'
[0.559s] Level 5:colcon.colcon_core.verb:set package 'mycobot_mtc_pick_place_demo' build argument 'catkin_skip_building_tests' from command line to 'False'
[0.559s] DEBUG:colcon.colcon_core.verb:Building package 'mycobot_mtc_pick_place_demo' with the following arguments: {'ament_cmake_args': None, 'build_base': '/home/ibrahim/ros2_ws/build/mycobot_mtc_pick_place_demo', 'catkin_cmake_args': None, 'catkin_skip_building_tests': False, 'cmake_args': None, 'cmake_clean_cache': False, 'cmake_clean_first': False, 'cmake_force_configure': False, 'cmake_target': None, 'cmake_target_skip_unavailable': False, 'install_base': '/home/ibrahim/ros2_ws/install/mycobot_mtc_pick_place_demo', 'merge_install': False, 'path': '/home/ibrahim/ros2_ws/src/mycobot_ros2/mycobot_mtc_pick_place_demo', 'symlink_install': False, 'test_result_base': None}
[0.560s] Level 5:colcon.colcon_core.verb:set package 'mycobot_ros2' build argument 'cmake_args' from command line to 'None'
[0.560s] Level 5:colcon.colcon_core.verb:set package 'mycobot_ros2' build argument 'cmake_target' from command line to 'None'
[0.560s] Level 5:colcon.colcon_core.verb:set package 'mycobot_ros2' build argument 'cmake_target_skip_unavailable' from command line to 'False'
[0.560s] Level 5:colcon.colcon_core.verb:set package 'mycobot_ros2' build argument 'cmake_clean_cache' from command line to 'False'
[0.560s] Level 5:colcon.colcon_core.verb:set package 'mycobot_ros2' build argument 'cmake_clean_first' from command line to 'False'
[0.560s] Level 5:colcon.colcon_core.verb:set package 'mycobot_ros2' build argument 'cmake_force_configure' from command line to 'False'
[0.560s] Level 5:colcon.colcon_core.verb:set package 'mycobot_ros2' build argument 'ament_cmake_args' from command line to 'None'
[0.560s] Level 5:colcon.colcon_core.verb:set package 'mycobot_ros2' build argument 'catkin_cmake_args' from command line to 'None'
[0.560s] Level 5:colcon.colcon_core.verb:set package 'mycobot_ros2' build argument 'catkin_skip_building_tests' from command line to 'False'
[0.560s] DEBUG:colcon.colcon_core.verb:Building package 'mycobot_ros2' with the following arguments: {'ament_cmake_args': None, 'build_base': '/home/ibrahim/ros2_ws/build/mycobot_ros2', 'catkin_cmake_args': None, 'catkin_skip_building_tests': False, 'cmake_args': None, 'cmake_clean_cache': False, 'cmake_clean_first': False, 'cmake_force_configure': False, 'cmake_target': None, 'cmake_target_skip_unavailable': False, 'install_base': '/home/ibrahim/ros2_ws/install/mycobot_ros2', 'merge_install': False, 'path': '/home/ibrahim/ros2_ws/src/mycobot_ros2/mycobot_ros2', 'symlink_install': False, 'test_result_base': None}
[0.560s] INFO:colcon.colcon_core.executor:Executing jobs using 'parallel' executor
[0.562s] DEBUG:colcon.colcon_parallel_executor.executor.parallel:run_until_complete
[0.562s] INFO:colcon.colcon_ros.task.ament_cmake.build:Building ROS package in '/home/ibrahim/ros2_ws/src/mycobot_ros2/mycobot_bringup' with build type 'ament_cmake'
[0.562s] INFO:colcon.colcon_cmake.task.cmake.build:Building CMake package in '/home/ibrahim/ros2_ws/src/mycobot_ros2/mycobot_bringup'
[0.566s] INFO:colcon.colcon_core.plugin_system:Skipping extension 'colcon_core.shell.bat': Not used on non-Windows systems
[0.566s] INFO:colcon.colcon_core.shell:Skip shell extension 'powershell' for command environment: Not usable outside of PowerShell
[0.566s] DEBUG:colcon.colcon_core.shell:Skip shell extension 'dsv' for command environment
[0.573s] INFO:colcon.colcon_ros.task.ament_cmake.build:Building ROS package in '/home/ibrahim/ros2_ws/src/mycobot_ros2/mycobot_description' with build type 'ament_cmake'
[0.574s] INFO:colcon.colcon_cmake.task.cmake.build:Building CMake package in '/home/ibrahim/ros2_ws/src/mycobot_ros2/mycobot_description'
[0.574s] INFO:colcon.colcon_core.shell:Skip shell extension 'powershell' for command environment: Not usable outside of PowerShell
[0.574s] DEBUG:colcon.colcon_core.shell:Skip shell extension 'dsv' for command environment
[0.585s] INFO:colcon.colcon_ros.task.ament_cmake.build:Building ROS package in '/home/ibrahim/ros2_ws/src/mycobot_ros2/mycobot_gazebo' with build type 'ament_cmake'
[0.586s] INFO:colcon.colcon_cmake.task.cmake.build:Building CMake package in '/home/ibrahim/ros2_ws/src/mycobot_ros2/mycobot_gazebo'
[0.586s] INFO:colcon.colcon_core.shell:Skip shell extension 'powershell' for command environment: Not usable outside of PowerShell
[0.587s] DEBUG:colcon.colcon_core.shell:Skip shell extension 'dsv' for command environment
[0.601s] INFO:colcon.colcon_ros.task.ament_cmake.build:Building ROS package in '/home/ibrahim/ros2_ws/src/mycobot_ros2/mycobot_interfaces' with build type 'ament_cmake'
[0.601s] INFO:colcon.colcon_cmake.task.cmake.build:Building CMake package in '/home/ibrahim/ros2_ws/src/mycobot_ros2/mycobot_interfaces'
[0.601s] INFO:colcon.colcon_core.shell:Skip shell extension 'powershell' for command environment: Not usable outside of PowerShell
[0.601s] DEBUG:colcon.colcon_core.shell:Skip shell extension 'dsv' for command environment
[0.613s] DEBUG:colcon.colcon_core.event_handler.log_command:Invoking command in '/home/ibrahim/ros2_ws/build/mycobot_bringup': CMAKE_PREFIX_PATH=${CMAKE_PREFIX_PATH}:/home/ibrahim/ros2_ws/install/arm_serial_bridge:/opt/ros/jazzy DEBUGINFOD_URLS=https://debuginfod.ubuntu.com PS1=\[\e]0;\u@\h: \w\a\]${debian_chroot:+($debian_chroot)}\[\033[01;32m\]\u@\h\[\033[00m\]:\[\033[01;34m\]\w\[\033[00m\]\$ /usr/bin/cmake --build /home/ibrahim/ros2_ws/build/mycobot_bringup -- -j4 -l4
[0.624s] DEBUG:colcon.colcon_core.event_handler.log_command:Invoking command in '/home/ibrahim/ros2_ws/build/mycobot_description': CMAKE_PREFIX_PATH=${CMAKE_PREFIX_PATH}:/home/ibrahim/ros2_ws/install/arm_serial_bridge:/opt/ros/jazzy DEBUGINFOD_URLS=https://debuginfod.ubuntu.com PS1=\[\e]0;\u@\h: \w\a\]${debian_chroot:+($debian_chroot)}\[\033[01;32m\]\u@\h\[\033[00m\]:\[\033[01;34m\]\w\[\033[00m\]\$ /usr/bin/cmake --build /home/ibrahim/ros2_ws/build/mycobot_description -- -j4 -l4
[0.633s] DEBUG:colcon.colcon_core.event_handler.log_command:Invoking command in '/home/ibrahim/ros2_ws/build/mycobot_gazebo': CMAKE_PREFIX_PATH=${CMAKE_PREFIX_PATH}:/home/ibrahim/ros2_ws/install/arm_serial_bridge:/opt/ros/jazzy DEBUGINFOD_URLS=https://debuginfod.ubuntu.com PS1=\[\e]0;\u@\h: \w\a\]${debian_chroot:+($debian_chroot)}\[\033[01;32m\]\u@\h\[\033[00m\]:\[\033[01;34m\]\w\[\033[00m\]\$ /usr/bin/cmake --build /home/ibrahim/ros2_ws/build/mycobot_gazebo -- -j4 -l4
[0.638s] DEBUG:colcon.colcon_core.event_handler.log_command:Invoking command in '/home/ibrahim/ros2_ws/build/mycobot_interfaces': CMAKE_PREFIX_PATH=${CMAKE_PREFIX_PATH}:/home/ibrahim/ros2_ws/install/arm_serial_bridge:/opt/ros/jazzy DEBUGINFOD_URLS=https://debuginfod.ubuntu.com PS1=\[\e]0;\u@\h: \w\a\]${debian_chroot:+($debian_chroot)}\[\033[01;32m\]\u@\h\[\033[00m\]:\[\033[01;34m\]\w\[\033[00m\]\$ /usr/bin/cmake --build /home/ibrahim/ros2_ws/build/mycobot_interfaces -- -j4 -l4
[0.960s] DEBUG:colcon.colcon_core.event_handler.log_command:Invoked command in '/home/ibrahim/ros2_ws/build/mycobot_bringup' returned '0': CMAKE_PREFIX_PATH=${CMAKE_PREFIX_PATH}:/home/ibrahim/ros2_ws/install/arm_serial_bridge:/opt/ros/jazzy DEBUGINFOD_URLS=https://debuginfod.ubuntu.com PS1=\[\e]0;\u@\h: \w\a\]${debian_chroot:+($debian_chroot)}\[\033[01;32m\]\u@\h\[\033[00m\]:\[\033[01;34m\]\w\[\033[00m\]\$ /usr/bin/cmake --build /home/ibrahim/ros2_ws/build/mycobot_bringup -- -j4 -l4
[0.990s] DEBUG:colcon.colcon_core.event_handler.log_command:Invoking command in '/home/ibrahim/ros2_ws/build/mycobot_bringup': CMAKE_PREFIX_PATH=${CMAKE_PREFIX_PATH}:/home/ibrahim/ros2_ws/install/arm_serial_bridge:/opt/ros/jazzy DEBUGINFOD_URLS=https://debuginfod.ubuntu.com PS1=\[\e]0;\u@\h: \w\a\]${debian_chroot:+($debian_chroot)}\[\033[01;32m\]\u@\h\[\033[00m\]:\[\033[01;34m\]\w\[\033[00m\]\$ /usr/bin/cmake --install /home/ibrahim/ros2_ws/build/mycobot_bringup
[0.992s] DEBUG:colcon.colcon_core.event_handler.log_command:Invoked command in '/home/ibrahim/ros2_ws/build/mycobot_gazebo' returned '0': CMAKE_PREFIX_PATH=${CMAKE_PREFIX_PATH}:/home/ibrahim/ros2_ws/install/arm_serial_bridge:/opt/ros/jazzy DEBUGINFOD_URLS=https://debuginfod.ubuntu.com PS1=\[\e]0;\u@\h: \w\a\]${debian_chroot:+($debian_chroot)}\[\033[01;32m\]\u@\h\[\033[00m\]:\[\033[01;34m\]\w\[\033[00m\]\$ /usr/bin/cmake --build /home/ibrahim/ros2_ws/build/mycobot_gazebo -- -j4 -l4
[0.993s] DEBUG:colcon.colcon_core.event_handler.log_command:Invoking command in '/home/ibrahim/ros2_ws/build/mycobot_gazebo': CMAKE_PREFIX_PATH=${CMAKE_PREFIX_PATH}:/home/ibrahim/ros2_ws/install/arm_serial_bridge:/opt/ros/jazzy DEBUGINFOD_URLS=https://debuginfod.ubuntu.com PS1=\[\e]0;\u@\h: \w\a\]${debian_chroot:+($debian_chroot)}\[\033[01;32m\]\u@\h\[\033[00m\]:\[\033[01;34m\]\w\[\033[00m\]\$ /usr/bin/cmake --install /home/ibrahim/ros2_ws/build/mycobot_gazebo
[0.995s] DEBUG:colcon.colcon_core.event_handler.log_command:Invoked command in '/home/ibrahim/ros2_ws/build/mycobot_description' returned '0': CMAKE_PREFIX_PATH=${CMAKE_PREFIX_PATH}:/home/ibrahim/ros2_ws/install/arm_serial_bridge:/opt/ros/jazzy DEBUGINFOD_URLS=https://debuginfod.ubuntu.com PS1=\[\e]0;\u@\h: \w\a\]${debian_chroot:+($debian_chroot)}\[\033[01;32m\]\u@\h\[\033[00m\]:\[\033[01;34m\]\w\[\033[00m\]\$ /usr/bin/cmake --build /home/ibrahim/ros2_ws/build/mycobot_description -- -j4 -l4
[0.996s] DEBUG:colcon.colcon_core.event_handler.log_command:Invoking command in '/home/ibrahim/ros2_ws/build/mycobot_description': CMAKE_PREFIX_PATH=${CMAKE_PREFIX_PATH}:/home/ibrahim/ros2_ws/install/arm_serial_bridge:/opt/ros/jazzy DEBUGINFOD_URLS=https://debuginfod.ubuntu.com PS1=\[\e]0;\u@\h: \w\a\]${debian_chroot:+($debian_chroot)}\[\033[01;32m\]\u@\h\[\033[00m\]:\[\033[01;34m\]\w\[\033[00m\]\$ /usr/bin/cmake --install /home/ibrahim/ros2_ws/build/mycobot_description
[1.016s] Level 1:colcon.colcon_core.environment:create_environment_scripts_only(mycobot_bringup)
[1.035s] DEBUG:colcon.colcon_core.event_handler.log_command:Invoked command in '/home/ibrahim/ros2_ws/build/mycobot_bringup' returned '0': CMAKE_PREFIX_PATH=${CMAKE_PREFIX_PATH}:/home/ibrahim/ros2_ws/install/arm_serial_bridge:/opt/ros/jazzy DEBUGINFOD_URLS=https://debuginfod.ubuntu.com PS1=\[\e]0;\u@\h: \w\a\]${debian_chroot:+($debian_chroot)}\[\033[01;32m\]\u@\h\[\033[00m\]:\[\033[01;34m\]\w\[\033[00m\]\$ /usr/bin/cmake --install /home/ibrahim/ros2_ws/build/mycobot_bringup
[1.041s] Level 1:colcon.colcon_core.environment:checking '/home/ibrahim/ros2_ws/install/mycobot_bringup' for CMake module files
[1.044s] Level 1:colcon.colcon_core.environment:checking '/home/ibrahim/ros2_ws/install/mycobot_bringup' for CMake config files
[1.156s] Level 1:colcon.colcon_core.shell:create_environment_hook('mycobot_bringup', 'cmake_prefix_path')
[1.163s] INFO:colcon.colcon_core.shell:Creating environment hook '/home/ibrahim/ros2_ws/install/mycobot_bringup/share/mycobot_bringup/hook/cmake_prefix_path.ps1'
[1.171s] INFO:colcon.colcon_core.shell:Creating environment descriptor '/home/ibrahim/ros2_ws/install/mycobot_bringup/share/mycobot_bringup/hook/cmake_prefix_path.dsv'
[1.177s] INFO:colcon.colcon_core.shell:Creating environment hook '/home/ibrahim/ros2_ws/install/mycobot_bringup/share/mycobot_bringup/hook/cmake_prefix_path.sh'
[1.201s] Level 1:colcon.colcon_core.environment:checking '/home/ibrahim/ros2_ws/install/mycobot_bringup/bin'
[1.201s] Level 1:colcon.colcon_core.environment:checking '/home/ibrahim/ros2_ws/install/mycobot_bringup/lib/pkgconfig/mycobot_bringup.pc'
[1.201s] Level 1:colcon.colcon_core.environment:checking '/home/ibrahim/ros2_ws/install/mycobot_bringup/lib/python3.12/site-packages'
[1.202s] Level 1:colcon.colcon_core.environment:checking '/home/ibrahim/ros2_ws/install/mycobot_bringup/bin'
[1.202s] INFO:colcon.colcon_core.shell:Creating package script '/home/ibrahim/ros2_ws/install/mycobot_bringup/share/mycobot_bringup/package.ps1'
[1.203s] INFO:colcon.colcon_core.shell:Creating package descriptor '/home/ibrahim/ros2_ws/install/mycobot_bringup/share/mycobot_bringup/package.dsv'
[1.204s] INFO:colcon.colcon_core.shell:Creating package script '/home/ibrahim/ros2_ws/install/mycobot_bringup/share/mycobot_bringup/package.sh'
[1.205s] INFO:colcon.colcon_core.shell:Creating package script '/home/ibrahim/ros2_ws/install/mycobot_bringup/share/mycobot_bringup/package.bash'
[1.206s] INFO:colcon.colcon_core.shell:Creating package script '/home/ibrahim/ros2_ws/install/mycobot_bringup/share/mycobot_bringup/package.zsh'
[1.208s] Level 1:colcon.colcon_core.environment:create_file_with_runtime_dependencies(/home/ibrahim/ros2_ws/install/mycobot_bringup/share/colcon-core/packages/mycobot_bringup)
[1.210s] Level 1:colcon.colcon_core.environment:create_environment_scripts_only(mycobot_bringup)
[1.210s] Level 1:colcon.colcon_core.environment:checking '/home/ibrahim/ros2_ws/install/mycobot_bringup' for CMake module files
[1.212s] Level 1:colcon.colcon_core.environment:checking '/home/ibrahim/ros2_ws/install/mycobot_bringup' for CMake config files
[1.216s] Level 1:colcon.colcon_core.shell:create_environment_hook('mycobot_bringup', 'cmake_prefix_path')
[1.216s] INFO:colcon.colcon_core.shell:Creating environment hook '/home/ibrahim/ros2_ws/install/mycobot_bringup/share/mycobot_bringup/hook/cmake_prefix_path.ps1'
[1.221s] INFO:colcon.colcon_core.shell:Creating environment descriptor '/home/ibrahim/ros2_ws/install/mycobot_bringup/share/mycobot_bringup/hook/cmake_prefix_path.dsv'
[1.224s] INFO:colcon.colcon_core.shell:Creating environment hook '/home/ibrahim/ros2_ws/install/mycobot_bringup/share/mycobot_bringup/hook/cmake_prefix_path.sh'
[1.225s] Level 1:colcon.colcon_core.environment:checking '/home/ibrahim/ros2_ws/install/mycobot_bringup/bin'
[1.225s] Level 1:colcon.colcon_core.environment:checking '/home/ibrahim/ros2_ws/install/mycobot_bringup/lib/pkgconfig/mycobot_bringup.pc'
[1.226s] Level 1:colcon.colcon_core.environment:checking '/home/ibrahim/ros2_ws/install/mycobot_bringup/lib/python3.12/site-packages'
[1.226s] Level 1:colcon.colcon_core.environment:checking '/home/ibrahim/ros2_ws/install/mycobot_bringup/bin'
[1.227s] INFO:colcon.colcon_core.shell:Creating package script '/home/ibrahim/ros2_ws/install/mycobot_bringup/share/mycobot_bringup/package.ps1'
[1.227s] INFO:colcon.colcon_core.shell:Creating package descriptor '/home/ibrahim/ros2_ws/install/mycobot_bringup/share/mycobot_bringup/package.dsv'
[1.228s] INFO:colcon.colcon_core.shell:Creating package script '/home/ibrahim/ros2_ws/install/mycobot_bringup/share/mycobot_bringup/package.sh'
[1.229s] INFO:colcon.colcon_core.shell:Creating package script '/home/ibrahim/ros2_ws/install/mycobot_bringup/share/mycobot_bringup/package.bash'
[1.229s] INFO:colcon.colcon_core.shell:Creating package script '/home/ibrahim/ros2_ws/install/mycobot_bringup/share/mycobot_bringup/package.zsh'
[1.230s] Level 1:colcon.colcon_core.environment:create_file_with_runtime_dependencies(/home/ibrahim/ros2_ws/install/mycobot_bringup/share/colcon-core/packages/mycobot_bringup)
[1.231s] INFO:colcon.colcon_ros.task.ament_cmake.build:Building ROS package in '/home/ibrahim/ros2_ws/src/mycobot_ros2/mycobot_moveit_config' with build type 'ament_cmake'
[1.231s] INFO:colcon.colcon_cmake.task.cmake.build:Building CMake package in '/home/ibrahim/ros2_ws/src/mycobot_ros2/mycobot_moveit_config'
[1.232s] INFO:colcon.colcon_core.shell:Skip shell extension 'powershell' for command environment: Not usable outside of PowerShell
[1.232s] DEBUG:colcon.colcon_core.shell:Skip shell extension 'dsv' for command environment
[1.240s] Level 1:colcon.colcon_core.environment:create_environment_scripts_only(mycobot_description)
[1.241s] Level 1:colcon.colcon_core.environment:checking '/home/ibrahim/ros2_ws/install/mycobot_description' for CMake module files
[1.242s] Level 1:colcon.colcon_core.environment:checking '/home/ibrahim/ros2_ws/install/mycobot_description' for CMake config files
[1.242s] DEBUG:colcon.colcon_core.event_handler.log_command:Invoked command in '/home/ibrahim/ros2_ws/build/mycobot_description' returned '0': CMAKE_PREFIX_PATH=${CMAKE_PREFIX_PATH}:/home/ibrahim/ros2_ws/install/arm_serial_bridge:/opt/ros/jazzy DEBUGINFOD_URLS=https://debuginfod.ubuntu.com PS1=\[\e]0;\u@\h: \w\a\]${debian_chroot:+($debian_chroot)}\[\033[01;32m\]\u@\h\[\033[00m\]:\[\033[01;34m\]\w\[\033[00m\]\$ /usr/bin/cmake --install /home/ibrahim/ros2_ws/build/mycobot_description
[1.302s] Level 1:colcon.colcon_core.shell:create_environment_hook('mycobot_description', 'cmake_prefix_path')
[1.302s] INFO:colcon.colcon_core.shell:Creating environment hook '/home/ibrahim/ros2_ws/install/mycobot_description/share/mycobot_description/hook/cmake_prefix_path.ps1'
[1.303s] INFO:colcon.colcon_core.shell:Creating environment descriptor '/home/ibrahim/ros2_ws/install/mycobot_description/share/mycobot_description/hook/cmake_prefix_path.dsv'
[1.304s] INFO:colcon.colcon_core.shell:Creating environment hook '/home/ibrahim/ros2_ws/install/mycobot_description/share/mycobot_description/hook/cmake_prefix_path.sh'
[1.304s] Level 1:colcon.colcon_core.environment:checking '/home/ibrahim/ros2_ws/install/mycobot_description/bin'
[1.305s] Level 1:colcon.colcon_core.environment:checking '/home/ibrahim/ros2_ws/install/mycobot_description/lib/pkgconfig/mycobot_description.pc'
[1.305s] Level 1:colcon.colcon_core.environment:checking '/home/ibrahim/ros2_ws/install/mycobot_description/lib/python3.12/site-packages'
[1.305s] Level 1:colcon.colcon_core.environment:checking '/home/ibrahim/ros2_ws/install/mycobot_description/bin'
[1.306s] INFO:colcon.colcon_core.shell:Creating package script '/home/ibrahim/ros2_ws/install/mycobot_description/share/mycobot_description/package.ps1'
[1.306s] INFO:colcon.colcon_core.shell:Creating package descriptor '/home/ibrahim/ros2_ws/install/mycobot_description/share/mycobot_description/package.dsv'
[1.307s] INFO:colcon.colcon_core.shell:Creating package script '/home/ibrahim/ros2_ws/install/mycobot_description/share/mycobot_description/package.sh'
[1.307s] INFO:colcon.colcon_core.shell:Creating package script '/home/ibrahim/ros2_ws/install/mycobot_description/share/mycobot_description/package.bash'
[1.308s] INFO:colcon.colcon_core.shell:Creating package script '/home/ibrahim/ros2_ws/install/mycobot_description/share/mycobot_description/package.zsh'
[1.308s] Level 1:colcon.colcon_core.environment:create_file_with_runtime_dependencies(/home/ibrahim/ros2_ws/install/mycobot_description/share/colcon-core/packages/mycobot_description)
[1.309s] Level 1:colcon.colcon_core.environment:create_environment_scripts_only(mycobot_description)
[1.310s] Level 1:colcon.colcon_core.environment:checking '/home/ibrahim/ros2_ws/install/mycobot_description' for CMake module files
[1.310s] Level 1:colcon.colcon_core.environment:checking '/home/ibrahim/ros2_ws/install/mycobot_description' for CMake config files
[1.310s] Level 1:colcon.colcon_core.shell:create_environment_hook('mycobot_description', 'cmake_prefix_path')
[1.310s] INFO:colcon.colcon_core.shell:Creating environment hook '/home/ibrahim/ros2_ws/install/mycobot_description/share/mycobot_description/hook/cmake_prefix_path.ps1'
[1.311s] INFO:colcon.colcon_core.shell:Creating environment descriptor '/home/ibrahim/ros2_ws/install/mycobot_description/share/mycobot_description/hook/cmake_prefix_path.dsv'
[1.311s] INFO:colcon.colcon_core.shell:Creating environment hook '/home/ibrahim/ros2_ws/install/mycobot_description/share/mycobot_description/hook/cmake_prefix_path.sh'
[1.312s] Level 1:colcon.colcon_core.environment:checking '/home/ibrahim/ros2_ws/install/mycobot_description/bin'
[1.312s] Level 1:colcon.colcon_core.environment:checking '/home/ibrahim/ros2_ws/install/mycobot_description/lib/pkgconfig/mycobot_description.pc'
[1.313s] Level 1:colcon.colcon_core.environment:checking '/home/ibrahim/ros2_ws/install/mycobot_description/lib/python3.12/site-packages'
[1.313s] Level 1:colcon.colcon_core.environment:checking '/home/ibrahim/ros2_ws/install/mycobot_description/bin'
[1.313s] INFO:colcon.colcon_core.shell:Creating package script '/home/ibrahim/ros2_ws/install/mycobot_description/share/mycobot_description/package.ps1'
[1.314s] INFO:colcon.colcon_core.shell:Creating package descriptor '/home/ibrahim/ros2_ws/install/mycobot_description/share/mycobot_description/package.dsv'
[1.314s] INFO:colcon.colcon_core.shell:Creating package script '/home/ibrahim/ros2_ws/install/mycobot_description/share/mycobot_description/package.sh'
[1.315s] INFO:colcon.colcon_core.shell:Creating package script '/home/ibrahim/ros2_ws/install/mycobot_description/share/mycobot_description/package.bash'
[1.316s] INFO:colcon.colcon_core.shell:Creating package script '/home/ibrahim/ros2_ws/install/mycobot_description/share/mycobot_description/package.zsh'
[1.316s] Level 1:colcon.colcon_core.environment:create_file_with_runtime_dependencies(/home/ibrahim/ros2_ws/install/mycobot_description/share/colcon-core/packages/mycobot_description)
[1.318s] INFO:colcon.colcon_ros.task.ament_cmake.build:Building ROS package in '/home/ibrahim/ros2_ws/src/mycobot_ros2/mycobot_system_tests' with build type 'ament_cmake'
[1.318s] INFO:colcon.colcon_cmake.task.cmake.build:Building CMake package in '/home/ibrahim/ros2_ws/src/mycobot_ros2/mycobot_system_tests'
[1.318s] INFO:colcon.colcon_core.shell:Skip shell extension 'powershell' for command environment: Not usable outside of PowerShell
[1.318s] DEBUG:colcon.colcon_core.shell:Skip shell extension 'dsv' for command environment
[1.326s] Level 1:colcon.colcon_core.environment:create_environment_scripts_only(mycobot_gazebo)
[1.326s] Level 1:colcon.colcon_core.environment:checking '/home/ibrahim/ros2_ws/install/mycobot_gazebo' for CMake module files
[1.328s] Level 1:colcon.colcon_core.environment:checking '/home/ibrahim/ros2_ws/install/mycobot_gazebo' for CMake config files
[1.332s] DEBUG:colcon.colcon_core.event_handler.log_command:Invoked command in '/home/ibrahim/ros2_ws/build/mycobot_gazebo' returned '0': CMAKE_PREFIX_PATH=${CMAKE_PREFIX_PATH}:/home/ibrahim/ros2_ws/install/arm_serial_bridge:/opt/ros/jazzy DEBUGINFOD_URLS=https://debuginfod.ubuntu.com PS1=\[\e]0;\u@\h: \w\a\]${debian_chroot:+($debian_chroot)}\[\033[01;32m\]\u@\h\[\033[00m\]:\[\033[01;34m\]\w\[\033[00m\]\$ /usr/bin/cmake --install /home/ibrahim/ros2_ws/build/mycobot_gazebo
[1.669s] Level 1:colcon.colcon_core.shell:create_environment_hook('mycobot_gazebo', 'cmake_prefix_path')
[1.669s] INFO:colcon.colcon_core.shell:Creating environment hook '/home/ibrahim/ros2_ws/install/mycobot_gazebo/share/mycobot_gazebo/hook/cmake_prefix_path.ps1'
[1.670s] INFO:colcon.colcon_core.shell:Creating environment descriptor '/home/ibrahim/ros2_ws/install/mycobot_gazebo/share/mycobot_gazebo/hook/cmake_prefix_path.dsv'
[1.671s] INFO:colcon.colcon_core.shell:Creating environment hook '/home/ibrahim/ros2_ws/install/mycobot_gazebo/share/mycobot_gazebo/hook/cmake_prefix_path.sh'
[1.672s] Level 1:colcon.colcon_core.environment:checking '/home/ibrahim/ros2_ws/install/mycobot_gazebo/bin'
[1.672s] Level 1:colcon.colcon_core.environment:checking '/home/ibrahim/ros2_ws/install/mycobot_gazebo/lib/pkgconfig/mycobot_gazebo.pc'
[1.672s] Level 1:colcon.colcon_core.environment:checking '/home/ibrahim/ros2_ws/install/mycobot_gazebo/lib/python3.12/site-packages'
[1.672s] Level 1:colcon.colcon_core.environment:checking '/home/ibrahim/ros2_ws/install/mycobot_gazebo/bin'
[1.673s] INFO:colcon.colcon_core.shell:Creating package script '/home/ibrahim/ros2_ws/install/mycobot_gazebo/share/mycobot_gazebo/package.ps1'
[1.674s] INFO:colcon.colcon_core.shell:Creating package descriptor '/home/ibrahim/ros2_ws/install/mycobot_gazebo/share/mycobot_gazebo/package.dsv'
[1.675s] INFO:colcon.colcon_core.shell:Creating package script '/home/ibrahim/ros2_ws/install/mycobot_gazebo/share/mycobot_gazebo/package.sh'
[1.676s] INFO:colcon.colcon_core.shell:Creating package script '/home/ibrahim/ros2_ws/install/mycobot_gazebo/share/mycobot_gazebo/package.bash'
[1.677s] INFO:colcon.colcon_core.shell:Creating package script '/home/ibrahim/ros2_ws/install/mycobot_gazebo/share/mycobot_gazebo/package.zsh'
[1.677s] Level 1:colcon.colcon_core.environment:create_file_with_runtime_dependencies(/home/ibrahim/ros2_ws/install/mycobot_gazebo/share/colcon-core/packages/mycobot_gazebo)
[1.678s] Level 1:colcon.colcon_core.environment:create_environment_scripts_only(mycobot_gazebo)
[1.679s] Level 1:colcon.colcon_core.environment:checking '/home/ibrahim/ros2_ws/install/mycobot_gazebo' for CMake module files
[1.679s] Level 1:colcon.colcon_core.environment:checking '/home/ibrahim/ros2_ws/install/mycobot_gazebo' for CMake config files
[1.684s] Level 1:colcon.colcon_core.shell:create_environment_hook('mycobot_gazebo', 'cmake_prefix_path')
[1.684s] INFO:colcon.colcon_core.shell:Creating environment hook '/home/ibrahim/ros2_ws/install/mycobot_gazebo/share/mycobot_gazebo/hook/cmake_prefix_path.ps1'
[1.685s] INFO:colcon.colcon_core.shell:Creating environment descriptor '/home/ibrahim/ros2_ws/install/mycobot_gazebo/share/mycobot_gazebo/hook/cmake_prefix_path.dsv'
[1.685s] INFO:colcon.colcon_core.shell:Creating environment hook '/home/ibrahim/ros2_ws/install/mycobot_gazebo/share/mycobot_gazebo/hook/cmake_prefix_path.sh'
[1.686s] Level 1:colcon.colcon_core.environment:checking '/home/ibrahim/ros2_ws/install/mycobot_gazebo/bin'
[1.686s] Level 1:colcon.colcon_core.environment:checking '/home/ibrahim/ros2_ws/install/mycobot_gazebo/lib/pkgconfig/mycobot_gazebo.pc'
[1.686s] Level 1:colcon.colcon_core.environment:checking '/home/ibrahim/ros2_ws/install/mycobot_gazebo/lib/python3.12/site-packages'
[1.687s] Level 1:colcon.colcon_core.environment:checking '/home/ibrahim/ros2_ws/install/mycobot_gazebo/bin'
[1.687s] INFO:colcon.colcon_core.shell:Creating package script '/home/ibrahim/ros2_ws/install/mycobot_gazebo/share/mycobot_gazebo/package.ps1'
[1.687s] INFO:colcon.colcon_core.shell:Creating package descriptor '/home/ibrahim/ros2_ws/install/mycobot_gazebo/share/mycobot_gazebo/package.dsv'
[1.688s] INFO:colcon.colcon_core.shell:Creating package script '/home/ibrahim/ros2_ws/install/mycobot_gazebo/share/mycobot_gazebo/package.sh'
[1.689s] INFO:colcon.colcon_core.shell:Creating package script '/home/ibrahim/ros2_ws/install/mycobot_gazebo/share/mycobot_gazebo/package.bash'
[1.690s] INFO:colcon.colcon_core.shell:Creating package script '/home/ibrahim/ros2_ws/install/mycobot_gazebo/share/mycobot_gazebo/package.zsh'
[1.690s] Level 1:colcon.colcon_core.environment:create_file_with_runtime_dependencies(/home/ibrahim/ros2_ws/install/mycobot_gazebo/share/colcon-core/packages/mycobot_gazebo)
[1.691s] INFO:colcon.colcon_ros.task.ament_python.build:Building ROS package in '/home/ibrahim/ros2_ws/src/arm_serial_bridge' with build type 'ament_python'
[1.691s] Level 1:colcon.colcon_core.shell:create_environment_hook('arm_serial_bridge', 'ament_prefix_path')
[1.692s] INFO:colcon.colcon_core.shell:Creating environment hook '/home/ibrahim/ros2_ws/install/arm_serial_bridge/share/arm_serial_bridge/hook/ament_prefix_path.ps1'
[1.692s] INFO:colcon.colcon_core.shell:Creating environment descriptor '/home/ibrahim/ros2_ws/install/arm_serial_bridge/share/arm_serial_bridge/hook/ament_prefix_path.dsv'
[1.693s] INFO:colcon.colcon_core.shell:Creating environment hook '/home/ibrahim/ros2_ws/install/arm_serial_bridge/share/arm_serial_bridge/hook/ament_prefix_path.sh'
[1.693s] INFO:colcon.colcon_core.shell:Skip shell extension 'powershell' for command environment: Not usable outside of PowerShell
[1.693s] DEBUG:colcon.colcon_core.shell:Skip shell extension 'dsv' for command environment
[1.707s] DEBUG:colcon.colcon_core.event_handler.log_command:Invoking command in '/home/ibrahim/ros2_ws/build/mycobot_moveit_config': CMAKE_PREFIX_PATH=${CMAKE_PREFIX_PATH}:/home/ibrahim/ros2_ws/install/arm_serial_bridge:/opt/ros/jazzy DEBUGINFOD_URLS=https://debuginfod.ubuntu.com PS1=\[\e]0;\u@\h: \w\a\]${debian_chroot:+($debian_chroot)}\[\033[01;32m\]\u@\h\[\033[00m\]:\[\033[01;34m\]\w\[\033[00m\]\$ /usr/bin/cmake --build /home/ibrahim/ros2_ws/build/mycobot_moveit_config -- -j4 -l4
[1.722s] DEBUG:colcon.colcon_core.event_handler.log_command:Invoking command in '/home/ibrahim/ros2_ws/build/mycobot_system_tests': CMAKE_PREFIX_PATH=${CMAKE_PREFIX_PATH}:/home/ibrahim/ros2_ws/install/arm_serial_bridge:/opt/ros/jazzy DEBUGINFOD_URLS=https://debuginfod.ubuntu.com PS1=\[\e]0;\u@\h: \w\a\]${debian_chroot:+($debian_chroot)}\[\033[01;32m\]\u@\h\[\033[00m\]:\[\033[01;34m\]\w\[\033[00m\]\$ /usr/bin/cmake --build /home/ibrahim/ros2_ws/build/mycobot_system_tests -- -j4 -l4
[2.028s] WARNING:colcon.colcon_ros.task.ament_python.build:Package 'arm_serial_bridge' doesn't explicitly install a marker in the package index (colcon-ros currently does it implicitly but that fallback will be removed in the future)
[2.028s] WARNING:colcon.colcon_ros.task.ament_python.build:Package 'arm_serial_bridge' doesn't explicitly install the 'package.xml' file (colcon-ros currently does it implicitly but that fallback will be removed in the future)
[2.032s] INFO:colcon.colcon_core.task.python.build:Building Python package in '/home/ibrahim/ros2_ws/src/arm_serial_bridge'
[2.032s] INFO:colcon.colcon_core.shell:Skip shell extension 'powershell' for command environment: Not usable outside of PowerShell
[2.032s] DEBUG:colcon.colcon_core.shell:Skip shell extension 'dsv' for command environment
[2.046s] DEBUG:colcon.colcon_core.event_handler.log_command:Invoked command in '/home/ibrahim/ros2_ws/build/mycobot_system_tests' returned '0': CMAKE_PREFIX_PATH=${CMAKE_PREFIX_PATH}:/home/ibrahim/ros2_ws/install/arm_serial_bridge:/opt/ros/jazzy DEBUGINFOD_URLS=https://debuginfod.ubuntu.com PS1=\[\e]0;\u@\h: \w\a\]${debian_chroot:+($debian_chroot)}\[\033[01;32m\]\u@\h\[\033[00m\]:\[\033[01;34m\]\w\[\033[00m\]\$ /usr/bin/cmake --build /home/ibrahim/ros2_ws/build/mycobot_system_tests -- -j4 -l4
[2.059s] DEBUG:colcon.colcon_core.event_handler.log_command:Invoking command in '/home/ibrahim/ros2_ws/build/mycobot_system_tests': CMAKE_PREFIX_PATH=${CMAKE_PREFIX_PATH}:/home/ibrahim/ros2_ws/install/arm_serial_bridge:/opt/ros/jazzy DEBUGINFOD_URLS=https://debuginfod.ubuntu.com PS1=\[\e]0;\u@\h: \w\a\]${debian_chroot:+($debian_chroot)}\[\033[01;32m\]\u@\h\[\033[00m\]:\[\033[01;34m\]\w\[\033[00m\]\$ /usr/bin/cmake --install /home/ibrahim/ros2_ws/build/mycobot_system_tests
[2.060s] DEBUG:colcon.colcon_core.event_handler.log_command:Invoked command in '/home/ibrahim/ros2_ws/build/mycobot_moveit_config' returned '0': CMAKE_PREFIX_PATH=${CMAKE_PREFIX_PATH}:/home/ibrahim/ros2_ws/install/arm_serial_bridge:/opt/ros/jazzy DEBUGINFOD_URLS=https://debuginfod.ubuntu.com PS1=\[\e]0;\u@\h: \w\a\]${debian_chroot:+($debian_chroot)}\[\033[01;32m\]\u@\h\[\033[00m\]:\[\033[01;34m\]\w\[\033[00m\]\$ /usr/bin/cmake --build /home/ibrahim/ros2_ws/build/mycobot_moveit_config -- -j4 -l4
[2.068s] DEBUG:colcon.colcon_core.event_handler.log_command:Invoking command in '/home/ibrahim/ros2_ws/build/mycobot_moveit_config': CMAKE_PREFIX_PATH=${CMAKE_PREFIX_PATH}:/home/ibrahim/ros2_ws/install/arm_serial_bridge:/opt/ros/jazzy DEBUGINFOD_URLS=https://debuginfod.ubuntu.com PS1=\[\e]0;\u@\h: \w\a\]${debian_chroot:+($debian_chroot)}\[\033[01;32m\]\u@\h\[\033[00m\]:\[\033[01;34m\]\w\[\033[00m\]\$ /usr/bin/cmake --install /home/ibrahim/ros2_ws/build/mycobot_moveit_config
[2.087s] Level 1:colcon.colcon_core.environment:create_environment_scripts_only(mycobot_moveit_config)
[2.087s] Level 1:colcon.colcon_core.environment:checking '/home/ibrahim/ros2_ws/install/mycobot_moveit_config' for CMake module files
[2.088s] Level 1:colcon.colcon_core.environment:checking '/home/ibrahim/ros2_ws/install/mycobot_moveit_config' for CMake config files
[2.088s] DEBUG:colcon.colcon_core.event_handler.log_command:Invoked command in '/home/ibrahim/ros2_ws/build/mycobot_moveit_config' returned '0': CMAKE_PREFIX_PATH=${CMAKE_PREFIX_PATH}:/home/ibrahim/ros2_ws/install/arm_serial_bridge:/opt/ros/jazzy DEBUGINFOD_URLS=https://debuginfod.ubuntu.com PS1=\[\e]0;\u@\h: \w\a\]${debian_chroot:+($debian_chroot)}\[\033[01;32m\]\u@\h\[\033[00m\]:\[\033[01;34m\]\w\[\033[00m\]\$ /usr/bin/cmake --install /home/ibrahim/ros2_ws/build/mycobot_moveit_config
[2.113s] Level 1:colcon.colcon_core.shell:create_environment_hook('mycobot_moveit_config', 'cmake_prefix_path')
[2.113s] INFO:colcon.colcon_core.shell:Creating environment hook '/home/ibrahim/ros2_ws/install/mycobot_moveit_config/share/mycobot_moveit_config/hook/cmake_prefix_path.ps1'
[2.114s] INFO:colcon.colcon_core.shell:Creating environment descriptor '/home/ibrahim/ros2_ws/install/mycobot_moveit_config/share/mycobot_moveit_config/hook/cmake_prefix_path.dsv'
[2.114s] INFO:colcon.colcon_core.shell:Creating environment hook '/home/ibrahim/ros2_ws/install/mycobot_moveit_config/share/mycobot_moveit_config/hook/cmake_prefix_path.sh'
[2.115s] Level 1:colcon.colcon_core.environment:checking '/home/ibrahim/ros2_ws/install/mycobot_moveit_config/bin'
[2.115s] Level 1:colcon.colcon_core.environment:checking '/home/ibrahim/ros2_ws/install/mycobot_moveit_config/lib/pkgconfig/mycobot_moveit_config.pc'
[2.116s] Level 1:colcon.colcon_core.environment:checking '/home/ibrahim/ros2_ws/install/mycobot_moveit_config/lib/python3.12/site-packages'
[2.116s] Level 1:colcon.colcon_core.environment:checking '/home/ibrahim/ros2_ws/install/mycobot_moveit_config/bin'
[2.116s] INFO:colcon.colcon_core.shell:Creating package script '/home/ibrahim/ros2_ws/install/mycobot_moveit_config/share/mycobot_moveit_config/package.ps1'
[2.117s] INFO:colcon.colcon_core.shell:Creating package descriptor '/home/ibrahim/ros2_ws/install/mycobot_moveit_config/share/mycobot_moveit_config/package.dsv'
[2.117s] INFO:colcon.colcon_core.shell:Creating package script '/home/ibrahim/ros2_ws/install/mycobot_moveit_config/share/mycobot_moveit_config/package.sh'
[2.118s] INFO:colcon.colcon_core.shell:Creating package script '/home/ibrahim/ros2_ws/install/mycobot_moveit_config/share/mycobot_moveit_config/package.bash'
[2.119s] INFO:colcon.colcon_core.shell:Creating package script '/home/ibrahim/ros2_ws/install/mycobot_moveit_config/share/mycobot_moveit_config/package.zsh'
[2.120s] Level 1:colcon.colcon_core.environment:create_file_with_runtime_dependencies(/home/ibrahim/ros2_ws/install/mycobot_moveit_config/share/colcon-core/packages/mycobot_moveit_config)
[2.121s] Level 1:colcon.colcon_core.environment:create_environment_scripts_only(mycobot_moveit_config)
[2.121s] Level 1:colcon.colcon_core.environment:checking '/home/ibrahim/ros2_ws/install/mycobot_moveit_config' for CMake module files
[2.121s] Level 1:colcon.colcon_core.environment:checking '/home/ibrahim/ros2_ws/install/mycobot_moveit_config' for CMake config files
[2.122s] Level 1:colcon.colcon_core.shell:create_environment_hook('mycobot_moveit_config', 'cmake_prefix_path')
[2.122s] INFO:colcon.colcon_core.shell:Creating environment hook '/home/ibrahim/ros2_ws/install/mycobot_moveit_config/share/mycobot_moveit_config/hook/cmake_prefix_path.ps1'
[2.123s] INFO:colcon.colcon_core.shell:Creating environment descriptor '/home/ibrahim/ros2_ws/install/mycobot_moveit_config/share/mycobot_moveit_config/hook/cmake_prefix_path.dsv'
[2.124s] INFO:colcon.colcon_core.shell:Creating environment hook '/home/ibrahim/ros2_ws/install/mycobot_moveit_config/share/mycobot_moveit_config/hook/cmake_prefix_path.sh'
[2.125s] Level 1:colcon.colcon_core.environment:checking '/home/ibrahim/ros2_ws/install/mycobot_moveit_config/bin'
[2.125s] Level 1:colcon.colcon_core.environment:checking '/home/ibrahim/ros2_ws/install/mycobot_moveit_config/lib/pkgconfig/mycobot_moveit_config.pc'
[2.125s] Level 1:colcon.colcon_core.environment:checking '/home/ibrahim/ros2_ws/install/mycobot_moveit_config/lib/python3.12/site-packages'
[2.126s] Level 1:colcon.colcon_core.environment:checking '/home/ibrahim/ros2_ws/install/mycobot_moveit_config/bin'
[2.126s] INFO:colcon.colcon_core.shell:Creating package script '/home/ibrahim/ros2_ws/install/mycobot_moveit_config/share/mycobot_moveit_config/package.ps1'
[2.127s] INFO:colcon.colcon_core.shell:Creating package descriptor '/home/ibrahim/ros2_ws/install/mycobot_moveit_config/share/mycobot_moveit_config/package.dsv'
[2.129s] INFO:colcon.colcon_core.shell:Creating package script '/home/ibrahim/ros2_ws/install/mycobot_moveit_config/share/mycobot_moveit_config/package.sh'
[2.129s] INFO:colcon.colcon_core.shell:Creating package script '/home/ibrahim/ros2_ws/install/mycobot_moveit_config/share/mycobot_moveit_config/package.bash'
[2.133s] INFO:colcon.colcon_core.shell:Creating package script '/home/ibrahim/ros2_ws/install/mycobot_moveit_config/share/mycobot_moveit_config/package.zsh'
[2.138s] Level 1:colcon.colcon_core.environment:create_file_with_runtime_dependencies(/home/ibrahim/ros2_ws/install/mycobot_moveit_config/share/colcon-core/packages/mycobot_moveit_config)
[2.142s] INFO:colcon.colcon_ros.task.ament_cmake.build:Building ROS package in '/home/ibrahim/ros2_ws/src/mycobot_ros2/mycobot_moveit_demos' with build type 'ament_cmake'
[2.142s] INFO:colcon.colcon_cmake.task.cmake.build:Building CMake package in '/home/ibrahim/ros2_ws/src/mycobot_ros2/mycobot_moveit_demos'
[2.142s] INFO:colcon.colcon_core.shell:Skip shell extension 'powershell' for command environment: Not usable outside of PowerShell
[2.143s] DEBUG:colcon.colcon_core.shell:Skip shell extension 'dsv' for command environment
[2.153s] Level 1:colcon.colcon_core.environment:create_environment_scripts_only(mycobot_system_tests)
[2.153s] Level 1:colcon.colcon_core.environment:checking '/home/ibrahim/ros2_ws/install/mycobot_system_tests' for CMake module files
[2.153s] Level 1:colcon.colcon_core.environment:checking '/home/ibrahim/ros2_ws/install/mycobot_system_tests' for CMake config files
[2.154s] DEBUG:colcon.colcon_core.event_handler.log_command:Invoked command in '/home/ibrahim/ros2_ws/build/mycobot_system_tests' returned '0': CMAKE_PREFIX_PATH=${CMAKE_PREFIX_PATH}:/home/ibrahim/ros2_ws/install/arm_serial_bridge:/opt/ros/jazzy DEBUGINFOD_URLS=https://debuginfod.ubuntu.com PS1=\[\e]0;\u@\h: \w\a\]${debian_chroot:+($debian_chroot)}\[\033[01;32m\]\u@\h\[\033[00m\]:\[\033[01;34m\]\w\[\033[00m\]\$ /usr/bin/cmake --install /home/ibrahim/ros2_ws/build/mycobot_system_tests
[2.171s] Level 1:colcon.colcon_core.shell:create_environment_hook('mycobot_system_tests', 'cmake_prefix_path')
[2.172s] INFO:colcon.colcon_core.shell:Creating environment hook '/home/ibrahim/ros2_ws/install/mycobot_system_tests/share/mycobot_system_tests/hook/cmake_prefix_path.ps1'
[2.172s] INFO:colcon.colcon_core.shell:Creating environment descriptor '/home/ibrahim/ros2_ws/install/mycobot_system_tests/share/mycobot_system_tests/hook/cmake_prefix_path.dsv'
[2.173s] INFO:colcon.colcon_core.shell:Creating environment hook '/home/ibrahim/ros2_ws/install/mycobot_system_tests/share/mycobot_system_tests/hook/cmake_prefix_path.sh'
[2.174s] Level 1:colcon.colcon_core.environment:checking '/home/ibrahim/ros2_ws/install/mycobot_system_tests/lib'
[2.175s] Level 1:colcon.colcon_core.environment:checking '/home/ibrahim/ros2_ws/install/mycobot_system_tests/bin'
[2.175s] Level 1:colcon.colcon_core.environment:checking '/home/ibrahim/ros2_ws/install/mycobot_system_tests/lib/pkgconfig/mycobot_system_tests.pc'
[2.175s] Level 1:colcon.colcon_core.environment:checking '/home/ibrahim/ros2_ws/install/mycobot_system_tests/lib/python3.12/site-packages'
[2.175s] Level 1:colcon.colcon_core.environment:checking '/home/ibrahim/ros2_ws/install/mycobot_system_tests/bin'
[2.175s] INFO:colcon.colcon_core.shell:Creating package script '/home/ibrahim/ros2_ws/install/mycobot_system_tests/share/mycobot_system_tests/package.ps1'
[2.176s] INFO:colcon.colcon_core.shell:Creating package descriptor '/home/ibrahim/ros2_ws/install/mycobot_system_tests/share/mycobot_system_tests/package.dsv'
[2.197s] INFO:colcon.colcon_core.shell:Creating package script '/home/ibrahim/ros2_ws/install/mycobot_system_tests/share/mycobot_system_tests/package.sh'
[2.198s] INFO:colcon.colcon_core.shell:Creating package script '/home/ibrahim/ros2_ws/install/mycobot_system_tests/share/mycobot_system_tests/package.bash'
[2.198s] INFO:colcon.colcon_core.shell:Creating package script '/home/ibrahim/ros2_ws/install/mycobot_system_tests/share/mycobot_system_tests/package.zsh'
[2.199s] Level 1:colcon.colcon_core.environment:create_file_with_runtime_dependencies(/home/ibrahim/ros2_ws/install/mycobot_system_tests/share/colcon-core/packages/mycobot_system_tests)
[2.200s] Level 1:colcon.colcon_core.environment:create_environment_scripts_only(mycobot_system_tests)
[2.200s] Level 1:colcon.colcon_core.environment:checking '/home/ibrahim/ros2_ws/install/mycobot_system_tests' for CMake module files
[2.200s] Level 1:colcon.colcon_core.environment:checking '/home/ibrahim/ros2_ws/install/mycobot_system_tests' for CMake config files
[2.200s] Level 1:colcon.colcon_core.shell:create_environment_hook('mycobot_system_tests', 'cmake_prefix_path')
[2.200s] INFO:colcon.colcon_core.shell:Creating environment hook '/home/ibrahim/ros2_ws/install/mycobot_system_tests/share/mycobot_system_tests/hook/cmake_prefix_path.ps1'
[2.201s] INFO:colcon.colcon_core.shell:Creating environment descriptor '/home/ibrahim/ros2_ws/install/mycobot_system_tests/share/mycobot_system_tests/hook/cmake_prefix_path.dsv'
[2.202s] INFO:colcon.colcon_core.shell:Creating environment hook '/home/ibrahim/ros2_ws/install/mycobot_system_tests/share/mycobot_system_tests/hook/cmake_prefix_path.sh'
[2.203s] Level 1:colcon.colcon_core.environment:checking '/home/ibrahim/ros2_ws/install/mycobot_system_tests/lib'
[2.203s] Level 1:colcon.colcon_core.environment:checking '/home/ibrahim/ros2_ws/install/mycobot_system_tests/bin'
[2.203s] Level 1:colcon.colcon_core.environment:checking '/home/ibrahim/ros2_ws/install/mycobot_system_tests/lib/pkgconfig/mycobot_system_tests.pc'
[2.203s] Level 1:colcon.colcon_core.environment:checking '/home/ibrahim/ros2_ws/install/mycobot_system_tests/lib/python3.12/site-packages'
[2.203s] Level 1:colcon.colcon_core.environment:checking '/home/ibrahim/ros2_ws/install/mycobot_system_tests/bin'
[2.204s] INFO:colcon.colcon_core.shell:Creating package script '/home/ibrahim/ros2_ws/install/mycobot_system_tests/share/mycobot_system_tests/package.ps1'
[2.204s] INFO:colcon.colcon_core.shell:Creating package descriptor '/home/ibrahim/ros2_ws/install/mycobot_system_tests/share/mycobot_system_tests/package.dsv'
[2.205s] INFO:colcon.colcon_core.shell:Creating package script '/home/ibrahim/ros2_ws/install/mycobot_system_tests/share/mycobot_system_tests/package.sh'
[2.206s] INFO:colcon.colcon_core.shell:Creating package script '/home/ibrahim/ros2_ws/install/mycobot_system_tests/share/mycobot_system_tests/package.bash'
[2.207s] INFO:colcon.colcon_core.shell:Creating package script '/home/ibrahim/ros2_ws/install/mycobot_system_tests/share/mycobot_system_tests/package.zsh'
[2.207s] Level 1:colcon.colcon_core.environment:create_file_with_runtime_dependencies(/home/ibrahim/ros2_ws/install/mycobot_system_tests/share/colcon-core/packages/mycobot_system_tests)
[2.208s] INFO:colcon.colcon_ros.task.ament_cmake.build:Building ROS package in '/home/ibrahim/ros2_ws/src/mycobot_ros2/mycobot_mtc_demos' with build type 'ament_cmake'
[2.208s] INFO:colcon.colcon_cmake.task.cmake.build:Building CMake package in '/home/ibrahim/ros2_ws/src/mycobot_ros2/mycobot_mtc_demos'
[2.209s] INFO:colcon.colcon_core.shell:Skip shell extension 'powershell' for command environment: Not usable outside of PowerShell
[2.209s] DEBUG:colcon.colcon_core.shell:Skip shell extension 'dsv' for command environment
[2.232s] DEBUG:colcon.colcon_core.event_handler.log_command:Invoking command in '/home/ibrahim/ros2_ws/build/mycobot_moveit_demos': CMAKE_PREFIX_PATH=${CMAKE_PREFIX_PATH}:/home/ibrahim/ros2_ws/install/arm_serial_bridge:/opt/ros/jazzy DEBUGINFOD_URLS=https://debuginfod.ubuntu.com PS1=\[\e]0;\u@\h: \w\a\]${debian_chroot:+($debian_chroot)}\[\033[01;32m\]\u@\h\[\033[00m\]:\[\033[01;34m\]\w\[\033[00m\]\$ /usr/bin/cmake --build /home/ibrahim/ros2_ws/build/mycobot_moveit_demos -- -j4 -l4
[2.245s] DEBUG:colcon.colcon_core.event_handler.log_command:Invoking command in '/home/ibrahim/ros2_ws/build/mycobot_mtc_demos': CMAKE_PREFIX_PATH=${CMAKE_PREFIX_PATH}:/home/ibrahim/ros2_ws/install/arm_serial_bridge:/opt/ros/jazzy DEBUGINFOD_URLS=https://debuginfod.ubuntu.com PS1=\[\e]0;\u@\h: \w\a\]${debian_chroot:+($debian_chroot)}\[\033[01;32m\]\u@\h\[\033[00m\]:\[\033[01;34m\]\w\[\033[00m\]\$ /usr/bin/cmake --build /home/ibrahim/ros2_ws/build/mycobot_mtc_demos -- -j4 -l4
[2.353s] DEBUG:colcon.colcon_core.event_handler.log_command:Invoked command in '/home/ibrahim/ros2_ws/build/mycobot_interfaces' returned '0': CMAKE_PREFIX_PATH=${CMAKE_PREFIX_PATH}:/home/ibrahim/ros2_ws/install/arm_serial_bridge:/opt/ros/jazzy DEBUGINFOD_URLS=https://debuginfod.ubuntu.com PS1=\[\e]0;\u@\h: \w\a\]${debian_chroot:+($debian_chroot)}\[\033[01;32m\]\u@\h\[\033[00m\]:\[\033[01;34m\]\w\[\033[00m\]\$ /usr/bin/cmake --build /home/ibrahim/ros2_ws/build/mycobot_interfaces -- -j4 -l4
[2.354s] DEBUG:colcon.colcon_core.event_handler.log_command:Invoking command in '/home/ibrahim/ros2_ws/build/mycobot_interfaces': CMAKE_PREFIX_PATH=${CMAKE_PREFIX_PATH}:/home/ibrahim/ros2_ws/install/arm_serial_bridge:/opt/ros/jazzy DEBUGINFOD_URLS=https://debuginfod.ubuntu.com PS1=\[\e]0;\u@\h: \w\a\]${debian_chroot:+($debian_chroot)}\[\033[01;32m\]\u@\h\[\033[00m\]:\[\033[01;34m\]\w\[\033[00m\]\$ /usr/bin/cmake --install /home/ibrahim/ros2_ws/build/mycobot_interfaces
[2.476s] DEBUG:colcon.colcon_core.event_handler.log_command:Invoked command in '/home/ibrahim/ros2_ws/build/mycobot_moveit_demos' returned '0': CMAKE_PREFIX_PATH=${CMAKE_PREFIX_PATH}:/home/ibrahim/ros2_ws/install/arm_serial_bridge:/opt/ros/jazzy DEBUGINFOD_URLS=https://debuginfod.ubuntu.com PS1=\[\e]0;\u@\h: \w\a\]${debian_chroot:+($debian_chroot)}\[\033[01;32m\]\u@\h\[\033[00m\]:\[\033[01;34m\]\w\[\033[00m\]\$ /usr/bin/cmake --build /home/ibrahim/ros2_ws/build/mycobot_moveit_demos -- -j4 -l4
[2.478s] DEBUG:colcon.colcon_core.event_handler.log_command:Invoking command in '/home/ibrahim/ros2_ws/build/mycobot_moveit_demos': CMAKE_PREFIX_PATH=${CMAKE_PREFIX_PATH}:/home/ibrahim/ros2_ws/install/arm_serial_bridge:/opt/ros/jazzy DEBUGINFOD_URLS=https://debuginfod.ubuntu.com PS1=\[\e]0;\u@\h: \w\a\]${debian_chroot:+($debian_chroot)}\[\033[01;32m\]\u@\h\[\033[00m\]:\[\033[01;34m\]\w\[\033[00m\]\$ /usr/bin/cmake --install /home/ibrahim/ros2_ws/build/mycobot_moveit_demos
[2.496s] Level 1:colcon.colcon_core.environment:create_environment_scripts_only(mycobot_moveit_demos)
[2.496s] Level 1:colcon.colcon_core.environment:checking '/home/ibrahim/ros2_ws/install/mycobot_moveit_demos' for CMake module files
[2.497s] DEBUG:colcon.colcon_core.event_handler.log_command:Invoked command in '/home/ibrahim/ros2_ws/build/mycobot_moveit_demos' returned '0': CMAKE_PREFIX_PATH=${CMAKE_PREFIX_PATH}:/home/ibrahim/ros2_ws/install/arm_serial_bridge:/opt/ros/jazzy DEBUGINFOD_URLS=https://debuginfod.ubuntu.com PS1=\[\e]0;\u@\h: \w\a\]${debian_chroot:+($debian_chroot)}\[\033[01;32m\]\u@\h\[\033[00m\]:\[\033[01;34m\]\w\[\033[00m\]\$ /usr/bin/cmake --install /home/ibrahim/ros2_ws/build/mycobot_moveit_demos
[2.498s] Level 1:colcon.colcon_core.environment:checking '/home/ibrahim/ros2_ws/install/mycobot_moveit_demos' for CMake config files
[2.498s] Level 1:colcon.colcon_core.shell:create_environment_hook('mycobot_moveit_demos', 'cmake_prefix_path')
[2.498s] INFO:colcon.colcon_core.shell:Creating environment hook '/home/ibrahim/ros2_ws/install/mycobot_moveit_demos/share/mycobot_moveit_demos/hook/cmake_prefix_path.ps1'
[2.499s] INFO:colcon.colcon_core.shell:Creating environment descriptor '/home/ibrahim/ros2_ws/install/mycobot_moveit_demos/share/mycobot_moveit_demos/hook/cmake_prefix_path.dsv'
[2.500s] INFO:colcon.colcon_core.shell:Creating environment hook '/home/ibrahim/ros2_ws/install/mycobot_moveit_demos/share/mycobot_moveit_demos/hook/cmake_prefix_path.sh'
[2.501s] Level 1:colcon.colcon_core.environment:checking '/home/ibrahim/ros2_ws/install/mycobot_moveit_demos/lib'
[2.501s] Level 1:colcon.colcon_core.environment:checking '/home/ibrahim/ros2_ws/install/mycobot_moveit_demos/bin'
[2.501s] Level 1:colcon.colcon_core.environment:checking '/home/ibrahim/ros2_ws/install/mycobot_moveit_demos/lib/pkgconfig/mycobot_moveit_demos.pc'
[2.502s] Level 1:colcon.colcon_core.environment:checking '/home/ibrahim/ros2_ws/install/mycobot_moveit_demos/lib/python3.12/site-packages'
[2.502s] Level 1:colcon.colcon_core.environment:checking '/home/ibrahim/ros2_ws/install/mycobot_moveit_demos/bin'
[2.503s] INFO:colcon.colcon_core.shell:Creating package script '/home/ibrahim/ros2_ws/install/mycobot_moveit_demos/share/mycobot_moveit_demos/package.ps1'
[2.503s] INFO:colcon.colcon_core.shell:Creating package descriptor '/home/ibrahim/ros2_ws/install/mycobot_moveit_demos/share/mycobot_moveit_demos/package.dsv'
[2.504s] INFO:colcon.colcon_core.shell:Creating package script '/home/ibrahim/ros2_ws/install/mycobot_moveit_demos/share/mycobot_moveit_demos/package.sh'
[2.505s] INFO:colcon.colcon_core.shell:Creating package script '/home/ibrahim/ros2_ws/install/mycobot_moveit_demos/share/mycobot_moveit_demos/package.bash'
[2.505s] INFO:colcon.colcon_core.shell:Creating package script '/home/ibrahim/ros2_ws/install/mycobot_moveit_demos/share/mycobot_moveit_demos/package.zsh'
[2.506s] Level 1:colcon.colcon_core.environment:create_file_with_runtime_dependencies(/home/ibrahim/ros2_ws/install/mycobot_moveit_demos/share/colcon-core/packages/mycobot_moveit_demos)
[2.507s] Level 1:colcon.colcon_core.environment:create_environment_scripts_only(mycobot_moveit_demos)
[2.507s] Level 1:colcon.colcon_core.environment:checking '/home/ibrahim/ros2_ws/install/mycobot_moveit_demos' for CMake module files
[2.507s] Level 1:colcon.colcon_core.environment:checking '/home/ibrahim/ros2_ws/install/mycobot_moveit_demos' for CMake config files
[2.507s] Level 1:colcon.colcon_core.shell:create_environment_hook('mycobot_moveit_demos', 'cmake_prefix_path')
[2.508s] INFO:colcon.colcon_core.shell:Creating environment hook '/home/ibrahim/ros2_ws/install/mycobot_moveit_demos/share/mycobot_moveit_demos/hook/cmake_prefix_path.ps1'
[2.509s] INFO:colcon.colcon_core.shell:Creating environment descriptor '/home/ibrahim/ros2_ws/install/mycobot_moveit_demos/share/mycobot_moveit_demos/hook/cmake_prefix_path.dsv'
[2.509s] INFO:colcon.colcon_core.shell:Creating environment hook '/home/ibrahim/ros2_ws/install/mycobot_moveit_demos/share/mycobot_moveit_demos/hook/cmake_prefix_path.sh'
[2.511s] Level 1:colcon.colcon_core.environment:checking '/home/ibrahim/ros2_ws/install/mycobot_moveit_demos/lib'
[2.511s] Level 1:colcon.colcon_core.environment:checking '/home/ibrahim/ros2_ws/install/mycobot_moveit_demos/bin'
[2.511s] Level 1:colcon.colcon_core.environment:checking '/home/ibrahim/ros2_ws/install/mycobot_moveit_demos/lib/pkgconfig/mycobot_moveit_demos.pc'
[2.511s] Level 1:colcon.colcon_core.environment:checking '/home/ibrahim/ros2_ws/install/mycobot_moveit_demos/lib/python3.12/site-packages'
[2.511s] Level 1:colcon.colcon_core.environment:checking '/home/ibrahim/ros2_ws/install/mycobot_moveit_demos/bin'
[2.512s] INFO:colcon.colcon_core.shell:Creating package script '/home/ibrahim/ros2_ws/install/mycobot_moveit_demos/share/mycobot_moveit_demos/package.ps1'
[2.512s] INFO:colcon.colcon_core.shell:Creating package descriptor '/home/ibrahim/ros2_ws/install/mycobot_moveit_demos/share/mycobot_moveit_demos/package.dsv'
[2.513s] INFO:colcon.colcon_core.shell:Creating package script '/home/ibrahim/ros2_ws/install/mycobot_moveit_demos/share/mycobot_moveit_demos/package.sh'
[2.514s] INFO:colcon.colcon_core.shell:Creating package script '/home/ibrahim/ros2_ws/install/mycobot_moveit_demos/share/mycobot_moveit_demos/package.bash'
[2.514s] INFO:colcon.colcon_core.shell:Creating package script '/home/ibrahim/ros2_ws/install/mycobot_moveit_demos/share/mycobot_moveit_demos/package.zsh'
[2.515s] Level 1:colcon.colcon_core.environment:create_file_with_runtime_dependencies(/home/ibrahim/ros2_ws/install/mycobot_moveit_demos/share/colcon-core/packages/mycobot_moveit_demos)
[2.516s] INFO:colcon.colcon_ros.task.ament_cmake.build:Building ROS package in '/home/ibrahim/ros2_ws/src/mycobot_ros2/mycobot_ros2' with build type 'ament_cmake'
[2.516s] INFO:colcon.colcon_cmake.task.cmake.build:Building CMake package in '/home/ibrahim/ros2_ws/src/mycobot_ros2/mycobot_ros2'
[2.516s] INFO:colcon.colcon_core.shell:Skip shell extension 'powershell' for command environment: Not usable outside of PowerShell
[2.517s] DEBUG:colcon.colcon_core.shell:Skip shell extension 'dsv' for command environment
[2.547s] DEBUG:colcon.colcon_core.event_handler.log_command:Invoking command in '/home/ibrahim/ros2_ws/build/mycobot_ros2': CMAKE_PREFIX_PATH=/home/ibrahim/ros2_ws/install/mycobot_system_tests:/home/ibrahim/ros2_ws/install/mycobot_moveit_config:/home/ibrahim/ros2_ws/install/mycobot_gazebo:/home/ibrahim/ros2_ws/install/mycobot_description:/home/ibrahim/ros2_ws/install/mycobot_bringup:/home/ibrahim/ros2_ws/install/mycobot_ros2:/home/ibrahim/ros2_ws/install/mycobot_mtc_pick_place_demo:/home/ibrahim/ros2_ws/install/mycobot_mtc_demos:/home/ibrahim/ros2_ws/install/mycobot_moveit_demos:/home/ibrahim/ros2_ws/install/mycobot_interfaces:/opt/ros/jazzy/opt/gz_sim_vendor:/opt/ros/jazzy/opt/gz_sensors_vendor:/opt/ros/jazzy/opt/gz_physics_vendor:/opt/ros/jazzy/opt/sdformat_vendor:/opt/ros/jazzy/opt/gz_gui_vendor:/opt/ros/jazzy/opt/gz_transport_vendor:/opt/ros/jazzy/opt/gz_rendering_vendor:/opt/ros/jazzy/opt/gz_plugin_vendor:/opt/ros/jazzy/opt/gz_fuel_tools_vendor:/opt/ros/jazzy/opt/gz_msgs_vendor:/opt/ros/jazzy/opt/gz_common_vendor:/opt/ros/jazzy/opt/gz_math_vendor:/opt/ros/jazzy/opt/gz_utils_vendor:/opt/ros/jazzy/opt/gz_tools_vendor:/opt/ros/jazzy/opt/gz_ogre_next_vendor:/opt/ros/jazzy/opt/gz_dartsim_vendor:/opt/ros/jazzy/opt/gz_cmake_vendor:/home/ibrahim/ros2_ws/install/arm_serial_bridge:/opt/ros/jazzy DEBUGINFOD_URLS=https://debuginfod.ubuntu.com PS1=\[\e]0;\u@\h: \w\a\]${debian_chroot:+($debian_chroot)}\[\033[01;32m\]\u@\h\[\033[00m\]:\[\033[01;34m\]\w\[\033[00m\]\$ /usr/bin/cmake --build /home/ibrahim/ros2_ws/build/mycobot_ros2 -- -j4 -l4
[2.620s] DEBUG:colcon.colcon_core.event_handler.log_command:Invoked command in '/home/ibrahim/ros2_ws/build/mycobot_ros2' returned '0': CMAKE_PREFIX_PATH=/home/ibrahim/ros2_ws/install/mycobot_system_tests:/home/ibrahim/ros2_ws/install/mycobot_moveit_config:/home/ibrahim/ros2_ws/install/mycobot_gazebo:/home/ibrahim/ros2_ws/install/mycobot_description:/home/ibrahim/ros2_ws/install/mycobot_bringup:/home/ibrahim/ros2_ws/install/mycobot_ros2:/home/ibrahim/ros2_ws/install/mycobot_mtc_pick_place_demo:/home/ibrahim/ros2_ws/install/mycobot_mtc_demos:/home/ibrahim/ros2_ws/install/mycobot_moveit_demos:/home/ibrahim/ros2_ws/install/mycobot_interfaces:/opt/ros/jazzy/opt/gz_sim_vendor:/opt/ros/jazzy/opt/gz_sensors_vendor:/opt/ros/jazzy/opt/gz_physics_vendor:/opt/ros/jazzy/opt/sdformat_vendor:/opt/ros/jazzy/opt/gz_gui_vendor:/opt/ros/jazzy/opt/gz_transport_vendor:/opt/ros/jazzy/opt/gz_rendering_vendor:/opt/ros/jazzy/opt/gz_plugin_vendor:/opt/ros/jazzy/opt/gz_fuel_tools_vendor:/opt/ros/jazzy/opt/gz_msgs_vendor:/opt/ros/jazzy/opt/gz_common_vendor:/opt/ros/jazzy/opt/gz_math_vendor:/opt/ros/jazzy/opt/gz_utils_vendor:/opt/ros/jazzy/opt/gz_tools_vendor:/opt/ros/jazzy/opt/gz_ogre_next_vendor:/opt/ros/jazzy/opt/gz_dartsim_vendor:/opt/ros/jazzy/opt/gz_cmake_vendor:/home/ibrahim/ros2_ws/install/arm_serial_bridge:/opt/ros/jazzy DEBUGINFOD_URLS=https://debuginfod.ubuntu.com PS1=\[\e]0;\u@\h: \w\a\]${debian_chroot:+($debian_chroot)}\[\033[01;32m\]\u@\h\[\033[00m\]:\[\033[01;34m\]\w\[\033[00m\]\$ /usr/bin/cmake --build /home/ibrahim/ros2_ws/build/mycobot_ros2 -- -j4 -l4
[2.650s] DEBUG:colcon.colcon_core.event_handler.log_command:Invoking command in '/home/ibrahim/ros2_ws/build/mycobot_ros2': CMAKE_PREFIX_PATH=/home/ibrahim/ros2_ws/install/mycobot_system_tests:/home/ibrahim/ros2_ws/install/mycobot_moveit_config:/home/ibrahim/ros2_ws/install/mycobot_gazebo:/home/ibrahim/ros2_ws/install/mycobot_description:/home/ibrahim/ros2_ws/install/mycobot_bringup:/home/ibrahim/ros2_ws/install/mycobot_ros2:/home/ibrahim/ros2_ws/install/mycobot_mtc_pick_place_demo:/home/ibrahim/ros2_ws/install/mycobot_mtc_demos:/home/ibrahim/ros2_ws/install/mycobot_moveit_demos:/home/ibrahim/ros2_ws/install/mycobot_interfaces:/opt/ros/jazzy/opt/gz_sim_vendor:/opt/ros/jazzy/opt/gz_sensors_vendor:/opt/ros/jazzy/opt/gz_physics_vendor:/opt/ros/jazzy/opt/sdformat_vendor:/opt/ros/jazzy/opt/gz_gui_vendor:/opt/ros/jazzy/opt/gz_transport_vendor:/opt/ros/jazzy/opt/gz_rendering_vendor:/opt/ros/jazzy/opt/gz_plugin_vendor:/opt/ros/jazzy/opt/gz_fuel_tools_vendor:/opt/ros/jazzy/opt/gz_msgs_vendor:/opt/ros/jazzy/opt/gz_common_vendor:/opt/ros/jazzy/opt/gz_math_vendor:/opt/ros/jazzy/opt/gz_utils_vendor:/opt/ros/jazzy/opt/gz_tools_vendor:/opt/ros/jazzy/opt/gz_ogre_next_vendor:/opt/ros/jazzy/opt/gz_dartsim_vendor:/opt/ros/jazzy/opt/gz_cmake_vendor:/home/ibrahim/ros2_ws/install/arm_serial_bridge:/opt/ros/jazzy DEBUGINFOD_URLS=https://debuginfod.ubuntu.com PS1=\[\e]0;\u@\h: \w\a\]${debian_chroot:+($debian_chroot)}\[\033[01;32m\]\u@\h\[\033[00m\]:\[\033[01;34m\]\w\[\033[00m\]\$ /usr/bin/cmake --install /home/ibrahim/ros2_ws/build/mycobot_ros2
[2.666s] Level 1:colcon.colcon_core.environment:create_environment_scripts_only(mycobot_ros2)
[2.666s] Level 1:colcon.colcon_core.environment:checking '/home/ibrahim/ros2_ws/install/mycobot_ros2' for CMake module files
[2.667s] Level 1:colcon.colcon_core.environment:checking '/home/ibrahim/ros2_ws/install/mycobot_ros2' for CMake config files
[2.667s] Level 1:colcon.colcon_core.shell:create_environment_hook('mycobot_ros2', 'cmake_prefix_path')
[2.667s] INFO:colcon.colcon_core.shell:Creating environment hook '/home/ibrahim/ros2_ws/install/mycobot_ros2/share/mycobot_ros2/hook/cmake_prefix_path.ps1'
[2.668s] INFO:colcon.colcon_core.shell:Creating environment descriptor '/home/ibrahim/ros2_ws/install/mycobot_ros2/share/mycobot_ros2/hook/cmake_prefix_path.dsv'
[2.669s] DEBUG:colcon.colcon_core.event_handler.log_command:Invoked command in '/home/ibrahim/ros2_ws/build/mycobot_ros2' returned '0': CMAKE_PREFIX_PATH=/home/ibrahim/ros2_ws/install/mycobot_system_tests:/home/ibrahim/ros2_ws/install/mycobot_moveit_config:/home/ibrahim/ros2_ws/install/mycobot_gazebo:/home/ibrahim/ros2_ws/install/mycobot_description:/home/ibrahim/ros2_ws/install/mycobot_bringup:/home/ibrahim/ros2_ws/install/mycobot_ros2:/home/ibrahim/ros2_ws/install/mycobot_mtc_pick_place_demo:/home/ibrahim/ros2_ws/install/mycobot_mtc_demos:/home/ibrahim/ros2_ws/install/mycobot_moveit_demos:/home/ibrahim/ros2_ws/install/mycobot_interfaces:/opt/ros/jazzy/opt/gz_sim_vendor:/opt/ros/jazzy/opt/gz_sensors_vendor:/opt/ros/jazzy/opt/gz_physics_vendor:/opt/ros/jazzy/opt/sdformat_vendor:/opt/ros/jazzy/opt/gz_gui_vendor:/opt/ros/jazzy/opt/gz_transport_vendor:/opt/ros/jazzy/opt/gz_rendering_vendor:/opt/ros/jazzy/opt/gz_plugin_vendor:/opt/ros/jazzy/opt/gz_fuel_tools_vendor:/opt/ros/jazzy/opt/gz_msgs_vendor:/opt/ros/jazzy/opt/gz_common_vendor:/opt/ros/jazzy/opt/gz_math_vendor:/opt/ros/jazzy/opt/gz_utils_vendor:/opt/ros/jazzy/opt/gz_tools_vendor:/opt/ros/jazzy/opt/gz_ogre_next_vendor:/opt/ros/jazzy/opt/gz_dartsim_vendor:/opt/ros/jazzy/opt/gz_cmake_vendor:/home/ibrahim/ros2_ws/install/arm_serial_bridge:/opt/ros/jazzy DEBUGINFOD_URLS=https://debuginfod.ubuntu.com PS1=\[\e]0;\u@\h: \w\a\]${debian_chroot:+($debian_chroot)}\[\033[01;32m\]\u@\h\[\033[00m\]:\[\033[01;34m\]\w\[\033[00m\]\$ /usr/bin/cmake --install /home/ibrahim/ros2_ws/build/mycobot_ros2
[2.669s] INFO:colcon.colcon_core.shell:Creating environment hook '/home/ibrahim/ros2_ws/install/mycobot_ros2/share/mycobot_ros2/hook/cmake_prefix_path.sh'
[2.670s] Level 1:colcon.colcon_core.environment:checking '/home/ibrahim/ros2_ws/install/mycobot_ros2/bin'
[2.670s] Level 1:colcon.colcon_core.environment:checking '/home/ibrahim/ros2_ws/install/mycobot_ros2/lib/pkgconfig/mycobot_ros2.pc'
[2.670s] Level 1:colcon.colcon_core.environment:checking '/home/ibrahim/ros2_ws/install/mycobot_ros2/lib/python3.12/site-packages'
[2.670s] Level 1:colcon.colcon_core.environment:checking '/home/ibrahim/ros2_ws/install/mycobot_ros2/bin'
[2.671s] INFO:colcon.colcon_core.shell:Creating package script '/home/ibrahim/ros2_ws/install/mycobot_ros2/share/mycobot_ros2/package.ps1'
[2.671s] INFO:colcon.colcon_core.shell:Creating package descriptor '/home/ibrahim/ros2_ws/install/mycobot_ros2/share/mycobot_ros2/package.dsv'
[2.672s] INFO:colcon.colcon_core.shell:Creating package script '/home/ibrahim/ros2_ws/install/mycobot_ros2/share/mycobot_ros2/package.sh'
[2.673s] INFO:colcon.colcon_core.shell:Creating package script '/home/ibrahim/ros2_ws/install/mycobot_ros2/share/mycobot_ros2/package.bash'
[2.673s] INFO:colcon.colcon_core.shell:Creating package script '/home/ibrahim/ros2_ws/install/mycobot_ros2/share/mycobot_ros2/package.zsh'
[2.674s] Level 1:colcon.colcon_core.environment:create_file_with_runtime_dependencies(/home/ibrahim/ros2_ws/install/mycobot_ros2/share/colcon-core/packages/mycobot_ros2)
[2.674s] Level 1:colcon.colcon_core.environment:create_environment_scripts_only(mycobot_ros2)
[2.674s] Level 1:colcon.colcon_core.environment:checking '/home/ibrahim/ros2_ws/install/mycobot_ros2' for CMake module files
[2.675s] Level 1:colcon.colcon_core.environment:checking '/home/ibrahim/ros2_ws/install/mycobot_ros2' for CMake config files
[2.675s] Level 1:colcon.colcon_core.shell:create_environment_hook('mycobot_ros2', 'cmake_prefix_path')
[2.675s] INFO:colcon.colcon_core.shell:Creating environment hook '/home/ibrahim/ros2_ws/install/mycobot_ros2/share/mycobot_ros2/hook/cmake_prefix_path.ps1'
[2.676s] INFO:colcon.colcon_core.shell:Creating environment descriptor '/home/ibrahim/ros2_ws/install/mycobot_ros2/share/mycobot_ros2/hook/cmake_prefix_path.dsv'
[2.676s] INFO:colcon.colcon_core.shell:Creating environment hook '/home/ibrahim/ros2_ws/install/mycobot_ros2/share/mycobot_ros2/hook/cmake_prefix_path.sh'
[2.677s] Level 1:colcon.colcon_core.environment:checking '/home/ibrahim/ros2_ws/install/mycobot_ros2/bin'
[2.677s] Level 1:colcon.colcon_core.environment:checking '/home/ibrahim/ros2_ws/install/mycobot_ros2/lib/pkgconfig/mycobot_ros2.pc'
[2.678s] Level 1:colcon.colcon_core.environment:checking '/home/ibrahim/ros2_ws/install/mycobot_ros2/lib/python3.12/site-packages'
[2.678s] Level 1:colcon.colcon_core.environment:checking '/home/ibrahim/ros2_ws/install/mycobot_ros2/bin'
[2.678s] INFO:colcon.colcon_core.shell:Creating package script '/home/ibrahim/ros2_ws/install/mycobot_ros2/share/mycobot_ros2/package.ps1'
[2.679s] INFO:colcon.colcon_core.shell:Creating package descriptor '/home/ibrahim/ros2_ws/install/mycobot_ros2/share/mycobot_ros2/package.dsv'
[2.679s] INFO:colcon.colcon_core.shell:Creating package script '/home/ibrahim/ros2_ws/install/mycobot_ros2/share/mycobot_ros2/package.sh'
[2.680s] INFO:colcon.colcon_core.shell:Creating package script '/home/ibrahim/ros2_ws/install/mycobot_ros2/share/mycobot_ros2/package.bash'
[2.681s] INFO:colcon.colcon_core.shell:Creating package script '/home/ibrahim/ros2_ws/install/mycobot_ros2/share/mycobot_ros2/package.zsh'
[2.681s] Level 1:colcon.colcon_core.environment:create_file_with_runtime_dependencies(/home/ibrahim/ros2_ws/install/mycobot_ros2/share/colcon-core/packages/mycobot_ros2)
[2.782s] Level 1:colcon.colcon_core.environment:create_environment_scripts_only(mycobot_interfaces)
[2.782s] Level 1:colcon.colcon_core.environment:checking '/home/ibrahim/ros2_ws/install/mycobot_interfaces' for CMake module files
[2.784s] DEBUG:colcon.colcon_core.event_handler.log_command:Invoked command in '/home/ibrahim/ros2_ws/build/mycobot_interfaces' returned '0': CMAKE_PREFIX_PATH=${CMAKE_PREFIX_PATH}:/home/ibrahim/ros2_ws/install/arm_serial_bridge:/opt/ros/jazzy DEBUGINFOD_URLS=https://debuginfod.ubuntu.com PS1=\[\e]0;\u@\h: \w\a\]${debian_chroot:+($debian_chroot)}\[\033[01;32m\]\u@\h\[\033[00m\]:\[\033[01;34m\]\w\[\033[00m\]\$ /usr/bin/cmake --install /home/ibrahim/ros2_ws/build/mycobot_interfaces
[2.784s] Level 1:colcon.colcon_core.environment:checking '/home/ibrahim/ros2_ws/install/mycobot_interfaces' for CMake config files
[2.864s] Level 1:colcon.colcon_core.shell:create_environment_hook('mycobot_interfaces', 'cmake_prefix_path')
[2.864s] INFO:colcon.colcon_core.shell:Creating environment hook '/home/ibrahim/ros2_ws/install/mycobot_interfaces/share/mycobot_interfaces/hook/cmake_prefix_path.ps1'
[2.869s] INFO:colcon.colcon_core.shell:Creating environment descriptor '/home/ibrahim/ros2_ws/install/mycobot_interfaces/share/mycobot_interfaces/hook/cmake_prefix_path.dsv'
[2.871s] INFO:colcon.colcon_core.shell:Creating environment hook '/home/ibrahim/ros2_ws/install/mycobot_interfaces/share/mycobot_interfaces/hook/cmake_prefix_path.sh'
[2.874s] Level 1:colcon.colcon_core.environment:checking '/home/ibrahim/ros2_ws/install/mycobot_interfaces/lib'
[2.876s] Level 1:colcon.colcon_core.shell:create_environment_hook('mycobot_interfaces', 'ld_library_path_lib')
[2.876s] INFO:colcon.colcon_core.shell:Creating environment hook '/home/ibrahim/ros2_ws/install/mycobot_interfaces/share/mycobot_interfaces/hook/ld_library_path_lib.ps1'
[2.877s] INFO:colcon.colcon_core.shell:Creating environment descriptor '/home/ibrahim/ros2_ws/install/mycobot_interfaces/share/mycobot_interfaces/hook/ld_library_path_lib.dsv'
[2.879s] INFO:colcon.colcon_core.shell:Creating environment hook '/home/ibrahim/ros2_ws/install/mycobot_interfaces/share/mycobot_interfaces/hook/ld_library_path_lib.sh'
[2.881s] Level 1:colcon.colcon_core.environment:checking '/home/ibrahim/ros2_ws/install/mycobot_interfaces/bin'
[2.881s] Level 1:colcon.colcon_core.environment:checking '/home/ibrahim/ros2_ws/install/mycobot_interfaces/lib/pkgconfig/mycobot_interfaces.pc'
[2.882s] Level 1:colcon.colcon_core.environment:checking '/home/ibrahim/ros2_ws/install/mycobot_interfaces/lib/python3.12/site-packages'
[2.882s] Level 1:colcon.colcon_core.shell:create_environment_hook('mycobot_interfaces', 'pythonpath')
[2.883s] INFO:colcon.colcon_core.shell:Creating environment hook '/home/ibrahim/ros2_ws/install/mycobot_interfaces/share/mycobot_interfaces/hook/pythonpath.ps1'
[2.884s] INFO:colcon.colcon_core.shell:Creating environment descriptor '/home/ibrahim/ros2_ws/install/mycobot_interfaces/share/mycobot_interfaces/hook/pythonpath.dsv'
[2.885s] INFO:colcon.colcon_core.shell:Creating environment hook '/home/ibrahim/ros2_ws/install/mycobot_interfaces/share/mycobot_interfaces/hook/pythonpath.sh'
[2.888s] Level 1:colcon.colcon_core.environment:checking '/home/ibrahim/ros2_ws/install/mycobot_interfaces/bin'
[2.888s] INFO:colcon.colcon_core.shell:Creating package script '/home/ibrahim/ros2_ws/install/mycobot_interfaces/share/mycobot_interfaces/package.ps1'
[2.890s] INFO:colcon.colcon_core.shell:Creating package descriptor '/home/ibrahim/ros2_ws/install/mycobot_interfaces/share/mycobot_interfaces/package.dsv'
[2.893s] INFO:colcon.colcon_core.shell:Creating package script '/home/ibrahim/ros2_ws/install/mycobot_interfaces/share/mycobot_interfaces/package.sh'
[2.894s] INFO:colcon.colcon_core.shell:Creating package script '/home/ibrahim/ros2_ws/install/mycobot_interfaces/share/mycobot_interfaces/package.bash'
[2.896s] INFO:colcon.colcon_core.shell:Creating package script '/home/ibrahim/ros2_ws/install/mycobot_interfaces/share/mycobot_interfaces/package.zsh'
[2.897s] Level 1:colcon.colcon_core.environment:create_file_with_runtime_dependencies(/home/ibrahim/ros2_ws/install/mycobot_interfaces/share/colcon-core/packages/mycobot_interfaces)
[2.899s] Level 1:colcon.colcon_core.environment:create_environment_scripts_only(mycobot_interfaces)
[2.899s] Level 1:colcon.colcon_core.environment:checking '/home/ibrahim/ros2_ws/install/mycobot_interfaces' for CMake module files
[2.903s] Level 1:colcon.colcon_core.environment:checking '/home/ibrahim/ros2_ws/install/mycobot_interfaces' for CMake config files
[2.904s] Level 1:colcon.colcon_core.shell:create_environment_hook('mycobot_interfaces', 'cmake_prefix_path')
[2.904s] INFO:colcon.colcon_core.shell:Creating environment hook '/home/ibrahim/ros2_ws/install/mycobot_interfaces/share/mycobot_interfaces/hook/cmake_prefix_path.ps1'
[2.908s] INFO:colcon.colcon_core.shell:Creating environment descriptor '/home/ibrahim/ros2_ws/install/mycobot_interfaces/share/mycobot_interfaces/hook/cmake_prefix_path.dsv'
[2.909s] INFO:colcon.colcon_core.shell:Creating environment hook '/home/ibrahim/ros2_ws/install/mycobot_interfaces/share/mycobot_interfaces/hook/cmake_prefix_path.sh'
[2.910s] Level 1:colcon.colcon_core.environment:checking '/home/ibrahim/ros2_ws/install/mycobot_interfaces/lib'
[2.910s] Level 1:colcon.colcon_core.shell:create_environment_hook('mycobot_interfaces', 'ld_library_path_lib')
[2.910s] INFO:colcon.colcon_core.shell:Creating environment hook '/home/ibrahim/ros2_ws/install/mycobot_interfaces/share/mycobot_interfaces/hook/ld_library_path_lib.ps1'
[2.911s] INFO:colcon.colcon_core.shell:Creating environment descriptor '/home/ibrahim/ros2_ws/install/mycobot_interfaces/share/mycobot_interfaces/hook/ld_library_path_lib.dsv'
[2.911s] INFO:colcon.colcon_core.shell:Creating environment hook '/home/ibrahim/ros2_ws/install/mycobot_interfaces/share/mycobot_interfaces/hook/ld_library_path_lib.sh'
[2.912s] Level 1:colcon.colcon_core.environment:checking '/home/ibrahim/ros2_ws/install/mycobot_interfaces/bin'
[2.912s] Level 1:colcon.colcon_core.environment:checking '/home/ibrahim/ros2_ws/install/mycobot_interfaces/lib/pkgconfig/mycobot_interfaces.pc'
[2.912s] Level 1:colcon.colcon_core.environment:checking '/home/ibrahim/ros2_ws/install/mycobot_interfaces/lib/python3.12/site-packages'
[2.913s] Level 1:colcon.colcon_core.shell:create_environment_hook('mycobot_interfaces', 'pythonpath')
[2.913s] INFO:colcon.colcon_core.shell:Creating environment hook '/home/ibrahim/ros2_ws/install/mycobot_interfaces/share/mycobot_interfaces/hook/pythonpath.ps1'
[2.913s] INFO:colcon.colcon_core.shell:Creating environment descriptor '/home/ibrahim/ros2_ws/install/mycobot_interfaces/share/mycobot_interfaces/hook/pythonpath.dsv'
[2.914s] INFO:colcon.colcon_core.shell:Creating environment hook '/home/ibrahim/ros2_ws/install/mycobot_interfaces/share/mycobot_interfaces/hook/pythonpath.sh'
[2.915s] Level 1:colcon.colcon_core.environment:checking '/home/ibrahim/ros2_ws/install/mycobot_interfaces/bin'
[2.915s] INFO:colcon.colcon_core.shell:Creating package script '/home/ibrahim/ros2_ws/install/mycobot_interfaces/share/mycobot_interfaces/package.ps1'
[2.916s] INFO:colcon.colcon_core.shell:Creating package descriptor '/home/ibrahim/ros2_ws/install/mycobot_interfaces/share/mycobot_interfaces/package.dsv'
[2.917s] INFO:colcon.colcon_core.shell:Creating package script '/home/ibrahim/ros2_ws/install/mycobot_interfaces/share/mycobot_interfaces/package.sh'
[2.918s] INFO:colcon.colcon_core.shell:Creating package script '/home/ibrahim/ros2_ws/install/mycobot_interfaces/share/mycobot_interfaces/package.bash'
[2.919s] INFO:colcon.colcon_core.shell:Creating package script '/home/ibrahim/ros2_ws/install/mycobot_interfaces/share/mycobot_interfaces/package.zsh'
[2.920s] Level 1:colcon.colcon_core.environment:create_file_with_runtime_dependencies(/home/ibrahim/ros2_ws/install/mycobot_interfaces/share/colcon-core/packages/mycobot_interfaces)
[2.920s] INFO:colcon.colcon_ros.task.ament_cmake.build:Building ROS package in '/home/ibrahim/ros2_ws/src/mycobot_ros2/mycobot_mtc_pick_place_demo' with build type 'ament_cmake'
[2.921s] INFO:colcon.colcon_cmake.task.cmake.build:Building CMake package in '/home/ibrahim/ros2_ws/src/mycobot_ros2/mycobot_mtc_pick_place_demo'
[2.921s] INFO:colcon.colcon_core.shell:Skip shell extension 'powershell' for command environment: Not usable outside of PowerShell
[2.921s] DEBUG:colcon.colcon_core.shell:Skip shell extension 'dsv' for command environment
[2.958s] DEBUG:colcon.colcon_core.event_handler.log_command:Invoking command in '/home/ibrahim/ros2_ws/build/mycobot_mtc_pick_place_demo': CMAKE_PREFIX_PATH=/home/ibrahim/ros2_ws/install/mycobot_interfaces:/home/ibrahim/ros2_ws/install/mycobot_ros2:/home/ibrahim/ros2_ws/install/mycobot_system_tests:/home/ibrahim/ros2_ws/install/mycobot_mtc_pick_place_demo:/home/ibrahim/ros2_ws/install/mycobot_mtc_demos:/home/ibrahim/ros2_ws/install/mycobot_moveit_demos:/home/ibrahim/ros2_ws/install/mycobot_moveit_config:/home/ibrahim/ros2_ws/install/mycobot_gazebo:/home/ibrahim/ros2_ws/install/mycobot_description:/home/ibrahim/ros2_ws/install/mycobot_bringup:/opt/ros/jazzy/opt/gz_sim_vendor:/opt/ros/jazzy/opt/gz_sensors_vendor:/opt/ros/jazzy/opt/gz_physics_vendor:/opt/ros/jazzy/opt/sdformat_vendor:/opt/ros/jazzy/opt/gz_gui_vendor:/opt/ros/jazzy/opt/gz_transport_vendor:/opt/ros/jazzy/opt/gz_rendering_vendor:/opt/ros/jazzy/opt/gz_plugin_vendor:/opt/ros/jazzy/opt/gz_fuel_tools_vendor:/opt/ros/jazzy/opt/gz_msgs_vendor:/opt/ros/jazzy/opt/gz_common_vendor:/opt/ros/jazzy/opt/gz_math_vendor:/opt/ros/jazzy/opt/gz_utils_vendor:/opt/ros/jazzy/opt/gz_tools_vendor:/opt/ros/jazzy/opt/gz_ogre_next_vendor:/opt/ros/jazzy/opt/gz_dartsim_vendor:/opt/ros/jazzy/opt/gz_cmake_vendor:/home/ibrahim/ros2_ws/install/arm_serial_bridge:/opt/ros/jazzy DEBUGINFOD_URLS=https://debuginfod.ubuntu.com LD_LIBRARY_PATH=/home/ibrahim/ros2_ws/install/mycobot_interfaces/lib:/home/ibrahim/ros2_ws/install/mycobot_mtc_pick_place_demo/lib:/opt/ros/jazzy/opt/gz_sim_vendor/lib:/opt/ros/jazzy/opt/gz_sensors_vendor/lib:/opt/ros/jazzy/opt/gz_physics_vendor/lib:/opt/ros/jazzy/opt/sdformat_vendor/lib:/opt/ros/jazzy/opt/rviz_ogre_vendor/lib:/opt/ros/jazzy/lib/x86_64-linux-gnu:/opt/ros/jazzy/opt/gz_gui_vendor/lib:/opt/ros/jazzy/opt/gz_transport_vendor/lib:/opt/ros/jazzy/opt/gz_rendering_vendor/lib:/opt/ros/jazzy/opt/gz_plugin_vendor/lib:/opt/ros/jazzy/opt/gz_fuel_tools_vendor/lib:/opt/ros/jazzy/opt/gz_msgs_vendor/lib:/opt/ros/jazzy/opt/gz_common_vendor/lib:/opt/ros/jazzy/opt/gz_math_vendor/lib:/opt/ros/jazzy/opt/gz_utils_vendor/lib:/opt/ros/jazzy/opt/gz_tools_vendor/lib:/opt/ros/jazzy/opt/gz_ogre_next_vendor/lib:/opt/ros/jazzy/opt/gz_dartsim_vendor/lib:/opt/ros/jazzy/opt/gz_cmake_vendor/lib:/opt/ros/jazzy/lib PS1=\[\e]0;\u@\h: \w\a\]${debian_chroot:+($debian_chroot)}\[\033[01;32m\]\u@\h\[\033[00m\]:\[\033[01;34m\]\w\[\033[00m\]\$ /usr/bin/cmake --build /home/ibrahim/ros2_ws/build/mycobot_mtc_pick_place_demo -- -j4 -l4
[4.524s] DEBUG:colcon.colcon_core.event_handler.log_command:Invoking command in '/home/ibrahim/ros2_ws/src/arm_serial_bridge': DEBUGINFOD_URLS=https://debuginfod.ubuntu.com PS1=\[\e]0;\u@\h: \w\a\]${debian_chroot:+($debian_chroot)}\[\033[01;32m\]\u@\h\[\033[00m\]:\[\033[01;34m\]\w\[\033[00m\]\$ PYTHONPATH=/home/ibrahim/ros2_ws/build/arm_serial_bridge/prefix_override:/usr/lib/python3/dist-packages/colcon_core/task/python/colcon_distutils_commands:/home/ibrahim/ros2_ws/install/arm_serial_bridge/lib/python3.12/site-packages:${PYTHONPATH} /usr/bin/python3 -W ignore:setup.py install is deprecated -W ignore:easy_install command is deprecated setup.py egg_info --egg-base ../../build/arm_serial_bridge build --build-base /home/ibrahim/ros2_ws/build/arm_serial_bridge/build install --record /home/ibrahim/ros2_ws/build/arm_serial_bridge/install.log --single-version-externally-managed
[5.168s] Level 1:colcon.colcon_core.environment:checking '/home/ibrahim/ros2_ws/install/arm_serial_bridge' for CMake module files
[5.173s] DEBUG:colcon.colcon_core.event_handler.log_command:Invoked command in '/home/ibrahim/ros2_ws/src/arm_serial_bridge' returned '0': DEBUGINFOD_URLS=https://debuginfod.ubuntu.com PS1=\[\e]0;\u@\h: \w\a\]${debian_chroot:+($debian_chroot)}\[\033[01;32m\]\u@\h\[\033[00m\]:\[\033[01;34m\]\w\[\033[00m\]\$ PYTHONPATH=/home/ibrahim/ros2_ws/build/arm_serial_bridge/prefix_override:/usr/lib/python3/dist-packages/colcon_core/task/python/colcon_distutils_commands:/home/ibrahim/ros2_ws/install/arm_serial_bridge/lib/python3.12/site-packages:${PYTHONPATH} /usr/bin/python3 -W ignore:setup.py install is deprecated -W ignore:easy_install command is deprecated setup.py egg_info --egg-base ../../build/arm_serial_bridge build --build-base /home/ibrahim/ros2_ws/build/arm_serial_bridge/build install --record /home/ibrahim/ros2_ws/build/arm_serial_bridge/install.log --single-version-externally-managed
[5.184s] Level 1:colcon.colcon_core.environment:checking '/home/ibrahim/ros2_ws/install/arm_serial_bridge' for CMake config files
[5.227s] Level 1:colcon.colcon_core.environment:checking '/home/ibrahim/ros2_ws/install/arm_serial_bridge/lib'
[5.228s] Level 1:colcon.colcon_core.environment:checking '/home/ibrahim/ros2_ws/install/arm_serial_bridge/bin'
[5.228s] Level 1:colcon.colcon_core.environment:checking '/home/ibrahim/ros2_ws/install/arm_serial_bridge/lib/pkgconfig/arm_serial_bridge.pc'
[5.228s] Level 1:colcon.colcon_core.environment:checking '/home/ibrahim/ros2_ws/install/arm_serial_bridge/lib/python3.12/site-packages'
[5.228s] Level 1:colcon.colcon_core.shell:create_environment_hook('arm_serial_bridge', 'pythonpath')
[5.228s] INFO:colcon.colcon_core.shell:Creating environment hook '/home/ibrahim/ros2_ws/install/arm_serial_bridge/share/arm_serial_bridge/hook/pythonpath.ps1'
[5.229s] INFO:colcon.colcon_core.shell:Creating environment descriptor '/home/ibrahim/ros2_ws/install/arm_serial_bridge/share/arm_serial_bridge/hook/pythonpath.dsv'
[5.230s] INFO:colcon.colcon_core.shell:Creating environment hook '/home/ibrahim/ros2_ws/install/arm_serial_bridge/share/arm_serial_bridge/hook/pythonpath.sh'
[5.231s] Level 1:colcon.colcon_core.environment:checking '/home/ibrahim/ros2_ws/install/arm_serial_bridge/bin'
[5.231s] Level 1:colcon.colcon_core.environment:create_environment_scripts_only(arm_serial_bridge)
[5.231s] INFO:colcon.colcon_core.shell:Creating package script '/home/ibrahim/ros2_ws/install/arm_serial_bridge/share/arm_serial_bridge/package.ps1'
[5.232s] INFO:colcon.colcon_core.shell:Creating package descriptor '/home/ibrahim/ros2_ws/install/arm_serial_bridge/share/arm_serial_bridge/package.dsv'
[5.232s] INFO:colcon.colcon_core.shell:Creating package script '/home/ibrahim/ros2_ws/install/arm_serial_bridge/share/arm_serial_bridge/package.sh'
[5.233s] INFO:colcon.colcon_core.shell:Creating package script '/home/ibrahim/ros2_ws/install/arm_serial_bridge/share/arm_serial_bridge/package.bash'
[5.234s] INFO:colcon.colcon_core.shell:Creating package script '/home/ibrahim/ros2_ws/install/arm_serial_bridge/share/arm_serial_bridge/package.zsh'
[5.234s] Level 1:colcon.colcon_core.environment:create_file_with_runtime_dependencies(/home/ibrahim/ros2_ws/install/arm_serial_bridge/share/colcon-core/packages/arm_serial_bridge)
[13.231s] DEBUG:colcon.colcon_core.event_handler.log_command:Invoked command in '/home/ibrahim/ros2_ws/build/mycobot_mtc_demos' returned '2': CMAKE_PREFIX_PATH=${CMAKE_PREFIX_PATH}:/home/ibrahim/ros2_ws/install/arm_serial_bridge:/opt/ros/jazzy DEBUGINFOD_URLS=https://debuginfod.ubuntu.com PS1=\[\e]0;\u@\h: \w\a\]${debian_chroot:+($debian_chroot)}\[\033[01;32m\]\u@\h\[\033[00m\]:\[\033[01;34m\]\w\[\033[00m\]\$ /usr/bin/cmake --build /home/ibrahim/ros2_ws/build/mycobot_mtc_demos -- -j4 -l4
[13.237s] Level 1:colcon.colcon_core.environment:create_environment_scripts_only(mycobot_mtc_demos)
[13.237s] Level 1:colcon.colcon_core.environment:checking '/home/ibrahim/ros2_ws/install/mycobot_mtc_demos' for CMake module files
[13.237s] Level 1:colcon.colcon_core.environment:checking '/home/ibrahim/ros2_ws/install/mycobot_mtc_demos' for CMake config files
[13.264s] Level 1:colcon.colcon_core.environment:checking '/home/ibrahim/ros2_ws/install/mycobot_mtc_demos/bin'
[13.264s] Level 1:colcon.colcon_core.environment:checking '/home/ibrahim/ros2_ws/install/mycobot_mtc_demos/lib/pkgconfig/mycobot_mtc_demos.pc'
[13.264s] Level 1:colcon.colcon_core.environment:checking '/home/ibrahim/ros2_ws/install/mycobot_mtc_demos/lib/python3.12/site-packages'
[13.265s] Level 1:colcon.colcon_core.environment:checking '/home/ibrahim/ros2_ws/install/mycobot_mtc_demos/bin'
[13.265s] INFO:colcon.colcon_core.shell:Creating package script '/home/ibrahim/ros2_ws/install/mycobot_mtc_demos/share/mycobot_mtc_demos/package.ps1'
[13.270s] INFO:colcon.colcon_core.shell:Creating package descriptor '/home/ibrahim/ros2_ws/install/mycobot_mtc_demos/share/mycobot_mtc_demos/package.dsv'
[13.271s] INFO:colcon.colcon_core.shell:Creating package script '/home/ibrahim/ros2_ws/install/mycobot_mtc_demos/share/mycobot_mtc_demos/package.sh'
[13.272s] INFO:colcon.colcon_core.shell:Creating package script '/home/ibrahim/ros2_ws/install/mycobot_mtc_demos/share/mycobot_mtc_demos/package.bash'
[13.273s] INFO:colcon.colcon_core.shell:Creating package script '/home/ibrahim/ros2_ws/install/mycobot_mtc_demos/share/mycobot_mtc_demos/package.zsh'
[13.273s] Level 1:colcon.colcon_core.environment:create_file_with_runtime_dependencies(/home/ibrahim/ros2_ws/install/mycobot_mtc_demos/share/colcon-core/packages/mycobot_mtc_demos)
[145.565s] DEBUG:colcon.colcon_parallel_executor.executor.parallel:run_until_complete was interrupted
[145.648s] DEBUG:colcon.colcon_parallel_executor.executor.parallel:run_until_complete again
[145.814s] DEBUG:colcon.colcon_parallel_executor.executor.parallel:run_until_complete finished
[145.815s] DEBUG:colcon.colcon_parallel_executor.executor.parallel:closing loop
[145.815s] DEBUG:colcon.colcon_parallel_executor.executor.parallel:loop closed
[145.815s] DEBUG:colcon.colcon_core.event_reactor:joining thread
[145.918s] INFO:colcon.colcon_core.plugin_system:Skipping extension 'colcon_notification.desktop_notification.terminal_notifier': Not used on non-Darwin systems
[145.919s] INFO:colcon.colcon_core.plugin_system:Skipping extension 'colcon_notification.desktop_notification.win32': Not used on non-Windows systems
[145.919s] INFO:colcon.colcon_notification.desktop_notification:Sending desktop notification using 'notify2'
[145.981s] DEBUG:colcon.colcon_core.event_reactor:joined thread
[145.982s] INFO:colcon.colcon_core.shell:Creating prefix script '/home/ibrahim/ros2_ws/install/local_setup.ps1'
[146.006s] INFO:colcon.colcon_core.shell:Creating prefix util module '/home/ibrahim/ros2_ws/install/_local_setup_util_ps1.py'
[146.018s] INFO:colcon.colcon_core.shell:Creating prefix chain script '/home/ibrahim/ros2_ws/install/setup.ps1'
[146.024s] INFO:colcon.colcon_core.shell:Creating prefix script '/home/ibrahim/ros2_ws/install/local_setup.sh'
[146.040s] INFO:colcon.colcon_core.shell:Creating prefix util module '/home/ibrahim/ros2_ws/install/_local_setup_util_sh.py'
[146.046s] INFO:colcon.colcon_core.shell:Creating prefix chain script '/home/ibrahim/ros2_ws/install/setup.sh'
[146.049s] INFO:colcon.colcon_core.shell:Creating prefix script '/home/ibrahim/ros2_ws/install/local_setup.bash'
[146.060s] INFO:colcon.colcon_core.shell:Creating prefix chain script '/home/ibrahim/ros2_ws/install/setup.bash'
[146.063s] INFO:colcon.colcon_core.shell:Creating prefix script '/home/ibrahim/ros2_ws/install/local_setup.zsh'
[146.068s] INFO:colcon.colcon_core.shell:Creating prefix chain script '/home/ibrahim/ros2_ws/install/setup.zsh'
