[0.555s] DEBUG:colcon:Command line arguments: ['/usr/bin/colcon', 'build']
[0.555s] DEBUG:colcon:Parsed command line arguments: Namespace(log_base=None, log_level=None, verb_name='build', build_base='build', install_base='install', merge_install=False, symlink_install=False, test_result_base=None, continue_on_error=False, executor='parallel', parallel_workers=4, event_handlers=None, ignore_user_meta=False, metas=['./colcon.meta'], base_paths=['.'], packages_ignore=None, packages_ignore_regex=None, paths=None, packages_up_to=None, packages_up_to_regex=None, packages_above=None, packages_above_and_dependencies=None, packages_above_depth=None, packages_select_by_dep=None, packages_skip_by_dep=None, packages_skip_up_to=None, packages_select_build_failed=False, packages_skip_build_finished=False, packages_select_test_failures=False, packages_skip_test_passed=False, packages_select=None, packages_skip=None, packages_select_regex=None, packages_skip_regex=None, packages_start=None, packages_end=None, allow_overriding=[], cmake_args=None, cmake_target=None, cmake_target_skip_unavailable=False, cmake_clean_cache=False, cmake_clean_first=False, cmake_force_configure=False, ament_cmake_args=None, catkin_cmake_args=None, catkin_skip_building_tests=False, verb_parser=<colcon_defaults.argument_parser.defaults.DefaultArgumentsDecorator object at 0x73f61646a8d0>, verb_extension=<colcon_core.verb.build.BuildVerb object at 0x73f61646a5d0>, main=<bound method BuildVerb.main of <colcon_core.verb.build.BuildVerb object at 0x73f61646a5d0>>)
[0.804s] Level 1:colcon.colcon_core.package_discovery:discover_packages(colcon_meta) check parameters
[0.804s] Level 1:colcon.colcon_core.package_discovery:discover_packages(recursive) check parameters
[0.804s] Level 1:colcon.colcon_core.package_discovery:discover_packages(ignore) check parameters
[0.804s] Level 1:colcon.colcon_core.package_discovery:discover_packages(path) check parameters
[0.804s] Level 1:colcon.colcon_core.package_discovery:discover_packages(colcon_meta) discover
[0.804s] Level 1:colcon.colcon_core.package_discovery:discover_packages(recursive) discover
[0.804s] INFO:colcon.colcon_core.package_discovery:Crawling recursively for packages in '/home/ibrahim/ros2_ws'
[0.805s] Level 1:colcon.colcon_core.package_identification:_identify(.) by extensions ['ignore', 'ignore_ament_install']
[0.805s] Level 1:colcon.colcon_core.package_identification:_identify(.) by extension 'ignore'
[0.805s] Level 1:colcon.colcon_core.package_identification:_identify(.) by extension 'ignore_ament_install'
[0.805s] Level 1:colcon.colcon_core.package_identification:_identify(.) by extensions ['colcon_pkg']
[0.805s] Level 1:colcon.colcon_core.package_identification:_identify(.) by extension 'colcon_pkg'
[0.805s] Level 1:colcon.colcon_core.package_identification:_identify(.) by extensions ['colcon_meta']
[0.805s] Level 1:colcon.colcon_core.package_identification:_identify(.) by extension 'colcon_meta'
[0.805s] Level 1:colcon.colcon_core.package_identification:_identify(.) by extensions ['ros']
[0.805s] Level 1:colcon.colcon_core.package_identification:_identify(.) by extension 'ros'
[0.835s] Level 1:colcon.colcon_core.package_identification:_identify(.) by extensions ['cmake', 'python']
[0.835s] Level 1:colcon.colcon_core.package_identification:_identify(.) by extension 'cmake'
[0.835s] Level 1:colcon.colcon_core.package_identification:_identify(.) by extension 'python'
[0.836s] Level 1:colcon.colcon_core.package_identification:_identify(.) by extensions ['python_setup_py']
[0.836s] Level 1:colcon.colcon_core.package_identification:_identify(.) by extension 'python_setup_py'
[0.836s] Level 1:colcon.colcon_core.package_identification:_identify(build) by extensions ['ignore', 'ignore_ament_install']
[0.836s] Level 1:colcon.colcon_core.package_identification:_identify(build) by extension 'ignore'
[0.836s] Level 1:colcon.colcon_core.package_identification:_identify(build) ignored
[0.836s] Level 1:colcon.colcon_core.package_identification:_identify(install) by extensions ['ignore', 'ignore_ament_install']
[0.836s] Level 1:colcon.colcon_core.package_identification:_identify(install) by extension 'ignore'
[0.836s] Level 1:colcon.colcon_core.package_identification:_identify(install) ignored
[0.836s] Level 1:colcon.colcon_core.package_identification:_identify(log) by extensions ['ignore', 'ignore_ament_install']
[0.836s] Level 1:colcon.colcon_core.package_identification:_identify(log) by extension 'ignore'
[0.837s] Level 1:colcon.colcon_core.package_identification:_identify(log) ignored
[0.837s] Level 1:colcon.colcon_core.package_identification:_identify(src) by extensions ['ignore', 'ignore_ament_install']
[0.837s] Level 1:colcon.colcon_core.package_identification:_identify(src) by extension 'ignore'
[0.837s] Level 1:colcon.colcon_core.package_identification:_identify(src) by extension 'ignore_ament_install'
[0.837s] Level 1:colcon.colcon_core.package_identification:_identify(src) by extensions ['colcon_pkg']
[0.837s] Level 1:colcon.colcon_core.package_identification:_identify(src) by extension 'colcon_pkg'
[0.837s] Level 1:colcon.colcon_core.package_identification:_identify(src) by extensions ['colcon_meta']
[0.837s] Level 1:colcon.colcon_core.package_identification:_identify(src) by extension 'colcon_meta'
[0.837s] Level 1:colcon.colcon_core.package_identification:_identify(src) by extensions ['ros']
[0.837s] Level 1:colcon.colcon_core.package_identification:_identify(src) by extension 'ros'
[0.837s] Level 1:colcon.colcon_core.package_identification:_identify(src) by extensions ['cmake', 'python']
[0.837s] Level 1:colcon.colcon_core.package_identification:_identify(src) by extension 'cmake'
[0.837s] Level 1:colcon.colcon_core.package_identification:_identify(src) by extension 'python'
[0.837s] Level 1:colcon.colcon_core.package_identification:_identify(src) by extensions ['python_setup_py']
[0.837s] Level 1:colcon.colcon_core.package_identification:_identify(src) by extension 'python_setup_py'
[0.837s] Level 1:colcon.colcon_core.package_identification:_identify(src/arm_serial_bridge) by extensions ['ignore', 'ignore_ament_install']
[0.837s] Level 1:colcon.colcon_core.package_identification:_identify(src/arm_serial_bridge) by extension 'ignore'
[0.837s] Level 1:colcon.colcon_core.package_identification:_identify(src/arm_serial_bridge) by extension 'ignore_ament_install'
[0.837s] Level 1:colcon.colcon_core.package_identification:_identify(src/arm_serial_bridge) by extensions ['colcon_pkg']
[0.837s] Level 1:colcon.colcon_core.package_identification:_identify(src/arm_serial_bridge) by extension 'colcon_pkg'
[0.837s] Level 1:colcon.colcon_core.package_identification:_identify(src/arm_serial_bridge) by extensions ['colcon_meta']
[0.837s] Level 1:colcon.colcon_core.package_identification:_identify(src/arm_serial_bridge) by extension 'colcon_meta'
[0.837s] Level 1:colcon.colcon_core.package_identification:_identify(src/arm_serial_bridge) by extensions ['ros']
[0.837s] Level 1:colcon.colcon_core.package_identification:_identify(src/arm_serial_bridge) by extension 'ros'
[0.841s] DEBUG:colcon.colcon_core.package_identification:Package 'src/arm_serial_bridge' with type 'ros.ament_python' and name 'arm_serial_bridge'
[0.841s] Level 1:colcon.colcon_core.package_identification:_identify(src/mycobot_ros2) by extensions ['ignore', 'ignore_ament_install']
[0.841s] Level 1:colcon.colcon_core.package_identification:_identify(src/mycobot_ros2) by extension 'ignore'
[0.841s] Level 1:colcon.colcon_core.package_identification:_identify(src/mycobot_ros2) by extension 'ignore_ament_install'
[0.841s] Level 1:colcon.colcon_core.package_identification:_identify(src/mycobot_ros2) by extensions ['colcon_pkg']
[0.841s] Level 1:colcon.colcon_core.package_identification:_identify(src/mycobot_ros2) by extension 'colcon_pkg'
[0.841s] Level 1:colcon.colcon_core.package_identification:_identify(src/mycobot_ros2) by extensions ['colcon_meta']
[0.841s] Level 1:colcon.colcon_core.package_identification:_identify(src/mycobot_ros2) by extension 'colcon_meta'
[0.841s] Level 1:colcon.colcon_core.package_identification:_identify(src/mycobot_ros2) by extensions ['ros']
[0.841s] Level 1:colcon.colcon_core.package_identification:_identify(src/mycobot_ros2) by extension 'ros'
[0.841s] Level 1:colcon.colcon_core.package_identification:_identify(src/mycobot_ros2) by extensions ['cmake', 'python']
[0.841s] Level 1:colcon.colcon_core.package_identification:_identify(src/mycobot_ros2) by extension 'cmake'
[0.842s] Level 1:colcon.colcon_core.package_identification:_identify(src/mycobot_ros2) by extension 'python'
[0.842s] Level 1:colcon.colcon_core.package_identification:_identify(src/mycobot_ros2) by extensions ['python_setup_py']
[0.842s] Level 1:colcon.colcon_core.package_identification:_identify(src/mycobot_ros2) by extension 'python_setup_py'
[0.842s] Level 1:colcon.colcon_core.package_identification:_identify(src/mycobot_ros2/mycobot_bringup) by extensions ['ignore', 'ignore_ament_install']
[0.842s] Level 1:colcon.colcon_core.package_identification:_identify(src/mycobot_ros2/mycobot_bringup) by extension 'ignore'
[0.842s] Level 1:colcon.colcon_core.package_identification:_identify(src/mycobot_ros2/mycobot_bringup) by extension 'ignore_ament_install'
[0.842s] Level 1:colcon.colcon_core.package_identification:_identify(src/mycobot_ros2/mycobot_bringup) by extensions ['colcon_pkg']
[0.842s] Level 1:colcon.colcon_core.package_identification:_identify(src/mycobot_ros2/mycobot_bringup) by extension 'colcon_pkg'
[0.842s] Level 1:colcon.colcon_core.package_identification:_identify(src/mycobot_ros2/mycobot_bringup) by extensions ['colcon_meta']
[0.842s] Level 1:colcon.colcon_core.package_identification:_identify(src/mycobot_ros2/mycobot_bringup) by extension 'colcon_meta'
[0.842s] Level 1:colcon.colcon_core.package_identification:_identify(src/mycobot_ros2/mycobot_bringup) by extensions ['ros']
[0.842s] Level 1:colcon.colcon_core.package_identification:_identify(src/mycobot_ros2/mycobot_bringup) by extension 'ros'
[0.842s] DEBUG:colcon.colcon_core.package_identification:Package 'src/mycobot_ros2/mycobot_bringup' with type 'ros.ament_cmake' and name 'mycobot_bringup'
[0.843s] Level 1:colcon.colcon_core.package_identification:_identify(src/mycobot_ros2/mycobot_description) by extensions ['ignore', 'ignore_ament_install']
[0.843s] Level 1:colcon.colcon_core.package_identification:_identify(src/mycobot_ros2/mycobot_description) by extension 'ignore'
[0.843s] Level 1:colcon.colcon_core.package_identification:_identify(src/mycobot_ros2/mycobot_description) by extension 'ignore_ament_install'
[0.843s] Level 1:colcon.colcon_core.package_identification:_identify(src/mycobot_ros2/mycobot_description) by extensions ['colcon_pkg']
[0.843s] Level 1:colcon.colcon_core.package_identification:_identify(src/mycobot_ros2/mycobot_description) by extension 'colcon_pkg'
[0.843s] Level 1:colcon.colcon_core.package_identification:_identify(src/mycobot_ros2/mycobot_description) by extensions ['colcon_meta']
[0.843s] Level 1:colcon.colcon_core.package_identification:_identify(src/mycobot_ros2/mycobot_description) by extension 'colcon_meta'
[0.843s] Level 1:colcon.colcon_core.package_identification:_identify(src/mycobot_ros2/mycobot_description) by extensions ['ros']
[0.843s] Level 1:colcon.colcon_core.package_identification:_identify(src/mycobot_ros2/mycobot_description) by extension 'ros'
[0.843s] DEBUG:colcon.colcon_core.package_identification:Package 'src/mycobot_ros2/mycobot_description' with type 'ros.ament_cmake' and name 'mycobot_description'
[0.843s] Level 1:colcon.colcon_core.package_identification:_identify(src/mycobot_ros2/mycobot_gazebo) by extensions ['ignore', 'ignore_ament_install']
[0.844s] Level 1:colcon.colcon_core.package_identification:_identify(src/mycobot_ros2/mycobot_gazebo) by extension 'ignore'
[0.844s] Level 1:colcon.colcon_core.package_identification:_identify(src/mycobot_ros2/mycobot_gazebo) by extension 'ignore_ament_install'
[0.844s] Level 1:colcon.colcon_core.package_identification:_identify(src/mycobot_ros2/mycobot_gazebo) by extensions ['colcon_pkg']
[0.844s] Level 1:colcon.colcon_core.package_identification:_identify(src/mycobot_ros2/mycobot_gazebo) by extension 'colcon_pkg'
[0.844s] Level 1:colcon.colcon_core.package_identification:_identify(src/mycobot_ros2/mycobot_gazebo) by extensions ['colcon_meta']
[0.844s] Level 1:colcon.colcon_core.package_identification:_identify(src/mycobot_ros2/mycobot_gazebo) by extension 'colcon_meta'
[0.844s] Level 1:colcon.colcon_core.package_identification:_identify(src/mycobot_ros2/mycobot_gazebo) by extensions ['ros']
[0.844s] Level 1:colcon.colcon_core.package_identification:_identify(src/mycobot_ros2/mycobot_gazebo) by extension 'ros'
[0.845s] DEBUG:colcon.colcon_core.package_identification:Package 'src/mycobot_ros2/mycobot_gazebo' with type 'ros.ament_cmake' and name 'mycobot_gazebo'
[0.845s] Level 1:colcon.colcon_core.package_identification:_identify(src/mycobot_ros2/mycobot_interfaces) by extensions ['ignore', 'ignore_ament_install']
[0.845s] Level 1:colcon.colcon_core.package_identification:_identify(src/mycobot_ros2/mycobot_interfaces) by extension 'ignore'
[0.845s] Level 1:colcon.colcon_core.package_identification:_identify(src/mycobot_ros2/mycobot_interfaces) by extension 'ignore_ament_install'
[0.845s] Level 1:colcon.colcon_core.package_identification:_identify(src/mycobot_ros2/mycobot_interfaces) by extensions ['colcon_pkg']
[0.845s] Level 1:colcon.colcon_core.package_identification:_identify(src/mycobot_ros2/mycobot_interfaces) by extension 'colcon_pkg'
[0.845s] Level 1:colcon.colcon_core.package_identification:_identify(src/mycobot_ros2/mycobot_interfaces) by extensions ['colcon_meta']
[0.845s] Level 1:colcon.colcon_core.package_identification:_identify(src/mycobot_ros2/mycobot_interfaces) by extension 'colcon_meta'
[0.845s] Level 1:colcon.colcon_core.package_identification:_identify(src/mycobot_ros2/mycobot_interfaces) by extensions ['ros']
[0.845s] Level 1:colcon.colcon_core.package_identification:_identify(src/mycobot_ros2/mycobot_interfaces) by extension 'ros'
[0.846s] DEBUG:colcon.colcon_core.package_identification:Package 'src/mycobot_ros2/mycobot_interfaces' with type 'ros.ament_cmake' and name 'mycobot_interfaces'
[0.846s] Level 1:colcon.colcon_core.package_identification:_identify(src/mycobot_ros2/mycobot_moveit_config) by extensions ['ignore', 'ignore_ament_install']
[0.846s] Level 1:colcon.colcon_core.package_identification:_identify(src/mycobot_ros2/mycobot_moveit_config) by extension 'ignore'
[0.846s] Level 1:colcon.colcon_core.package_identification:_identify(src/mycobot_ros2/mycobot_moveit_config) by extension 'ignore_ament_install'
[0.846s] Level 1:colcon.colcon_core.package_identification:_identify(src/mycobot_ros2/mycobot_moveit_config) by extensions ['colcon_pkg']
[0.846s] Level 1:colcon.colcon_core.package_identification:_identify(src/mycobot_ros2/mycobot_moveit_config) by extension 'colcon_pkg'
[0.846s] Level 1:colcon.colcon_core.package_identification:_identify(src/mycobot_ros2/mycobot_moveit_config) by extensions ['colcon_meta']
[0.846s] Level 1:colcon.colcon_core.package_identification:_identify(src/mycobot_ros2/mycobot_moveit_config) by extension 'colcon_meta'
[0.846s] Level 1:colcon.colcon_core.package_identification:_identify(src/mycobot_ros2/mycobot_moveit_config) by extensions ['ros']
[0.846s] Level 1:colcon.colcon_core.package_identification:_identify(src/mycobot_ros2/mycobot_moveit_config) by extension 'ros'
[0.847s] DEBUG:colcon.colcon_core.package_identification:Package 'src/mycobot_ros2/mycobot_moveit_config' with type 'ros.ament_cmake' and name 'mycobot_moveit_config'
[0.847s] Level 1:colcon.colcon_core.package_identification:_identify(src/mycobot_ros2/mycobot_moveit_demos) by extensions ['ignore', 'ignore_ament_install']
[0.847s] Level 1:colcon.colcon_core.package_identification:_identify(src/mycobot_ros2/mycobot_moveit_demos) by extension 'ignore'
[0.847s] Level 1:colcon.colcon_core.package_identification:_identify(src/mycobot_ros2/mycobot_moveit_demos) by extension 'ignore_ament_install'
[0.847s] Level 1:colcon.colcon_core.package_identification:_identify(src/mycobot_ros2/mycobot_moveit_demos) by extensions ['colcon_pkg']
[0.847s] Level 1:colcon.colcon_core.package_identification:_identify(src/mycobot_ros2/mycobot_moveit_demos) by extension 'colcon_pkg'
[0.847s] Level 1:colcon.colcon_core.package_identification:_identify(src/mycobot_ros2/mycobot_moveit_demos) by extensions ['colcon_meta']
[0.847s] Level 1:colcon.colcon_core.package_identification:_identify(src/mycobot_ros2/mycobot_moveit_demos) by extension 'colcon_meta'
[0.847s] Level 1:colcon.colcon_core.package_identification:_identify(src/mycobot_ros2/mycobot_moveit_demos) by extensions ['ros']
[0.847s] Level 1:colcon.colcon_core.package_identification:_identify(src/mycobot_ros2/mycobot_moveit_demos) by extension 'ros'
[0.848s] DEBUG:colcon.colcon_core.package_identification:Package 'src/mycobot_ros2/mycobot_moveit_demos' with type 'ros.ament_cmake' and name 'mycobot_moveit_demos'
[0.848s] Level 1:colcon.colcon_core.package_identification:_identify(src/mycobot_ros2/mycobot_mtc_demos) by extensions ['ignore', 'ignore_ament_install']
[0.848s] Level 1:colcon.colcon_core.package_identification:_identify(src/mycobot_ros2/mycobot_mtc_demos) by extension 'ignore'
[0.848s] Level 1:colcon.colcon_core.package_identification:_identify(src/mycobot_ros2/mycobot_mtc_demos) by extension 'ignore_ament_install'
[0.848s] Level 1:colcon.colcon_core.package_identification:_identify(src/mycobot_ros2/mycobot_mtc_demos) by extensions ['colcon_pkg']
[0.848s] Level 1:colcon.colcon_core.package_identification:_identify(src/mycobot_ros2/mycobot_mtc_demos) by extension 'colcon_pkg'
[0.848s] Level 1:colcon.colcon_core.package_identification:_identify(src/mycobot_ros2/mycobot_mtc_demos) by extensions ['colcon_meta']
[0.848s] Level 1:colcon.colcon_core.package_identification:_identify(src/mycobot_ros2/mycobot_mtc_demos) by extension 'colcon_meta'
[0.848s] Level 1:colcon.colcon_core.package_identification:_identify(src/mycobot_ros2/mycobot_mtc_demos) by extensions ['ros']
[0.848s] Level 1:colcon.colcon_core.package_identification:_identify(src/mycobot_ros2/mycobot_mtc_demos) by extension 'ros'
[0.849s] DEBUG:colcon.colcon_core.package_identification:Package 'src/mycobot_ros2/mycobot_mtc_demos' with type 'ros.ament_cmake' and name 'mycobot_mtc_demos'
[0.849s] Level 1:colcon.colcon_core.package_identification:_identify(src/mycobot_ros2/mycobot_mtc_pick_place_demo) by extensions ['ignore', 'ignore_ament_install']
[0.849s] Level 1:colcon.colcon_core.package_identification:_identify(src/mycobot_ros2/mycobot_mtc_pick_place_demo) by extension 'ignore'
[0.849s] Level 1:colcon.colcon_core.package_identification:_identify(src/mycobot_ros2/mycobot_mtc_pick_place_demo) by extension 'ignore_ament_install'
[0.849s] Level 1:colcon.colcon_core.package_identification:_identify(src/mycobot_ros2/mycobot_mtc_pick_place_demo) by extensions ['colcon_pkg']
[0.849s] Level 1:colcon.colcon_core.package_identification:_identify(src/mycobot_ros2/mycobot_mtc_pick_place_demo) by extension 'colcon_pkg'
[0.849s] Level 1:colcon.colcon_core.package_identification:_identify(src/mycobot_ros2/mycobot_mtc_pick_place_demo) by extensions ['colcon_meta']
[0.849s] Level 1:colcon.colcon_core.package_identification:_identify(src/mycobot_ros2/mycobot_mtc_pick_place_demo) by extension 'colcon_meta'
[0.849s] Level 1:colcon.colcon_core.package_identification:_identify(src/mycobot_ros2/mycobot_mtc_pick_place_demo) by extensions ['ros']
[0.849s] Level 1:colcon.colcon_core.package_identification:_identify(src/mycobot_ros2/mycobot_mtc_pick_place_demo) by extension 'ros'
[0.850s] DEBUG:colcon.colcon_core.package_identification:Package 'src/mycobot_ros2/mycobot_mtc_pick_place_demo' with type 'ros.ament_cmake' and name 'mycobot_mtc_pick_place_demo'
[0.851s] Level 1:colcon.colcon_core.package_identification:_identify(src/mycobot_ros2/mycobot_ros2) by extensions ['ignore', 'ignore_ament_install']
[0.851s] Level 1:colcon.colcon_core.package_identification:_identify(src/mycobot_ros2/mycobot_ros2) by extension 'ignore'
[0.851s] Level 1:colcon.colcon_core.package_identification:_identify(src/mycobot_ros2/mycobot_ros2) by extension 'ignore_ament_install'
[0.851s] Level 1:colcon.colcon_core.package_identification:_identify(src/mycobot_ros2/mycobot_ros2) by extensions ['colcon_pkg']
[0.851s] Level 1:colcon.colcon_core.package_identification:_identify(src/mycobot_ros2/mycobot_ros2) by extension 'colcon_pkg'
[0.851s] Level 1:colcon.colcon_core.package_identification:_identify(src/mycobot_ros2/mycobot_ros2) by extensions ['colcon_meta']
[0.851s] Level 1:colcon.colcon_core.package_identification:_identify(src/mycobot_ros2/mycobot_ros2) by extension 'colcon_meta'
[0.851s] Level 1:colcon.colcon_core.package_identification:_identify(src/mycobot_ros2/mycobot_ros2) by extensions ['ros']
[0.851s] Level 1:colcon.colcon_core.package_identification:_identify(src/mycobot_ros2/mycobot_ros2) by extension 'ros'
[0.851s] DEBUG:colcon.colcon_core.package_identification:Package 'src/mycobot_ros2/mycobot_ros2' with type 'ros.ament_cmake' and name 'mycobot_ros2'
[0.851s] Level 1:colcon.colcon_core.package_identification:_identify(src/mycobot_ros2/mycobot_system_tests) by extensions ['ignore', 'ignore_ament_install']
[0.852s] Level 1:colcon.colcon_core.package_identification:_identify(src/mycobot_ros2/mycobot_system_tests) by extension 'ignore'
[0.852s] Level 1:colcon.colcon_core.package_identification:_identify(src/mycobot_ros2/mycobot_system_tests) by extension 'ignore_ament_install'
[0.852s] Level 1:colcon.colcon_core.package_identification:_identify(src/mycobot_ros2/mycobot_system_tests) by extensions ['colcon_pkg']
[0.852s] Level 1:colcon.colcon_core.package_identification:_identify(src/mycobot_ros2/mycobot_system_tests) by extension 'colcon_pkg'
[0.852s] Level 1:colcon.colcon_core.package_identification:_identify(src/mycobot_ros2/mycobot_system_tests) by extensions ['colcon_meta']
[0.852s] Level 1:colcon.colcon_core.package_identification:_identify(src/mycobot_ros2/mycobot_system_tests) by extension 'colcon_meta'
[0.852s] Level 1:colcon.colcon_core.package_identification:_identify(src/mycobot_ros2/mycobot_system_tests) by extensions ['ros']
[0.852s] Level 1:colcon.colcon_core.package_identification:_identify(src/mycobot_ros2/mycobot_system_tests) by extension 'ros'
[0.938s] DEBUG:colcon.colcon_core.package_identification:Package 'src/mycobot_ros2/mycobot_system_tests' with type 'ros.ament_cmake' and name 'mycobot_system_tests'
[0.939s] Level 1:colcon.colcon_core.package_discovery:discover_packages(recursive) using defaults
[0.939s] Level 1:colcon.colcon_core.package_discovery:discover_packages(ignore) discover
[0.939s] Level 1:colcon.colcon_core.package_discovery:discover_packages(ignore) using defaults
[0.939s] Level 1:colcon.colcon_core.package_discovery:discover_packages(path) discover
[0.939s] Level 1:colcon.colcon_core.package_discovery:discover_packages(path) using defaults
[0.990s] Level 1:colcon.colcon_core.package_discovery:discover_packages(prefix_path) check parameters
[0.990s] Level 1:colcon.colcon_core.package_discovery:discover_packages(prefix_path) discover
[0.993s] WARNING:colcon.colcon_ros.prefix_path.ament:The path '/home/ibrahim/ros2_ws/install/mycobot_ros2' in the environment variable AMENT_PREFIX_PATH doesn't exist
[0.993s] WARNING:colcon.colcon_ros.prefix_path.ament:The path '/home/ibrahim/ros2_ws/install/mycobot_system_tests' in the environment variable AMENT_PREFIX_PATH doesn't exist
[0.993s] WARNING:colcon.colcon_ros.prefix_path.ament:The path '/home/ibrahim/ros2_ws/install/mycobot_mtc_pick_place_demo' in the environment variable AMENT_PREFIX_PATH doesn't exist
[0.993s] WARNING:colcon.colcon_ros.prefix_path.ament:The path '/home/ibrahim/ros2_ws/install/mycobot_mtc_demos' in the environment variable AMENT_PREFIX_PATH doesn't exist
[0.993s] WARNING:colcon.colcon_ros.prefix_path.ament:The path '/home/ibrahim/ros2_ws/install/mycobot_moveit_demos' in the environment variable AMENT_PREFIX_PATH doesn't exist
[0.993s] WARNING:colcon.colcon_ros.prefix_path.ament:The path '/home/ibrahim/ros2_ws/install/mycobot_moveit_config' in the environment variable AMENT_PREFIX_PATH doesn't exist
[0.993s] WARNING:colcon.colcon_ros.prefix_path.ament:The path '/home/ibrahim/ros2_ws/install/mycobot_interfaces' in the environment variable AMENT_PREFIX_PATH doesn't exist
[0.993s] WARNING:colcon.colcon_ros.prefix_path.ament:The path '/home/ibrahim/ros2_ws/install/mycobot_gazebo' in the environment variable AMENT_PREFIX_PATH doesn't exist
[0.993s] WARNING:colcon.colcon_ros.prefix_path.ament:The path '/home/ibrahim/ros2_ws/install/mycobot_description' in the environment variable AMENT_PREFIX_PATH doesn't exist
[0.994s] WARNING:colcon.colcon_ros.prefix_path.ament:The path '/home/ibrahim/ros2_ws/install/mycobot_bringup' in the environment variable AMENT_PREFIX_PATH doesn't exist
[0.994s] WARNING:colcon.colcon_ros.prefix_path.ament:The path '/home/ibrahim/ros2_ws/install/arm_serial_bridge' in the environment variable AMENT_PREFIX_PATH doesn't exist
[0.994s] WARNING:colcon.colcon_ros.prefix_path.catkin:The path '/home/ibrahim/ros2_ws/install/mycobot_ros2' in the environment variable CMAKE_PREFIX_PATH doesn't exist
[0.994s] WARNING:colcon.colcon_ros.prefix_path.catkin:The path '/home/ibrahim/ros2_ws/install/mycobot_system_tests' in the environment variable CMAKE_PREFIX_PATH doesn't exist
[0.994s] WARNING:colcon.colcon_ros.prefix_path.catkin:The path '/home/ibrahim/ros2_ws/install/mycobot_mtc_pick_place_demo' in the environment variable CMAKE_PREFIX_PATH doesn't exist
[0.994s] WARNING:colcon.colcon_ros.prefix_path.catkin:The path '/home/ibrahim/ros2_ws/install/mycobot_mtc_demos' in the environment variable CMAKE_PREFIX_PATH doesn't exist
[0.994s] WARNING:colcon.colcon_ros.prefix_path.catkin:The path '/home/ibrahim/ros2_ws/install/mycobot_moveit_demos' in the environment variable CMAKE_PREFIX_PATH doesn't exist
[0.994s] WARNING:colcon.colcon_ros.prefix_path.catkin:The path '/home/ibrahim/ros2_ws/install/mycobot_moveit_config' in the environment variable CMAKE_PREFIX_PATH doesn't exist
[0.994s] WARNING:colcon.colcon_ros.prefix_path.catkin:The path '/home/ibrahim/ros2_ws/install/mycobot_interfaces' in the environment variable CMAKE_PREFIX_PATH doesn't exist
[0.994s] WARNING:colcon.colcon_ros.prefix_path.catkin:The path '/home/ibrahim/ros2_ws/install/mycobot_gazebo' in the environment variable CMAKE_PREFIX_PATH doesn't exist
[0.994s] WARNING:colcon.colcon_ros.prefix_path.catkin:The path '/home/ibrahim/ros2_ws/install/mycobot_description' in the environment variable CMAKE_PREFIX_PATH doesn't exist
[0.994s] WARNING:colcon.colcon_ros.prefix_path.catkin:The path '/home/ibrahim/ros2_ws/install/mycobot_bringup' in the environment variable CMAKE_PREFIX_PATH doesn't exist
[0.995s] DEBUG:colcon.colcon_installed_package_information.package_discovery:Found 0 installed packages in /home/ibrahim/ros2_ws/install
[0.997s] DEBUG:colcon.colcon_installed_package_information.package_discovery:Found 425 installed packages in /opt/ros/jazzy
[0.999s] Level 1:colcon.colcon_core.package_discovery:discover_packages(prefix_path) using defaults
[1.058s] Level 5:colcon.colcon_core.verb:set package 'arm_serial_bridge' build argument 'cmake_args' from command line to 'None'
[1.059s] Level 5:colcon.colcon_core.verb:set package 'arm_serial_bridge' build argument 'cmake_target' from command line to 'None'
[1.059s] Level 5:colcon.colcon_core.verb:set package 'arm_serial_bridge' build argument 'cmake_target_skip_unavailable' from command line to 'False'
[1.059s] Level 5:colcon.colcon_core.verb:set package 'arm_serial_bridge' build argument 'cmake_clean_cache' from command line to 'False'
[1.059s] Level 5:colcon.colcon_core.verb:set package 'arm_serial_bridge' build argument 'cmake_clean_first' from command line to 'False'
[1.059s] Level 5:colcon.colcon_core.verb:set package 'arm_serial_bridge' build argument 'cmake_force_configure' from command line to 'False'
[1.059s] Level 5:colcon.colcon_core.verb:set package 'arm_serial_bridge' build argument 'ament_cmake_args' from command line to 'None'
[1.059s] Level 5:colcon.colcon_core.verb:set package 'arm_serial_bridge' build argument 'catkin_cmake_args' from command line to 'None'
[1.059s] Level 5:colcon.colcon_core.verb:set package 'arm_serial_bridge' build argument 'catkin_skip_building_tests' from command line to 'False'
[1.059s] DEBUG:colcon.colcon_core.verb:Building package 'arm_serial_bridge' with the following arguments: {'ament_cmake_args': None, 'build_base': '/home/ibrahim/ros2_ws/build/arm_serial_bridge', 'catkin_cmake_args': None, 'catkin_skip_building_tests': False, 'cmake_args': None, 'cmake_clean_cache': False, 'cmake_clean_first': False, 'cmake_force_configure': False, 'cmake_target': None, 'cmake_target_skip_unavailable': False, 'install_base': '/home/ibrahim/ros2_ws/install/arm_serial_bridge', 'merge_install': False, 'path': '/home/ibrahim/ros2_ws/src/arm_serial_bridge', 'symlink_install': False, 'test_result_base': None}
[1.059s] Level 5:colcon.colcon_core.verb:set package 'mycobot_bringup' build argument 'cmake_args' from command line to 'None'
[1.059s] Level 5:colcon.colcon_core.verb:set package 'mycobot_bringup' build argument 'cmake_target' from command line to 'None'
[1.059s] Level 5:colcon.colcon_core.verb:set package 'mycobot_bringup' build argument 'cmake_target_skip_unavailable' from command line to 'False'
[1.059s] Level 5:colcon.colcon_core.verb:set package 'mycobot_bringup' build argument 'cmake_clean_cache' from command line to 'False'
[1.059s] Level 5:colcon.colcon_core.verb:set package 'mycobot_bringup' build argument 'cmake_clean_first' from command line to 'False'
[1.059s] Level 5:colcon.colcon_core.verb:set package 'mycobot_bringup' build argument 'cmake_force_configure' from command line to 'False'
[1.059s] Level 5:colcon.colcon_core.verb:set package 'mycobot_bringup' build argument 'ament_cmake_args' from command line to 'None'
[1.059s] Level 5:colcon.colcon_core.verb:set package 'mycobot_bringup' build argument 'catkin_cmake_args' from command line to 'None'
[1.059s] Level 5:colcon.colcon_core.verb:set package 'mycobot_bringup' build argument 'catkin_skip_building_tests' from command line to 'False'
[1.059s] DEBUG:colcon.colcon_core.verb:Building package 'mycobot_bringup' with the following arguments: {'ament_cmake_args': None, 'build_base': '/home/ibrahim/ros2_ws/build/mycobot_bringup', 'catkin_cmake_args': None, 'catkin_skip_building_tests': False, 'cmake_args': None, 'cmake_clean_cache': False, 'cmake_clean_first': False, 'cmake_force_configure': False, 'cmake_target': None, 'cmake_target_skip_unavailable': False, 'install_base': '/home/ibrahim/ros2_ws/install/mycobot_bringup', 'merge_install': False, 'path': '/home/ibrahim/ros2_ws/src/mycobot_ros2/mycobot_bringup', 'symlink_install': False, 'test_result_base': None}
[1.060s] Level 5:colcon.colcon_core.verb:set package 'mycobot_description' build argument 'cmake_args' from command line to 'None'
[1.060s] Level 5:colcon.colcon_core.verb:set package 'mycobot_description' build argument 'cmake_target' from command line to 'None'
[1.060s] Level 5:colcon.colcon_core.verb:set package 'mycobot_description' build argument 'cmake_target_skip_unavailable' from command line to 'False'
[1.060s] Level 5:colcon.colcon_core.verb:set package 'mycobot_description' build argument 'cmake_clean_cache' from command line to 'False'
[1.060s] Level 5:colcon.colcon_core.verb:set package 'mycobot_description' build argument 'cmake_clean_first' from command line to 'False'
[1.060s] Level 5:colcon.colcon_core.verb:set package 'mycobot_description' build argument 'cmake_force_configure' from command line to 'False'
[1.060s] Level 5:colcon.colcon_core.verb:set package 'mycobot_description' build argument 'ament_cmake_args' from command line to 'None'
[1.060s] Level 5:colcon.colcon_core.verb:set package 'mycobot_description' build argument 'catkin_cmake_args' from command line to 'None'
[1.060s] Level 5:colcon.colcon_core.verb:set package 'mycobot_description' build argument 'catkin_skip_building_tests' from command line to 'False'
[1.060s] DEBUG:colcon.colcon_core.verb:Building package 'mycobot_description' with the following arguments: {'ament_cmake_args': None, 'build_base': '/home/ibrahim/ros2_ws/build/mycobot_description', 'catkin_cmake_args': None, 'catkin_skip_building_tests': False, 'cmake_args': None, 'cmake_clean_cache': False, 'cmake_clean_first': False, 'cmake_force_configure': False, 'cmake_target': None, 'cmake_target_skip_unavailable': False, 'install_base': '/home/ibrahim/ros2_ws/install/mycobot_description', 'merge_install': False, 'path': '/home/ibrahim/ros2_ws/src/mycobot_ros2/mycobot_description', 'symlink_install': False, 'test_result_base': None}
[1.060s] Level 5:colcon.colcon_core.verb:set package 'mycobot_gazebo' build argument 'cmake_args' from command line to 'None'
[1.060s] Level 5:colcon.colcon_core.verb:set package 'mycobot_gazebo' build argument 'cmake_target' from command line to 'None'
[1.060s] Level 5:colcon.colcon_core.verb:set package 'mycobot_gazebo' build argument 'cmake_target_skip_unavailable' from command line to 'False'
[1.060s] Level 5:colcon.colcon_core.verb:set package 'mycobot_gazebo' build argument 'cmake_clean_cache' from command line to 'False'
[1.060s] Level 5:colcon.colcon_core.verb:set package 'mycobot_gazebo' build argument 'cmake_clean_first' from command line to 'False'
[1.060s] Level 5:colcon.colcon_core.verb:set package 'mycobot_gazebo' build argument 'cmake_force_configure' from command line to 'False'
[1.060s] Level 5:colcon.colcon_core.verb:set package 'mycobot_gazebo' build argument 'ament_cmake_args' from command line to 'None'
[1.060s] Level 5:colcon.colcon_core.verb:set package 'mycobot_gazebo' build argument 'catkin_cmake_args' from command line to 'None'
[1.060s] Level 5:colcon.colcon_core.verb:set package 'mycobot_gazebo' build argument 'catkin_skip_building_tests' from command line to 'False'
[1.060s] DEBUG:colcon.colcon_core.verb:Building package 'mycobot_gazebo' with the following arguments: {'ament_cmake_args': None, 'build_base': '/home/ibrahim/ros2_ws/build/mycobot_gazebo', 'catkin_cmake_args': None, 'catkin_skip_building_tests': False, 'cmake_args': None, 'cmake_clean_cache': False, 'cmake_clean_first': False, 'cmake_force_configure': False, 'cmake_target': None, 'cmake_target_skip_unavailable': False, 'install_base': '/home/ibrahim/ros2_ws/install/mycobot_gazebo', 'merge_install': False, 'path': '/home/ibrahim/ros2_ws/src/mycobot_ros2/mycobot_gazebo', 'symlink_install': False, 'test_result_base': None}
[1.060s] Level 5:colcon.colcon_core.verb:set package 'mycobot_interfaces' build argument 'cmake_args' from command line to 'None'
[1.060s] Level 5:colcon.colcon_core.verb:set package 'mycobot_interfaces' build argument 'cmake_target' from command line to 'None'
[1.060s] Level 5:colcon.colcon_core.verb:set package 'mycobot_interfaces' build argument 'cmake_target_skip_unavailable' from command line to 'False'
[1.060s] Level 5:colcon.colcon_core.verb:set package 'mycobot_interfaces' build argument 'cmake_clean_cache' from command line to 'False'
[1.060s] Level 5:colcon.colcon_core.verb:set package 'mycobot_interfaces' build argument 'cmake_clean_first' from command line to 'False'
[1.060s] Level 5:colcon.colcon_core.verb:set package 'mycobot_interfaces' build argument 'cmake_force_configure' from command line to 'False'
[1.060s] Level 5:colcon.colcon_core.verb:set package 'mycobot_interfaces' build argument 'ament_cmake_args' from command line to 'None'
[1.060s] Level 5:colcon.colcon_core.verb:set package 'mycobot_interfaces' build argument 'catkin_cmake_args' from command line to 'None'
[1.060s] Level 5:colcon.colcon_core.verb:set package 'mycobot_interfaces' build argument 'catkin_skip_building_tests' from command line to 'False'
[1.061s] DEBUG:colcon.colcon_core.verb:Building package 'mycobot_interfaces' with the following arguments: {'ament_cmake_args': None, 'build_base': '/home/ibrahim/ros2_ws/build/mycobot_interfaces', 'catkin_cmake_args': None, 'catkin_skip_building_tests': False, 'cmake_args': None, 'cmake_clean_cache': False, 'cmake_clean_first': False, 'cmake_force_configure': False, 'cmake_target': None, 'cmake_target_skip_unavailable': False, 'install_base': '/home/ibrahim/ros2_ws/install/mycobot_interfaces', 'merge_install': False, 'path': '/home/ibrahim/ros2_ws/src/mycobot_ros2/mycobot_interfaces', 'symlink_install': False, 'test_result_base': None}
[1.061s] Level 5:colcon.colcon_core.verb:set package 'mycobot_moveit_config' build argument 'cmake_args' from command line to 'None'
[1.061s] Level 5:colcon.colcon_core.verb:set package 'mycobot_moveit_config' build argument 'cmake_target' from command line to 'None'
[1.061s] Level 5:colcon.colcon_core.verb:set package 'mycobot_moveit_config' build argument 'cmake_target_skip_unavailable' from command line to 'False'
[1.061s] Level 5:colcon.colcon_core.verb:set package 'mycobot_moveit_config' build argument 'cmake_clean_cache' from command line to 'False'
[1.061s] Level 5:colcon.colcon_core.verb:set package 'mycobot_moveit_config' build argument 'cmake_clean_first' from command line to 'False'
[1.061s] Level 5:colcon.colcon_core.verb:set package 'mycobot_moveit_config' build argument 'cmake_force_configure' from command line to 'False'
[1.061s] Level 5:colcon.colcon_core.verb:set package 'mycobot_moveit_config' build argument 'ament_cmake_args' from command line to 'None'
[1.061s] Level 5:colcon.colcon_core.verb:set package 'mycobot_moveit_config' build argument 'catkin_cmake_args' from command line to 'None'
[1.061s] Level 5:colcon.colcon_core.verb:set package 'mycobot_moveit_config' build argument 'catkin_skip_building_tests' from command line to 'False'
[1.061s] DEBUG:colcon.colcon_core.verb:Building package 'mycobot_moveit_config' with the following arguments: {'ament_cmake_args': None, 'build_base': '/home/ibrahim/ros2_ws/build/mycobot_moveit_config', 'catkin_cmake_args': None, 'catkin_skip_building_tests': False, 'cmake_args': None, 'cmake_clean_cache': False, 'cmake_clean_first': False, 'cmake_force_configure': False, 'cmake_target': None, 'cmake_target_skip_unavailable': False, 'install_base': '/home/ibrahim/ros2_ws/install/mycobot_moveit_config', 'merge_install': False, 'path': '/home/ibrahim/ros2_ws/src/mycobot_ros2/mycobot_moveit_config', 'symlink_install': False, 'test_result_base': None}
[1.061s] Level 5:colcon.colcon_core.verb:set package 'mycobot_moveit_demos' build argument 'cmake_args' from command line to 'None'
[1.061s] Level 5:colcon.colcon_core.verb:set package 'mycobot_moveit_demos' build argument 'cmake_target' from command line to 'None'
[1.061s] Level 5:colcon.colcon_core.verb:set package 'mycobot_moveit_demos' build argument 'cmake_target_skip_unavailable' from command line to 'False'
[1.061s] Level 5:colcon.colcon_core.verb:set package 'mycobot_moveit_demos' build argument 'cmake_clean_cache' from command line to 'False'
[1.061s] Level 5:colcon.colcon_core.verb:set package 'mycobot_moveit_demos' build argument 'cmake_clean_first' from command line to 'False'
[1.061s] Level 5:colcon.colcon_core.verb:set package 'mycobot_moveit_demos' build argument 'cmake_force_configure' from command line to 'False'
[1.061s] Level 5:colcon.colcon_core.verb:set package 'mycobot_moveit_demos' build argument 'ament_cmake_args' from command line to 'None'
[1.061s] Level 5:colcon.colcon_core.verb:set package 'mycobot_moveit_demos' build argument 'catkin_cmake_args' from command line to 'None'
[1.061s] Level 5:colcon.colcon_core.verb:set package 'mycobot_moveit_demos' build argument 'catkin_skip_building_tests' from command line to 'False'
[1.061s] DEBUG:colcon.colcon_core.verb:Building package 'mycobot_moveit_demos' with the following arguments: {'ament_cmake_args': None, 'build_base': '/home/ibrahim/ros2_ws/build/mycobot_moveit_demos', 'catkin_cmake_args': None, 'catkin_skip_building_tests': False, 'cmake_args': None, 'cmake_clean_cache': False, 'cmake_clean_first': False, 'cmake_force_configure': False, 'cmake_target': None, 'cmake_target_skip_unavailable': False, 'install_base': '/home/ibrahim/ros2_ws/install/mycobot_moveit_demos', 'merge_install': False, 'path': '/home/ibrahim/ros2_ws/src/mycobot_ros2/mycobot_moveit_demos', 'symlink_install': False, 'test_result_base': None}
[1.061s] Level 5:colcon.colcon_core.verb:set package 'mycobot_mtc_demos' build argument 'cmake_args' from command line to 'None'
[1.061s] Level 5:colcon.colcon_core.verb:set package 'mycobot_mtc_demos' build argument 'cmake_target' from command line to 'None'
[1.062s] Level 5:colcon.colcon_core.verb:set package 'mycobot_mtc_demos' build argument 'cmake_target_skip_unavailable' from command line to 'False'
[1.062s] Level 5:colcon.colcon_core.verb:set package 'mycobot_mtc_demos' build argument 'cmake_clean_cache' from command line to 'False'
[1.062s] Level 5:colcon.colcon_core.verb:set package 'mycobot_mtc_demos' build argument 'cmake_clean_first' from command line to 'False'
[1.062s] Level 5:colcon.colcon_core.verb:set package 'mycobot_mtc_demos' build argument 'cmake_force_configure' from command line to 'False'
[1.062s] Level 5:colcon.colcon_core.verb:set package 'mycobot_mtc_demos' build argument 'ament_cmake_args' from command line to 'None'
[1.062s] Level 5:colcon.colcon_core.verb:set package 'mycobot_mtc_demos' build argument 'catkin_cmake_args' from command line to 'None'
[1.062s] Level 5:colcon.colcon_core.verb:set package 'mycobot_mtc_demos' build argument 'catkin_skip_building_tests' from command line to 'False'
[1.062s] DEBUG:colcon.colcon_core.verb:Building package 'mycobot_mtc_demos' with the following arguments: {'ament_cmake_args': None, 'build_base': '/home/ibrahim/ros2_ws/build/mycobot_mtc_demos', 'catkin_cmake_args': None, 'catkin_skip_building_tests': False, 'cmake_args': None, 'cmake_clean_cache': False, 'cmake_clean_first': False, 'cmake_force_configure': False, 'cmake_target': None, 'cmake_target_skip_unavailable': False, 'install_base': '/home/ibrahim/ros2_ws/install/mycobot_mtc_demos', 'merge_install': False, 'path': '/home/ibrahim/ros2_ws/src/mycobot_ros2/mycobot_mtc_demos', 'symlink_install': False, 'test_result_base': None}
[1.062s] Level 5:colcon.colcon_core.verb:set package 'mycobot_system_tests' build argument 'cmake_args' from command line to 'None'
[1.062s] Level 5:colcon.colcon_core.verb:set package 'mycobot_system_tests' build argument 'cmake_target' from command line to 'None'
[1.062s] Level 5:colcon.colcon_core.verb:set package 'mycobot_system_tests' build argument 'cmake_target_skip_unavailable' from command line to 'False'
[1.062s] Level 5:colcon.colcon_core.verb:set package 'mycobot_system_tests' build argument 'cmake_clean_cache' from command line to 'False'
[1.062s] Level 5:colcon.colcon_core.verb:set package 'mycobot_system_tests' build argument 'cmake_clean_first' from command line to 'False'
[1.062s] Level 5:colcon.colcon_core.verb:set package 'mycobot_system_tests' build argument 'cmake_force_configure' from command line to 'False'
[1.062s] Level 5:colcon.colcon_core.verb:set package 'mycobot_system_tests' build argument 'ament_cmake_args' from command line to 'None'
[1.062s] Level 5:colcon.colcon_core.verb:set package 'mycobot_system_tests' build argument 'catkin_cmake_args' from command line to 'None'
[1.062s] Level 5:colcon.colcon_core.verb:set package 'mycobot_system_tests' build argument 'catkin_skip_building_tests' from command line to 'False'
[1.062s] DEBUG:colcon.colcon_core.verb:Building package 'mycobot_system_tests' with the following arguments: {'ament_cmake_args': None, 'build_base': '/home/ibrahim/ros2_ws/build/mycobot_system_tests', 'catkin_cmake_args': None, 'catkin_skip_building_tests': False, 'cmake_args': None, 'cmake_clean_cache': False, 'cmake_clean_first': False, 'cmake_force_configure': False, 'cmake_target': None, 'cmake_target_skip_unavailable': False, 'install_base': '/home/ibrahim/ros2_ws/install/mycobot_system_tests', 'merge_install': False, 'path': '/home/ibrahim/ros2_ws/src/mycobot_ros2/mycobot_system_tests', 'symlink_install': False, 'test_result_base': None}
[1.062s] Level 5:colcon.colcon_core.verb:set package 'mycobot_mtc_pick_place_demo' build argument 'cmake_args' from command line to 'None'
[1.062s] Level 5:colcon.colcon_core.verb:set package 'mycobot_mtc_pick_place_demo' build argument 'cmake_target' from command line to 'None'
[1.062s] Level 5:colcon.colcon_core.verb:set package 'mycobot_mtc_pick_place_demo' build argument 'cmake_target_skip_unavailable' from command line to 'False'
[1.062s] Level 5:colcon.colcon_core.verb:set package 'mycobot_mtc_pick_place_demo' build argument 'cmake_clean_cache' from command line to 'False'
[1.062s] Level 5:colcon.colcon_core.verb:set package 'mycobot_mtc_pick_place_demo' build argument 'cmake_clean_first' from command line to 'False'
[1.063s] Level 5:colcon.colcon_core.verb:set package 'mycobot_mtc_pick_place_demo' build argument 'cmake_force_configure' from command line to 'False'
[1.063s] Level 5:colcon.colcon_core.verb:set package 'mycobot_mtc_pick_place_demo' build argument 'ament_cmake_args' from command line to 'None'
[1.063s] Level 5:colcon.colcon_core.verb:set package 'mycobot_mtc_pick_place_demo' build argument 'catkin_cmake_args' from command line to 'None'
[1.063s] Level 5:colcon.colcon_core.verb:set package 'mycobot_mtc_pick_place_demo' build argument 'catkin_skip_building_tests' from command line to 'False'
[1.063s] DEBUG:colcon.colcon_core.verb:Building package 'mycobot_mtc_pick_place_demo' with the following arguments: {'ament_cmake_args': None, 'build_base': '/home/ibrahim/ros2_ws/build/mycobot_mtc_pick_place_demo', 'catkin_cmake_args': None, 'catkin_skip_building_tests': False, 'cmake_args': None, 'cmake_clean_cache': False, 'cmake_clean_first': False, 'cmake_force_configure': False, 'cmake_target': None, 'cmake_target_skip_unavailable': False, 'install_base': '/home/ibrahim/ros2_ws/install/mycobot_mtc_pick_place_demo', 'merge_install': False, 'path': '/home/ibrahim/ros2_ws/src/mycobot_ros2/mycobot_mtc_pick_place_demo', 'symlink_install': False, 'test_result_base': None}
[1.063s] Level 5:colcon.colcon_core.verb:set package 'mycobot_ros2' build argument 'cmake_args' from command line to 'None'
[1.063s] Level 5:colcon.colcon_core.verb:set package 'mycobot_ros2' build argument 'cmake_target' from command line to 'None'
[1.063s] Level 5:colcon.colcon_core.verb:set package 'mycobot_ros2' build argument 'cmake_target_skip_unavailable' from command line to 'False'
[1.063s] Level 5:colcon.colcon_core.verb:set package 'mycobot_ros2' build argument 'cmake_clean_cache' from command line to 'False'
[1.063s] Level 5:colcon.colcon_core.verb:set package 'mycobot_ros2' build argument 'cmake_clean_first' from command line to 'False'
[1.063s] Level 5:colcon.colcon_core.verb:set package 'mycobot_ros2' build argument 'cmake_force_configure' from command line to 'False'
[1.063s] Level 5:colcon.colcon_core.verb:set package 'mycobot_ros2' build argument 'ament_cmake_args' from command line to 'None'
[1.063s] Level 5:colcon.colcon_core.verb:set package 'mycobot_ros2' build argument 'catkin_cmake_args' from command line to 'None'
[1.063s] Level 5:colcon.colcon_core.verb:set package 'mycobot_ros2' build argument 'catkin_skip_building_tests' from command line to 'False'
[1.063s] DEBUG:colcon.colcon_core.verb:Building package 'mycobot_ros2' with the following arguments: {'ament_cmake_args': None, 'build_base': '/home/ibrahim/ros2_ws/build/mycobot_ros2', 'catkin_cmake_args': None, 'catkin_skip_building_tests': False, 'cmake_args': None, 'cmake_clean_cache': False, 'cmake_clean_first': False, 'cmake_force_configure': False, 'cmake_target': None, 'cmake_target_skip_unavailable': False, 'install_base': '/home/ibrahim/ros2_ws/install/mycobot_ros2', 'merge_install': False, 'path': '/home/ibrahim/ros2_ws/src/mycobot_ros2/mycobot_ros2', 'symlink_install': False, 'test_result_base': None}
[1.063s] INFO:colcon.colcon_core.executor:Executing jobs using 'parallel' executor
[1.068s] DEBUG:colcon.colcon_parallel_executor.executor.parallel:run_until_complete
[1.069s] INFO:colcon.colcon_ros.task.ament_cmake.build:Building ROS package in '/home/ibrahim/ros2_ws/src/mycobot_ros2/mycobot_bringup' with build type 'ament_cmake'
[1.069s] INFO:colcon.colcon_cmake.task.cmake.build:Building CMake package in '/home/ibrahim/ros2_ws/src/mycobot_ros2/mycobot_bringup'
[1.075s] INFO:colcon.colcon_core.plugin_system:Skipping extension 'colcon_core.shell.bat': Not used on non-Windows systems
[1.075s] INFO:colcon.colcon_core.shell:Skip shell extension 'powershell' for command environment: Not usable outside of PowerShell
[1.075s] DEBUG:colcon.colcon_core.shell:Skip shell extension 'dsv' for command environment
[1.082s] INFO:colcon.colcon_ros.task.ament_cmake.build:Building ROS package in '/home/ibrahim/ros2_ws/src/mycobot_ros2/mycobot_description' with build type 'ament_cmake'
[1.083s] INFO:colcon.colcon_cmake.task.cmake.build:Building CMake package in '/home/ibrahim/ros2_ws/src/mycobot_ros2/mycobot_description'
[1.083s] INFO:colcon.colcon_core.shell:Skip shell extension 'powershell' for command environment: Not usable outside of PowerShell
[1.083s] DEBUG:colcon.colcon_core.shell:Skip shell extension 'dsv' for command environment
[1.090s] INFO:colcon.colcon_ros.task.ament_cmake.build:Building ROS package in '/home/ibrahim/ros2_ws/src/mycobot_ros2/mycobot_gazebo' with build type 'ament_cmake'
[1.090s] INFO:colcon.colcon_cmake.task.cmake.build:Building CMake package in '/home/ibrahim/ros2_ws/src/mycobot_ros2/mycobot_gazebo'
[1.090s] INFO:colcon.colcon_core.shell:Skip shell extension 'powershell' for command environment: Not usable outside of PowerShell
[1.091s] DEBUG:colcon.colcon_core.shell:Skip shell extension 'dsv' for command environment
[1.098s] INFO:colcon.colcon_ros.task.ament_cmake.build:Building ROS package in '/home/ibrahim/ros2_ws/src/mycobot_ros2/mycobot_interfaces' with build type 'ament_cmake'
[1.098s] INFO:colcon.colcon_cmake.task.cmake.build:Building CMake package in '/home/ibrahim/ros2_ws/src/mycobot_ros2/mycobot_interfaces'
[1.099s] INFO:colcon.colcon_core.shell:Skip shell extension 'powershell' for command environment: Not usable outside of PowerShell
[1.099s] DEBUG:colcon.colcon_core.shell:Skip shell extension 'dsv' for command environment
[1.130s] DEBUG:colcon.colcon_core.event_handler.log_command:Invoking command in '/home/ibrahim/ros2_ws/build/mycobot_bringup': CMAKE_PREFIX_PATH=${CMAKE_PREFIX_PATH}:/home/ibrahim/ros2_ws/install/arm_serial_bridge:/opt/ros/jazzy DEBUGINFOD_URLS=https://debuginfod.ubuntu.com PS1=\[\e]0;\u@\h: \w\a\]${debian_chroot:+($debian_chroot)}\[\033[01;32m\]\u@\h\[\033[00m\]:\[\033[01;34m\]\w\[\033[00m\]\$ /usr/bin/cmake /home/ibrahim/ros2_ws/src/mycobot_ros2/mycobot_bringup -DCMAKE_INSTALL_PREFIX=/home/ibrahim/ros2_ws/install/mycobot_bringup
[1.133s] DEBUG:colcon.colcon_core.event_handler.log_command:Invoking command in '/home/ibrahim/ros2_ws/build/mycobot_description': CMAKE_PREFIX_PATH=${CMAKE_PREFIX_PATH}:/home/ibrahim/ros2_ws/install/arm_serial_bridge:/opt/ros/jazzy DEBUGINFOD_URLS=https://debuginfod.ubuntu.com PS1=\[\e]0;\u@\h: \w\a\]${debian_chroot:+($debian_chroot)}\[\033[01;32m\]\u@\h\[\033[00m\]:\[\033[01;34m\]\w\[\033[00m\]\$ /usr/bin/cmake /home/ibrahim/ros2_ws/src/mycobot_ros2/mycobot_description -DCMAKE_INSTALL_PREFIX=/home/ibrahim/ros2_ws/install/mycobot_description
[1.146s] DEBUG:colcon.colcon_core.event_handler.log_command:Invoking command in '/home/ibrahim/ros2_ws/build/mycobot_gazebo': CMAKE_PREFIX_PATH=${CMAKE_PREFIX_PATH}:/home/ibrahim/ros2_ws/install/arm_serial_bridge:/opt/ros/jazzy DEBUGINFOD_URLS=https://debuginfod.ubuntu.com PS1=\[\e]0;\u@\h: \w\a\]${debian_chroot:+($debian_chroot)}\[\033[01;32m\]\u@\h\[\033[00m\]:\[\033[01;34m\]\w\[\033[00m\]\$ /usr/bin/cmake /home/ibrahim/ros2_ws/src/mycobot_ros2/mycobot_gazebo -DCMAKE_INSTALL_PREFIX=/home/ibrahim/ros2_ws/install/mycobot_gazebo
[1.150s] DEBUG:colcon.colcon_core.event_handler.log_command:Invoking command in '/home/ibrahim/ros2_ws/build/mycobot_interfaces': CMAKE_PREFIX_PATH=${CMAKE_PREFIX_PATH}:/home/ibrahim/ros2_ws/install/arm_serial_bridge:/opt/ros/jazzy DEBUGINFOD_URLS=https://debuginfod.ubuntu.com PS1=\[\e]0;\u@\h: \w\a\]${debian_chroot:+($debian_chroot)}\[\033[01;32m\]\u@\h\[\033[00m\]:\[\033[01;34m\]\w\[\033[00m\]\$ /usr/bin/cmake /home/ibrahim/ros2_ws/src/mycobot_ros2/mycobot_interfaces -DCMAKE_INSTALL_PREFIX=/home/ibrahim/ros2_ws/install/mycobot_interfaces
[3.210s] DEBUG:colcon.colcon_core.event_handler.log_command:Invoked command in '/home/ibrahim/ros2_ws/build/mycobot_description' returned '0': CMAKE_PREFIX_PATH=${CMAKE_PREFIX_PATH}:/home/ibrahim/ros2_ws/install/arm_serial_bridge:/opt/ros/jazzy DEBUGINFOD_URLS=https://debuginfod.ubuntu.com PS1=\[\e]0;\u@\h: \w\a\]${debian_chroot:+($debian_chroot)}\[\033[01;32m\]\u@\h\[\033[00m\]:\[\033[01;34m\]\w\[\033[00m\]\$ /usr/bin/cmake /home/ibrahim/ros2_ws/src/mycobot_ros2/mycobot_description -DCMAKE_INSTALL_PREFIX=/home/ibrahim/ros2_ws/install/mycobot_description
[3.211s] DEBUG:colcon.colcon_core.event_handler.log_command:Invoking command in '/home/ibrahim/ros2_ws/build/mycobot_description': CMAKE_PREFIX_PATH=${CMAKE_PREFIX_PATH}:/home/ibrahim/ros2_ws/install/arm_serial_bridge:/opt/ros/jazzy DEBUGINFOD_URLS=https://debuginfod.ubuntu.com PS1=\[\e]0;\u@\h: \w\a\]${debian_chroot:+($debian_chroot)}\[\033[01;32m\]\u@\h\[\033[00m\]:\[\033[01;34m\]\w\[\033[00m\]\$ /usr/bin/cmake --build /home/ibrahim/ros2_ws/build/mycobot_description -- -j4 -l4
[3.220s] DEBUG:colcon.colcon_core.event_handler.log_command:Invoked command in '/home/ibrahim/ros2_ws/build/mycobot_bringup' returned '0': CMAKE_PREFIX_PATH=${CMAKE_PREFIX_PATH}:/home/ibrahim/ros2_ws/install/arm_serial_bridge:/opt/ros/jazzy DEBUGINFOD_URLS=https://debuginfod.ubuntu.com PS1=\[\e]0;\u@\h: \w\a\]${debian_chroot:+($debian_chroot)}\[\033[01;32m\]\u@\h\[\033[00m\]:\[\033[01;34m\]\w\[\033[00m\]\$ /usr/bin/cmake /home/ibrahim/ros2_ws/src/mycobot_ros2/mycobot_bringup -DCMAKE_INSTALL_PREFIX=/home/ibrahim/ros2_ws/install/mycobot_bringup
[3.220s] DEBUG:colcon.colcon_core.event_handler.log_command:Invoking command in '/home/ibrahim/ros2_ws/build/mycobot_bringup': CMAKE_PREFIX_PATH=${CMAKE_PREFIX_PATH}:/home/ibrahim/ros2_ws/install/arm_serial_bridge:/opt/ros/jazzy DEBUGINFOD_URLS=https://debuginfod.ubuntu.com PS1=\[\e]0;\u@\h: \w\a\]${debian_chroot:+($debian_chroot)}\[\033[01;32m\]\u@\h\[\033[00m\]:\[\033[01;34m\]\w\[\033[00m\]\$ /usr/bin/cmake --build /home/ibrahim/ros2_ws/build/mycobot_bringup -- -j4 -l4
[3.278s] DEBUG:colcon.colcon_core.event_handler.log_command:Invoked command in '/home/ibrahim/ros2_ws/build/mycobot_description' returned '0': CMAKE_PREFIX_PATH=${CMAKE_PREFIX_PATH}:/home/ibrahim/ros2_ws/install/arm_serial_bridge:/opt/ros/jazzy DEBUGINFOD_URLS=https://debuginfod.ubuntu.com PS1=\[\e]0;\u@\h: \w\a\]${debian_chroot:+($debian_chroot)}\[\033[01;32m\]\u@\h\[\033[00m\]:\[\033[01;34m\]\w\[\033[00m\]\$ /usr/bin/cmake --build /home/ibrahim/ros2_ws/build/mycobot_description -- -j4 -l4
[3.296s] DEBUG:colcon.colcon_core.event_handler.log_command:Invoking command in '/home/ibrahim/ros2_ws/build/mycobot_description': CMAKE_PREFIX_PATH=${CMAKE_PREFIX_PATH}:/home/ibrahim/ros2_ws/install/arm_serial_bridge:/opt/ros/jazzy DEBUGINFOD_URLS=https://debuginfod.ubuntu.com PS1=\[\e]0;\u@\h: \w\a\]${debian_chroot:+($debian_chroot)}\[\033[01;32m\]\u@\h\[\033[00m\]:\[\033[01;34m\]\w\[\033[00m\]\$ /usr/bin/cmake --install /home/ibrahim/ros2_ws/build/mycobot_description
[3.298s] DEBUG:colcon.colcon_core.event_handler.log_command:Invoked command in '/home/ibrahim/ros2_ws/build/mycobot_bringup' returned '0': CMAKE_PREFIX_PATH=${CMAKE_PREFIX_PATH}:/home/ibrahim/ros2_ws/install/arm_serial_bridge:/opt/ros/jazzy DEBUGINFOD_URLS=https://debuginfod.ubuntu.com PS1=\[\e]0;\u@\h: \w\a\]${debian_chroot:+($debian_chroot)}\[\033[01;32m\]\u@\h\[\033[00m\]:\[\033[01;34m\]\w\[\033[00m\]\$ /usr/bin/cmake --build /home/ibrahim/ros2_ws/build/mycobot_bringup -- -j4 -l4
[3.299s] DEBUG:colcon.colcon_core.event_handler.log_command:Invoking command in '/home/ibrahim/ros2_ws/build/mycobot_bringup': CMAKE_PREFIX_PATH=${CMAKE_PREFIX_PATH}:/home/ibrahim/ros2_ws/install/arm_serial_bridge:/opt/ros/jazzy DEBUGINFOD_URLS=https://debuginfod.ubuntu.com PS1=\[\e]0;\u@\h: \w\a\]${debian_chroot:+($debian_chroot)}\[\033[01;32m\]\u@\h\[\033[00m\]:\[\033[01;34m\]\w\[\033[00m\]\$ /usr/bin/cmake --install /home/ibrahim/ros2_ws/build/mycobot_bringup
[3.330s] Level 1:colcon.colcon_core.environment:create_environment_scripts_only(mycobot_bringup)
[3.330s] DEBUG:colcon.colcon_core.event_handler.log_command:Invoked command in '/home/ibrahim/ros2_ws/build/mycobot_bringup' returned '0': CMAKE_PREFIX_PATH=${CMAKE_PREFIX_PATH}:/home/ibrahim/ros2_ws/install/arm_serial_bridge:/opt/ros/jazzy DEBUGINFOD_URLS=https://debuginfod.ubuntu.com PS1=\[\e]0;\u@\h: \w\a\]${debian_chroot:+($debian_chroot)}\[\033[01;32m\]\u@\h\[\033[00m\]:\[\033[01;34m\]\w\[\033[00m\]\$ /usr/bin/cmake --install /home/ibrahim/ros2_ws/build/mycobot_bringup
[3.346s] Level 1:colcon.colcon_core.environment:checking '/home/ibrahim/ros2_ws/install/mycobot_bringup' for CMake module files
[3.347s] Level 1:colcon.colcon_core.environment:checking '/home/ibrahim/ros2_ws/install/mycobot_bringup' for CMake config files
[3.347s] Level 1:colcon.colcon_core.shell:create_environment_hook('mycobot_bringup', 'cmake_prefix_path')
[3.347s] INFO:colcon.colcon_core.shell:Creating environment hook '/home/ibrahim/ros2_ws/install/mycobot_bringup/share/mycobot_bringup/hook/cmake_prefix_path.ps1'
[3.348s] INFO:colcon.colcon_core.shell:Creating environment descriptor '/home/ibrahim/ros2_ws/install/mycobot_bringup/share/mycobot_bringup/hook/cmake_prefix_path.dsv'
[3.348s] INFO:colcon.colcon_core.shell:Creating environment hook '/home/ibrahim/ros2_ws/install/mycobot_bringup/share/mycobot_bringup/hook/cmake_prefix_path.sh'
[3.349s] Level 1:colcon.colcon_core.environment:checking '/home/ibrahim/ros2_ws/install/mycobot_bringup/bin'
[3.349s] Level 1:colcon.colcon_core.environment:checking '/home/ibrahim/ros2_ws/install/mycobot_bringup/lib/pkgconfig/mycobot_bringup.pc'
[3.349s] Level 1:colcon.colcon_core.environment:checking '/home/ibrahim/ros2_ws/install/mycobot_bringup/lib/python3.12/site-packages'
[3.349s] Level 1:colcon.colcon_core.environment:checking '/home/ibrahim/ros2_ws/install/mycobot_bringup/bin'
[3.350s] INFO:colcon.colcon_core.shell:Creating package script '/home/ibrahim/ros2_ws/install/mycobot_bringup/share/mycobot_bringup/package.ps1'
[3.350s] INFO:colcon.colcon_core.shell:Creating package descriptor '/home/ibrahim/ros2_ws/install/mycobot_bringup/share/mycobot_bringup/package.dsv'
[3.351s] INFO:colcon.colcon_core.shell:Creating package script '/home/ibrahim/ros2_ws/install/mycobot_bringup/share/mycobot_bringup/package.sh'
[3.351s] INFO:colcon.colcon_core.shell:Creating package script '/home/ibrahim/ros2_ws/install/mycobot_bringup/share/mycobot_bringup/package.bash'
[3.352s] INFO:colcon.colcon_core.shell:Creating package script '/home/ibrahim/ros2_ws/install/mycobot_bringup/share/mycobot_bringup/package.zsh'
[3.353s] Level 1:colcon.colcon_core.environment:create_file_with_runtime_dependencies(/home/ibrahim/ros2_ws/install/mycobot_bringup/share/colcon-core/packages/mycobot_bringup)
[3.353s] Level 1:colcon.colcon_core.environment:create_environment_scripts_only(mycobot_bringup)
[3.353s] Level 1:colcon.colcon_core.environment:checking '/home/ibrahim/ros2_ws/install/mycobot_bringup' for CMake module files
[3.354s] Level 1:colcon.colcon_core.environment:checking '/home/ibrahim/ros2_ws/install/mycobot_bringup' for CMake config files
[3.354s] Level 1:colcon.colcon_core.shell:create_environment_hook('mycobot_bringup', 'cmake_prefix_path')
[3.354s] INFO:colcon.colcon_core.shell:Creating environment hook '/home/ibrahim/ros2_ws/install/mycobot_bringup/share/mycobot_bringup/hook/cmake_prefix_path.ps1'
[3.355s] INFO:colcon.colcon_core.shell:Creating environment descriptor '/home/ibrahim/ros2_ws/install/mycobot_bringup/share/mycobot_bringup/hook/cmake_prefix_path.dsv'
[3.355s] INFO:colcon.colcon_core.shell:Creating environment hook '/home/ibrahim/ros2_ws/install/mycobot_bringup/share/mycobot_bringup/hook/cmake_prefix_path.sh'
[3.356s] Level 1:colcon.colcon_core.environment:checking '/home/ibrahim/ros2_ws/install/mycobot_bringup/bin'
[3.356s] Level 1:colcon.colcon_core.environment:checking '/home/ibrahim/ros2_ws/install/mycobot_bringup/lib/pkgconfig/mycobot_bringup.pc'
[3.356s] Level 1:colcon.colcon_core.environment:checking '/home/ibrahim/ros2_ws/install/mycobot_bringup/lib/python3.12/site-packages'
[3.357s] Level 1:colcon.colcon_core.environment:checking '/home/ibrahim/ros2_ws/install/mycobot_bringup/bin'
[3.357s] INFO:colcon.colcon_core.shell:Creating package script '/home/ibrahim/ros2_ws/install/mycobot_bringup/share/mycobot_bringup/package.ps1'
[3.358s] INFO:colcon.colcon_core.shell:Creating package descriptor '/home/ibrahim/ros2_ws/install/mycobot_bringup/share/mycobot_bringup/package.dsv'
[3.359s] INFO:colcon.colcon_core.shell:Creating package script '/home/ibrahim/ros2_ws/install/mycobot_bringup/share/mycobot_bringup/package.sh'
[3.360s] INFO:colcon.colcon_core.shell:Creating package script '/home/ibrahim/ros2_ws/install/mycobot_bringup/share/mycobot_bringup/package.bash'
[3.361s] INFO:colcon.colcon_core.shell:Creating package script '/home/ibrahim/ros2_ws/install/mycobot_bringup/share/mycobot_bringup/package.zsh'
[3.361s] Level 1:colcon.colcon_core.environment:create_file_with_runtime_dependencies(/home/ibrahim/ros2_ws/install/mycobot_bringup/share/colcon-core/packages/mycobot_bringup)
[3.362s] INFO:colcon.colcon_ros.task.ament_cmake.build:Building ROS package in '/home/ibrahim/ros2_ws/src/mycobot_ros2/mycobot_moveit_config' with build type 'ament_cmake'
[3.363s] INFO:colcon.colcon_cmake.task.cmake.build:Building CMake package in '/home/ibrahim/ros2_ws/src/mycobot_ros2/mycobot_moveit_config'
[3.363s] INFO:colcon.colcon_core.shell:Skip shell extension 'powershell' for command environment: Not usable outside of PowerShell
[3.363s] DEBUG:colcon.colcon_core.shell:Skip shell extension 'dsv' for command environment
[3.379s] DEBUG:colcon.colcon_core.event_handler.log_command:Invoking command in '/home/ibrahim/ros2_ws/build/mycobot_moveit_config': CMAKE_PREFIX_PATH=${CMAKE_PREFIX_PATH}:/home/ibrahim/ros2_ws/install/arm_serial_bridge:/opt/ros/jazzy DEBUGINFOD_URLS=https://debuginfod.ubuntu.com PS1=\[\e]0;\u@\h: \w\a\]${debian_chroot:+($debian_chroot)}\[\033[01;32m\]\u@\h\[\033[00m\]:\[\033[01;34m\]\w\[\033[00m\]\$ /usr/bin/cmake /home/ibrahim/ros2_ws/src/mycobot_ros2/mycobot_moveit_config -DCMAKE_INSTALL_PREFIX=/home/ibrahim/ros2_ws/install/mycobot_moveit_config
[3.379s] Level 1:colcon.colcon_core.environment:create_environment_scripts_only(mycobot_description)
[3.384s] Level 1:colcon.colcon_core.environment:checking '/home/ibrahim/ros2_ws/install/mycobot_description' for CMake module files
[3.384s] DEBUG:colcon.colcon_core.event_handler.log_command:Invoked command in '/home/ibrahim/ros2_ws/build/mycobot_description' returned '0': CMAKE_PREFIX_PATH=${CMAKE_PREFIX_PATH}:/home/ibrahim/ros2_ws/install/arm_serial_bridge:/opt/ros/jazzy DEBUGINFOD_URLS=https://debuginfod.ubuntu.com PS1=\[\e]0;\u@\h: \w\a\]${debian_chroot:+($debian_chroot)}\[\033[01;32m\]\u@\h\[\033[00m\]:\[\033[01;34m\]\w\[\033[00m\]\$ /usr/bin/cmake --install /home/ibrahim/ros2_ws/build/mycobot_description
[3.387s] Level 1:colcon.colcon_core.environment:checking '/home/ibrahim/ros2_ws/install/mycobot_description' for CMake config files
[3.387s] Level 1:colcon.colcon_core.shell:create_environment_hook('mycobot_description', 'cmake_prefix_path')
[3.387s] INFO:colcon.colcon_core.shell:Creating environment hook '/home/ibrahim/ros2_ws/install/mycobot_description/share/mycobot_description/hook/cmake_prefix_path.ps1'
[3.388s] INFO:colcon.colcon_core.shell:Creating environment descriptor '/home/ibrahim/ros2_ws/install/mycobot_description/share/mycobot_description/hook/cmake_prefix_path.dsv'
[3.388s] INFO:colcon.colcon_core.shell:Creating environment hook '/home/ibrahim/ros2_ws/install/mycobot_description/share/mycobot_description/hook/cmake_prefix_path.sh'
[3.388s] Level 1:colcon.colcon_core.environment:checking '/home/ibrahim/ros2_ws/install/mycobot_description/bin'
[3.389s] Level 1:colcon.colcon_core.environment:checking '/home/ibrahim/ros2_ws/install/mycobot_description/lib/pkgconfig/mycobot_description.pc'
[3.389s] Level 1:colcon.colcon_core.environment:checking '/home/ibrahim/ros2_ws/install/mycobot_description/lib/python3.12/site-packages'
[3.389s] Level 1:colcon.colcon_core.environment:checking '/home/ibrahim/ros2_ws/install/mycobot_description/bin'
[3.389s] INFO:colcon.colcon_core.shell:Creating package script '/home/ibrahim/ros2_ws/install/mycobot_description/share/mycobot_description/package.ps1'
[3.390s] INFO:colcon.colcon_core.shell:Creating package descriptor '/home/ibrahim/ros2_ws/install/mycobot_description/share/mycobot_description/package.dsv'
[3.390s] INFO:colcon.colcon_core.shell:Creating package script '/home/ibrahim/ros2_ws/install/mycobot_description/share/mycobot_description/package.sh'
[3.391s] INFO:colcon.colcon_core.shell:Creating package script '/home/ibrahim/ros2_ws/install/mycobot_description/share/mycobot_description/package.bash'
[3.391s] INFO:colcon.colcon_core.shell:Creating package script '/home/ibrahim/ros2_ws/install/mycobot_description/share/mycobot_description/package.zsh'
[3.391s] Level 1:colcon.colcon_core.environment:create_file_with_runtime_dependencies(/home/ibrahim/ros2_ws/install/mycobot_description/share/colcon-core/packages/mycobot_description)
[3.392s] Level 1:colcon.colcon_core.environment:create_environment_scripts_only(mycobot_description)
[3.392s] Level 1:colcon.colcon_core.environment:checking '/home/ibrahim/ros2_ws/install/mycobot_description' for CMake module files
[3.392s] Level 1:colcon.colcon_core.environment:checking '/home/ibrahim/ros2_ws/install/mycobot_description' for CMake config files
[3.393s] Level 1:colcon.colcon_core.shell:create_environment_hook('mycobot_description', 'cmake_prefix_path')
[3.393s] INFO:colcon.colcon_core.shell:Creating environment hook '/home/ibrahim/ros2_ws/install/mycobot_description/share/mycobot_description/hook/cmake_prefix_path.ps1'
[3.393s] INFO:colcon.colcon_core.shell:Creating environment descriptor '/home/ibrahim/ros2_ws/install/mycobot_description/share/mycobot_description/hook/cmake_prefix_path.dsv'
[3.394s] INFO:colcon.colcon_core.shell:Creating environment hook '/home/ibrahim/ros2_ws/install/mycobot_description/share/mycobot_description/hook/cmake_prefix_path.sh'
[3.399s] Level 1:colcon.colcon_core.environment:checking '/home/ibrahim/ros2_ws/install/mycobot_description/bin'
[3.399s] Level 1:colcon.colcon_core.environment:checking '/home/ibrahim/ros2_ws/install/mycobot_description/lib/pkgconfig/mycobot_description.pc'
[3.399s] Level 1:colcon.colcon_core.environment:checking '/home/ibrahim/ros2_ws/install/mycobot_description/lib/python3.12/site-packages'
[3.399s] Level 1:colcon.colcon_core.environment:checking '/home/ibrahim/ros2_ws/install/mycobot_description/bin'
[3.400s] INFO:colcon.colcon_core.shell:Creating package script '/home/ibrahim/ros2_ws/install/mycobot_description/share/mycobot_description/package.ps1'
[3.400s] INFO:colcon.colcon_core.shell:Creating package descriptor '/home/ibrahim/ros2_ws/install/mycobot_description/share/mycobot_description/package.dsv'
[3.402s] INFO:colcon.colcon_core.shell:Creating package script '/home/ibrahim/ros2_ws/install/mycobot_description/share/mycobot_description/package.sh'
[3.402s] INFO:colcon.colcon_core.shell:Creating package script '/home/ibrahim/ros2_ws/install/mycobot_description/share/mycobot_description/package.bash'
[3.403s] INFO:colcon.colcon_core.shell:Creating package script '/home/ibrahim/ros2_ws/install/mycobot_description/share/mycobot_description/package.zsh'
[3.404s] Level 1:colcon.colcon_core.environment:create_file_with_runtime_dependencies(/home/ibrahim/ros2_ws/install/mycobot_description/share/colcon-core/packages/mycobot_description)
[3.405s] INFO:colcon.colcon_ros.task.ament_cmake.build:Building ROS package in '/home/ibrahim/ros2_ws/src/mycobot_ros2/mycobot_system_tests' with build type 'ament_cmake'
[3.405s] INFO:colcon.colcon_cmake.task.cmake.build:Building CMake package in '/home/ibrahim/ros2_ws/src/mycobot_ros2/mycobot_system_tests'
[3.406s] INFO:colcon.colcon_core.shell:Skip shell extension 'powershell' for command environment: Not usable outside of PowerShell
[3.406s] DEBUG:colcon.colcon_core.shell:Skip shell extension 'dsv' for command environment
[3.421s] DEBUG:colcon.colcon_core.event_handler.log_command:Invoking command in '/home/ibrahim/ros2_ws/build/mycobot_system_tests': CMAKE_PREFIX_PATH=${CMAKE_PREFIX_PATH}:/home/ibrahim/ros2_ws/install/arm_serial_bridge:/opt/ros/jazzy DEBUGINFOD_URLS=https://debuginfod.ubuntu.com PS1=\[\e]0;\u@\h: \w\a\]${debian_chroot:+($debian_chroot)}\[\033[01;32m\]\u@\h\[\033[00m\]:\[\033[01;34m\]\w\[\033[00m\]\$ /usr/bin/cmake /home/ibrahim/ros2_ws/src/mycobot_ros2/mycobot_system_tests -DCMAKE_INSTALL_PREFIX=/home/ibrahim/ros2_ws/install/mycobot_system_tests
[5.538s] DEBUG:colcon.colcon_core.event_handler.log_command:Invoked command in '/home/ibrahim/ros2_ws/build/mycobot_system_tests' returned '0': CMAKE_PREFIX_PATH=${CMAKE_PREFIX_PATH}:/home/ibrahim/ros2_ws/install/arm_serial_bridge:/opt/ros/jazzy DEBUGINFOD_URLS=https://debuginfod.ubuntu.com PS1=\[\e]0;\u@\h: \w\a\]${debian_chroot:+($debian_chroot)}\[\033[01;32m\]\u@\h\[\033[00m\]:\[\033[01;34m\]\w\[\033[00m\]\$ /usr/bin/cmake /home/ibrahim/ros2_ws/src/mycobot_ros2/mycobot_system_tests -DCMAKE_INSTALL_PREFIX=/home/ibrahim/ros2_ws/install/mycobot_system_tests
[5.541s] DEBUG:colcon.colcon_core.event_handler.log_command:Invoking command in '/home/ibrahim/ros2_ws/build/mycobot_system_tests': CMAKE_PREFIX_PATH=${CMAKE_PREFIX_PATH}:/home/ibrahim/ros2_ws/install/arm_serial_bridge:/opt/ros/jazzy DEBUGINFOD_URLS=https://debuginfod.ubuntu.com PS1=\[\e]0;\u@\h: \w\a\]${debian_chroot:+($debian_chroot)}\[\033[01;32m\]\u@\h\[\033[00m\]:\[\033[01;34m\]\w\[\033[00m\]\$ /usr/bin/cmake --build /home/ibrahim/ros2_ws/build/mycobot_system_tests -- -j4 -l4
[5.994s] DEBUG:colcon.colcon_core.event_handler.log_command:Invoked command in '/home/ibrahim/ros2_ws/build/mycobot_gazebo' returned '0': CMAKE_PREFIX_PATH=${CMAKE_PREFIX_PATH}:/home/ibrahim/ros2_ws/install/arm_serial_bridge:/opt/ros/jazzy DEBUGINFOD_URLS=https://debuginfod.ubuntu.com PS1=\[\e]0;\u@\h: \w\a\]${debian_chroot:+($debian_chroot)}\[\033[01;32m\]\u@\h\[\033[00m\]:\[\033[01;34m\]\w\[\033[00m\]\$ /usr/bin/cmake /home/ibrahim/ros2_ws/src/mycobot_ros2/mycobot_gazebo -DCMAKE_INSTALL_PREFIX=/home/ibrahim/ros2_ws/install/mycobot_gazebo
[5.995s] DEBUG:colcon.colcon_core.event_handler.log_command:Invoking command in '/home/ibrahim/ros2_ws/build/mycobot_gazebo': CMAKE_PREFIX_PATH=${CMAKE_PREFIX_PATH}:/home/ibrahim/ros2_ws/install/arm_serial_bridge:/opt/ros/jazzy DEBUGINFOD_URLS=https://debuginfod.ubuntu.com PS1=\[\e]0;\u@\h: \w\a\]${debian_chroot:+($debian_chroot)}\[\033[01;32m\]\u@\h\[\033[00m\]:\[\033[01;34m\]\w\[\033[00m\]\$ /usr/bin/cmake --build /home/ibrahim/ros2_ws/build/mycobot_gazebo -- -j4 -l4
[6.139s] DEBUG:colcon.colcon_core.event_handler.log_command:Invoked command in '/home/ibrahim/ros2_ws/build/mycobot_gazebo' returned '0': CMAKE_PREFIX_PATH=${CMAKE_PREFIX_PATH}:/home/ibrahim/ros2_ws/install/arm_serial_bridge:/opt/ros/jazzy DEBUGINFOD_URLS=https://debuginfod.ubuntu.com PS1=\[\e]0;\u@\h: \w\a\]${debian_chroot:+($debian_chroot)}\[\033[01;32m\]\u@\h\[\033[00m\]:\[\033[01;34m\]\w\[\033[00m\]\$ /usr/bin/cmake --build /home/ibrahim/ros2_ws/build/mycobot_gazebo -- -j4 -l4
[6.139s] DEBUG:colcon.colcon_core.event_handler.log_command:Invoking command in '/home/ibrahim/ros2_ws/build/mycobot_gazebo': CMAKE_PREFIX_PATH=${CMAKE_PREFIX_PATH}:/home/ibrahim/ros2_ws/install/arm_serial_bridge:/opt/ros/jazzy DEBUGINFOD_URLS=https://debuginfod.ubuntu.com PS1=\[\e]0;\u@\h: \w\a\]${debian_chroot:+($debian_chroot)}\[\033[01;32m\]\u@\h\[\033[00m\]:\[\033[01;34m\]\w\[\033[00m\]\$ /usr/bin/cmake --install /home/ibrahim/ros2_ws/build/mycobot_gazebo
[6.476s] Level 1:colcon.colcon_core.environment:create_environment_scripts_only(mycobot_gazebo)
[6.476s] Level 1:colcon.colcon_core.environment:checking '/home/ibrahim/ros2_ws/install/mycobot_gazebo' for CMake module files
[6.477s] DEBUG:colcon.colcon_core.event_handler.log_command:Invoked command in '/home/ibrahim/ros2_ws/build/mycobot_gazebo' returned '0': CMAKE_PREFIX_PATH=${CMAKE_PREFIX_PATH}:/home/ibrahim/ros2_ws/install/arm_serial_bridge:/opt/ros/jazzy DEBUGINFOD_URLS=https://debuginfod.ubuntu.com PS1=\[\e]0;\u@\h: \w\a\]${debian_chroot:+($debian_chroot)}\[\033[01;32m\]\u@\h\[\033[00m\]:\[\033[01;34m\]\w\[\033[00m\]\$ /usr/bin/cmake --install /home/ibrahim/ros2_ws/build/mycobot_gazebo
[6.478s] Level 1:colcon.colcon_core.environment:checking '/home/ibrahim/ros2_ws/install/mycobot_gazebo' for CMake config files
[6.484s] Level 1:colcon.colcon_core.shell:create_environment_hook('mycobot_gazebo', 'cmake_prefix_path')
[6.484s] INFO:colcon.colcon_core.shell:Creating environment hook '/home/ibrahim/ros2_ws/install/mycobot_gazebo/share/mycobot_gazebo/hook/cmake_prefix_path.ps1'
[6.484s] INFO:colcon.colcon_core.shell:Creating environment descriptor '/home/ibrahim/ros2_ws/install/mycobot_gazebo/share/mycobot_gazebo/hook/cmake_prefix_path.dsv'
[6.485s] INFO:colcon.colcon_core.shell:Creating environment hook '/home/ibrahim/ros2_ws/install/mycobot_gazebo/share/mycobot_gazebo/hook/cmake_prefix_path.sh'
[6.485s] Level 1:colcon.colcon_core.environment:checking '/home/ibrahim/ros2_ws/install/mycobot_gazebo/bin'
[6.485s] Level 1:colcon.colcon_core.environment:checking '/home/ibrahim/ros2_ws/install/mycobot_gazebo/lib/pkgconfig/mycobot_gazebo.pc'
[6.486s] Level 1:colcon.colcon_core.environment:checking '/home/ibrahim/ros2_ws/install/mycobot_gazebo/lib/python3.12/site-packages'
[6.486s] Level 1:colcon.colcon_core.environment:checking '/home/ibrahim/ros2_ws/install/mycobot_gazebo/bin'
[6.486s] INFO:colcon.colcon_core.shell:Creating package script '/home/ibrahim/ros2_ws/install/mycobot_gazebo/share/mycobot_gazebo/package.ps1'
[6.488s] INFO:colcon.colcon_core.shell:Creating package descriptor '/home/ibrahim/ros2_ws/install/mycobot_gazebo/share/mycobot_gazebo/package.dsv'
[6.488s] INFO:colcon.colcon_core.shell:Creating package script '/home/ibrahim/ros2_ws/install/mycobot_gazebo/share/mycobot_gazebo/package.sh'
[6.491s] INFO:colcon.colcon_core.shell:Creating package script '/home/ibrahim/ros2_ws/install/mycobot_gazebo/share/mycobot_gazebo/package.bash'
[6.493s] INFO:colcon.colcon_core.shell:Creating package script '/home/ibrahim/ros2_ws/install/mycobot_gazebo/share/mycobot_gazebo/package.zsh'
[6.494s] Level 1:colcon.colcon_core.environment:create_file_with_runtime_dependencies(/home/ibrahim/ros2_ws/install/mycobot_gazebo/share/colcon-core/packages/mycobot_gazebo)
[6.495s] Level 1:colcon.colcon_core.environment:create_environment_scripts_only(mycobot_gazebo)
[6.495s] Level 1:colcon.colcon_core.environment:checking '/home/ibrahim/ros2_ws/install/mycobot_gazebo' for CMake module files
[6.495s] Level 1:colcon.colcon_core.environment:checking '/home/ibrahim/ros2_ws/install/mycobot_gazebo' for CMake config files
[6.501s] Level 1:colcon.colcon_core.shell:create_environment_hook('mycobot_gazebo', 'cmake_prefix_path')
[6.502s] INFO:colcon.colcon_core.shell:Creating environment hook '/home/ibrahim/ros2_ws/install/mycobot_gazebo/share/mycobot_gazebo/hook/cmake_prefix_path.ps1'
[6.503s] INFO:colcon.colcon_core.shell:Creating environment descriptor '/home/ibrahim/ros2_ws/install/mycobot_gazebo/share/mycobot_gazebo/hook/cmake_prefix_path.dsv'
[6.504s] INFO:colcon.colcon_core.shell:Creating environment hook '/home/ibrahim/ros2_ws/install/mycobot_gazebo/share/mycobot_gazebo/hook/cmake_prefix_path.sh'
[6.505s] Level 1:colcon.colcon_core.environment:checking '/home/ibrahim/ros2_ws/install/mycobot_gazebo/bin'
[6.505s] Level 1:colcon.colcon_core.environment:checking '/home/ibrahim/ros2_ws/install/mycobot_gazebo/lib/pkgconfig/mycobot_gazebo.pc'
[6.505s] Level 1:colcon.colcon_core.environment:checking '/home/ibrahim/ros2_ws/install/mycobot_gazebo/lib/python3.12/site-packages'
[6.505s] Level 1:colcon.colcon_core.environment:checking '/home/ibrahim/ros2_ws/install/mycobot_gazebo/bin'
[6.505s] INFO:colcon.colcon_core.shell:Creating package script '/home/ibrahim/ros2_ws/install/mycobot_gazebo/share/mycobot_gazebo/package.ps1'
[6.507s] INFO:colcon.colcon_core.shell:Creating package descriptor '/home/ibrahim/ros2_ws/install/mycobot_gazebo/share/mycobot_gazebo/package.dsv'
[6.507s] INFO:colcon.colcon_core.shell:Creating package script '/home/ibrahim/ros2_ws/install/mycobot_gazebo/share/mycobot_gazebo/package.sh'
[6.508s] INFO:colcon.colcon_core.shell:Creating package script '/home/ibrahim/ros2_ws/install/mycobot_gazebo/share/mycobot_gazebo/package.bash'
[6.510s] INFO:colcon.colcon_core.shell:Creating package script '/home/ibrahim/ros2_ws/install/mycobot_gazebo/share/mycobot_gazebo/package.zsh'
[6.511s] Level 1:colcon.colcon_core.environment:create_file_with_runtime_dependencies(/home/ibrahim/ros2_ws/install/mycobot_gazebo/share/colcon-core/packages/mycobot_gazebo)
[6.512s] INFO:colcon.colcon_ros.task.ament_python.build:Building ROS package in '/home/ibrahim/ros2_ws/src/arm_serial_bridge' with build type 'ament_python'
[6.512s] Level 1:colcon.colcon_core.shell:create_environment_hook('arm_serial_bridge', 'ament_prefix_path')
[6.513s] INFO:colcon.colcon_core.shell:Creating environment hook '/home/ibrahim/ros2_ws/install/arm_serial_bridge/share/arm_serial_bridge/hook/ament_prefix_path.ps1'
[6.514s] INFO:colcon.colcon_core.shell:Creating environment descriptor '/home/ibrahim/ros2_ws/install/arm_serial_bridge/share/arm_serial_bridge/hook/ament_prefix_path.dsv'
[6.515s] INFO:colcon.colcon_core.shell:Creating environment hook '/home/ibrahim/ros2_ws/install/arm_serial_bridge/share/arm_serial_bridge/hook/ament_prefix_path.sh'
[6.516s] INFO:colcon.colcon_core.shell:Skip shell extension 'powershell' for command environment: Not usable outside of PowerShell
[6.516s] DEBUG:colcon.colcon_core.shell:Skip shell extension 'dsv' for command environment
[6.884s] WARNING:colcon.colcon_ros.task.ament_python.build:Package 'arm_serial_bridge' doesn't explicitly install a marker in the package index (colcon-ros currently does it implicitly but that fallback will be removed in the future)
[6.886s] WARNING:colcon.colcon_ros.task.ament_python.build:Package 'arm_serial_bridge' doesn't explicitly install the 'package.xml' file (colcon-ros currently does it implicitly but that fallback will be removed in the future)
[6.886s] INFO:colcon.colcon_core.task.python.build:Building Python package in '/home/ibrahim/ros2_ws/src/arm_serial_bridge'
[6.887s] INFO:colcon.colcon_core.shell:Skip shell extension 'powershell' for command environment: Not usable outside of PowerShell
[6.887s] DEBUG:colcon.colcon_core.shell:Skip shell extension 'dsv' for command environment
[8.449s] DEBUG:colcon.colcon_core.event_handler.log_command:Invoking command in '/home/ibrahim/ros2_ws/src/arm_serial_bridge': DEBUGINFOD_URLS=https://debuginfod.ubuntu.com PS1=\[\e]0;\u@\h: \w\a\]${debian_chroot:+($debian_chroot)}\[\033[01;32m\]\u@\h\[\033[00m\]:\[\033[01;34m\]\w\[\033[00m\]\$ PYTHONPATH=/home/ibrahim/ros2_ws/build/arm_serial_bridge/prefix_override:/usr/lib/python3/dist-packages/colcon_core/task/python/colcon_distutils_commands:/home/ibrahim/ros2_ws/install/arm_serial_bridge/lib/python3.12/site-packages:${PYTHONPATH} /usr/bin/python3 -W ignore:setup.py install is deprecated -W ignore:easy_install command is deprecated setup.py egg_info --egg-base ../../build/arm_serial_bridge build --build-base /home/ibrahim/ros2_ws/build/arm_serial_bridge/build install --record /home/ibrahim/ros2_ws/build/arm_serial_bridge/install.log --single-version-externally-managed
[10.025s] Level 1:colcon.colcon_core.environment:checking '/home/ibrahim/ros2_ws/install/arm_serial_bridge' for CMake module files
[10.026s] Level 1:colcon.colcon_core.environment:checking '/home/ibrahim/ros2_ws/install/arm_serial_bridge' for CMake config files
[10.027s] DEBUG:colcon.colcon_core.event_handler.log_command:Invoked command in '/home/ibrahim/ros2_ws/src/arm_serial_bridge' returned '0': DEBUGINFOD_URLS=https://debuginfod.ubuntu.com PS1=\[\e]0;\u@\h: \w\a\]${debian_chroot:+($debian_chroot)}\[\033[01;32m\]\u@\h\[\033[00m\]:\[\033[01;34m\]\w\[\033[00m\]\$ PYTHONPATH=/home/ibrahim/ros2_ws/build/arm_serial_bridge/prefix_override:/usr/lib/python3/dist-packages/colcon_core/task/python/colcon_distutils_commands:/home/ibrahim/ros2_ws/install/arm_serial_bridge/lib/python3.12/site-packages:${PYTHONPATH} /usr/bin/python3 -W ignore:setup.py install is deprecated -W ignore:easy_install command is deprecated setup.py egg_info --egg-base ../../build/arm_serial_bridge build --build-base /home/ibrahim/ros2_ws/build/arm_serial_bridge/build install --record /home/ibrahim/ros2_ws/build/arm_serial_bridge/install.log --single-version-externally-managed
[10.029s] Level 1:colcon.colcon_core.environment:checking '/home/ibrahim/ros2_ws/install/arm_serial_bridge/lib'
[10.029s] Level 1:colcon.colcon_core.environment:checking '/home/ibrahim/ros2_ws/install/arm_serial_bridge/bin'
[10.029s] Level 1:colcon.colcon_core.environment:checking '/home/ibrahim/ros2_ws/install/arm_serial_bridge/lib/pkgconfig/arm_serial_bridge.pc'
[10.030s] Level 1:colcon.colcon_core.environment:checking '/home/ibrahim/ros2_ws/install/arm_serial_bridge/lib/python3.12/site-packages'
[10.030s] Level 1:colcon.colcon_core.shell:create_environment_hook('arm_serial_bridge', 'pythonpath')
[10.030s] INFO:colcon.colcon_core.shell:Creating environment hook '/home/ibrahim/ros2_ws/install/arm_serial_bridge/share/arm_serial_bridge/hook/pythonpath.ps1'
[10.031s] INFO:colcon.colcon_core.shell:Creating environment descriptor '/home/ibrahim/ros2_ws/install/arm_serial_bridge/share/arm_serial_bridge/hook/pythonpath.dsv'
[10.031s] INFO:colcon.colcon_core.shell:Creating environment hook '/home/ibrahim/ros2_ws/install/arm_serial_bridge/share/arm_serial_bridge/hook/pythonpath.sh'
[10.042s] Level 1:colcon.colcon_core.environment:checking '/home/ibrahim/ros2_ws/install/arm_serial_bridge/bin'
[10.042s] Level 1:colcon.colcon_core.environment:create_environment_scripts_only(arm_serial_bridge)
[10.042s] INFO:colcon.colcon_core.shell:Creating package script '/home/ibrahim/ros2_ws/install/arm_serial_bridge/share/arm_serial_bridge/package.ps1'
[10.043s] INFO:colcon.colcon_core.shell:Creating package descriptor '/home/ibrahim/ros2_ws/install/arm_serial_bridge/share/arm_serial_bridge/package.dsv'
[10.044s] INFO:colcon.colcon_core.shell:Creating package script '/home/ibrahim/ros2_ws/install/arm_serial_bridge/share/arm_serial_bridge/package.sh'
[10.044s] INFO:colcon.colcon_core.shell:Creating package script '/home/ibrahim/ros2_ws/install/arm_serial_bridge/share/arm_serial_bridge/package.bash'
[10.044s] INFO:colcon.colcon_core.shell:Creating package script '/home/ibrahim/ros2_ws/install/arm_serial_bridge/share/arm_serial_bridge/package.zsh'
[10.045s] Level 1:colcon.colcon_core.environment:create_file_with_runtime_dependencies(/home/ibrahim/ros2_ws/install/arm_serial_bridge/share/colcon-core/packages/arm_serial_bridge)
[10.045s] INFO:colcon.colcon_ros.task.ament_cmake.build:Building ROS package in '/home/ibrahim/ros2_ws/src/mycobot_ros2/mycobot_moveit_demos' with build type 'ament_cmake'
[10.046s] INFO:colcon.colcon_cmake.task.cmake.build:Building CMake package in '/home/ibrahim/ros2_ws/src/mycobot_ros2/mycobot_moveit_demos'
[10.046s] INFO:colcon.colcon_core.shell:Skip shell extension 'powershell' for command environment: Not usable outside of PowerShell
[10.047s] DEBUG:colcon.colcon_core.shell:Skip shell extension 'dsv' for command environment
[10.066s] DEBUG:colcon.colcon_core.event_handler.log_command:Invoking command in '/home/ibrahim/ros2_ws/build/mycobot_moveit_demos': CMAKE_PREFIX_PATH=${CMAKE_PREFIX_PATH}:/home/ibrahim/ros2_ws/install/arm_serial_bridge:/opt/ros/jazzy DEBUGINFOD_URLS=https://debuginfod.ubuntu.com PS1=\[\e]0;\u@\h: \w\a\]${debian_chroot:+($debian_chroot)}\[\033[01;32m\]\u@\h\[\033[00m\]:\[\033[01;34m\]\w\[\033[00m\]\$ /usr/bin/cmake /home/ibrahim/ros2_ws/src/mycobot_ros2/mycobot_moveit_demos -DCMAKE_INSTALL_PREFIX=/home/ibrahim/ros2_ws/install/mycobot_moveit_demos
[11.527s] DEBUG:colcon.colcon_core.event_handler.log_command:Invoked command in '/home/ibrahim/ros2_ws/build/mycobot_interfaces' returned '0': CMAKE_PREFIX_PATH=${CMAKE_PREFIX_PATH}:/home/ibrahim/ros2_ws/install/arm_serial_bridge:/opt/ros/jazzy DEBUGINFOD_URLS=https://debuginfod.ubuntu.com PS1=\[\e]0;\u@\h: \w\a\]${debian_chroot:+($debian_chroot)}\[\033[01;32m\]\u@\h\[\033[00m\]:\[\033[01;34m\]\w\[\033[00m\]\$ /usr/bin/cmake /home/ibrahim/ros2_ws/src/mycobot_ros2/mycobot_interfaces -DCMAKE_INSTALL_PREFIX=/home/ibrahim/ros2_ws/install/mycobot_interfaces
[11.532s] DEBUG:colcon.colcon_core.event_handler.log_command:Invoking command in '/home/ibrahim/ros2_ws/build/mycobot_interfaces': CMAKE_PREFIX_PATH=${CMAKE_PREFIX_PATH}:/home/ibrahim/ros2_ws/install/arm_serial_bridge:/opt/ros/jazzy DEBUGINFOD_URLS=https://debuginfod.ubuntu.com PS1=\[\e]0;\u@\h: \w\a\]${debian_chroot:+($debian_chroot)}\[\033[01;32m\]\u@\h\[\033[00m\]:\[\033[01;34m\]\w\[\033[00m\]\$ /usr/bin/cmake --build /home/ibrahim/ros2_ws/build/mycobot_interfaces -- -j4 -l4
[11.943s] DEBUG:colcon.colcon_core.event_handler.log_command:Invoked command in '/home/ibrahim/ros2_ws/build/mycobot_moveit_config' returned '0': CMAKE_PREFIX_PATH=${CMAKE_PREFIX_PATH}:/home/ibrahim/ros2_ws/install/arm_serial_bridge:/opt/ros/jazzy DEBUGINFOD_URLS=https://debuginfod.ubuntu.com PS1=\[\e]0;\u@\h: \w\a\]${debian_chroot:+($debian_chroot)}\[\033[01;32m\]\u@\h\[\033[00m\]:\[\033[01;34m\]\w\[\033[00m\]\$ /usr/bin/cmake /home/ibrahim/ros2_ws/src/mycobot_ros2/mycobot_moveit_config -DCMAKE_INSTALL_PREFIX=/home/ibrahim/ros2_ws/install/mycobot_moveit_config
[11.944s] DEBUG:colcon.colcon_core.event_handler.log_command:Invoking command in '/home/ibrahim/ros2_ws/build/mycobot_moveit_config': CMAKE_PREFIX_PATH=${CMAKE_PREFIX_PATH}:/home/ibrahim/ros2_ws/install/arm_serial_bridge:/opt/ros/jazzy DEBUGINFOD_URLS=https://debuginfod.ubuntu.com PS1=\[\e]0;\u@\h: \w\a\]${debian_chroot:+($debian_chroot)}\[\033[01;32m\]\u@\h\[\033[00m\]:\[\033[01;34m\]\w\[\033[00m\]\$ /usr/bin/cmake --build /home/ibrahim/ros2_ws/build/mycobot_moveit_config -- -j4 -l4
[12.098s] DEBUG:colcon.colcon_core.event_handler.log_command:Invoked command in '/home/ibrahim/ros2_ws/build/mycobot_moveit_config' returned '0': CMAKE_PREFIX_PATH=${CMAKE_PREFIX_PATH}:/home/ibrahim/ros2_ws/install/arm_serial_bridge:/opt/ros/jazzy DEBUGINFOD_URLS=https://debuginfod.ubuntu.com PS1=\[\e]0;\u@\h: \w\a\]${debian_chroot:+($debian_chroot)}\[\033[01;32m\]\u@\h\[\033[00m\]:\[\033[01;34m\]\w\[\033[00m\]\$ /usr/bin/cmake --build /home/ibrahim/ros2_ws/build/mycobot_moveit_config -- -j4 -l4
[12.104s] DEBUG:colcon.colcon_core.event_handler.log_command:Invoking command in '/home/ibrahim/ros2_ws/build/mycobot_moveit_config': CMAKE_PREFIX_PATH=${CMAKE_PREFIX_PATH}:/home/ibrahim/ros2_ws/install/arm_serial_bridge:/opt/ros/jazzy DEBUGINFOD_URLS=https://debuginfod.ubuntu.com PS1=\[\e]0;\u@\h: \w\a\]${debian_chroot:+($debian_chroot)}\[\033[01;32m\]\u@\h\[\033[00m\]:\[\033[01;34m\]\w\[\033[00m\]\$ /usr/bin/cmake --install /home/ibrahim/ros2_ws/build/mycobot_moveit_config
[12.169s] Level 1:colcon.colcon_core.environment:create_environment_scripts_only(mycobot_moveit_config)
[12.169s] Level 1:colcon.colcon_core.environment:checking '/home/ibrahim/ros2_ws/install/mycobot_moveit_config' for CMake module files
[12.170s] Level 1:colcon.colcon_core.environment:checking '/home/ibrahim/ros2_ws/install/mycobot_moveit_config' for CMake config files
[12.170s] Level 1:colcon.colcon_core.shell:create_environment_hook('mycobot_moveit_config', 'cmake_prefix_path')
[12.170s] INFO:colcon.colcon_core.shell:Creating environment hook '/home/ibrahim/ros2_ws/install/mycobot_moveit_config/share/mycobot_moveit_config/hook/cmake_prefix_path.ps1'
[12.170s] INFO:colcon.colcon_core.shell:Creating environment descriptor '/home/ibrahim/ros2_ws/install/mycobot_moveit_config/share/mycobot_moveit_config/hook/cmake_prefix_path.dsv'
[12.171s] INFO:colcon.colcon_core.shell:Creating environment hook '/home/ibrahim/ros2_ws/install/mycobot_moveit_config/share/mycobot_moveit_config/hook/cmake_prefix_path.sh'
[12.171s] Level 1:colcon.colcon_core.environment:checking '/home/ibrahim/ros2_ws/install/mycobot_moveit_config/bin'
[12.171s] Level 1:colcon.colcon_core.environment:checking '/home/ibrahim/ros2_ws/install/mycobot_moveit_config/lib/pkgconfig/mycobot_moveit_config.pc'
[12.172s] Level 1:colcon.colcon_core.environment:checking '/home/ibrahim/ros2_ws/install/mycobot_moveit_config/lib/python3.12/site-packages'
[12.172s] Level 1:colcon.colcon_core.environment:checking '/home/ibrahim/ros2_ws/install/mycobot_moveit_config/bin'
[12.175s] INFO:colcon.colcon_core.shell:Creating package script '/home/ibrahim/ros2_ws/install/mycobot_moveit_config/share/mycobot_moveit_config/package.ps1'
[12.176s] INFO:colcon.colcon_core.shell:Creating package descriptor '/home/ibrahim/ros2_ws/install/mycobot_moveit_config/share/mycobot_moveit_config/package.dsv'
[12.177s] DEBUG:colcon.colcon_core.event_handler.log_command:Invoked command in '/home/ibrahim/ros2_ws/build/mycobot_moveit_config' returned '0': CMAKE_PREFIX_PATH=${CMAKE_PREFIX_PATH}:/home/ibrahim/ros2_ws/install/arm_serial_bridge:/opt/ros/jazzy DEBUGINFOD_URLS=https://debuginfod.ubuntu.com PS1=\[\e]0;\u@\h: \w\a\]${debian_chroot:+($debian_chroot)}\[\033[01;32m\]\u@\h\[\033[00m\]:\[\033[01;34m\]\w\[\033[00m\]\$ /usr/bin/cmake --install /home/ibrahim/ros2_ws/build/mycobot_moveit_config
[12.182s] INFO:colcon.colcon_core.shell:Creating package script '/home/ibrahim/ros2_ws/install/mycobot_moveit_config/share/mycobot_moveit_config/package.sh'
[12.183s] INFO:colcon.colcon_core.shell:Creating package script '/home/ibrahim/ros2_ws/install/mycobot_moveit_config/share/mycobot_moveit_config/package.bash'
[12.183s] INFO:colcon.colcon_core.shell:Creating package script '/home/ibrahim/ros2_ws/install/mycobot_moveit_config/share/mycobot_moveit_config/package.zsh'
[12.183s] Level 1:colcon.colcon_core.environment:create_file_with_runtime_dependencies(/home/ibrahim/ros2_ws/install/mycobot_moveit_config/share/colcon-core/packages/mycobot_moveit_config)
[12.184s] Level 1:colcon.colcon_core.environment:create_environment_scripts_only(mycobot_moveit_config)
[12.184s] Level 1:colcon.colcon_core.environment:checking '/home/ibrahim/ros2_ws/install/mycobot_moveit_config' for CMake module files
[12.185s] Level 1:colcon.colcon_core.environment:checking '/home/ibrahim/ros2_ws/install/mycobot_moveit_config' for CMake config files
[12.188s] Level 1:colcon.colcon_core.shell:create_environment_hook('mycobot_moveit_config', 'cmake_prefix_path')
[12.188s] INFO:colcon.colcon_core.shell:Creating environment hook '/home/ibrahim/ros2_ws/install/mycobot_moveit_config/share/mycobot_moveit_config/hook/cmake_prefix_path.ps1'
[12.189s] INFO:colcon.colcon_core.shell:Creating environment descriptor '/home/ibrahim/ros2_ws/install/mycobot_moveit_config/share/mycobot_moveit_config/hook/cmake_prefix_path.dsv'
[12.191s] INFO:colcon.colcon_core.shell:Creating environment hook '/home/ibrahim/ros2_ws/install/mycobot_moveit_config/share/mycobot_moveit_config/hook/cmake_prefix_path.sh'
[12.194s] Level 1:colcon.colcon_core.environment:checking '/home/ibrahim/ros2_ws/install/mycobot_moveit_config/bin'
[12.194s] Level 1:colcon.colcon_core.environment:checking '/home/ibrahim/ros2_ws/install/mycobot_moveit_config/lib/pkgconfig/mycobot_moveit_config.pc'
[12.194s] Level 1:colcon.colcon_core.environment:checking '/home/ibrahim/ros2_ws/install/mycobot_moveit_config/lib/python3.12/site-packages'
[12.194s] Level 1:colcon.colcon_core.environment:checking '/home/ibrahim/ros2_ws/install/mycobot_moveit_config/bin'
[12.195s] INFO:colcon.colcon_core.shell:Creating package script '/home/ibrahim/ros2_ws/install/mycobot_moveit_config/share/mycobot_moveit_config/package.ps1'
[12.195s] INFO:colcon.colcon_core.shell:Creating package descriptor '/home/ibrahim/ros2_ws/install/mycobot_moveit_config/share/mycobot_moveit_config/package.dsv'
[12.200s] INFO:colcon.colcon_core.shell:Creating package script '/home/ibrahim/ros2_ws/install/mycobot_moveit_config/share/mycobot_moveit_config/package.sh'
[12.201s] INFO:colcon.colcon_core.shell:Creating package script '/home/ibrahim/ros2_ws/install/mycobot_moveit_config/share/mycobot_moveit_config/package.bash'
[12.204s] INFO:colcon.colcon_core.shell:Creating package script '/home/ibrahim/ros2_ws/install/mycobot_moveit_config/share/mycobot_moveit_config/package.zsh'
[12.204s] Level 1:colcon.colcon_core.environment:create_file_with_runtime_dependencies(/home/ibrahim/ros2_ws/install/mycobot_moveit_config/share/colcon-core/packages/mycobot_moveit_config)
[12.205s] INFO:colcon.colcon_ros.task.ament_cmake.build:Building ROS package in '/home/ibrahim/ros2_ws/src/mycobot_ros2/mycobot_mtc_demos' with build type 'ament_cmake'
[12.205s] INFO:colcon.colcon_cmake.task.cmake.build:Building CMake package in '/home/ibrahim/ros2_ws/src/mycobot_ros2/mycobot_mtc_demos'
[12.206s] INFO:colcon.colcon_core.shell:Skip shell extension 'powershell' for command environment: Not usable outside of PowerShell
[12.206s] DEBUG:colcon.colcon_core.shell:Skip shell extension 'dsv' for command environment
[12.231s] DEBUG:colcon.colcon_core.event_handler.log_command:Invoking command in '/home/ibrahim/ros2_ws/build/mycobot_mtc_demos': CMAKE_PREFIX_PATH=${CMAKE_PREFIX_PATH}:/home/ibrahim/ros2_ws/install/arm_serial_bridge:/opt/ros/jazzy DEBUGINFOD_URLS=https://debuginfod.ubuntu.com PS1=\[\e]0;\u@\h: \w\a\]${debian_chroot:+($debian_chroot)}\[\033[01;32m\]\u@\h\[\033[00m\]:\[\033[01;34m\]\w\[\033[00m\]\$ /usr/bin/cmake /home/ibrahim/ros2_ws/src/mycobot_ros2/mycobot_mtc_demos -DCMAKE_INSTALL_PREFIX=/home/ibrahim/ros2_ws/install/mycobot_mtc_demos
[15.611s] DEBUG:colcon.colcon_core.event_handler.log_command:Invoked command in '/home/ibrahim/ros2_ws/build/mycobot_system_tests' returned '0': CMAKE_PREFIX_PATH=${CMAKE_PREFIX_PATH}:/home/ibrahim/ros2_ws/install/arm_serial_bridge:/opt/ros/jazzy DEBUGINFOD_URLS=https://debuginfod.ubuntu.com PS1=\[\e]0;\u@\h: \w\a\]${debian_chroot:+($debian_chroot)}\[\033[01;32m\]\u@\h\[\033[00m\]:\[\033[01;34m\]\w\[\033[00m\]\$ /usr/bin/cmake --build /home/ibrahim/ros2_ws/build/mycobot_system_tests -- -j4 -l4
[15.612s] DEBUG:colcon.colcon_core.event_handler.log_command:Invoking command in '/home/ibrahim/ros2_ws/build/mycobot_system_tests': CMAKE_PREFIX_PATH=${CMAKE_PREFIX_PATH}:/home/ibrahim/ros2_ws/install/arm_serial_bridge:/opt/ros/jazzy DEBUGINFOD_URLS=https://debuginfod.ubuntu.com PS1=\[\e]0;\u@\h: \w\a\]${debian_chroot:+($debian_chroot)}\[\033[01;32m\]\u@\h\[\033[00m\]:\[\033[01;34m\]\w\[\033[00m\]\$ /usr/bin/cmake --install /home/ibrahim/ros2_ws/build/mycobot_system_tests
[15.714s] Level 1:colcon.colcon_core.environment:create_environment_scripts_only(mycobot_system_tests)
[15.714s] Level 1:colcon.colcon_core.environment:checking '/home/ibrahim/ros2_ws/install/mycobot_system_tests' for CMake module files
[15.716s] DEBUG:colcon.colcon_core.event_handler.log_command:Invoked command in '/home/ibrahim/ros2_ws/build/mycobot_system_tests' returned '0': CMAKE_PREFIX_PATH=${CMAKE_PREFIX_PATH}:/home/ibrahim/ros2_ws/install/arm_serial_bridge:/opt/ros/jazzy DEBUGINFOD_URLS=https://debuginfod.ubuntu.com PS1=\[\e]0;\u@\h: \w\a\]${debian_chroot:+($debian_chroot)}\[\033[01;32m\]\u@\h\[\033[00m\]:\[\033[01;34m\]\w\[\033[00m\]\$ /usr/bin/cmake --install /home/ibrahim/ros2_ws/build/mycobot_system_tests
[15.716s] Level 1:colcon.colcon_core.environment:checking '/home/ibrahim/ros2_ws/install/mycobot_system_tests' for CMake config files
[15.717s] Level 1:colcon.colcon_core.shell:create_environment_hook('mycobot_system_tests', 'cmake_prefix_path')
[15.717s] INFO:colcon.colcon_core.shell:Creating environment hook '/home/ibrahim/ros2_ws/install/mycobot_system_tests/share/mycobot_system_tests/hook/cmake_prefix_path.ps1'
[15.718s] INFO:colcon.colcon_core.shell:Creating environment descriptor '/home/ibrahim/ros2_ws/install/mycobot_system_tests/share/mycobot_system_tests/hook/cmake_prefix_path.dsv'
[15.718s] INFO:colcon.colcon_core.shell:Creating environment hook '/home/ibrahim/ros2_ws/install/mycobot_system_tests/share/mycobot_system_tests/hook/cmake_prefix_path.sh'
[15.719s] Level 1:colcon.colcon_core.environment:checking '/home/ibrahim/ros2_ws/install/mycobot_system_tests/lib'
[15.719s] Level 1:colcon.colcon_core.environment:checking '/home/ibrahim/ros2_ws/install/mycobot_system_tests/bin'
[15.719s] Level 1:colcon.colcon_core.environment:checking '/home/ibrahim/ros2_ws/install/mycobot_system_tests/lib/pkgconfig/mycobot_system_tests.pc'
[15.719s] Level 1:colcon.colcon_core.environment:checking '/home/ibrahim/ros2_ws/install/mycobot_system_tests/lib/python3.12/site-packages'
[15.719s] Level 1:colcon.colcon_core.environment:checking '/home/ibrahim/ros2_ws/install/mycobot_system_tests/bin'
[15.720s] INFO:colcon.colcon_core.shell:Creating package script '/home/ibrahim/ros2_ws/install/mycobot_system_tests/share/mycobot_system_tests/package.ps1'
[15.720s] INFO:colcon.colcon_core.shell:Creating package descriptor '/home/ibrahim/ros2_ws/install/mycobot_system_tests/share/mycobot_system_tests/package.dsv'
[15.721s] INFO:colcon.colcon_core.shell:Creating package script '/home/ibrahim/ros2_ws/install/mycobot_system_tests/share/mycobot_system_tests/package.sh'
[15.770s] INFO:colcon.colcon_core.shell:Creating package script '/home/ibrahim/ros2_ws/install/mycobot_system_tests/share/mycobot_system_tests/package.bash'
[15.771s] INFO:colcon.colcon_core.shell:Creating package script '/home/ibrahim/ros2_ws/install/mycobot_system_tests/share/mycobot_system_tests/package.zsh'
[15.771s] Level 1:colcon.colcon_core.environment:create_file_with_runtime_dependencies(/home/ibrahim/ros2_ws/install/mycobot_system_tests/share/colcon-core/packages/mycobot_system_tests)
[15.772s] Level 1:colcon.colcon_core.environment:create_environment_scripts_only(mycobot_system_tests)
[15.772s] Level 1:colcon.colcon_core.environment:checking '/home/ibrahim/ros2_ws/install/mycobot_system_tests' for CMake module files
[15.772s] Level 1:colcon.colcon_core.environment:checking '/home/ibrahim/ros2_ws/install/mycobot_system_tests' for CMake config files
[15.773s] Level 1:colcon.colcon_core.shell:create_environment_hook('mycobot_system_tests', 'cmake_prefix_path')
[15.773s] INFO:colcon.colcon_core.shell:Creating environment hook '/home/ibrahim/ros2_ws/install/mycobot_system_tests/share/mycobot_system_tests/hook/cmake_prefix_path.ps1'
[15.774s] INFO:colcon.colcon_core.shell:Creating environment descriptor '/home/ibrahim/ros2_ws/install/mycobot_system_tests/share/mycobot_system_tests/hook/cmake_prefix_path.dsv'
[15.775s] INFO:colcon.colcon_core.shell:Creating environment hook '/home/ibrahim/ros2_ws/install/mycobot_system_tests/share/mycobot_system_tests/hook/cmake_prefix_path.sh'
[15.776s] Level 1:colcon.colcon_core.environment:checking '/home/ibrahim/ros2_ws/install/mycobot_system_tests/lib'
[15.776s] Level 1:colcon.colcon_core.environment:checking '/home/ibrahim/ros2_ws/install/mycobot_system_tests/bin'
[15.776s] Level 1:colcon.colcon_core.environment:checking '/home/ibrahim/ros2_ws/install/mycobot_system_tests/lib/pkgconfig/mycobot_system_tests.pc'
[15.776s] Level 1:colcon.colcon_core.environment:checking '/home/ibrahim/ros2_ws/install/mycobot_system_tests/lib/python3.12/site-packages'
[15.777s] Level 1:colcon.colcon_core.environment:checking '/home/ibrahim/ros2_ws/install/mycobot_system_tests/bin'
[15.777s] INFO:colcon.colcon_core.shell:Creating package script '/home/ibrahim/ros2_ws/install/mycobot_system_tests/share/mycobot_system_tests/package.ps1'
[15.778s] INFO:colcon.colcon_core.shell:Creating package descriptor '/home/ibrahim/ros2_ws/install/mycobot_system_tests/share/mycobot_system_tests/package.dsv'
[15.779s] INFO:colcon.colcon_core.shell:Creating package script '/home/ibrahim/ros2_ws/install/mycobot_system_tests/share/mycobot_system_tests/package.sh'
[15.780s] INFO:colcon.colcon_core.shell:Creating package script '/home/ibrahim/ros2_ws/install/mycobot_system_tests/share/mycobot_system_tests/package.bash'
[15.781s] INFO:colcon.colcon_core.shell:Creating package script '/home/ibrahim/ros2_ws/install/mycobot_system_tests/share/mycobot_system_tests/package.zsh'
[15.781s] Level 1:colcon.colcon_core.environment:create_file_with_runtime_dependencies(/home/ibrahim/ros2_ws/install/mycobot_system_tests/share/colcon-core/packages/mycobot_system_tests)
[15.786s] INFO:colcon.colcon_ros.task.ament_cmake.build:Building ROS package in '/home/ibrahim/ros2_ws/src/mycobot_ros2/mycobot_ros2' with build type 'ament_cmake'
[15.786s] INFO:colcon.colcon_cmake.task.cmake.build:Building CMake package in '/home/ibrahim/ros2_ws/src/mycobot_ros2/mycobot_ros2'
[15.786s] INFO:colcon.colcon_core.shell:Skip shell extension 'powershell' for command environment: Not usable outside of PowerShell
[15.786s] DEBUG:colcon.colcon_core.shell:Skip shell extension 'dsv' for command environment
[15.815s] DEBUG:colcon.colcon_core.event_handler.log_command:Invoking command in '/home/ibrahim/ros2_ws/build/mycobot_ros2': CMAKE_PREFIX_PATH=/home/ibrahim/ros2_ws/install/mycobot_system_tests:/home/ibrahim/ros2_ws/install/mycobot_moveit_config:/home/ibrahim/ros2_ws/install/mycobot_gazebo:/home/ibrahim/ros2_ws/install/mycobot_description:/home/ibrahim/ros2_ws/install/mycobot_bringup:/home/ibrahim/ros2_ws/install/mycobot_ros2:/home/ibrahim/ros2_ws/install/mycobot_mtc_pick_place_demo:/home/ibrahim/ros2_ws/install/mycobot_mtc_demos:/home/ibrahim/ros2_ws/install/mycobot_moveit_demos:/home/ibrahim/ros2_ws/install/mycobot_interfaces:/opt/ros/jazzy/opt/gz_sim_vendor:/opt/ros/jazzy/opt/gz_sensors_vendor:/opt/ros/jazzy/opt/gz_physics_vendor:/opt/ros/jazzy/opt/sdformat_vendor:/opt/ros/jazzy/opt/gz_gui_vendor:/opt/ros/jazzy/opt/gz_transport_vendor:/opt/ros/jazzy/opt/gz_rendering_vendor:/opt/ros/jazzy/opt/gz_plugin_vendor:/opt/ros/jazzy/opt/gz_fuel_tools_vendor:/opt/ros/jazzy/opt/gz_msgs_vendor:/opt/ros/jazzy/opt/gz_common_vendor:/opt/ros/jazzy/opt/gz_math_vendor:/opt/ros/jazzy/opt/gz_utils_vendor:/opt/ros/jazzy/opt/gz_tools_vendor:/opt/ros/jazzy/opt/gz_ogre_next_vendor:/opt/ros/jazzy/opt/gz_dartsim_vendor:/opt/ros/jazzy/opt/gz_cmake_vendor:/home/ibrahim/ros2_ws/install/arm_serial_bridge:/opt/ros/jazzy DEBUGINFOD_URLS=https://debuginfod.ubuntu.com PS1=\[\e]0;\u@\h: \w\a\]${debian_chroot:+($debian_chroot)}\[\033[01;32m\]\u@\h\[\033[00m\]:\[\033[01;34m\]\w\[\033[00m\]\$ /usr/bin/cmake /home/ibrahim/ros2_ws/src/mycobot_ros2/mycobot_ros2 -DCMAKE_INSTALL_PREFIX=/home/ibrahim/ros2_ws/install/mycobot_ros2
[16.922s] DEBUG:colcon.colcon_core.event_handler.log_command:Invoked command in '/home/ibrahim/ros2_ws/build/mycobot_ros2' returned '0': CMAKE_PREFIX_PATH=/home/ibrahim/ros2_ws/install/mycobot_system_tests:/home/ibrahim/ros2_ws/install/mycobot_moveit_config:/home/ibrahim/ros2_ws/install/mycobot_gazebo:/home/ibrahim/ros2_ws/install/mycobot_description:/home/ibrahim/ros2_ws/install/mycobot_bringup:/home/ibrahim/ros2_ws/install/mycobot_ros2:/home/ibrahim/ros2_ws/install/mycobot_mtc_pick_place_demo:/home/ibrahim/ros2_ws/install/mycobot_mtc_demos:/home/ibrahim/ros2_ws/install/mycobot_moveit_demos:/home/ibrahim/ros2_ws/install/mycobot_interfaces:/opt/ros/jazzy/opt/gz_sim_vendor:/opt/ros/jazzy/opt/gz_sensors_vendor:/opt/ros/jazzy/opt/gz_physics_vendor:/opt/ros/jazzy/opt/sdformat_vendor:/opt/ros/jazzy/opt/gz_gui_vendor:/opt/ros/jazzy/opt/gz_transport_vendor:/opt/ros/jazzy/opt/gz_rendering_vendor:/opt/ros/jazzy/opt/gz_plugin_vendor:/opt/ros/jazzy/opt/gz_fuel_tools_vendor:/opt/ros/jazzy/opt/gz_msgs_vendor:/opt/ros/jazzy/opt/gz_common_vendor:/opt/ros/jazzy/opt/gz_math_vendor:/opt/ros/jazzy/opt/gz_utils_vendor:/opt/ros/jazzy/opt/gz_tools_vendor:/opt/ros/jazzy/opt/gz_ogre_next_vendor:/opt/ros/jazzy/opt/gz_dartsim_vendor:/opt/ros/jazzy/opt/gz_cmake_vendor:/home/ibrahim/ros2_ws/install/arm_serial_bridge:/opt/ros/jazzy DEBUGINFOD_URLS=https://debuginfod.ubuntu.com PS1=\[\e]0;\u@\h: \w\a\]${debian_chroot:+($debian_chroot)}\[\033[01;32m\]\u@\h\[\033[00m\]:\[\033[01;34m\]\w\[\033[00m\]\$ /usr/bin/cmake /home/ibrahim/ros2_ws/src/mycobot_ros2/mycobot_ros2 -DCMAKE_INSTALL_PREFIX=/home/ibrahim/ros2_ws/install/mycobot_ros2
[16.923s] DEBUG:colcon.colcon_core.event_handler.log_command:Invoking command in '/home/ibrahim/ros2_ws/build/mycobot_ros2': CMAKE_PREFIX_PATH=/home/ibrahim/ros2_ws/install/mycobot_system_tests:/home/ibrahim/ros2_ws/install/mycobot_moveit_config:/home/ibrahim/ros2_ws/install/mycobot_gazebo:/home/ibrahim/ros2_ws/install/mycobot_description:/home/ibrahim/ros2_ws/install/mycobot_bringup:/home/ibrahim/ros2_ws/install/mycobot_ros2:/home/ibrahim/ros2_ws/install/mycobot_mtc_pick_place_demo:/home/ibrahim/ros2_ws/install/mycobot_mtc_demos:/home/ibrahim/ros2_ws/install/mycobot_moveit_demos:/home/ibrahim/ros2_ws/install/mycobot_interfaces:/opt/ros/jazzy/opt/gz_sim_vendor:/opt/ros/jazzy/opt/gz_sensors_vendor:/opt/ros/jazzy/opt/gz_physics_vendor:/opt/ros/jazzy/opt/sdformat_vendor:/opt/ros/jazzy/opt/gz_gui_vendor:/opt/ros/jazzy/opt/gz_transport_vendor:/opt/ros/jazzy/opt/gz_rendering_vendor:/opt/ros/jazzy/opt/gz_plugin_vendor:/opt/ros/jazzy/opt/gz_fuel_tools_vendor:/opt/ros/jazzy/opt/gz_msgs_vendor:/opt/ros/jazzy/opt/gz_common_vendor:/opt/ros/jazzy/opt/gz_math_vendor:/opt/ros/jazzy/opt/gz_utils_vendor:/opt/ros/jazzy/opt/gz_tools_vendor:/opt/ros/jazzy/opt/gz_ogre_next_vendor:/opt/ros/jazzy/opt/gz_dartsim_vendor:/opt/ros/jazzy/opt/gz_cmake_vendor:/home/ibrahim/ros2_ws/install/arm_serial_bridge:/opt/ros/jazzy DEBUGINFOD_URLS=https://debuginfod.ubuntu.com PS1=\[\e]0;\u@\h: \w\a\]${debian_chroot:+($debian_chroot)}\[\033[01;32m\]\u@\h\[\033[00m\]:\[\033[01;34m\]\w\[\033[00m\]\$ /usr/bin/cmake --build /home/ibrahim/ros2_ws/build/mycobot_ros2 -- -j4 -l4
[17.031s] DEBUG:colcon.colcon_core.event_handler.log_command:Invoked command in '/home/ibrahim/ros2_ws/build/mycobot_ros2' returned '0': CMAKE_PREFIX_PATH=/home/ibrahim/ros2_ws/install/mycobot_system_tests:/home/ibrahim/ros2_ws/install/mycobot_moveit_config:/home/ibrahim/ros2_ws/install/mycobot_gazebo:/home/ibrahim/ros2_ws/install/mycobot_description:/home/ibrahim/ros2_ws/install/mycobot_bringup:/home/ibrahim/ros2_ws/install/mycobot_ros2:/home/ibrahim/ros2_ws/install/mycobot_mtc_pick_place_demo:/home/ibrahim/ros2_ws/install/mycobot_mtc_demos:/home/ibrahim/ros2_ws/install/mycobot_moveit_demos:/home/ibrahim/ros2_ws/install/mycobot_interfaces:/opt/ros/jazzy/opt/gz_sim_vendor:/opt/ros/jazzy/opt/gz_sensors_vendor:/opt/ros/jazzy/opt/gz_physics_vendor:/opt/ros/jazzy/opt/sdformat_vendor:/opt/ros/jazzy/opt/gz_gui_vendor:/opt/ros/jazzy/opt/gz_transport_vendor:/opt/ros/jazzy/opt/gz_rendering_vendor:/opt/ros/jazzy/opt/gz_plugin_vendor:/opt/ros/jazzy/opt/gz_fuel_tools_vendor:/opt/ros/jazzy/opt/gz_msgs_vendor:/opt/ros/jazzy/opt/gz_common_vendor:/opt/ros/jazzy/opt/gz_math_vendor:/opt/ros/jazzy/opt/gz_utils_vendor:/opt/ros/jazzy/opt/gz_tools_vendor:/opt/ros/jazzy/opt/gz_ogre_next_vendor:/opt/ros/jazzy/opt/gz_dartsim_vendor:/opt/ros/jazzy/opt/gz_cmake_vendor:/home/ibrahim/ros2_ws/install/arm_serial_bridge:/opt/ros/jazzy DEBUGINFOD_URLS=https://debuginfod.ubuntu.com PS1=\[\e]0;\u@\h: \w\a\]${debian_chroot:+($debian_chroot)}\[\033[01;32m\]\u@\h\[\033[00m\]:\[\033[01;34m\]\w\[\033[00m\]\$ /usr/bin/cmake --build /home/ibrahim/ros2_ws/build/mycobot_ros2 -- -j4 -l4
[17.032s] DEBUG:colcon.colcon_core.event_handler.log_command:Invoking command in '/home/ibrahim/ros2_ws/build/mycobot_ros2': CMAKE_PREFIX_PATH=/home/ibrahim/ros2_ws/install/mycobot_system_tests:/home/ibrahim/ros2_ws/install/mycobot_moveit_config:/home/ibrahim/ros2_ws/install/mycobot_gazebo:/home/ibrahim/ros2_ws/install/mycobot_description:/home/ibrahim/ros2_ws/install/mycobot_bringup:/home/ibrahim/ros2_ws/install/mycobot_ros2:/home/ibrahim/ros2_ws/install/mycobot_mtc_pick_place_demo:/home/ibrahim/ros2_ws/install/mycobot_mtc_demos:/home/ibrahim/ros2_ws/install/mycobot_moveit_demos:/home/ibrahim/ros2_ws/install/mycobot_interfaces:/opt/ros/jazzy/opt/gz_sim_vendor:/opt/ros/jazzy/opt/gz_sensors_vendor:/opt/ros/jazzy/opt/gz_physics_vendor:/opt/ros/jazzy/opt/sdformat_vendor:/opt/ros/jazzy/opt/gz_gui_vendor:/opt/ros/jazzy/opt/gz_transport_vendor:/opt/ros/jazzy/opt/gz_rendering_vendor:/opt/ros/jazzy/opt/gz_plugin_vendor:/opt/ros/jazzy/opt/gz_fuel_tools_vendor:/opt/ros/jazzy/opt/gz_msgs_vendor:/opt/ros/jazzy/opt/gz_common_vendor:/opt/ros/jazzy/opt/gz_math_vendor:/opt/ros/jazzy/opt/gz_utils_vendor:/opt/ros/jazzy/opt/gz_tools_vendor:/opt/ros/jazzy/opt/gz_ogre_next_vendor:/opt/ros/jazzy/opt/gz_dartsim_vendor:/opt/ros/jazzy/opt/gz_cmake_vendor:/home/ibrahim/ros2_ws/install/arm_serial_bridge:/opt/ros/jazzy DEBUGINFOD_URLS=https://debuginfod.ubuntu.com PS1=\[\e]0;\u@\h: \w\a\]${debian_chroot:+($debian_chroot)}\[\033[01;32m\]\u@\h\[\033[00m\]:\[\033[01;34m\]\w\[\033[00m\]\$ /usr/bin/cmake --install /home/ibrahim/ros2_ws/build/mycobot_ros2
[17.051s] Level 1:colcon.colcon_core.environment:create_environment_scripts_only(mycobot_ros2)
[17.051s] Level 1:colcon.colcon_core.environment:checking '/home/ibrahim/ros2_ws/install/mycobot_ros2' for CMake module files
[17.052s] Level 1:colcon.colcon_core.environment:checking '/home/ibrahim/ros2_ws/install/mycobot_ros2' for CMake config files
[17.052s] Level 1:colcon.colcon_core.shell:create_environment_hook('mycobot_ros2', 'cmake_prefix_path')
[17.052s] INFO:colcon.colcon_core.shell:Creating environment hook '/home/ibrahim/ros2_ws/install/mycobot_ros2/share/mycobot_ros2/hook/cmake_prefix_path.ps1'
[17.053s] INFO:colcon.colcon_core.shell:Creating environment descriptor '/home/ibrahim/ros2_ws/install/mycobot_ros2/share/mycobot_ros2/hook/cmake_prefix_path.dsv'
[17.053s] INFO:colcon.colcon_core.shell:Creating environment hook '/home/ibrahim/ros2_ws/install/mycobot_ros2/share/mycobot_ros2/hook/cmake_prefix_path.sh'
[17.054s] Level 1:colcon.colcon_core.environment:checking '/home/ibrahim/ros2_ws/install/mycobot_ros2/bin'
[17.054s] DEBUG:colcon.colcon_core.event_handler.log_command:Invoked command in '/home/ibrahim/ros2_ws/build/mycobot_ros2' returned '0': CMAKE_PREFIX_PATH=/home/ibrahim/ros2_ws/install/mycobot_system_tests:/home/ibrahim/ros2_ws/install/mycobot_moveit_config:/home/ibrahim/ros2_ws/install/mycobot_gazebo:/home/ibrahim/ros2_ws/install/mycobot_description:/home/ibrahim/ros2_ws/install/mycobot_bringup:/home/ibrahim/ros2_ws/install/mycobot_ros2:/home/ibrahim/ros2_ws/install/mycobot_mtc_pick_place_demo:/home/ibrahim/ros2_ws/install/mycobot_mtc_demos:/home/ibrahim/ros2_ws/install/mycobot_moveit_demos:/home/ibrahim/ros2_ws/install/mycobot_interfaces:/opt/ros/jazzy/opt/gz_sim_vendor:/opt/ros/jazzy/opt/gz_sensors_vendor:/opt/ros/jazzy/opt/gz_physics_vendor:/opt/ros/jazzy/opt/sdformat_vendor:/opt/ros/jazzy/opt/gz_gui_vendor:/opt/ros/jazzy/opt/gz_transport_vendor:/opt/ros/jazzy/opt/gz_rendering_vendor:/opt/ros/jazzy/opt/gz_plugin_vendor:/opt/ros/jazzy/opt/gz_fuel_tools_vendor:/opt/ros/jazzy/opt/gz_msgs_vendor:/opt/ros/jazzy/opt/gz_common_vendor:/opt/ros/jazzy/opt/gz_math_vendor:/opt/ros/jazzy/opt/gz_utils_vendor:/opt/ros/jazzy/opt/gz_tools_vendor:/opt/ros/jazzy/opt/gz_ogre_next_vendor:/opt/ros/jazzy/opt/gz_dartsim_vendor:/opt/ros/jazzy/opt/gz_cmake_vendor:/home/ibrahim/ros2_ws/install/arm_serial_bridge:/opt/ros/jazzy DEBUGINFOD_URLS=https://debuginfod.ubuntu.com PS1=\[\e]0;\u@\h: \w\a\]${debian_chroot:+($debian_chroot)}\[\033[01;32m\]\u@\h\[\033[00m\]:\[\033[01;34m\]\w\[\033[00m\]\$ /usr/bin/cmake --install /home/ibrahim/ros2_ws/build/mycobot_ros2
[17.054s] Level 1:colcon.colcon_core.environment:checking '/home/ibrahim/ros2_ws/install/mycobot_ros2/lib/pkgconfig/mycobot_ros2.pc'
[17.054s] Level 1:colcon.colcon_core.environment:checking '/home/ibrahim/ros2_ws/install/mycobot_ros2/lib/python3.12/site-packages'
[17.055s] Level 1:colcon.colcon_core.environment:checking '/home/ibrahim/ros2_ws/install/mycobot_ros2/bin'
[17.055s] INFO:colcon.colcon_core.shell:Creating package script '/home/ibrahim/ros2_ws/install/mycobot_ros2/share/mycobot_ros2/package.ps1'
[17.056s] INFO:colcon.colcon_core.shell:Creating package descriptor '/home/ibrahim/ros2_ws/install/mycobot_ros2/share/mycobot_ros2/package.dsv'
[17.058s] INFO:colcon.colcon_core.shell:Creating package script '/home/ibrahim/ros2_ws/install/mycobot_ros2/share/mycobot_ros2/package.sh'
[17.059s] INFO:colcon.colcon_core.shell:Creating package script '/home/ibrahim/ros2_ws/install/mycobot_ros2/share/mycobot_ros2/package.bash'
[17.059s] INFO:colcon.colcon_core.shell:Creating package script '/home/ibrahim/ros2_ws/install/mycobot_ros2/share/mycobot_ros2/package.zsh'
[17.060s] Level 1:colcon.colcon_core.environment:create_file_with_runtime_dependencies(/home/ibrahim/ros2_ws/install/mycobot_ros2/share/colcon-core/packages/mycobot_ros2)
[17.060s] Level 1:colcon.colcon_core.environment:create_environment_scripts_only(mycobot_ros2)
[17.060s] Level 1:colcon.colcon_core.environment:checking '/home/ibrahim/ros2_ws/install/mycobot_ros2' for CMake module files
[17.079s] Level 1:colcon.colcon_core.environment:checking '/home/ibrahim/ros2_ws/install/mycobot_ros2' for CMake config files
[17.079s] Level 1:colcon.colcon_core.shell:create_environment_hook('mycobot_ros2', 'cmake_prefix_path')
[17.080s] INFO:colcon.colcon_core.shell:Creating environment hook '/home/ibrahim/ros2_ws/install/mycobot_ros2/share/mycobot_ros2/hook/cmake_prefix_path.ps1'
[17.080s] INFO:colcon.colcon_core.shell:Creating environment descriptor '/home/ibrahim/ros2_ws/install/mycobot_ros2/share/mycobot_ros2/hook/cmake_prefix_path.dsv'
[17.081s] INFO:colcon.colcon_core.shell:Creating environment hook '/home/ibrahim/ros2_ws/install/mycobot_ros2/share/mycobot_ros2/hook/cmake_prefix_path.sh'
[17.082s] Level 1:colcon.colcon_core.environment:checking '/home/ibrahim/ros2_ws/install/mycobot_ros2/bin'
[17.082s] Level 1:colcon.colcon_core.environment:checking '/home/ibrahim/ros2_ws/install/mycobot_ros2/lib/pkgconfig/mycobot_ros2.pc'
[17.082s] Level 1:colcon.colcon_core.environment:checking '/home/ibrahim/ros2_ws/install/mycobot_ros2/lib/python3.12/site-packages'
[17.083s] Level 1:colcon.colcon_core.environment:checking '/home/ibrahim/ros2_ws/install/mycobot_ros2/bin'
[17.083s] INFO:colcon.colcon_core.shell:Creating package script '/home/ibrahim/ros2_ws/install/mycobot_ros2/share/mycobot_ros2/package.ps1'
[17.083s] INFO:colcon.colcon_core.shell:Creating package descriptor '/home/ibrahim/ros2_ws/install/mycobot_ros2/share/mycobot_ros2/package.dsv'
[17.084s] INFO:colcon.colcon_core.shell:Creating package script '/home/ibrahim/ros2_ws/install/mycobot_ros2/share/mycobot_ros2/package.sh'
[17.085s] INFO:colcon.colcon_core.shell:Creating package script '/home/ibrahim/ros2_ws/install/mycobot_ros2/share/mycobot_ros2/package.bash'
[17.085s] INFO:colcon.colcon_core.shell:Creating package script '/home/ibrahim/ros2_ws/install/mycobot_ros2/share/mycobot_ros2/package.zsh'
[17.086s] Level 1:colcon.colcon_core.environment:create_file_with_runtime_dependencies(/home/ibrahim/ros2_ws/install/mycobot_ros2/share/colcon-core/packages/mycobot_ros2)
[17.178s] DEBUG:colcon.colcon_core.event_handler.log_command:Invoked command in '/home/ibrahim/ros2_ws/build/mycobot_moveit_demos' returned '0': CMAKE_PREFIX_PATH=${CMAKE_PREFIX_PATH}:/home/ibrahim/ros2_ws/install/arm_serial_bridge:/opt/ros/jazzy DEBUGINFOD_URLS=https://debuginfod.ubuntu.com PS1=\[\e]0;\u@\h: \w\a\]${debian_chroot:+($debian_chroot)}\[\033[01;32m\]\u@\h\[\033[00m\]:\[\033[01;34m\]\w\[\033[00m\]\$ /usr/bin/cmake /home/ibrahim/ros2_ws/src/mycobot_ros2/mycobot_moveit_demos -DCMAKE_INSTALL_PREFIX=/home/ibrahim/ros2_ws/install/mycobot_moveit_demos
[17.181s] DEBUG:colcon.colcon_core.event_handler.log_command:Invoking command in '/home/ibrahim/ros2_ws/build/mycobot_moveit_demos': CMAKE_PREFIX_PATH=${CMAKE_PREFIX_PATH}:/home/ibrahim/ros2_ws/install/arm_serial_bridge:/opt/ros/jazzy DEBUGINFOD_URLS=https://debuginfod.ubuntu.com PS1=\[\e]0;\u@\h: \w\a\]${debian_chroot:+($debian_chroot)}\[\033[01;32m\]\u@\h\[\033[00m\]:\[\033[01;34m\]\w\[\033[00m\]\$ /usr/bin/cmake --build /home/ibrahim/ros2_ws/build/mycobot_moveit_demos -- -j4 -l4
[17.544s] DEBUG:colcon.colcon_core.event_handler.log_command:Invoked command in '/home/ibrahim/ros2_ws/build/mycobot_mtc_demos' returned '0': CMAKE_PREFIX_PATH=${CMAKE_PREFIX_PATH}:/home/ibrahim/ros2_ws/install/arm_serial_bridge:/opt/ros/jazzy DEBUGINFOD_URLS=https://debuginfod.ubuntu.com PS1=\[\e]0;\u@\h: \w\a\]${debian_chroot:+($debian_chroot)}\[\033[01;32m\]\u@\h\[\033[00m\]:\[\033[01;34m\]\w\[\033[00m\]\$ /usr/bin/cmake /home/ibrahim/ros2_ws/src/mycobot_ros2/mycobot_mtc_demos -DCMAKE_INSTALL_PREFIX=/home/ibrahim/ros2_ws/install/mycobot_mtc_demos
[17.544s] DEBUG:colcon.colcon_core.event_handler.log_command:Invoking command in '/home/ibrahim/ros2_ws/build/mycobot_mtc_demos': CMAKE_PREFIX_PATH=${CMAKE_PREFIX_PATH}:/home/ibrahim/ros2_ws/install/arm_serial_bridge:/opt/ros/jazzy DEBUGINFOD_URLS=https://debuginfod.ubuntu.com PS1=\[\e]0;\u@\h: \w\a\]${debian_chroot:+($debian_chroot)}\[\033[01;32m\]\u@\h\[\033[00m\]:\[\033[01;34m\]\w\[\033[00m\]\$ /usr/bin/cmake --build /home/ibrahim/ros2_ws/build/mycobot_mtc_demos -- -j4 -l4
[25.820s] DEBUG:colcon.colcon_core.event_handler.log_command:Invoked command in '/home/ibrahim/ros2_ws/build/mycobot_interfaces' returned '0': CMAKE_PREFIX_PATH=${CMAKE_PREFIX_PATH}:/home/ibrahim/ros2_ws/install/arm_serial_bridge:/opt/ros/jazzy DEBUGINFOD_URLS=https://debuginfod.ubuntu.com PS1=\[\e]0;\u@\h: \w\a\]${debian_chroot:+($debian_chroot)}\[\033[01;32m\]\u@\h\[\033[00m\]:\[\033[01;34m\]\w\[\033[00m\]\$ /usr/bin/cmake --build /home/ibrahim/ros2_ws/build/mycobot_interfaces -- -j4 -l4
[25.821s] DEBUG:colcon.colcon_core.event_handler.log_command:Invoking command in '/home/ibrahim/ros2_ws/build/mycobot_interfaces': CMAKE_PREFIX_PATH=${CMAKE_PREFIX_PATH}:/home/ibrahim/ros2_ws/install/arm_serial_bridge:/opt/ros/jazzy DEBUGINFOD_URLS=https://debuginfod.ubuntu.com PS1=\[\e]0;\u@\h: \w\a\]${debian_chroot:+($debian_chroot)}\[\033[01;32m\]\u@\h\[\033[00m\]:\[\033[01;34m\]\w\[\033[00m\]\$ /usr/bin/cmake --install /home/ibrahim/ros2_ws/build/mycobot_interfaces
[27.344s] Level 1:colcon.colcon_core.environment:create_environment_scripts_only(mycobot_interfaces)
[27.345s] Level 1:colcon.colcon_core.environment:checking '/home/ibrahim/ros2_ws/install/mycobot_interfaces' for CMake module files
[27.346s] Level 1:colcon.colcon_core.environment:checking '/home/ibrahim/ros2_ws/install/mycobot_interfaces' for CMake config files
[27.347s] Level 1:colcon.colcon_core.shell:create_environment_hook('mycobot_interfaces', 'cmake_prefix_path')
[27.347s] INFO:colcon.colcon_core.shell:Creating environment hook '/home/ibrahim/ros2_ws/install/mycobot_interfaces/share/mycobot_interfaces/hook/cmake_prefix_path.ps1'
[27.348s] INFO:colcon.colcon_core.shell:Creating environment descriptor '/home/ibrahim/ros2_ws/install/mycobot_interfaces/share/mycobot_interfaces/hook/cmake_prefix_path.dsv'
[27.348s] INFO:colcon.colcon_core.shell:Creating environment hook '/home/ibrahim/ros2_ws/install/mycobot_interfaces/share/mycobot_interfaces/hook/cmake_prefix_path.sh'
[27.354s] Level 1:colcon.colcon_core.environment:checking '/home/ibrahim/ros2_ws/install/mycobot_interfaces/lib'
[27.354s] Level 1:colcon.colcon_core.shell:create_environment_hook('mycobot_interfaces', 'ld_library_path_lib')
[27.355s] INFO:colcon.colcon_core.shell:Creating environment hook '/home/ibrahim/ros2_ws/install/mycobot_interfaces/share/mycobot_interfaces/hook/ld_library_path_lib.ps1'
[27.356s] INFO:colcon.colcon_core.shell:Creating environment descriptor '/home/ibrahim/ros2_ws/install/mycobot_interfaces/share/mycobot_interfaces/hook/ld_library_path_lib.dsv'
[27.356s] INFO:colcon.colcon_core.shell:Creating environment hook '/home/ibrahim/ros2_ws/install/mycobot_interfaces/share/mycobot_interfaces/hook/ld_library_path_lib.sh'
[27.363s] Level 1:colcon.colcon_core.environment:checking '/home/ibrahim/ros2_ws/install/mycobot_interfaces/bin'
[27.364s] Level 1:colcon.colcon_core.environment:checking '/home/ibrahim/ros2_ws/install/mycobot_interfaces/lib/pkgconfig/mycobot_interfaces.pc'
[27.364s] Level 1:colcon.colcon_core.environment:checking '/home/ibrahim/ros2_ws/install/mycobot_interfaces/lib/python3.12/site-packages'
[27.364s] Level 1:colcon.colcon_core.shell:create_environment_hook('mycobot_interfaces', 'pythonpath')
[27.364s] INFO:colcon.colcon_core.shell:Creating environment hook '/home/ibrahim/ros2_ws/install/mycobot_interfaces/share/mycobot_interfaces/hook/pythonpath.ps1'
[27.365s] INFO:colcon.colcon_core.shell:Creating environment descriptor '/home/ibrahim/ros2_ws/install/mycobot_interfaces/share/mycobot_interfaces/hook/pythonpath.dsv'
[27.365s] INFO:colcon.colcon_core.shell:Creating environment hook '/home/ibrahim/ros2_ws/install/mycobot_interfaces/share/mycobot_interfaces/hook/pythonpath.sh'
[27.372s] Level 1:colcon.colcon_core.environment:checking '/home/ibrahim/ros2_ws/install/mycobot_interfaces/bin'
[27.372s] INFO:colcon.colcon_core.shell:Creating package script '/home/ibrahim/ros2_ws/install/mycobot_interfaces/share/mycobot_interfaces/package.ps1'
[27.379s] DEBUG:colcon.colcon_core.event_handler.log_command:Invoked command in '/home/ibrahim/ros2_ws/build/mycobot_interfaces' returned '0': CMAKE_PREFIX_PATH=${CMAKE_PREFIX_PATH}:/home/ibrahim/ros2_ws/install/arm_serial_bridge:/opt/ros/jazzy DEBUGINFOD_URLS=https://debuginfod.ubuntu.com PS1=\[\e]0;\u@\h: \w\a\]${debian_chroot:+($debian_chroot)}\[\033[01;32m\]\u@\h\[\033[00m\]:\[\033[01;34m\]\w\[\033[00m\]\$ /usr/bin/cmake --install /home/ibrahim/ros2_ws/build/mycobot_interfaces
[27.379s] INFO:colcon.colcon_core.shell:Creating package descriptor '/home/ibrahim/ros2_ws/install/mycobot_interfaces/share/mycobot_interfaces/package.dsv'
[27.380s] INFO:colcon.colcon_core.shell:Creating package script '/home/ibrahim/ros2_ws/install/mycobot_interfaces/share/mycobot_interfaces/package.sh'
[27.388s] INFO:colcon.colcon_core.shell:Creating package script '/home/ibrahim/ros2_ws/install/mycobot_interfaces/share/mycobot_interfaces/package.bash'
[27.389s] INFO:colcon.colcon_core.shell:Creating package script '/home/ibrahim/ros2_ws/install/mycobot_interfaces/share/mycobot_interfaces/package.zsh'
[27.389s] Level 1:colcon.colcon_core.environment:create_file_with_runtime_dependencies(/home/ibrahim/ros2_ws/install/mycobot_interfaces/share/colcon-core/packages/mycobot_interfaces)
[27.390s] Level 1:colcon.colcon_core.environment:create_environment_scripts_only(mycobot_interfaces)
[27.390s] Level 1:colcon.colcon_core.environment:checking '/home/ibrahim/ros2_ws/install/mycobot_interfaces' for CMake module files
[27.397s] Level 1:colcon.colcon_core.environment:checking '/home/ibrahim/ros2_ws/install/mycobot_interfaces' for CMake config files
[27.398s] Level 1:colcon.colcon_core.shell:create_environment_hook('mycobot_interfaces', 'cmake_prefix_path')
[27.398s] INFO:colcon.colcon_core.shell:Creating environment hook '/home/ibrahim/ros2_ws/install/mycobot_interfaces/share/mycobot_interfaces/hook/cmake_prefix_path.ps1'
[27.406s] INFO:colcon.colcon_core.shell:Creating environment descriptor '/home/ibrahim/ros2_ws/install/mycobot_interfaces/share/mycobot_interfaces/hook/cmake_prefix_path.dsv'
[27.407s] INFO:colcon.colcon_core.shell:Creating environment hook '/home/ibrahim/ros2_ws/install/mycobot_interfaces/share/mycobot_interfaces/hook/cmake_prefix_path.sh'
[27.411s] Level 1:colcon.colcon_core.environment:checking '/home/ibrahim/ros2_ws/install/mycobot_interfaces/lib'
[27.412s] Level 1:colcon.colcon_core.shell:create_environment_hook('mycobot_interfaces', 'ld_library_path_lib')
[27.412s] INFO:colcon.colcon_core.shell:Creating environment hook '/home/ibrahim/ros2_ws/install/mycobot_interfaces/share/mycobot_interfaces/hook/ld_library_path_lib.ps1'
[27.413s] INFO:colcon.colcon_core.shell:Creating environment descriptor '/home/ibrahim/ros2_ws/install/mycobot_interfaces/share/mycobot_interfaces/hook/ld_library_path_lib.dsv'
[27.419s] INFO:colcon.colcon_core.shell:Creating environment hook '/home/ibrahim/ros2_ws/install/mycobot_interfaces/share/mycobot_interfaces/hook/ld_library_path_lib.sh'
[27.420s] Level 1:colcon.colcon_core.environment:checking '/home/ibrahim/ros2_ws/install/mycobot_interfaces/bin'
[27.420s] Level 1:colcon.colcon_core.environment:checking '/home/ibrahim/ros2_ws/install/mycobot_interfaces/lib/pkgconfig/mycobot_interfaces.pc'
[27.813s] Level 1:colcon.colcon_core.environment:checking '/home/ibrahim/ros2_ws/install/mycobot_interfaces/lib/python3.12/site-packages'
[27.813s] Level 1:colcon.colcon_core.shell:create_environment_hook('mycobot_interfaces', 'pythonpath')
[27.813s] INFO:colcon.colcon_core.shell:Creating environment hook '/home/ibrahim/ros2_ws/install/mycobot_interfaces/share/mycobot_interfaces/hook/pythonpath.ps1'
[27.817s] INFO:colcon.colcon_core.shell:Creating environment descriptor '/home/ibrahim/ros2_ws/install/mycobot_interfaces/share/mycobot_interfaces/hook/pythonpath.dsv'
[27.817s] INFO:colcon.colcon_core.shell:Creating environment hook '/home/ibrahim/ros2_ws/install/mycobot_interfaces/share/mycobot_interfaces/hook/pythonpath.sh'
[27.821s] Level 1:colcon.colcon_core.environment:checking '/home/ibrahim/ros2_ws/install/mycobot_interfaces/bin'
[27.822s] INFO:colcon.colcon_core.shell:Creating package script '/home/ibrahim/ros2_ws/install/mycobot_interfaces/share/mycobot_interfaces/package.ps1'
[27.823s] INFO:colcon.colcon_core.shell:Creating package descriptor '/home/ibrahim/ros2_ws/install/mycobot_interfaces/share/mycobot_interfaces/package.dsv'
[27.977s] INFO:colcon.colcon_core.shell:Creating package script '/home/ibrahim/ros2_ws/install/mycobot_interfaces/share/mycobot_interfaces/package.sh'
[27.978s] INFO:colcon.colcon_core.shell:Creating package script '/home/ibrahim/ros2_ws/install/mycobot_interfaces/share/mycobot_interfaces/package.bash'
[27.979s] INFO:colcon.colcon_core.shell:Creating package script '/home/ibrahim/ros2_ws/install/mycobot_interfaces/share/mycobot_interfaces/package.zsh'
[27.979s] Level 1:colcon.colcon_core.environment:create_file_with_runtime_dependencies(/home/ibrahim/ros2_ws/install/mycobot_interfaces/share/colcon-core/packages/mycobot_interfaces)
[27.980s] INFO:colcon.colcon_ros.task.ament_cmake.build:Building ROS package in '/home/ibrahim/ros2_ws/src/mycobot_ros2/mycobot_mtc_pick_place_demo' with build type 'ament_cmake'
[27.980s] INFO:colcon.colcon_cmake.task.cmake.build:Building CMake package in '/home/ibrahim/ros2_ws/src/mycobot_ros2/mycobot_mtc_pick_place_demo'
[27.980s] INFO:colcon.colcon_core.shell:Skip shell extension 'powershell' for command environment: Not usable outside of PowerShell
[27.980s] DEBUG:colcon.colcon_core.shell:Skip shell extension 'dsv' for command environment
[28.046s] DEBUG:colcon.colcon_core.event_handler.log_command:Invoking command in '/home/ibrahim/ros2_ws/build/mycobot_mtc_pick_place_demo': CMAKE_PREFIX_PATH=/home/ibrahim/ros2_ws/install/mycobot_interfaces:/home/ibrahim/ros2_ws/install/mycobot_ros2:/home/ibrahim/ros2_ws/install/mycobot_system_tests:/home/ibrahim/ros2_ws/install/mycobot_mtc_pick_place_demo:/home/ibrahim/ros2_ws/install/mycobot_mtc_demos:/home/ibrahim/ros2_ws/install/mycobot_moveit_demos:/home/ibrahim/ros2_ws/install/mycobot_moveit_config:/home/ibrahim/ros2_ws/install/mycobot_gazebo:/home/ibrahim/ros2_ws/install/mycobot_description:/home/ibrahim/ros2_ws/install/mycobot_bringup:/opt/ros/jazzy/opt/gz_sim_vendor:/opt/ros/jazzy/opt/gz_sensors_vendor:/opt/ros/jazzy/opt/gz_physics_vendor:/opt/ros/jazzy/opt/sdformat_vendor:/opt/ros/jazzy/opt/gz_gui_vendor:/opt/ros/jazzy/opt/gz_transport_vendor:/opt/ros/jazzy/opt/gz_rendering_vendor:/opt/ros/jazzy/opt/gz_plugin_vendor:/opt/ros/jazzy/opt/gz_fuel_tools_vendor:/opt/ros/jazzy/opt/gz_msgs_vendor:/opt/ros/jazzy/opt/gz_common_vendor:/opt/ros/jazzy/opt/gz_math_vendor:/opt/ros/jazzy/opt/gz_utils_vendor:/opt/ros/jazzy/opt/gz_tools_vendor:/opt/ros/jazzy/opt/gz_ogre_next_vendor:/opt/ros/jazzy/opt/gz_dartsim_vendor:/opt/ros/jazzy/opt/gz_cmake_vendor:/home/ibrahim/ros2_ws/install/arm_serial_bridge:/opt/ros/jazzy DEBUGINFOD_URLS=https://debuginfod.ubuntu.com LD_LIBRARY_PATH=/home/ibrahim/ros2_ws/install/mycobot_interfaces/lib:/home/ibrahim/ros2_ws/install/mycobot_mtc_pick_place_demo/lib:/opt/ros/jazzy/opt/gz_sim_vendor/lib:/opt/ros/jazzy/opt/gz_sensors_vendor/lib:/opt/ros/jazzy/opt/gz_physics_vendor/lib:/opt/ros/jazzy/opt/sdformat_vendor/lib:/opt/ros/jazzy/opt/rviz_ogre_vendor/lib:/opt/ros/jazzy/lib/x86_64-linux-gnu:/opt/ros/jazzy/opt/gz_gui_vendor/lib:/opt/ros/jazzy/opt/gz_transport_vendor/lib:/opt/ros/jazzy/opt/gz_rendering_vendor/lib:/opt/ros/jazzy/opt/gz_plugin_vendor/lib:/opt/ros/jazzy/opt/gz_fuel_tools_vendor/lib:/opt/ros/jazzy/opt/gz_msgs_vendor/lib:/opt/ros/jazzy/opt/gz_common_vendor/lib:/opt/ros/jazzy/opt/gz_math_vendor/lib:/opt/ros/jazzy/opt/gz_utils_vendor/lib:/opt/ros/jazzy/opt/gz_tools_vendor/lib:/opt/ros/jazzy/opt/gz_ogre_next_vendor/lib:/opt/ros/jazzy/opt/gz_dartsim_vendor/lib:/opt/ros/jazzy/opt/gz_cmake_vendor/lib:/opt/ros/jazzy/lib PS1=\[\e]0;\u@\h: \w\a\]${debian_chroot:+($debian_chroot)}\[\033[01;32m\]\u@\h\[\033[00m\]:\[\033[01;34m\]\w\[\033[00m\]\$ /usr/bin/cmake /home/ibrahim/ros2_ws/src/mycobot_ros2/mycobot_mtc_pick_place_demo -DCMAKE_INSTALL_PREFIX=/home/ibrahim/ros2_ws/install/mycobot_mtc_pick_place_demo
[49.248s] Level 1:colcon.colcon_core.environment:create_environment_scripts_only(mycobot_mtc_demos)
[49.248s] DEBUG:colcon.colcon_core.event_handler.log_command:Invoked command in '/home/ibrahim/ros2_ws/build/mycobot_mtc_demos' returned '2': CMAKE_PREFIX_PATH=${CMAKE_PREFIX_PATH}:/home/ibrahim/ros2_ws/install/arm_serial_bridge:/opt/ros/jazzy DEBUGINFOD_URLS=https://debuginfod.ubuntu.com PS1=\[\e]0;\u@\h: \w\a\]${debian_chroot:+($debian_chroot)}\[\033[01;32m\]\u@\h\[\033[00m\]:\[\033[01;34m\]\w\[\033[00m\]\$ /usr/bin/cmake --build /home/ibrahim/ros2_ws/build/mycobot_mtc_demos -- -j4 -l4
[49.269s] Level 1:colcon.colcon_core.environment:checking '/home/ibrahim/ros2_ws/install/mycobot_mtc_demos' for CMake module files
[49.269s] Level 1:colcon.colcon_core.environment:checking '/home/ibrahim/ros2_ws/install/mycobot_mtc_demos' for CMake config files
[49.269s] Level 1:colcon.colcon_core.environment:checking '/home/ibrahim/ros2_ws/install/mycobot_mtc_demos/bin'
[49.270s] Level 1:colcon.colcon_core.environment:checking '/home/ibrahim/ros2_ws/install/mycobot_mtc_demos/lib/pkgconfig/mycobot_mtc_demos.pc'
[49.270s] Level 1:colcon.colcon_core.environment:checking '/home/ibrahim/ros2_ws/install/mycobot_mtc_demos/lib/python3.12/site-packages'
[49.270s] Level 1:colcon.colcon_core.environment:checking '/home/ibrahim/ros2_ws/install/mycobot_mtc_demos/bin'
[49.270s] INFO:colcon.colcon_core.shell:Creating package script '/home/ibrahim/ros2_ws/install/mycobot_mtc_demos/share/mycobot_mtc_demos/package.ps1'
[49.293s] INFO:colcon.colcon_core.shell:Creating package descriptor '/home/ibrahim/ros2_ws/install/mycobot_mtc_demos/share/mycobot_mtc_demos/package.dsv'
[49.305s] INFO:colcon.colcon_core.shell:Creating package script '/home/ibrahim/ros2_ws/install/mycobot_mtc_demos/share/mycobot_mtc_demos/package.sh'
[49.321s] INFO:colcon.colcon_core.shell:Creating package script '/home/ibrahim/ros2_ws/install/mycobot_mtc_demos/share/mycobot_mtc_demos/package.bash'
[49.326s] INFO:colcon.colcon_core.shell:Creating package script '/home/ibrahim/ros2_ws/install/mycobot_mtc_demos/share/mycobot_mtc_demos/package.zsh'
[49.344s] Level 1:colcon.colcon_core.environment:create_file_with_runtime_dependencies(/home/ibrahim/ros2_ws/install/mycobot_mtc_demos/share/colcon-core/packages/mycobot_mtc_demos)
[67.304s] DEBUG:colcon.colcon_parallel_executor.executor.parallel:closing loop
[67.305s] DEBUG:colcon.colcon_parallel_executor.executor.parallel:loop closed
[67.305s] DEBUG:colcon.colcon_parallel_executor.executor.parallel:run_until_complete finished with '2'
[67.306s] DEBUG:colcon.colcon_core.event_reactor:joining thread
[67.419s] INFO:colcon.colcon_core.plugin_system:Skipping extension 'colcon_notification.desktop_notification.terminal_notifier': Not used on non-Darwin systems
[67.419s] INFO:colcon.colcon_core.plugin_system:Skipping extension 'colcon_notification.desktop_notification.win32': Not used on non-Windows systems
[67.419s] INFO:colcon.colcon_notification.desktop_notification:Sending desktop notification using 'notify2'
[67.500s] DEBUG:colcon.colcon_core.event_reactor:joined thread
[67.500s] INFO:colcon.colcon_core.shell:Creating prefix script '/home/ibrahim/ros2_ws/install/local_setup.ps1'
[67.522s] INFO:colcon.colcon_core.shell:Creating prefix util module '/home/ibrahim/ros2_ws/install/_local_setup_util_ps1.py'
[67.535s] INFO:colcon.colcon_core.shell:Creating prefix chain script '/home/ibrahim/ros2_ws/install/setup.ps1'
[67.538s] INFO:colcon.colcon_core.shell:Creating prefix script '/home/ibrahim/ros2_ws/install/local_setup.sh'
[67.540s] INFO:colcon.colcon_core.shell:Creating prefix util module '/home/ibrahim/ros2_ws/install/_local_setup_util_sh.py'
[67.541s] INFO:colcon.colcon_core.shell:Creating prefix chain script '/home/ibrahim/ros2_ws/install/setup.sh'
[67.543s] INFO:colcon.colcon_core.shell:Creating prefix script '/home/ibrahim/ros2_ws/install/local_setup.bash'
[67.555s] INFO:colcon.colcon_core.shell:Creating prefix chain script '/home/ibrahim/ros2_ws/install/setup.bash'
[67.559s] INFO:colcon.colcon_core.shell:Creating prefix script '/home/ibrahim/ros2_ws/install/local_setup.zsh'
[67.562s] INFO:colcon.colcon_core.shell:Creating prefix chain script '/home/ibrahim/ros2_ws/install/setup.zsh'
