[0.205s] Invoking command in '/home/ibrahim/ros2_ws/build/mycobot_gazebo': CMAKE_PREFIX_PATH=${CMAKE_PREFIX_PATH}:/home/ibrahim/ros2_ws/install/arm_serial_bridge:/opt/ros/jazzy DEBUGINFOD_URLS=https://debuginfod.ubuntu.com /usr/bin/cmake --build /home/ibrahim/ros2_ws/build/mycobot_gazebo -- -j4 -l4
[0.930s] Invoked command in '/home/ibrahim/ros2_ws/build/mycobot_gazebo' returned '0': CMAKE_PREFIX_PATH=${CMAKE_PREFIX_PATH}:/home/ibrahim/ros2_ws/install/arm_serial_bridge:/opt/ros/jazzy DEBUGINFOD_URLS=https://debuginfod.ubuntu.com /usr/bin/cmake --build /home/ibrahim/ros2_ws/build/mycobot_gazebo -- -j4 -l4
[0.976s] Invoking command in '/home/ibrahim/ros2_ws/build/mycobot_gazebo': CMAKE_PREFIX_PATH=${CMAKE_PREFIX_PATH}:/home/ibrahim/ros2_ws/install/arm_serial_bridge:/opt/ros/jazzy DEBUGINFOD_URLS=https://debuginfod.ubuntu.com /usr/bin/cmake --install /home/ibrahim/ros2_ws/build/mycobot_gazebo
[0.992s] -- Install configuration: ""
[0.993s] -- Up-to-date: /home/ibrahim/ros2_ws/install/mycobot_gazebo/share/mycobot_gazebo/config
[1.019s] -- Up-to-date: /home/ibrahim/ros2_ws/install/mycobot_gazebo/share/mycobot_gazebo/config/ros_gz_bridge.yaml
[1.019s] -- Up-to-date: /home/ibrahim/ros2_ws/install/mycobot_gazebo/share/mycobot_gazebo/launch
[1.112s] -- Up-to-date: /home/ibrahim/ros2_ws/install/mycobot_gazebo/share/mycobot_gazebo/launch/mycobot.gazebo.launch.py
[1.113s] -- Up-to-date: /home/ibrahim/ros2_ws/install/mycobot_gazebo/share/mycobot_gazebo/models
[1.127s] -- Up-to-date: /home/ibrahim/ros2_ws/install/mycobot_gazebo/share/mycobot_gazebo/models/aws_robomaker_residential_KitchenUtensils_01
[1.144s] -- Up-to-date: /home/ibrahim/ros2_ws/install/mycobot_gazebo/share/mycobot_gazebo/models/aws_robomaker_residential_KitchenUtensils_01/model.sdf
[1.152s] -- Up-to-date: /home/ibrahim/ros2_ws/install/mycobot_gazebo/share/mycobot_gazebo/models/aws_robomaker_residential_KitchenUtensils_01/materials
[1.156s] -- Up-to-date: /home/ibrahim/ros2_ws/install/mycobot_gazebo/share/mycobot_gazebo/models/aws_robomaker_residential_KitchenUtensils_01/materials/textures
[1.158s] -- Up-to-date: /home/ibrahim/ros2_ws/install/mycobot_gazebo/share/mycobot_gazebo/models/aws_robomaker_residential_KitchenUtensils_01/materials/textures/aws_KitchenUtensils_01.png
[1.158s] -- Up-to-date: /home/ibrahim/ros2_ws/install/mycobot_gazebo/share/mycobot_gazebo/models/aws_robomaker_residential_KitchenUtensils_01/meshes
[1.159s] -- Up-to-date: /home/ibrahim/ros2_ws/install/mycobot_gazebo/share/mycobot_gazebo/models/aws_robomaker_residential_KitchenUtensils_01/meshes/aws_KitchenUtensils_01_visual.DAE
[1.159s] -- Up-to-date: /home/ibrahim/ros2_ws/install/mycobot_gazebo/share/mycobot_gazebo/models/aws_robomaker_residential_KitchenUtensils_01/meshes/aws_KitchenUtensils_01_collision.DAE
[1.159s] -- Up-to-date: /home/ibrahim/ros2_ws/install/mycobot_gazebo/share/mycobot_gazebo/models/aws_robomaker_residential_KitchenUtensils_01/model.config
[1.159s] -- Up-to-date: /home/ibrahim/ros2_ws/install/mycobot_gazebo/share/mycobot_gazebo/models/aws_robomaker_warehouse_GroundB_01
[1.160s] -- Up-to-date: /home/ibrahim/ros2_ws/install/mycobot_gazebo/share/mycobot_gazebo/models/aws_robomaker_warehouse_GroundB_01/model.sdf
[1.160s] -- Up-to-date: /home/ibrahim/ros2_ws/install/mycobot_gazebo/share/mycobot_gazebo/models/aws_robomaker_warehouse_GroundB_01/materials
[1.161s] -- Up-to-date: /home/ibrahim/ros2_ws/install/mycobot_gazebo/share/mycobot_gazebo/models/aws_robomaker_warehouse_GroundB_01/materials/textures
[1.161s] -- Up-to-date: /home/ibrahim/ros2_ws/install/mycobot_gazebo/share/mycobot_gazebo/models/aws_robomaker_warehouse_GroundB_01/materials/textures/aws_robomaker_warehouse_GroundB_02.png
[1.161s] -- Up-to-date: /home/ibrahim/ros2_ws/install/mycobot_gazebo/share/mycobot_gazebo/models/aws_robomaker_warehouse_GroundB_01/materials/textures/aws_robomaker_warehouse_GroundB_01.png
[1.161s] -- Up-to-date: /home/ibrahim/ros2_ws/install/mycobot_gazebo/share/mycobot_gazebo/models/aws_robomaker_warehouse_GroundB_01/meshes
[1.164s] -- Up-to-date: /home/ibrahim/ros2_ws/install/mycobot_gazebo/share/mycobot_gazebo/models/aws_robomaker_warehouse_GroundB_01/meshes/aws_robomaker_warehouse_GroundB_01_visual.DAE
[1.164s] -- Up-to-date: /home/ibrahim/ros2_ws/install/mycobot_gazebo/share/mycobot_gazebo/models/aws_robomaker_warehouse_GroundB_01/meshes/aws_robomaker_warehouse_GroundB_01_collision.DAE
[1.164s] -- Up-to-date: /home/ibrahim/ros2_ws/install/mycobot_gazebo/share/mycobot_gazebo/models/aws_robomaker_warehouse_GroundB_01/model.config
[1.164s] -- Up-to-date: /home/ibrahim/ros2_ws/install/mycobot_gazebo/share/mycobot_gazebo/models/aws_robomaker_residential_CookingBench_01
[1.178s] -- Up-to-date: /home/ibrahim/ros2_ws/install/mycobot_gazebo/share/mycobot_gazebo/models/aws_robomaker_residential_CookingBench_01/model.sdf
[1.178s] -- Up-to-date: /home/ibrahim/ros2_ws/install/mycobot_gazebo/share/mycobot_gazebo/models/aws_robomaker_residential_CookingBench_01/materials
[1.179s] -- Up-to-date: /home/ibrahim/ros2_ws/install/mycobot_gazebo/share/mycobot_gazebo/models/aws_robomaker_residential_CookingBench_01/materials/textures
[1.252s] -- Up-to-date: /home/ibrahim/ros2_ws/install/mycobot_gazebo/share/mycobot_gazebo/models/aws_robomaker_residential_CookingBench_01/materials/textures/aws_CookingBench_01.png
[1.252s] -- Up-to-date: /home/ibrahim/ros2_ws/install/mycobot_gazebo/share/mycobot_gazebo/models/aws_robomaker_residential_CookingBench_01/meshes
[1.259s] -- Up-to-date: /home/ibrahim/ros2_ws/install/mycobot_gazebo/share/mycobot_gazebo/models/aws_robomaker_residential_CookingBench_01/meshes/aws_CookingBench_01_visual.DAE
[1.259s] -- Up-to-date: /home/ibrahim/ros2_ws/install/mycobot_gazebo/share/mycobot_gazebo/models/aws_robomaker_residential_CookingBench_01/meshes/aws_CookingBench_01_collision.DAE
[1.260s] -- Up-to-date: /home/ibrahim/ros2_ws/install/mycobot_gazebo/share/mycobot_gazebo/models/aws_robomaker_residential_CookingBench_01/meshes/aws_CookingBench_01.DAE
[1.260s] -- Up-to-date: /home/ibrahim/ros2_ws/install/mycobot_gazebo/share/mycobot_gazebo/models/aws_robomaker_residential_CookingBench_01/model.config
[1.260s] -- Up-to-date: /home/ibrahim/ros2_ws/install/mycobot_gazebo/share/mycobot_gazebo/models/aws_robomaker_warehouse_ShelfF_01
[1.304s] -- Up-to-date: /home/ibrahim/ros2_ws/install/mycobot_gazebo/share/mycobot_gazebo/models/aws_robomaker_warehouse_ShelfF_01/model.sdf
[1.304s] -- Up-to-date: /home/ibrahim/ros2_ws/install/mycobot_gazebo/share/mycobot_gazebo/models/aws_robomaker_warehouse_ShelfF_01/materials
[1.329s] -- Up-to-date: /home/ibrahim/ros2_ws/install/mycobot_gazebo/share/mycobot_gazebo/models/aws_robomaker_warehouse_ShelfF_01/materials/textures
[1.330s] -- Up-to-date: /home/ibrahim/ros2_ws/install/mycobot_gazebo/share/mycobot_gazebo/models/aws_robomaker_warehouse_ShelfF_01/materials/textures/aws_robomaker_warehouse_ShelfF_03.png
[1.330s] -- Up-to-date: /home/ibrahim/ros2_ws/install/mycobot_gazebo/share/mycobot_gazebo/models/aws_robomaker_warehouse_ShelfF_01/materials/textures/aws_robomaker_warehouse_ShelfF_01.png
[1.330s] -- Up-to-date: /home/ibrahim/ros2_ws/install/mycobot_gazebo/share/mycobot_gazebo/models/aws_robomaker_warehouse_ShelfF_01/materials/textures/aws_robomaker_warehouse_ShelfF_02.png
[1.330s] -- Up-to-date: /home/ibrahim/ros2_ws/install/mycobot_gazebo/share/mycobot_gazebo/models/aws_robomaker_warehouse_ShelfF_01/meshes
[1.337s] -- Up-to-date: /home/ibrahim/ros2_ws/install/mycobot_gazebo/share/mycobot_gazebo/models/aws_robomaker_warehouse_ShelfF_01/meshes/aws_robomaker_warehouse_ShelfF_01_collision.DAE
[1.337s] -- Up-to-date: /home/ibrahim/ros2_ws/install/mycobot_gazebo/share/mycobot_gazebo/models/aws_robomaker_warehouse_ShelfF_01/meshes/aws_robomaker_warehouse_ShelfF_01_visual.DAE
[1.337s] -- Up-to-date: /home/ibrahim/ros2_ws/install/mycobot_gazebo/share/mycobot_gazebo/models/aws_robomaker_warehouse_ShelfF_01/model.config
[1.337s] -- Up-to-date: /home/ibrahim/ros2_ws/install/mycobot_gazebo/share/mycobot_gazebo/models/aws_robomaker_warehouse_Lamp_01
[1.338s] -- Up-to-date: /home/ibrahim/ros2_ws/install/mycobot_gazebo/share/mycobot_gazebo/models/aws_robomaker_warehouse_Lamp_01/model.sdf
[1.338s] -- Up-to-date: /home/ibrahim/ros2_ws/install/mycobot_gazebo/share/mycobot_gazebo/models/aws_robomaker_warehouse_Lamp_01/materials
[1.354s] -- Up-to-date: /home/ibrahim/ros2_ws/install/mycobot_gazebo/share/mycobot_gazebo/models/aws_robomaker_warehouse_Lamp_01/materials/textures
[1.355s] -- Up-to-date: /home/ibrahim/ros2_ws/install/mycobot_gazebo/share/mycobot_gazebo/models/aws_robomaker_warehouse_Lamp_01/materials/textures/aws_robomaker_warehouse_Lamp_01.png
[1.355s] -- Up-to-date: /home/ibrahim/ros2_ws/install/mycobot_gazebo/share/mycobot_gazebo/models/aws_robomaker_warehouse_Lamp_01/meshes
[1.365s] -- Up-to-date: /home/ibrahim/ros2_ws/install/mycobot_gazebo/share/mycobot_gazebo/models/aws_robomaker_warehouse_Lamp_01/meshes/aws_robomaker_warehouse_Lamp_01_collision.DAE
[1.366s] -- Up-to-date: /home/ibrahim/ros2_ws/install/mycobot_gazebo/share/mycobot_gazebo/models/aws_robomaker_warehouse_Lamp_01/meshes/aws_robomaker_warehouse_Lamp_01_visual.DAE
[1.366s] -- Up-to-date: /home/ibrahim/ros2_ws/install/mycobot_gazebo/share/mycobot_gazebo/models/aws_robomaker_warehouse_Lamp_01/model.config
[1.366s] -- Up-to-date: /home/ibrahim/ros2_ws/install/mycobot_gazebo/share/mycobot_gazebo/models/aws_robomaker_residential_Trash_01
[1.385s] -- Up-to-date: /home/ibrahim/ros2_ws/install/mycobot_gazebo/share/mycobot_gazebo/models/aws_robomaker_residential_Trash_01/model.sdf
[1.385s] -- Up-to-date: /home/ibrahim/ros2_ws/install/mycobot_gazebo/share/mycobot_gazebo/models/aws_robomaker_residential_Trash_01/materials
[1.400s] -- Up-to-date: /home/ibrahim/ros2_ws/install/mycobot_gazebo/share/mycobot_gazebo/models/aws_robomaker_residential_Trash_01/materials/textures
[1.418s] -- Up-to-date: /home/ibrahim/ros2_ws/install/mycobot_gazebo/share/mycobot_gazebo/models/aws_robomaker_residential_Trash_01/materials/textures/aws_Trash_01.png
[1.418s] -- Up-to-date: /home/ibrahim/ros2_ws/install/mycobot_gazebo/share/mycobot_gazebo/models/aws_robomaker_residential_Trash_01/meshes
[1.429s] -- Up-to-date: /home/ibrahim/ros2_ws/install/mycobot_gazebo/share/mycobot_gazebo/models/aws_robomaker_residential_Trash_01/meshes/aws_Trash_01_visual.DAE
[1.430s] -- Up-to-date: /home/ibrahim/ros2_ws/install/mycobot_gazebo/share/mycobot_gazebo/models/aws_robomaker_residential_Trash_01/meshes/aws_Trash_01_collision.DAE
[1.430s] -- Up-to-date: /home/ibrahim/ros2_ws/install/mycobot_gazebo/share/mycobot_gazebo/models/aws_robomaker_residential_Trash_01/model.config
[1.430s] -- Up-to-date: /home/ibrahim/ros2_ws/install/mycobot_gazebo/share/mycobot_gazebo/models/coke_can
[1.430s] -- Up-to-date: /home/ibrahim/ros2_ws/install/mycobot_gazebo/share/mycobot_gazebo/models/coke_can/model.sdf
[1.430s] -- Up-to-date: /home/ibrahim/ros2_ws/install/mycobot_gazebo/share/mycobot_gazebo/models/coke_can/materials
[1.448s] -- Up-to-date: /home/ibrahim/ros2_ws/install/mycobot_gazebo/share/mycobot_gazebo/models/coke_can/materials/textures
[1.448s] -- Up-to-date: /home/ibrahim/ros2_ws/install/mycobot_gazebo/share/mycobot_gazebo/models/coke_can/materials/textures/coke_can.png
[1.448s] -- Up-to-date: /home/ibrahim/ros2_ws/install/mycobot_gazebo/share/mycobot_gazebo/models/coke_can/model-1_3.sdf
[1.448s] -- Up-to-date: /home/ibrahim/ros2_ws/install/mycobot_gazebo/share/mycobot_gazebo/models/coke_can/model-1_2.sdf
[1.449s] -- Up-to-date: /home/ibrahim/ros2_ws/install/mycobot_gazebo/share/mycobot_gazebo/models/coke_can/model-1_4.sdf
[1.449s] -- Up-to-date: /home/ibrahim/ros2_ws/install/mycobot_gazebo/share/mycobot_gazebo/models/coke_can/meshes
[1.456s] -- Up-to-date: /home/ibrahim/ros2_ws/install/mycobot_gazebo/share/mycobot_gazebo/models/coke_can/meshes/coke_can.dae
[1.456s] -- Up-to-date: /home/ibrahim/ros2_ws/install/mycobot_gazebo/share/mycobot_gazebo/models/coke_can/model.config
[1.456s] -- Up-to-date: /home/ibrahim/ros2_ws/install/mycobot_gazebo/share/mycobot_gazebo/models/aws_robomaker_warehouse_ShelfD_01
[1.470s] -- Up-to-date: /home/ibrahim/ros2_ws/install/mycobot_gazebo/share/mycobot_gazebo/models/aws_robomaker_warehouse_ShelfD_01/model.sdf
[1.472s] -- Up-to-date: /home/ibrahim/ros2_ws/install/mycobot_gazebo/share/mycobot_gazebo/models/aws_robomaker_warehouse_ShelfD_01/materials
[1.473s] -- Up-to-date: /home/ibrahim/ros2_ws/install/mycobot_gazebo/share/mycobot_gazebo/models/aws_robomaker_warehouse_ShelfD_01/materials/textures
[1.478s] -- Up-to-date: /home/ibrahim/ros2_ws/install/mycobot_gazebo/share/mycobot_gazebo/models/aws_robomaker_warehouse_ShelfD_01/materials/textures/aws_robomaker_warehouse_ShelfD_03.png
[1.478s] -- Up-to-date: /home/ibrahim/ros2_ws/install/mycobot_gazebo/share/mycobot_gazebo/models/aws_robomaker_warehouse_ShelfD_01/materials/textures/aws_robomaker_warehouse_ShelfD_01.png
[1.478s] -- Up-to-date: /home/ibrahim/ros2_ws/install/mycobot_gazebo/share/mycobot_gazebo/models/aws_robomaker_warehouse_ShelfD_01/materials/textures/aws_robomaker_warehouse_ShelfD_04.png
[1.478s] -- Up-to-date: /home/ibrahim/ros2_ws/install/mycobot_gazebo/share/mycobot_gazebo/models/aws_robomaker_warehouse_ShelfD_01/materials/textures/aws_robomaker_warehouse_ShelfD_02.png
[1.478s] -- Up-to-date: /home/ibrahim/ros2_ws/install/mycobot_gazebo/share/mycobot_gazebo/models/aws_robomaker_warehouse_ShelfD_01/meshes
[1.485s] -- Up-to-date: /home/ibrahim/ros2_ws/install/mycobot_gazebo/share/mycobot_gazebo/models/aws_robomaker_warehouse_ShelfD_01/meshes/aws_robomaker_warehouse_ShelfD_01_collision.DAE
[1.485s] -- Up-to-date: /home/ibrahim/ros2_ws/install/mycobot_gazebo/share/mycobot_gazebo/models/aws_robomaker_warehouse_ShelfD_01/meshes/aws_robomaker_warehouse_ShelfD_01_visual.DAE
[1.485s] -- Up-to-date: /home/ibrahim/ros2_ws/install/mycobot_gazebo/share/mycobot_gazebo/models/aws_robomaker_warehouse_ShelfD_01/model.config
[1.485s] -- Up-to-date: /home/ibrahim/ros2_ws/install/mycobot_gazebo/share/mycobot_gazebo/models/aws_robomaker_residential_RoomWall_01
[1.530s] -- Up-to-date: /home/ibrahim/ros2_ws/install/mycobot_gazebo/share/mycobot_gazebo/models/aws_robomaker_residential_RoomWall_01/model.sdf
[1.530s] -- Up-to-date: /home/ibrahim/ros2_ws/install/mycobot_gazebo/share/mycobot_gazebo/models/aws_robomaker_residential_RoomWall_01/materials
[1.541s] -- Up-to-date: /home/ibrahim/ros2_ws/install/mycobot_gazebo/share/mycobot_gazebo/models/aws_robomaker_residential_RoomWall_01/materials/textures
[1.544s] -- Up-to-date: /home/ibrahim/ros2_ws/install/mycobot_gazebo/share/mycobot_gazebo/models/aws_robomaker_residential_RoomWall_01/materials/textures/aws_RoomWall_01.png
[1.545s] -- Up-to-date: /home/ibrahim/ros2_ws/install/mycobot_gazebo/share/mycobot_gazebo/models/aws_robomaker_residential_RoomWall_01/meshes
[1.554s] -- Up-to-date: /home/ibrahim/ros2_ws/install/mycobot_gazebo/share/mycobot_gazebo/models/aws_robomaker_residential_RoomWall_01/meshes/aws_RoomWall_01_visual.DAE
[1.554s] -- Up-to-date: /home/ibrahim/ros2_ws/install/mycobot_gazebo/share/mycobot_gazebo/models/aws_robomaker_residential_RoomWall_01/meshes/aws_RoomWall_01_collision.DAE
[1.554s] -- Up-to-date: /home/ibrahim/ros2_ws/install/mycobot_gazebo/share/mycobot_gazebo/models/aws_robomaker_residential_RoomWall_01/model.config
[1.554s] -- Up-to-date: /home/ibrahim/ros2_ws/install/mycobot_gazebo/share/mycobot_gazebo/models/brown_table
[1.565s] -- Up-to-date: /home/ibrahim/ros2_ws/install/mycobot_gazebo/share/mycobot_gazebo/models/brown_table/model.sdf
[1.566s] -- Up-to-date: /home/ibrahim/ros2_ws/install/mycobot_gazebo/share/mycobot_gazebo/models/brown_table/model.config
[1.566s] -- Up-to-date: /home/ibrahim/ros2_ws/install/mycobot_gazebo/share/mycobot_gazebo/models/aws_robomaker_residential_FloorB_01
[1.600s] -- Up-to-date: /home/ibrahim/ros2_ws/install/mycobot_gazebo/share/mycobot_gazebo/models/aws_robomaker_residential_FloorB_01/model.sdf
[1.600s] -- Up-to-date: /home/ibrahim/ros2_ws/install/mycobot_gazebo/share/mycobot_gazebo/models/aws_robomaker_residential_FloorB_01/materials
[1.606s] -- Up-to-date: /home/ibrahim/ros2_ws/install/mycobot_gazebo/share/mycobot_gazebo/models/aws_robomaker_residential_FloorB_01/materials/textures
[1.612s] -- Up-to-date: /home/ibrahim/ros2_ws/install/mycobot_gazebo/share/mycobot_gazebo/models/aws_robomaker_residential_FloorB_01/materials/textures/aws_FloorB_01.png
[1.613s] -- Up-to-date: /home/ibrahim/ros2_ws/install/mycobot_gazebo/share/mycobot_gazebo/models/aws_robomaker_residential_FloorB_01/meshes
[1.623s] -- Up-to-date: /home/ibrahim/ros2_ws/install/mycobot_gazebo/share/mycobot_gazebo/models/aws_robomaker_residential_FloorB_01/meshes/aws_FloorB_01_collision.DAE
[1.623s] -- Up-to-date: /home/ibrahim/ros2_ws/install/mycobot_gazebo/share/mycobot_gazebo/models/aws_robomaker_residential_FloorB_01/meshes/aws_FloorB_01_visual.DAE
[1.623s] -- Up-to-date: /home/ibrahim/ros2_ws/install/mycobot_gazebo/share/mycobot_gazebo/models/aws_robomaker_residential_FloorB_01/model.config
[1.623s] -- Up-to-date: /home/ibrahim/ros2_ws/install/mycobot_gazebo/share/mycobot_gazebo/models/aws_robomaker_residential_PortraitB_01
[1.657s] -- Up-to-date: /home/ibrahim/ros2_ws/install/mycobot_gazebo/share/mycobot_gazebo/models/aws_robomaker_residential_PortraitB_01/model.sdf
[1.657s] -- Up-to-date: /home/ibrahim/ros2_ws/install/mycobot_gazebo/share/mycobot_gazebo/models/aws_robomaker_residential_PortraitB_01/materials
[1.669s] -- Up-to-date: /home/ibrahim/ros2_ws/install/mycobot_gazebo/share/mycobot_gazebo/models/aws_robomaker_residential_PortraitB_01/materials/textures
[1.681s] -- Up-to-date: /home/ibrahim/ros2_ws/install/mycobot_gazebo/share/mycobot_gazebo/models/aws_robomaker_residential_PortraitB_01/materials/textures/aws_PortraitB_01.png
[1.681s] -- Up-to-date: /home/ibrahim/ros2_ws/install/mycobot_gazebo/share/mycobot_gazebo/models/aws_robomaker_residential_PortraitB_01/materials/textures/PortraitB_01.jpg
[1.682s] -- Up-to-date: /home/ibrahim/ros2_ws/install/mycobot_gazebo/share/mycobot_gazebo/models/aws_robomaker_residential_PortraitB_01/materials/textures/aws_PortraitB_02.png
[1.682s] -- Up-to-date: /home/ibrahim/ros2_ws/install/mycobot_gazebo/share/mycobot_gazebo/models/aws_robomaker_residential_PortraitB_01/meshes
[1.689s] -- Up-to-date: /home/ibrahim/ros2_ws/install/mycobot_gazebo/share/mycobot_gazebo/models/aws_robomaker_residential_PortraitB_01/meshes/aws_PortraitB_01_collision.DAE
[1.689s] -- Up-to-date: /home/ibrahim/ros2_ws/install/mycobot_gazebo/share/mycobot_gazebo/models/aws_robomaker_residential_PortraitB_01/meshes/aws_PortraitB_01_visual.DAE
[1.689s] -- Up-to-date: /home/ibrahim/ros2_ws/install/mycobot_gazebo/share/mycobot_gazebo/models/aws_robomaker_residential_PortraitB_01/model.config
[1.689s] -- Up-to-date: /home/ibrahim/ros2_ws/install/mycobot_gazebo/share/mycobot_gazebo/models/aws_robomaker_residential_PortraitD_01
[1.715s] -- Up-to-date: /home/ibrahim/ros2_ws/install/mycobot_gazebo/share/mycobot_gazebo/models/aws_robomaker_residential_PortraitD_01/model.sdf
[1.715s] -- Up-to-date: /home/ibrahim/ros2_ws/install/mycobot_gazebo/share/mycobot_gazebo/models/aws_robomaker_residential_PortraitD_01/materials
[1.758s] -- Up-to-date: /home/ibrahim/ros2_ws/install/mycobot_gazebo/share/mycobot_gazebo/models/aws_robomaker_residential_PortraitD_01/materials/textures
[1.769s] -- Up-to-date: /home/ibrahim/ros2_ws/install/mycobot_gazebo/share/mycobot_gazebo/models/aws_robomaker_residential_PortraitD_01/materials/textures/PortraitD_01.jpg
[1.769s] -- Up-to-date: /home/ibrahim/ros2_ws/install/mycobot_gazebo/share/mycobot_gazebo/models/aws_robomaker_residential_PortraitD_01/materials/textures/aws_PortraitD_01.png
[1.769s] -- Up-to-date: /home/ibrahim/ros2_ws/install/mycobot_gazebo/share/mycobot_gazebo/models/aws_robomaker_residential_PortraitD_01/materials/textures/aws_PortraitD_02.png
[1.769s] -- Up-to-date: /home/ibrahim/ros2_ws/install/mycobot_gazebo/share/mycobot_gazebo/models/aws_robomaker_residential_PortraitD_01/meshes
[1.776s] -- Up-to-date: /home/ibrahim/ros2_ws/install/mycobot_gazebo/share/mycobot_gazebo/models/aws_robomaker_residential_PortraitD_01/meshes/aws_PortraitD_01_visual.DAE
[1.776s] -- Up-to-date: /home/ibrahim/ros2_ws/install/mycobot_gazebo/share/mycobot_gazebo/models/aws_robomaker_residential_PortraitD_01/meshes/aws_PortraitD_01_collision.DAE
[1.777s] -- Up-to-date: /home/ibrahim/ros2_ws/install/mycobot_gazebo/share/mycobot_gazebo/models/aws_robomaker_residential_PortraitD_01/model.config
[1.777s] -- Up-to-date: /home/ibrahim/ros2_ws/install/mycobot_gazebo/share/mycobot_gazebo/models/aws_robomaker_warehouse_PalletJackB_01
[1.794s] -- Up-to-date: /home/ibrahim/ros2_ws/install/mycobot_gazebo/share/mycobot_gazebo/models/aws_robomaker_warehouse_PalletJackB_01/model.sdf
[1.795s] -- Up-to-date: /home/ibrahim/ros2_ws/install/mycobot_gazebo/share/mycobot_gazebo/models/aws_robomaker_warehouse_PalletJackB_01/materials
[1.800s] -- Up-to-date: /home/ibrahim/ros2_ws/install/mycobot_gazebo/share/mycobot_gazebo/models/aws_robomaker_warehouse_PalletJackB_01/materials/textures
[1.822s] -- Up-to-date: /home/ibrahim/ros2_ws/install/mycobot_gazebo/share/mycobot_gazebo/models/aws_robomaker_warehouse_PalletJackB_01/materials/textures/aws_robomaker_warehouse_PalletJackB_02.png
[1.822s] -- Up-to-date: /home/ibrahim/ros2_ws/install/mycobot_gazebo/share/mycobot_gazebo/models/aws_robomaker_warehouse_PalletJackB_01/materials/textures/aws_robomaker_warehouse_PalletJackB_01.png
[1.823s] -- Up-to-date: /home/ibrahim/ros2_ws/install/mycobot_gazebo/share/mycobot_gazebo/models/aws_robomaker_warehouse_PalletJackB_01/materials/.DS_Store
[1.823s] -- Up-to-date: /home/ibrahim/ros2_ws/install/mycobot_gazebo/share/mycobot_gazebo/models/aws_robomaker_warehouse_PalletJackB_01/.DS_Store
[1.823s] -- Up-to-date: /home/ibrahim/ros2_ws/install/mycobot_gazebo/share/mycobot_gazebo/models/aws_robomaker_warehouse_PalletJackB_01/meshes
[1.829s] -- Up-to-date: /home/ibrahim/ros2_ws/install/mycobot_gazebo/share/mycobot_gazebo/models/aws_robomaker_warehouse_PalletJackB_01/meshes/aws_robomaker_warehouse_PalletJackB_01_collision.DAE
[1.829s] -- Up-to-date: /home/ibrahim/ros2_ws/install/mycobot_gazebo/share/mycobot_gazebo/models/aws_robomaker_warehouse_PalletJackB_01/meshes/aws_robomaker_warehouse_PalletJackB_01_visual.DAE
[1.829s] -- Up-to-date: /home/ibrahim/ros2_ws/install/mycobot_gazebo/share/mycobot_gazebo/models/aws_robomaker_warehouse_PalletJackB_01/model.config
[1.830s] -- Up-to-date: /home/ibrahim/ros2_ws/install/mycobot_gazebo/share/mycobot_gazebo/models/aws_robomaker_residential_DeskPortraitD_02
[1.841s] -- Up-to-date: /home/ibrahim/ros2_ws/install/mycobot_gazebo/share/mycobot_gazebo/models/aws_robomaker_residential_DeskPortraitD_02/model.sdf
[1.842s] -- Up-to-date: /home/ibrahim/ros2_ws/install/mycobot_gazebo/share/mycobot_gazebo/models/aws_robomaker_residential_DeskPortraitD_02/materials
[1.844s] -- Up-to-date: /home/ibrahim/ros2_ws/install/mycobot_gazebo/share/mycobot_gazebo/models/aws_robomaker_residential_DeskPortraitD_02/materials/textures
[1.844s] -- Up-to-date: /home/ibrahim/ros2_ws/install/mycobot_gazebo/share/mycobot_gazebo/models/aws_robomaker_residential_DeskPortraitD_02/materials/textures/aws_DeskPortraitD_02.png
[1.844s] -- Up-to-date: /home/ibrahim/ros2_ws/install/mycobot_gazebo/share/mycobot_gazebo/models/aws_robomaker_residential_DeskPortraitD_02/materials/textures/DeskPortraitD_02.jpg
[1.845s] -- Up-to-date: /home/ibrahim/ros2_ws/install/mycobot_gazebo/share/mycobot_gazebo/models/aws_robomaker_residential_DeskPortraitD_02/materials/textures/aws_DeskPortraitD_01.png
[1.845s] -- Up-to-date: /home/ibrahim/ros2_ws/install/mycobot_gazebo/share/mycobot_gazebo/models/aws_robomaker_residential_DeskPortraitD_02/meshes
[1.867s] -- Up-to-date: /home/ibrahim/ros2_ws/install/mycobot_gazebo/share/mycobot_gazebo/models/aws_robomaker_residential_DeskPortraitD_02/meshes/aws_DeskPortraitD_01_collision.DAE
[1.867s] -- Up-to-date: /home/ibrahim/ros2_ws/install/mycobot_gazebo/share/mycobot_gazebo/models/aws_robomaker_residential_DeskPortraitD_02/meshes/aws_DeskPortraitD_01_visual.DAE
[1.867s] -- Up-to-date: /home/ibrahim/ros2_ws/install/mycobot_gazebo/share/mycobot_gazebo/models/aws_robomaker_residential_DeskPortraitD_02/model.config
[1.868s] -- Up-to-date: /home/ibrahim/ros2_ws/install/mycobot_gazebo/share/mycobot_gazebo/models/aws_robomaker_residential_Carpet_01
[1.868s] -- Up-to-date: /home/ibrahim/ros2_ws/install/mycobot_gazebo/share/mycobot_gazebo/models/aws_robomaker_residential_Carpet_01/model.sdf
[1.868s] -- Up-to-date: /home/ibrahim/ros2_ws/install/mycobot_gazebo/share/mycobot_gazebo/models/aws_robomaker_residential_Carpet_01/materials
[1.917s] -- Up-to-date: /home/ibrahim/ros2_ws/install/mycobot_gazebo/share/mycobot_gazebo/models/aws_robomaker_residential_Carpet_01/materials/textures
[1.933s] -- Up-to-date: /home/ibrahim/ros2_ws/install/mycobot_gazebo/share/mycobot_gazebo/models/aws_robomaker_residential_Carpet_01/materials/textures/aws_Carpet_01.png
[1.933s] -- Up-to-date: /home/ibrahim/ros2_ws/install/mycobot_gazebo/share/mycobot_gazebo/models/aws_robomaker_residential_Carpet_01/meshes
[1.937s] -- Up-to-date: /home/ibrahim/ros2_ws/install/mycobot_gazebo/share/mycobot_gazebo/models/aws_robomaker_residential_Carpet_01/meshes/aws_Carpet_01_visual.DAE
[1.937s] -- Up-to-date: /home/ibrahim/ros2_ws/install/mycobot_gazebo/share/mycobot_gazebo/models/aws_robomaker_residential_Carpet_01/meshes/aws_Carpet_01_collision.DAE
[1.937s] -- Up-to-date: /home/ibrahim/ros2_ws/install/mycobot_gazebo/share/mycobot_gazebo/models/aws_robomaker_residential_Carpet_01/model.config
[1.938s] -- Up-to-date: /home/ibrahim/ros2_ws/install/mycobot_gazebo/share/mycobot_gazebo/models/aws_robomaker_residential_Rangehood_01
[1.943s] -- Up-to-date: /home/ibrahim/ros2_ws/install/mycobot_gazebo/share/mycobot_gazebo/models/aws_robomaker_residential_Rangehood_01/model.sdf
[1.943s] -- Up-to-date: /home/ibrahim/ros2_ws/install/mycobot_gazebo/share/mycobot_gazebo/models/aws_robomaker_residential_Rangehood_01/materials
[1.948s] -- Up-to-date: /home/ibrahim/ros2_ws/install/mycobot_gazebo/share/mycobot_gazebo/models/aws_robomaker_residential_Rangehood_01/materials/textures
[1.971s] -- Up-to-date: /home/ibrahim/ros2_ws/install/mycobot_gazebo/share/mycobot_gazebo/models/aws_robomaker_residential_Rangehood_01/materials/textures/aws_Rangehood_01.png
[1.971s] -- Up-to-date: /home/ibrahim/ros2_ws/install/mycobot_gazebo/share/mycobot_gazebo/models/aws_robomaker_residential_Rangehood_01/meshes
[1.989s] -- Up-to-date: /home/ibrahim/ros2_ws/install/mycobot_gazebo/share/mycobot_gazebo/models/aws_robomaker_residential_Rangehood_01/meshes/aws_Rangehood_01_visual.DAE
[1.989s] -- Up-to-date: /home/ibrahim/ros2_ws/install/mycobot_gazebo/share/mycobot_gazebo/models/aws_robomaker_residential_Rangehood_01/meshes/aws_Rangehood_01_collision.DAE
[1.990s] -- Up-to-date: /home/ibrahim/ros2_ws/install/mycobot_gazebo/share/mycobot_gazebo/models/aws_robomaker_residential_Rangehood_01/model.config
[1.990s] -- Up-to-date: /home/ibrahim/ros2_ws/install/mycobot_gazebo/share/mycobot_gazebo/models/aws_robomaker_residential_Pillow_01
[2.008s] -- Up-to-date: /home/ibrahim/ros2_ws/install/mycobot_gazebo/share/mycobot_gazebo/models/aws_robomaker_residential_Pillow_01/model.sdf
[2.025s] -- Up-to-date: /home/ibrahim/ros2_ws/install/mycobot_gazebo/share/mycobot_gazebo/models/aws_robomaker_residential_Pillow_01/materials
[2.026s] -- Up-to-date: /home/ibrahim/ros2_ws/install/mycobot_gazebo/share/mycobot_gazebo/models/aws_robomaker_residential_Pillow_01/materials/textures
[2.028s] -- Up-to-date: /home/ibrahim/ros2_ws/install/mycobot_gazebo/share/mycobot_gazebo/models/aws_robomaker_residential_Pillow_01/materials/textures/aws_Pillow_01.png
[2.028s] -- Up-to-date: /home/ibrahim/ros2_ws/install/mycobot_gazebo/share/mycobot_gazebo/models/aws_robomaker_residential_Pillow_01/meshes
[2.028s] -- Up-to-date: /home/ibrahim/ros2_ws/install/mycobot_gazebo/share/mycobot_gazebo/models/aws_robomaker_residential_Pillow_01/meshes/aws_Pillow_01_visual.DAE
[2.028s] -- Up-to-date: /home/ibrahim/ros2_ws/install/mycobot_gazebo/share/mycobot_gazebo/models/aws_robomaker_residential_Pillow_01/meshes/aws_Pillow_01_collision.DAE
[2.028s] -- Up-to-date: /home/ibrahim/ros2_ws/install/mycobot_gazebo/share/mycobot_gazebo/models/aws_robomaker_residential_Pillow_01/model.config
[2.028s] -- Up-to-date: /home/ibrahim/ros2_ws/install/mycobot_gazebo/share/mycobot_gazebo/models/aws_robomaker_residential_TVCabinet_01
[2.028s] -- Up-to-date: /home/ibrahim/ros2_ws/install/mycobot_gazebo/share/mycobot_gazebo/models/aws_robomaker_residential_TVCabinet_01/model.sdf
[2.028s] -- Up-to-date: /home/ibrahim/ros2_ws/install/mycobot_gazebo/share/mycobot_gazebo/models/aws_robomaker_residential_TVCabinet_01/materials
[2.042s] -- Up-to-date: /home/ibrahim/ros2_ws/install/mycobot_gazebo/share/mycobot_gazebo/models/aws_robomaker_residential_TVCabinet_01/materials/textures
[2.045s] -- Up-to-date: /home/ibrahim/ros2_ws/install/mycobot_gazebo/share/mycobot_gazebo/models/aws_robomaker_residential_TVCabinet_01/materials/textures/aws_TVCabinet_01.png
[2.046s] -- Up-to-date: /home/ibrahim/ros2_ws/install/mycobot_gazebo/share/mycobot_gazebo/models/aws_robomaker_residential_TVCabinet_01/meshes
[2.047s] -- Up-to-date: /home/ibrahim/ros2_ws/install/mycobot_gazebo/share/mycobot_gazebo/models/aws_robomaker_residential_TVCabinet_01/meshes/aws_TVCabinet_01_visual.DAE
[2.047s] -- Up-to-date: /home/ibrahim/ros2_ws/install/mycobot_gazebo/share/mycobot_gazebo/models/aws_robomaker_residential_TVCabinet_01/meshes/aws_TVCabinet_01_collision.DAE
[2.047s] -- Up-to-date: /home/ibrahim/ros2_ws/install/mycobot_gazebo/share/mycobot_gazebo/models/aws_robomaker_residential_TVCabinet_01/model.config
[2.047s] -- Up-to-date: /home/ibrahim/ros2_ws/install/mycobot_gazebo/share/mycobot_gazebo/models/aws_robomaker_residential_SofaC_01
[2.047s] -- Up-to-date: /home/ibrahim/ros2_ws/install/mycobot_gazebo/share/mycobot_gazebo/models/aws_robomaker_residential_SofaC_01/model.sdf
[2.048s] -- Up-to-date: /home/ibrahim/ros2_ws/install/mycobot_gazebo/share/mycobot_gazebo/models/aws_robomaker_residential_SofaC_01/materials
[2.056s] -- Up-to-date: /home/ibrahim/ros2_ws/install/mycobot_gazebo/share/mycobot_gazebo/models/aws_robomaker_residential_SofaC_01/materials/textures
[2.075s] -- Up-to-date: /home/ibrahim/ros2_ws/install/mycobot_gazebo/share/mycobot_gazebo/models/aws_robomaker_residential_SofaC_01/materials/textures/aws_SofaC_01.png
[2.075s] -- Up-to-date: /home/ibrahim/ros2_ws/install/mycobot_gazebo/share/mycobot_gazebo/models/aws_robomaker_residential_SofaC_01/meshes
[2.076s] -- Up-to-date: /home/ibrahim/ros2_ws/install/mycobot_gazebo/share/mycobot_gazebo/models/aws_robomaker_residential_SofaC_01/meshes/aws_SofaC_01_collision.DAE
[2.076s] -- Up-to-date: /home/ibrahim/ros2_ws/install/mycobot_gazebo/share/mycobot_gazebo/models/aws_robomaker_residential_SofaC_01/meshes/aws_SofaC_01_visual.DAE
[2.076s] -- Up-to-date: /home/ibrahim/ros2_ws/install/mycobot_gazebo/share/mycobot_gazebo/models/aws_robomaker_residential_SofaC_01/model.config
[2.077s] -- Up-to-date: /home/ibrahim/ros2_ws/install/mycobot_gazebo/share/mycobot_gazebo/models/aws_robomaker_residential_DeskPortraitD_01
[2.080s] -- Up-to-date: /home/ibrahim/ros2_ws/install/mycobot_gazebo/share/mycobot_gazebo/models/aws_robomaker_residential_DeskPortraitD_01/model.sdf
[2.080s] -- Up-to-date: /home/ibrahim/ros2_ws/install/mycobot_gazebo/share/mycobot_gazebo/models/aws_robomaker_residential_DeskPortraitD_01/materials
[2.085s] -- Up-to-date: /home/ibrahim/ros2_ws/install/mycobot_gazebo/share/mycobot_gazebo/models/aws_robomaker_residential_DeskPortraitD_01/materials/textures
[2.085s] -- Up-to-date: /home/ibrahim/ros2_ws/install/mycobot_gazebo/share/mycobot_gazebo/models/aws_robomaker_residential_DeskPortraitD_01/materials/textures/aws_DeskPortraitD_02.png
[2.086s] -- Up-to-date: /home/ibrahim/ros2_ws/install/mycobot_gazebo/share/mycobot_gazebo/models/aws_robomaker_residential_DeskPortraitD_01/materials/textures/aws_DeskPortraitD_01.png
[2.086s] -- Up-to-date: /home/ibrahim/ros2_ws/install/mycobot_gazebo/share/mycobot_gazebo/models/aws_robomaker_residential_DeskPortraitD_01/materials/textures/DeskPortraitD_01.jpg
[2.086s] -- Up-to-date: /home/ibrahim/ros2_ws/install/mycobot_gazebo/share/mycobot_gazebo/models/aws_robomaker_residential_DeskPortraitD_01/meshes
[2.102s] -- Up-to-date: /home/ibrahim/ros2_ws/install/mycobot_gazebo/share/mycobot_gazebo/models/aws_robomaker_residential_DeskPortraitD_01/meshes/aws_DeskPortraitD_01_collision.DAE
[2.102s] -- Up-to-date: /home/ibrahim/ros2_ws/install/mycobot_gazebo/share/mycobot_gazebo/models/aws_robomaker_residential_DeskPortraitD_01/meshes/aws_DeskPortraitD_01_visual.DAE
[2.102s] -- Up-to-date: /home/ibrahim/ros2_ws/install/mycobot_gazebo/share/mycobot_gazebo/models/aws_robomaker_residential_DeskPortraitD_01/model.config
[2.102s] -- Up-to-date: /home/ibrahim/ros2_ws/install/mycobot_gazebo/share/mycobot_gazebo/models/aws_robomaker_residential_TV_02
[2.118s] -- Up-to-date: /home/ibrahim/ros2_ws/install/mycobot_gazebo/share/mycobot_gazebo/models/aws_robomaker_residential_TV_02/model.sdf
[2.119s] -- Up-to-date: /home/ibrahim/ros2_ws/install/mycobot_gazebo/share/mycobot_gazebo/models/aws_robomaker_residential_TV_02/materials
[2.119s] -- Up-to-date: /home/ibrahim/ros2_ws/install/mycobot_gazebo/share/mycobot_gazebo/models/aws_robomaker_residential_TV_02/materials/textures
[2.119s] -- Up-to-date: /home/ibrahim/ros2_ws/install/mycobot_gazebo/share/mycobot_gazebo/models/aws_robomaker_residential_TV_02/materials/textures/aws_TV_01.png
[2.119s] -- Up-to-date: /home/ibrahim/ros2_ws/install/mycobot_gazebo/share/mycobot_gazebo/models/aws_robomaker_residential_TV_02/meshes
[2.120s] -- Up-to-date: /home/ibrahim/ros2_ws/install/mycobot_gazebo/share/mycobot_gazebo/models/aws_robomaker_residential_TV_02/meshes/aws_TV_01_collision.DAE
[2.120s] -- Up-to-date: /home/ibrahim/ros2_ws/install/mycobot_gazebo/share/mycobot_gazebo/models/aws_robomaker_residential_TV_02/meshes/aws_TV_01_visual.DAE
[2.120s] -- Up-to-date: /home/ibrahim/ros2_ws/install/mycobot_gazebo/share/mycobot_gazebo/models/aws_robomaker_residential_TV_02/model.config
[2.120s] -- Up-to-date: /home/ibrahim/ros2_ws/install/mycobot_gazebo/share/mycobot_gazebo/models/aws_robomaker_residential_FoldingDoor_01
[2.122s] -- Up-to-date: /home/ibrahim/ros2_ws/install/mycobot_gazebo/share/mycobot_gazebo/models/aws_robomaker_residential_FoldingDoor_01/model.sdf
[2.122s] -- Up-to-date: /home/ibrahim/ros2_ws/install/mycobot_gazebo/share/mycobot_gazebo/models/aws_robomaker_residential_FoldingDoor_01/materials
[2.123s] -- Up-to-date: /home/ibrahim/ros2_ws/install/mycobot_gazebo/share/mycobot_gazebo/models/aws_robomaker_residential_FoldingDoor_01/materials/textures
[2.124s] -- Up-to-date: /home/ibrahim/ros2_ws/install/mycobot_gazebo/share/mycobot_gazebo/models/aws_robomaker_residential_FoldingDoor_01/materials/textures/aws_FoldingDoor_01.png
[2.126s] -- Up-to-date: /home/ibrahim/ros2_ws/install/mycobot_gazebo/share/mycobot_gazebo/models/aws_robomaker_residential_FoldingDoor_01/meshes
[2.126s] -- Up-to-date: /home/ibrahim/ros2_ws/install/mycobot_gazebo/share/mycobot_gazebo/models/aws_robomaker_residential_FoldingDoor_01/meshes/aws_FoldingDoor_01_collision.DAE
[2.126s] -- Up-to-date: /home/ibrahim/ros2_ws/install/mycobot_gazebo/share/mycobot_gazebo/models/aws_robomaker_residential_FoldingDoor_01/meshes/aws_FoldingDoor_01_visual.DAE
[2.126s] -- Up-to-date: /home/ibrahim/ros2_ws/install/mycobot_gazebo/share/mycobot_gazebo/models/aws_robomaker_residential_FoldingDoor_01/model.config
[2.126s] -- Up-to-date: /home/ibrahim/ros2_ws/install/mycobot_gazebo/share/mycobot_gazebo/models/aws_robomaker_residential_Handle_01
[2.126s] -- Up-to-date: /home/ibrahim/ros2_ws/install/mycobot_gazebo/share/mycobot_gazebo/models/aws_robomaker_residential_Handle_01/model.sdf
[2.126s] -- Up-to-date: /home/ibrahim/ros2_ws/install/mycobot_gazebo/share/mycobot_gazebo/models/aws_robomaker_residential_Handle_01/materials
[2.127s] -- Up-to-date: /home/ibrahim/ros2_ws/install/mycobot_gazebo/share/mycobot_gazebo/models/aws_robomaker_residential_Handle_01/materials/textures
[2.128s] -- Up-to-date: /home/ibrahim/ros2_ws/install/mycobot_gazebo/share/mycobot_gazebo/models/aws_robomaker_residential_Handle_01/materials/textures/aws_Handle_01.png
[2.128s] -- Up-to-date: /home/ibrahim/ros2_ws/install/mycobot_gazebo/share/mycobot_gazebo/models/aws_robomaker_residential_Handle_01/meshes
[2.129s] -- Up-to-date: /home/ibrahim/ros2_ws/install/mycobot_gazebo/share/mycobot_gazebo/models/aws_robomaker_residential_Handle_01/meshes/aws_Handle_01_visual.DAE
[2.129s] -- Up-to-date: /home/ibrahim/ros2_ws/install/mycobot_gazebo/share/mycobot_gazebo/models/aws_robomaker_residential_Handle_01/meshes/aws_Handle_01_collision.DAE
[2.132s] -- Up-to-date: /home/ibrahim/ros2_ws/install/mycobot_gazebo/share/mycobot_gazebo/models/aws_robomaker_residential_Handle_01/model.config
[2.132s] -- Up-to-date: /home/ibrahim/ros2_ws/install/mycobot_gazebo/share/mycobot_gazebo/models/aws_robomaker_warehouse_ShelfE_01
[2.148s] -- Up-to-date: /home/ibrahim/ros2_ws/install/mycobot_gazebo/share/mycobot_gazebo/models/aws_robomaker_warehouse_ShelfE_01/model.sdf
[2.148s] -- Up-to-date: /home/ibrahim/ros2_ws/install/mycobot_gazebo/share/mycobot_gazebo/models/aws_robomaker_warehouse_ShelfE_01/materials
[2.149s] -- Up-to-date: /home/ibrahim/ros2_ws/install/mycobot_gazebo/share/mycobot_gazebo/models/aws_robomaker_warehouse_ShelfE_01/materials/textures
[2.153s] -- Up-to-date: /home/ibrahim/ros2_ws/install/mycobot_gazebo/share/mycobot_gazebo/models/aws_robomaker_warehouse_ShelfE_01/materials/textures/aws_robomaker_warehouse_ShelfE_01.png
[2.153s] -- Up-to-date: /home/ibrahim/ros2_ws/install/mycobot_gazebo/share/mycobot_gazebo/models/aws_robomaker_warehouse_ShelfE_01/materials/textures/aws_robomaker_warehouse_ShelfE_03.png
[2.153s] -- Up-to-date: /home/ibrahim/ros2_ws/install/mycobot_gazebo/share/mycobot_gazebo/models/aws_robomaker_warehouse_ShelfE_01/materials/textures/aws_robomaker_warehouse_ShelfE_04.png
[2.153s] -- Up-to-date: /home/ibrahim/ros2_ws/install/mycobot_gazebo/share/mycobot_gazebo/models/aws_robomaker_warehouse_ShelfE_01/materials/textures/aws_robomaker_warehouse_ShelfE_02.png
[2.153s] -- Up-to-date: /home/ibrahim/ros2_ws/install/mycobot_gazebo/share/mycobot_gazebo/models/aws_robomaker_warehouse_ShelfE_01/materials/.DS_Store
[2.153s] -- Up-to-date: /home/ibrahim/ros2_ws/install/mycobot_gazebo/share/mycobot_gazebo/models/aws_robomaker_warehouse_ShelfE_01/.DS_Store
[2.153s] -- Up-to-date: /home/ibrahim/ros2_ws/install/mycobot_gazebo/share/mycobot_gazebo/models/aws_robomaker_warehouse_ShelfE_01/meshes
[2.153s] -- Up-to-date: /home/ibrahim/ros2_ws/install/mycobot_gazebo/share/mycobot_gazebo/models/aws_robomaker_warehouse_ShelfE_01/meshes/aws_robomaker_warehouse_ShelfE_01_collision.DAE
[2.153s] -- Up-to-date: /home/ibrahim/ros2_ws/install/mycobot_gazebo/share/mycobot_gazebo/models/aws_robomaker_warehouse_ShelfE_01/meshes/aws_robomaker_warehouse_ShelfE_01_visual.DAE
[2.153s] -- Up-to-date: /home/ibrahim/ros2_ws/install/mycobot_gazebo/share/mycobot_gazebo/models/aws_robomaker_warehouse_ShelfE_01/model.config
[2.153s] -- Up-to-date: /home/ibrahim/ros2_ws/install/mycobot_gazebo/share/mycobot_gazebo/models/aws_robomaker_residential_CoffeeTable_01
[2.153s] -- Up-to-date: /home/ibrahim/ros2_ws/install/mycobot_gazebo/share/mycobot_gazebo/models/aws_robomaker_residential_CoffeeTable_01/model.sdf
[2.153s] -- Up-to-date: /home/ibrahim/ros2_ws/install/mycobot_gazebo/share/mycobot_gazebo/models/aws_robomaker_residential_CoffeeTable_01/materials
[2.162s] -- Up-to-date: /home/ibrahim/ros2_ws/install/mycobot_gazebo/share/mycobot_gazebo/models/aws_robomaker_residential_CoffeeTable_01/materials/textures
[2.163s] -- Up-to-date: /home/ibrahim/ros2_ws/install/mycobot_gazebo/share/mycobot_gazebo/models/aws_robomaker_residential_CoffeeTable_01/materials/textures/aws_CoffeeTable_01.png
[2.163s] -- Up-to-date: /home/ibrahim/ros2_ws/install/mycobot_gazebo/share/mycobot_gazebo/models/aws_robomaker_residential_CoffeeTable_01/meshes
[2.164s] -- Up-to-date: /home/ibrahim/ros2_ws/install/mycobot_gazebo/share/mycobot_gazebo/models/aws_robomaker_residential_CoffeeTable_01/meshes/aws_CoffeeTable_01_visual.DAE
[2.164s] -- Up-to-date: /home/ibrahim/ros2_ws/install/mycobot_gazebo/share/mycobot_gazebo/models/aws_robomaker_residential_CoffeeTable_01/meshes/aws_CoffeeTable_01_collision.DAE
[2.164s] -- Up-to-date: /home/ibrahim/ros2_ws/install/mycobot_gazebo/share/mycobot_gazebo/models/aws_robomaker_residential_CoffeeTable_01/model.config
[2.164s] -- Up-to-date: /home/ibrahim/ros2_ws/install/mycobot_gazebo/share/mycobot_gazebo/models/aws_robomaker_residential_PortraitC_01
[2.165s] -- Up-to-date: /home/ibrahim/ros2_ws/install/mycobot_gazebo/share/mycobot_gazebo/models/aws_robomaker_residential_PortraitC_01/model.sdf
[2.165s] -- Up-to-date: /home/ibrahim/ros2_ws/install/mycobot_gazebo/share/mycobot_gazebo/models/aws_robomaker_residential_PortraitC_01/materials
[2.177s] -- Up-to-date: /home/ibrahim/ros2_ws/install/mycobot_gazebo/share/mycobot_gazebo/models/aws_robomaker_residential_PortraitC_01/materials/textures
[2.177s] -- Up-to-date: /home/ibrahim/ros2_ws/install/mycobot_gazebo/share/mycobot_gazebo/models/aws_robomaker_residential_PortraitC_01/materials/textures/aws_PortraitC_01.png
[2.177s] -- Up-to-date: /home/ibrahim/ros2_ws/install/mycobot_gazebo/share/mycobot_gazebo/models/aws_robomaker_residential_PortraitC_01/materials/textures/PortraitC_01.jpg
[2.177s] -- Up-to-date: /home/ibrahim/ros2_ws/install/mycobot_gazebo/share/mycobot_gazebo/models/aws_robomaker_residential_PortraitC_01/materials/textures/aws_PortraitC_02.png
[2.178s] -- Up-to-date: /home/ibrahim/ros2_ws/install/mycobot_gazebo/share/mycobot_gazebo/models/aws_robomaker_residential_PortraitC_01/meshes
[2.180s] -- Up-to-date: /home/ibrahim/ros2_ws/install/mycobot_gazebo/share/mycobot_gazebo/models/aws_robomaker_residential_PortraitC_01/meshes/aws_PortraitC_01_visual.DAE
[2.180s] -- Up-to-date: /home/ibrahim/ros2_ws/install/mycobot_gazebo/share/mycobot_gazebo/models/aws_robomaker_residential_PortraitC_01/meshes/aws_PortraitC_01_collision.DAE
[2.180s] -- Up-to-date: /home/ibrahim/ros2_ws/install/mycobot_gazebo/share/mycobot_gazebo/models/aws_robomaker_residential_PortraitC_01/model.config
[2.180s] -- Up-to-date: /home/ibrahim/ros2_ws/install/mycobot_gazebo/share/mycobot_gazebo/models/red_cylinder
[2.186s] -- Up-to-date: /home/ibrahim/ros2_ws/install/mycobot_gazebo/share/mycobot_gazebo/models/red_cylinder/model.sdf
[2.187s] -- Up-to-date: /home/ibrahim/ros2_ws/install/mycobot_gazebo/share/mycobot_gazebo/models/red_cylinder/model.config
[2.196s] -- Up-to-date: /home/ibrahim/ros2_ws/install/mycobot_gazebo/share/mycobot_gazebo/models/aws_robomaker_residential_AirconditionerA_01
[2.196s] -- Up-to-date: /home/ibrahim/ros2_ws/install/mycobot_gazebo/share/mycobot_gazebo/models/aws_robomaker_residential_AirconditionerA_01/model.sdf
[2.196s] -- Up-to-date: /home/ibrahim/ros2_ws/install/mycobot_gazebo/share/mycobot_gazebo/models/aws_robomaker_residential_AirconditionerA_01/materials
[2.202s] -- Up-to-date: /home/ibrahim/ros2_ws/install/mycobot_gazebo/share/mycobot_gazebo/models/aws_robomaker_residential_AirconditionerA_01/materials/textures
[2.210s] -- Up-to-date: /home/ibrahim/ros2_ws/install/mycobot_gazebo/share/mycobot_gazebo/models/aws_robomaker_residential_AirconditionerA_01/materials/textures/aws_AirconditionerA_01.png
[2.210s] -- Up-to-date: /home/ibrahim/ros2_ws/install/mycobot_gazebo/share/mycobot_gazebo/models/aws_robomaker_residential_AirconditionerA_01/meshes
[2.230s] -- Up-to-date: /home/ibrahim/ros2_ws/install/mycobot_gazebo/share/mycobot_gazebo/models/aws_robomaker_residential_AirconditionerA_01/meshes/aws_AirconditionerA_01_collision.DAE
[2.230s] -- Up-to-date: /home/ibrahim/ros2_ws/install/mycobot_gazebo/share/mycobot_gazebo/models/aws_robomaker_residential_AirconditionerA_01/meshes/aws_AirconditionerA_01_visual.DAE
[2.230s] -- Up-to-date: /home/ibrahim/ros2_ws/install/mycobot_gazebo/share/mycobot_gazebo/models/aws_robomaker_residential_AirconditionerA_01/model.config
[2.230s] -- Up-to-date: /home/ibrahim/ros2_ws/install/mycobot_gazebo/share/mycobot_gazebo/models/aws_robomaker_residential_Vase_01
[2.230s] -- Up-to-date: /home/ibrahim/ros2_ws/install/mycobot_gazebo/share/mycobot_gazebo/models/aws_robomaker_residential_Vase_01/model.sdf
[2.230s] -- Up-to-date: /home/ibrahim/ros2_ws/install/mycobot_gazebo/share/mycobot_gazebo/models/aws_robomaker_residential_Vase_01/materials
[2.240s] -- Up-to-date: /home/ibrahim/ros2_ws/install/mycobot_gazebo/share/mycobot_gazebo/models/aws_robomaker_residential_Vase_01/materials/textures
[2.242s] -- Up-to-date: /home/ibrahim/ros2_ws/install/mycobot_gazebo/share/mycobot_gazebo/models/aws_robomaker_residential_Vase_01/materials/textures/aws_Vase_01.png
[2.243s] -- Up-to-date: /home/ibrahim/ros2_ws/install/mycobot_gazebo/share/mycobot_gazebo/models/aws_robomaker_residential_Vase_01/meshes
[2.319s] -- Up-to-date: /home/ibrahim/ros2_ws/install/mycobot_gazebo/share/mycobot_gazebo/models/aws_robomaker_residential_Vase_01/meshes/aws_Vase_01_visual.DAE
[2.319s] -- Up-to-date: /home/ibrahim/ros2_ws/install/mycobot_gazebo/share/mycobot_gazebo/models/aws_robomaker_residential_Vase_01/meshes/aws_Vase_01_collision.DAE
[2.319s] -- Up-to-date: /home/ibrahim/ros2_ws/install/mycobot_gazebo/share/mycobot_gazebo/models/aws_robomaker_residential_Vase_01/model.config
[2.319s] -- Up-to-date: /home/ibrahim/ros2_ws/install/mycobot_gazebo/share/mycobot_gazebo/models/aws_robomaker_warehouse_WallB_01
[2.319s] -- Up-to-date: /home/ibrahim/ros2_ws/install/mycobot_gazebo/share/mycobot_gazebo/models/aws_robomaker_warehouse_WallB_01/model.sdf
[2.319s] -- Up-to-date: /home/ibrahim/ros2_ws/install/mycobot_gazebo/share/mycobot_gazebo/models/aws_robomaker_warehouse_WallB_01/materials
[2.323s] -- Up-to-date: /home/ibrahim/ros2_ws/install/mycobot_gazebo/share/mycobot_gazebo/models/aws_robomaker_warehouse_WallB_01/materials/textures
[2.327s] -- Up-to-date: /home/ibrahim/ros2_ws/install/mycobot_gazebo/share/mycobot_gazebo/models/aws_robomaker_warehouse_WallB_01/materials/textures/aws_robomaker_warehouse_WallB_01.png
[2.327s] -- Up-to-date: /home/ibrahim/ros2_ws/install/mycobot_gazebo/share/mycobot_gazebo/models/aws_robomaker_warehouse_WallB_01/meshes
[2.328s] -- Up-to-date: /home/ibrahim/ros2_ws/install/mycobot_gazebo/share/mycobot_gazebo/models/aws_robomaker_warehouse_WallB_01/meshes/aws_robomaker_warehouse_WallB_01_visual.DAE
[2.328s] -- Up-to-date: /home/ibrahim/ros2_ws/install/mycobot_gazebo/share/mycobot_gazebo/models/aws_robomaker_warehouse_WallB_01/meshes/aws_robomaker_warehouse_WallB_01_collision.DAE
[2.328s] -- Up-to-date: /home/ibrahim/ros2_ws/install/mycobot_gazebo/share/mycobot_gazebo/models/aws_robomaker_warehouse_WallB_01/model.config
[2.331s] -- Up-to-date: /home/ibrahim/ros2_ws/install/mycobot_gazebo/share/mycobot_gazebo/models/aws_robomaker_residential_KitchenCabinet_01
[2.332s] -- Up-to-date: /home/ibrahim/ros2_ws/install/mycobot_gazebo/share/mycobot_gazebo/models/aws_robomaker_residential_KitchenCabinet_01/model.sdf
[2.332s] -- Up-to-date: /home/ibrahim/ros2_ws/install/mycobot_gazebo/share/mycobot_gazebo/models/aws_robomaker_residential_KitchenCabinet_01/materials
[2.345s] -- Up-to-date: /home/ibrahim/ros2_ws/install/mycobot_gazebo/share/mycobot_gazebo/models/aws_robomaker_residential_KitchenCabinet_01/materials/textures
[2.367s] -- Up-to-date: /home/ibrahim/ros2_ws/install/mycobot_gazebo/share/mycobot_gazebo/models/aws_robomaker_residential_KitchenCabinet_01/materials/textures/aws_KitchenCabinet_01.png
[2.367s] -- Up-to-date: /home/ibrahim/ros2_ws/install/mycobot_gazebo/share/mycobot_gazebo/models/aws_robomaker_residential_KitchenCabinet_01/meshes
[2.369s] -- Up-to-date: /home/ibrahim/ros2_ws/install/mycobot_gazebo/share/mycobot_gazebo/models/aws_robomaker_residential_KitchenCabinet_01/meshes/aws_KitchenCabinet_01_visual.DAE
[2.369s] -- Up-to-date: /home/ibrahim/ros2_ws/install/mycobot_gazebo/share/mycobot_gazebo/models/aws_robomaker_residential_KitchenCabinet_01/meshes/aws_KitchenCabinet_01_collision.DAE
[2.369s] -- Up-to-date: /home/ibrahim/ros2_ws/install/mycobot_gazebo/share/mycobot_gazebo/models/aws_robomaker_residential_KitchenCabinet_01/model.config
[2.369s] -- Up-to-date: /home/ibrahim/ros2_ws/install/mycobot_gazebo/share/mycobot_gazebo/models/aws_robomaker_warehouse_ClutteringD_01
[2.370s] -- Up-to-date: /home/ibrahim/ros2_ws/install/mycobot_gazebo/share/mycobot_gazebo/models/aws_robomaker_warehouse_ClutteringD_01/model.sdf
[2.370s] -- Up-to-date: /home/ibrahim/ros2_ws/install/mycobot_gazebo/share/mycobot_gazebo/models/aws_robomaker_warehouse_ClutteringD_01/materials
[2.388s] -- Up-to-date: /home/ibrahim/ros2_ws/install/mycobot_gazebo/share/mycobot_gazebo/models/aws_robomaker_warehouse_ClutteringD_01/materials/textures
[2.388s] -- Up-to-date: /home/ibrahim/ros2_ws/install/mycobot_gazebo/share/mycobot_gazebo/models/aws_robomaker_warehouse_ClutteringD_01/materials/textures/aws_robomaker_warehouse_ClutteringD_01.png
[2.388s] -- Up-to-date: /home/ibrahim/ros2_ws/install/mycobot_gazebo/share/mycobot_gazebo/models/aws_robomaker_warehouse_ClutteringD_01/materials/textures/aws_robomaker_warehouse_ClutteringD_02.png
[2.388s] -- Up-to-date: /home/ibrahim/ros2_ws/install/mycobot_gazebo/share/mycobot_gazebo/models/aws_robomaker_warehouse_ClutteringD_01/meshes
[2.388s] -- Up-to-date: /home/ibrahim/ros2_ws/install/mycobot_gazebo/share/mycobot_gazebo/models/aws_robomaker_warehouse_ClutteringD_01/meshes/aws_robomaker_warehouse_ClutteringD_01_visual.DAE
[2.388s] -- Up-to-date: /home/ibrahim/ros2_ws/install/mycobot_gazebo/share/mycobot_gazebo/models/aws_robomaker_warehouse_ClutteringD_01/meshes/aws_robomaker_warehouse_ClutteringD_01_collision.DAE
[2.388s] -- Up-to-date: /home/ibrahim/ros2_ws/install/mycobot_gazebo/share/mycobot_gazebo/models/aws_robomaker_warehouse_ClutteringD_01/model.config
[2.388s] -- Up-to-date: /home/ibrahim/ros2_ws/install/mycobot_gazebo/share/mycobot_gazebo/models/aws_robomaker_residential_TV_01
[2.389s] -- Up-to-date: /home/ibrahim/ros2_ws/install/mycobot_gazebo/share/mycobot_gazebo/models/aws_robomaker_residential_TV_01/model.sdf
[2.390s] -- Up-to-date: /home/ibrahim/ros2_ws/install/mycobot_gazebo/share/mycobot_gazebo/models/aws_robomaker_residential_TV_01/materials
[2.391s] -- Up-to-date: /home/ibrahim/ros2_ws/install/mycobot_gazebo/share/mycobot_gazebo/models/aws_robomaker_residential_TV_01/materials/textures
[2.393s] -- Up-to-date: /home/ibrahim/ros2_ws/install/mycobot_gazebo/share/mycobot_gazebo/models/aws_robomaker_residential_TV_01/materials/textures/aws_TV_01.png
[2.393s] -- Up-to-date: /home/ibrahim/ros2_ws/install/mycobot_gazebo/share/mycobot_gazebo/models/aws_robomaker_residential_TV_01/meshes
[2.395s] -- Up-to-date: /home/ibrahim/ros2_ws/install/mycobot_gazebo/share/mycobot_gazebo/models/aws_robomaker_residential_TV_01/meshes/aws_TV_01_collision.DAE
[2.397s] -- Up-to-date: /home/ibrahim/ros2_ws/install/mycobot_gazebo/share/mycobot_gazebo/models/aws_robomaker_residential_TV_01/meshes/aws_TV_01_visual.DAE
[2.398s] -- Up-to-date: /home/ibrahim/ros2_ws/install/mycobot_gazebo/share/mycobot_gazebo/models/aws_robomaker_residential_TV_01/model.config
[2.398s] -- Up-to-date: /home/ibrahim/ros2_ws/install/mycobot_gazebo/share/mycobot_gazebo/models/aws_robomaker_residential_Quilt_01
[2.398s] -- Up-to-date: /home/ibrahim/ros2_ws/install/mycobot_gazebo/share/mycobot_gazebo/models/aws_robomaker_residential_Quilt_01/model.sdf
[2.399s] -- Up-to-date: /home/ibrahim/ros2_ws/install/mycobot_gazebo/share/mycobot_gazebo/models/aws_robomaker_residential_Quilt_01/materials
[2.399s] -- Up-to-date: /home/ibrahim/ros2_ws/install/mycobot_gazebo/share/mycobot_gazebo/models/aws_robomaker_residential_Quilt_01/materials/textures
[2.402s] -- Up-to-date: /home/ibrahim/ros2_ws/install/mycobot_gazebo/share/mycobot_gazebo/models/aws_robomaker_residential_Quilt_01/materials/textures/aws_Quilt_01.png
[2.402s] -- Up-to-date: /home/ibrahim/ros2_ws/install/mycobot_gazebo/share/mycobot_gazebo/models/aws_robomaker_residential_Quilt_01/meshes
[2.403s] -- Up-to-date: /home/ibrahim/ros2_ws/install/mycobot_gazebo/share/mycobot_gazebo/models/aws_robomaker_residential_Quilt_01/meshes/aws_Quilt_01_visual.DAE
[2.403s] -- Up-to-date: /home/ibrahim/ros2_ws/install/mycobot_gazebo/share/mycobot_gazebo/models/aws_robomaker_residential_Quilt_01/meshes/aws_Quilt_01_collision.DAE
[2.403s] -- Up-to-date: /home/ibrahim/ros2_ws/install/mycobot_gazebo/share/mycobot_gazebo/models/aws_robomaker_residential_Quilt_01/model.config
[2.404s] -- Up-to-date: /home/ibrahim/ros2_ws/install/mycobot_gazebo/share/mycobot_gazebo/models/aws_robomaker_residential_Dumbbell_01
[2.404s] -- Up-to-date: /home/ibrahim/ros2_ws/install/mycobot_gazebo/share/mycobot_gazebo/models/aws_robomaker_residential_Dumbbell_01/model.sdf
[2.404s] -- Up-to-date: /home/ibrahim/ros2_ws/install/mycobot_gazebo/share/mycobot_gazebo/models/aws_robomaker_residential_Dumbbell_01/materials
[2.405s] -- Up-to-date: /home/ibrahim/ros2_ws/install/mycobot_gazebo/share/mycobot_gazebo/models/aws_robomaker_residential_Dumbbell_01/materials/textures
[2.405s] -- Up-to-date: /home/ibrahim/ros2_ws/install/mycobot_gazebo/share/mycobot_gazebo/models/aws_robomaker_residential_Dumbbell_01/materials/textures/aws_Dumbbell_01.png
[2.405s] -- Up-to-date: /home/ibrahim/ros2_ws/install/mycobot_gazebo/share/mycobot_gazebo/models/aws_robomaker_residential_Dumbbell_01/meshes
[2.406s] -- Up-to-date: /home/ibrahim/ros2_ws/install/mycobot_gazebo/share/mycobot_gazebo/models/aws_robomaker_residential_Dumbbell_01/meshes/aws_Dumbbell_01_collision.DAE
[2.408s] -- Up-to-date: /home/ibrahim/ros2_ws/install/mycobot_gazebo/share/mycobot_gazebo/models/aws_robomaker_residential_Dumbbell_01/meshes/aws_Dumbbell_01_visual.DAE
[2.408s] -- Up-to-date: /home/ibrahim/ros2_ws/install/mycobot_gazebo/share/mycobot_gazebo/models/aws_robomaker_residential_Dumbbell_01/model.config
[2.409s] -- Up-to-date: /home/ibrahim/ros2_ws/install/mycobot_gazebo/share/mycobot_gazebo/models/aws_robomaker_residential_DeskPortraitD_04
[2.409s] -- Up-to-date: /home/ibrahim/ros2_ws/install/mycobot_gazebo/share/mycobot_gazebo/models/aws_robomaker_residential_DeskPortraitD_04/model.sdf
[2.411s] -- Up-to-date: /home/ibrahim/ros2_ws/install/mycobot_gazebo/share/mycobot_gazebo/models/aws_robomaker_residential_DeskPortraitD_04/materials
[2.412s] -- Up-to-date: /home/ibrahim/ros2_ws/install/mycobot_gazebo/share/mycobot_gazebo/models/aws_robomaker_residential_DeskPortraitD_04/materials/textures
[2.412s] -- Up-to-date: /home/ibrahim/ros2_ws/install/mycobot_gazebo/share/mycobot_gazebo/models/aws_robomaker_residential_DeskPortraitD_04/materials/textures/aws_DeskPortraitD_02.png
[2.412s] -- Up-to-date: /home/ibrahim/ros2_ws/install/mycobot_gazebo/share/mycobot_gazebo/models/aws_robomaker_residential_DeskPortraitD_04/materials/textures/DeskPortraitD_04.jpg
[2.412s] -- Up-to-date: /home/ibrahim/ros2_ws/install/mycobot_gazebo/share/mycobot_gazebo/models/aws_robomaker_residential_DeskPortraitD_04/materials/textures/aws_DeskPortraitD_01.png
[2.412s] -- Up-to-date: /home/ibrahim/ros2_ws/install/mycobot_gazebo/share/mycobot_gazebo/models/aws_robomaker_residential_DeskPortraitD_04/meshes
[2.413s] -- Up-to-date: /home/ibrahim/ros2_ws/install/mycobot_gazebo/share/mycobot_gazebo/models/aws_robomaker_residential_DeskPortraitD_04/meshes/aws_DeskPortraitD_01_collision.DAE
[2.413s] -- Up-to-date: /home/ibrahim/ros2_ws/install/mycobot_gazebo/share/mycobot_gazebo/models/aws_robomaker_residential_DeskPortraitD_04/meshes/aws_DeskPortraitD_01_visual.DAE
[2.413s] -- Up-to-date: /home/ibrahim/ros2_ws/install/mycobot_gazebo/share/mycobot_gazebo/models/aws_robomaker_residential_DeskPortraitD_04/model.config
[2.413s] -- Up-to-date: /home/ibrahim/ros2_ws/install/mycobot_gazebo/share/mycobot_gazebo/models/sun
[2.414s] -- Up-to-date: /home/ibrahim/ros2_ws/install/mycobot_gazebo/share/mycobot_gazebo/models/sun/model.sdf
[2.414s] -- Up-to-date: /home/ibrahim/ros2_ws/install/mycobot_gazebo/share/mycobot_gazebo/models/sun/model-1_3.sdf
[2.415s] -- Up-to-date: /home/ibrahim/ros2_ws/install/mycobot_gazebo/share/mycobot_gazebo/models/sun/model-1_2.sdf
[2.416s] -- Up-to-date: /home/ibrahim/ros2_ws/install/mycobot_gazebo/share/mycobot_gazebo/models/sun/model-1_4.sdf
[2.417s] -- Up-to-date: /home/ibrahim/ros2_ws/install/mycobot_gazebo/share/mycobot_gazebo/models/sun/model.config
[2.417s] -- Up-to-date: /home/ibrahim/ros2_ws/install/mycobot_gazebo/share/mycobot_gazebo/models/aws_robomaker_residential_Wardrobe_01
[2.417s] -- Up-to-date: /home/ibrahim/ros2_ws/install/mycobot_gazebo/share/mycobot_gazebo/models/aws_robomaker_residential_Wardrobe_01/model.sdf
[2.417s] -- Up-to-date: /home/ibrahim/ros2_ws/install/mycobot_gazebo/share/mycobot_gazebo/models/aws_robomaker_residential_Wardrobe_01/materials
[2.418s] -- Up-to-date: /home/ibrahim/ros2_ws/install/mycobot_gazebo/share/mycobot_gazebo/models/aws_robomaker_residential_Wardrobe_01/materials/textures
[2.419s] -- Up-to-date: /home/ibrahim/ros2_ws/install/mycobot_gazebo/share/mycobot_gazebo/models/aws_robomaker_residential_Wardrobe_01/materials/textures/aws_Wardrobe_01.png
[2.419s] -- Up-to-date: /home/ibrahim/ros2_ws/install/mycobot_gazebo/share/mycobot_gazebo/models/aws_robomaker_residential_Wardrobe_01/meshes
[2.420s] -- Up-to-date: /home/ibrahim/ros2_ws/install/mycobot_gazebo/share/mycobot_gazebo/models/aws_robomaker_residential_Wardrobe_01/meshes/aws_Wardrobe_01_collision.DAE
[2.421s] -- Up-to-date: /home/ibrahim/ros2_ws/install/mycobot_gazebo/share/mycobot_gazebo/models/aws_robomaker_residential_Wardrobe_01/meshes/aws_Wardrobe_01_visual.DAE
[2.421s] -- Up-to-date: /home/ibrahim/ros2_ws/install/mycobot_gazebo/share/mycobot_gazebo/models/aws_robomaker_residential_Wardrobe_01/model.config
[2.422s] -- Up-to-date: /home/ibrahim/ros2_ws/install/mycobot_gazebo/share/mycobot_gazebo/models/aws_robomaker_residential_Bed_01
[2.422s] -- Up-to-date: /home/ibrahim/ros2_ws/install/mycobot_gazebo/share/mycobot_gazebo/models/aws_robomaker_residential_Bed_01/model.sdf
[2.424s] -- Up-to-date: /home/ibrahim/ros2_ws/install/mycobot_gazebo/share/mycobot_gazebo/models/aws_robomaker_residential_Bed_01/materials
[2.425s] -- Up-to-date: /home/ibrahim/ros2_ws/install/mycobot_gazebo/share/mycobot_gazebo/models/aws_robomaker_residential_Bed_01/materials/textures
[2.436s] -- Up-to-date: /home/ibrahim/ros2_ws/install/mycobot_gazebo/share/mycobot_gazebo/models/aws_robomaker_residential_Bed_01/materials/textures/aws_BedC_01.png
[2.436s] -- Up-to-date: /home/ibrahim/ros2_ws/install/mycobot_gazebo/share/mycobot_gazebo/models/aws_robomaker_residential_Bed_01/materials/textures/aws_BedB_01.png
[2.436s] -- Up-to-date: /home/ibrahim/ros2_ws/install/mycobot_gazebo/share/mycobot_gazebo/models/aws_robomaker_residential_Bed_01/materials/textures/aws_BedA_01.png
[2.436s] -- Up-to-date: /home/ibrahim/ros2_ws/install/mycobot_gazebo/share/mycobot_gazebo/models/aws_robomaker_residential_Bed_01/materials/textures/aws_Bed_01.png
[2.436s] -- Up-to-date: /home/ibrahim/ros2_ws/install/mycobot_gazebo/share/mycobot_gazebo/models/aws_robomaker_residential_Bed_01/meshes
[2.438s] -- Up-to-date: /home/ibrahim/ros2_ws/install/mycobot_gazebo/share/mycobot_gazebo/models/aws_robomaker_residential_Bed_01/meshes/aws_Bed_01_collision.DAE
[2.443s] -- Up-to-date: /home/ibrahim/ros2_ws/install/mycobot_gazebo/share/mycobot_gazebo/models/aws_robomaker_residential_Bed_01/meshes/aws_Bed_01_visual.DAE
[2.443s] -- Up-to-date: /home/ibrahim/ros2_ws/install/mycobot_gazebo/share/mycobot_gazebo/models/aws_robomaker_residential_Bed_01/model.config
[2.444s] -- Up-to-date: /home/ibrahim/ros2_ws/install/mycobot_gazebo/share/mycobot_gazebo/models/aws_robomaker_residential_Board_01
[2.444s] -- Up-to-date: /home/ibrahim/ros2_ws/install/mycobot_gazebo/share/mycobot_gazebo/models/aws_robomaker_residential_Board_01/model.sdf
[2.444s] -- Up-to-date: /home/ibrahim/ros2_ws/install/mycobot_gazebo/share/mycobot_gazebo/models/aws_robomaker_residential_Board_01/materials
[2.447s] -- Up-to-date: /home/ibrahim/ros2_ws/install/mycobot_gazebo/share/mycobot_gazebo/models/aws_robomaker_residential_Board_01/materials/textures
[2.448s] -- Up-to-date: /home/ibrahim/ros2_ws/install/mycobot_gazebo/share/mycobot_gazebo/models/aws_robomaker_residential_Board_01/materials/textures/aws_Board_01.png
[2.448s] -- Up-to-date: /home/ibrahim/ros2_ws/install/mycobot_gazebo/share/mycobot_gazebo/models/aws_robomaker_residential_Board_01/meshes
[2.448s] -- Up-to-date: /home/ibrahim/ros2_ws/install/mycobot_gazebo/share/mycobot_gazebo/models/aws_robomaker_residential_Board_01/meshes/aws_Board_01_visual.DAE
[2.448s] -- Up-to-date: /home/ibrahim/ros2_ws/install/mycobot_gazebo/share/mycobot_gazebo/models/aws_robomaker_residential_Board_01/meshes/aws_Board_01_collision.DAE
[2.448s] -- Up-to-date: /home/ibrahim/ros2_ws/install/mycobot_gazebo/share/mycobot_gazebo/models/aws_robomaker_residential_Board_01/model.config
[2.448s] -- Up-to-date: /home/ibrahim/ros2_ws/install/mycobot_gazebo/share/mycobot_gazebo/models/aws_robomaker_residential_ChairA_01
[2.450s] -- Up-to-date: /home/ibrahim/ros2_ws/install/mycobot_gazebo/share/mycobot_gazebo/models/aws_robomaker_residential_ChairA_01/model.sdf
[2.450s] -- Up-to-date: /home/ibrahim/ros2_ws/install/mycobot_gazebo/share/mycobot_gazebo/models/aws_robomaker_residential_ChairA_01/materials
[2.451s] -- Up-to-date: /home/ibrahim/ros2_ws/install/mycobot_gazebo/share/mycobot_gazebo/models/aws_robomaker_residential_ChairA_01/materials/textures
[2.456s] -- Up-to-date: /home/ibrahim/ros2_ws/install/mycobot_gazebo/share/mycobot_gazebo/models/aws_robomaker_residential_ChairA_01/materials/textures/aws_ChairA_01.png
[2.456s] -- Up-to-date: /home/ibrahim/ros2_ws/install/mycobot_gazebo/share/mycobot_gazebo/models/aws_robomaker_residential_ChairA_01/meshes
[2.456s] -- Up-to-date: /home/ibrahim/ros2_ws/install/mycobot_gazebo/share/mycobot_gazebo/models/aws_robomaker_residential_ChairA_01/meshes/aws_ChairA_01_visual.DAE
[2.456s] -- Up-to-date: /home/ibrahim/ros2_ws/install/mycobot_gazebo/share/mycobot_gazebo/models/aws_robomaker_residential_ChairA_01/meshes/aws_ChairA_01_collision.DAE
[2.456s] -- Up-to-date: /home/ibrahim/ros2_ws/install/mycobot_gazebo/share/mycobot_gazebo/models/aws_robomaker_residential_ChairA_01/model.config
[2.456s] -- Up-to-date: /home/ibrahim/ros2_ws/install/mycobot_gazebo/share/mycobot_gazebo/models/aws_robomaker_residential_Chandelier_01
[2.456s] -- Up-to-date: /home/ibrahim/ros2_ws/install/mycobot_gazebo/share/mycobot_gazebo/models/aws_robomaker_residential_Chandelier_01/model.sdf
[2.457s] -- Up-to-date: /home/ibrahim/ros2_ws/install/mycobot_gazebo/share/mycobot_gazebo/models/aws_robomaker_residential_Chandelier_01/materials
[2.457s] -- Up-to-date: /home/ibrahim/ros2_ws/install/mycobot_gazebo/share/mycobot_gazebo/models/aws_robomaker_residential_Chandelier_01/materials/textures
[2.458s] -- Up-to-date: /home/ibrahim/ros2_ws/install/mycobot_gazebo/share/mycobot_gazebo/models/aws_robomaker_residential_Chandelier_01/materials/textures/aws_Chandelier_01.png
[2.458s] -- Up-to-date: /home/ibrahim/ros2_ws/install/mycobot_gazebo/share/mycobot_gazebo/models/aws_robomaker_residential_Chandelier_01/meshes
[2.461s] -- Up-to-date: /home/ibrahim/ros2_ws/install/mycobot_gazebo/share/mycobot_gazebo/models/aws_robomaker_residential_Chandelier_01/meshes/aws_Chandelier_01.DAE
[2.462s] -- Up-to-date: /home/ibrahim/ros2_ws/install/mycobot_gazebo/share/mycobot_gazebo/models/aws_robomaker_residential_Chandelier_01/meshes/aws_Chandelier_01_collision.DAE
[2.463s] -- Up-to-date: /home/ibrahim/ros2_ws/install/mycobot_gazebo/share/mycobot_gazebo/models/aws_robomaker_residential_Chandelier_01/meshes/aws_Chandelier_01_visual.DAE
[2.463s] -- Up-to-date: /home/ibrahim/ros2_ws/install/mycobot_gazebo/share/mycobot_gazebo/models/aws_robomaker_residential_Chandelier_01/model.config
[2.463s] -- Up-to-date: /home/ibrahim/ros2_ws/install/mycobot_gazebo/share/mycobot_gazebo/models/aws_robomaker_residential_KitchenTable_01
[2.482s] -- Up-to-date: /home/ibrahim/ros2_ws/install/mycobot_gazebo/share/mycobot_gazebo/models/aws_robomaker_residential_KitchenTable_01/model.sdf
[2.482s] -- Up-to-date: /home/ibrahim/ros2_ws/install/mycobot_gazebo/share/mycobot_gazebo/models/aws_robomaker_residential_KitchenTable_01/materials
[2.483s] -- Up-to-date: /home/ibrahim/ros2_ws/install/mycobot_gazebo/share/mycobot_gazebo/models/aws_robomaker_residential_KitchenTable_01/materials/textures
[2.525s] -- Up-to-date: /home/ibrahim/ros2_ws/install/mycobot_gazebo/share/mycobot_gazebo/models/aws_robomaker_residential_KitchenTable_01/materials/textures/aws_KitchenTable_01.png
[2.525s] -- Up-to-date: /home/ibrahim/ros2_ws/install/mycobot_gazebo/share/mycobot_gazebo/models/aws_robomaker_residential_KitchenTable_01/meshes
[2.668s] -- Up-to-date: /home/ibrahim/ros2_ws/install/mycobot_gazebo/share/mycobot_gazebo/models/aws_robomaker_residential_KitchenTable_01/meshes/aws_KitchenTable_01_visual.DAE
[2.669s] -- Up-to-date: /home/ibrahim/ros2_ws/install/mycobot_gazebo/share/mycobot_gazebo/models/aws_robomaker_residential_KitchenTable_01/meshes/aws_KitchenTable_01_collision.DAE
[2.669s] -- Up-to-date: /home/ibrahim/ros2_ws/install/mycobot_gazebo/share/mycobot_gazebo/models/aws_robomaker_residential_KitchenTable_01/model.config
[2.669s] -- Up-to-date: /home/ibrahim/ros2_ws/install/mycobot_gazebo/share/mycobot_gazebo/models/aws_robomaker_residential_FoldingDoor_02
[2.986s] -- Up-to-date: /home/ibrahim/ros2_ws/install/mycobot_gazebo/share/mycobot_gazebo/models/aws_robomaker_residential_FoldingDoor_02/model.sdf
[2.987s] -- Up-to-date: /home/ibrahim/ros2_ws/install/mycobot_gazebo/share/mycobot_gazebo/models/aws_robomaker_residential_FoldingDoor_02/materials
[3.120s] -- Up-to-date: /home/ibrahim/ros2_ws/install/mycobot_gazebo/share/mycobot_gazebo/models/aws_robomaker_residential_FoldingDoor_02/materials/textures
[3.204s] -- Up-to-date: /home/ibrahim/ros2_ws/install/mycobot_gazebo/share/mycobot_gazebo/models/aws_robomaker_residential_FoldingDoor_02/materials/textures/aws_FoldingDoor_02.png
[3.204s] -- Up-to-date: /home/ibrahim/ros2_ws/install/mycobot_gazebo/share/mycobot_gazebo/models/aws_robomaker_residential_FoldingDoor_02/meshes
[3.211s] -- Up-to-date: /home/ibrahim/ros2_ws/install/mycobot_gazebo/share/mycobot_gazebo/models/aws_robomaker_residential_FoldingDoor_02/meshes/aws_FoldingDoor_02_collision.DAE
[3.211s] -- Up-to-date: /home/ibrahim/ros2_ws/install/mycobot_gazebo/share/mycobot_gazebo/models/aws_robomaker_residential_FoldingDoor_02/meshes/aws_FoldingDoor_02_visual.DAE
[3.211s] -- Up-to-date: /home/ibrahim/ros2_ws/install/mycobot_gazebo/share/mycobot_gazebo/models/aws_robomaker_residential_FoldingDoor_02/model.config
[3.211s] -- Up-to-date: /home/ibrahim/ros2_ws/install/mycobot_gazebo/share/mycobot_gazebo/models/aws_robomaker_warehouse_DeskC_01
[3.212s] -- Up-to-date: /home/ibrahim/ros2_ws/install/mycobot_gazebo/share/mycobot_gazebo/models/aws_robomaker_warehouse_DeskC_01/model.sdf
[3.212s] -- Up-to-date: /home/ibrahim/ros2_ws/install/mycobot_gazebo/share/mycobot_gazebo/models/aws_robomaker_warehouse_DeskC_01/materials
[3.247s] -- Up-to-date: /home/ibrahim/ros2_ws/install/mycobot_gazebo/share/mycobot_gazebo/models/aws_robomaker_warehouse_DeskC_01/materials/textures
[3.247s] -- Up-to-date: /home/ibrahim/ros2_ws/install/mycobot_gazebo/share/mycobot_gazebo/models/aws_robomaker_warehouse_DeskC_01/materials/textures/aws_robomaker_warehouse_DeskC_01.png
[3.248s] -- Up-to-date: /home/ibrahim/ros2_ws/install/mycobot_gazebo/share/mycobot_gazebo/models/aws_robomaker_warehouse_DeskC_01/materials/textures/aws_robomaker_warehouse_DeskC_03.png
[3.248s] -- Up-to-date: /home/ibrahim/ros2_ws/install/mycobot_gazebo/share/mycobot_gazebo/models/aws_robomaker_warehouse_DeskC_01/materials/textures/aws_robomaker_warehouse_DeskC_04.png
[3.248s] -- Up-to-date: /home/ibrahim/ros2_ws/install/mycobot_gazebo/share/mycobot_gazebo/models/aws_robomaker_warehouse_DeskC_01/materials/textures/aws_robomaker_warehouse_DeskC_02.png
[3.248s] -- Up-to-date: /home/ibrahim/ros2_ws/install/mycobot_gazebo/share/mycobot_gazebo/models/aws_robomaker_warehouse_DeskC_01/materials/textures/aws_robomaker_warehouse_DeskC_03.psd
[3.248s] -- Up-to-date: /home/ibrahim/ros2_ws/install/mycobot_gazebo/share/mycobot_gazebo/models/aws_robomaker_warehouse_DeskC_01/materials/.DS_Store
[3.248s] -- Up-to-date: /home/ibrahim/ros2_ws/install/mycobot_gazebo/share/mycobot_gazebo/models/aws_robomaker_warehouse_DeskC_01/meshes
[3.358s] -- Up-to-date: /home/ibrahim/ros2_ws/install/mycobot_gazebo/share/mycobot_gazebo/models/aws_robomaker_warehouse_DeskC_01/meshes/aws_robomaker_warehouse_DeskC_01_collision.DAE
[3.358s] -- Up-to-date: /home/ibrahim/ros2_ws/install/mycobot_gazebo/share/mycobot_gazebo/models/aws_robomaker_warehouse_DeskC_01/meshes/aws_robomaker_warehouse_DeskC_01_visual.DAE
[3.359s] -- Up-to-date: /home/ibrahim/ros2_ws/install/mycobot_gazebo/share/mycobot_gazebo/models/aws_robomaker_warehouse_DeskC_01/model.config
[3.359s] -- Up-to-date: /home/ibrahim/ros2_ws/install/mycobot_gazebo/share/mycobot_gazebo/models/aws_robomaker_residential_BalconyTable_01
[3.359s] -- Up-to-date: /home/ibrahim/ros2_ws/install/mycobot_gazebo/share/mycobot_gazebo/models/aws_robomaker_residential_BalconyTable_01/model.sdf
[3.359s] -- Up-to-date: /home/ibrahim/ros2_ws/install/mycobot_gazebo/share/mycobot_gazebo/models/aws_robomaker_residential_BalconyTable_01/materials
[3.408s] -- Up-to-date: /home/ibrahim/ros2_ws/install/mycobot_gazebo/share/mycobot_gazebo/models/aws_robomaker_residential_BalconyTable_01/materials/textures
[3.432s] -- Up-to-date: /home/ibrahim/ros2_ws/install/mycobot_gazebo/share/mycobot_gazebo/models/aws_robomaker_residential_BalconyTable_01/materials/textures/aws_BalconyTable_01.png
[3.433s] -- Up-to-date: /home/ibrahim/ros2_ws/install/mycobot_gazebo/share/mycobot_gazebo/models/aws_robomaker_residential_BalconyTable_01/meshes
[3.502s] -- Up-to-date: /home/ibrahim/ros2_ws/install/mycobot_gazebo/share/mycobot_gazebo/models/aws_robomaker_residential_BalconyTable_01/meshes/aws_BalconyTable_01_visual.DAE
[3.502s] -- Up-to-date: /home/ibrahim/ros2_ws/install/mycobot_gazebo/share/mycobot_gazebo/models/aws_robomaker_residential_BalconyTable_01/meshes/aws_BalconyTable_01_collision.DAE
[3.502s] -- Up-to-date: /home/ibrahim/ros2_ws/install/mycobot_gazebo/share/mycobot_gazebo/models/aws_robomaker_residential_BalconyTable_01/model.config
[3.502s] -- Up-to-date: /home/ibrahim/ros2_ws/install/mycobot_gazebo/share/mycobot_gazebo/models/aws_robomaker_warehouse_Bucket_01
[3.544s] -- Up-to-date: /home/ibrahim/ros2_ws/install/mycobot_gazebo/share/mycobot_gazebo/models/aws_robomaker_warehouse_Bucket_01/model.sdf
[3.544s] -- Up-to-date: /home/ibrahim/ros2_ws/install/mycobot_gazebo/share/mycobot_gazebo/models/aws_robomaker_warehouse_Bucket_01/materials
[3.563s] -- Up-to-date: /home/ibrahim/ros2_ws/install/mycobot_gazebo/share/mycobot_gazebo/models/aws_robomaker_warehouse_Bucket_01/materials/textures
[3.570s] -- Up-to-date: /home/ibrahim/ros2_ws/install/mycobot_gazebo/share/mycobot_gazebo/models/aws_robomaker_warehouse_Bucket_01/materials/textures/aws_robomaker_warehouse_Bucket_01.png
[3.570s] -- Up-to-date: /home/ibrahim/ros2_ws/install/mycobot_gazebo/share/mycobot_gazebo/models/aws_robomaker_warehouse_Bucket_01/materials/.DS_Store
[3.570s] -- Up-to-date: /home/ibrahim/ros2_ws/install/mycobot_gazebo/share/mycobot_gazebo/models/aws_robomaker_warehouse_Bucket_01/.DS_Store
[3.570s] -- Up-to-date: /home/ibrahim/ros2_ws/install/mycobot_gazebo/share/mycobot_gazebo/models/aws_robomaker_warehouse_Bucket_01/meshes
[3.578s] -- Up-to-date: /home/ibrahim/ros2_ws/install/mycobot_gazebo/share/mycobot_gazebo/models/aws_robomaker_warehouse_Bucket_01/meshes/aws_robomaker_warehouse_Bucket_01_collision.DAE
[3.578s] -- Up-to-date: /home/ibrahim/ros2_ws/install/mycobot_gazebo/share/mycobot_gazebo/models/aws_robomaker_warehouse_Bucket_01/meshes/aws_robomaker_warehouse_Bucket_01_visual.DAE
[3.578s] -- Up-to-date: /home/ibrahim/ros2_ws/install/mycobot_gazebo/share/mycobot_gazebo/models/aws_robomaker_warehouse_Bucket_01/model.config
[3.578s] -- Up-to-date: /home/ibrahim/ros2_ws/install/mycobot_gazebo/share/mycobot_gazebo/models/aws_robomaker_residential_FitnessEquipment_01
[3.590s] -- Up-to-date: /home/ibrahim/ros2_ws/install/mycobot_gazebo/share/mycobot_gazebo/models/aws_robomaker_residential_FitnessEquipment_01/model.sdf
[3.590s] -- Up-to-date: /home/ibrahim/ros2_ws/install/mycobot_gazebo/share/mycobot_gazebo/models/aws_robomaker_residential_FitnessEquipment_01/materials
[3.604s] -- Up-to-date: /home/ibrahim/ros2_ws/install/mycobot_gazebo/share/mycobot_gazebo/models/aws_robomaker_residential_FitnessEquipment_01/materials/textures
[3.612s] -- Up-to-date: /home/ibrahim/ros2_ws/install/mycobot_gazebo/share/mycobot_gazebo/models/aws_robomaker_residential_FitnessEquipment_01/materials/textures/aws_FitnessEquipment_01.png
[3.613s] -- Up-to-date: /home/ibrahim/ros2_ws/install/mycobot_gazebo/share/mycobot_gazebo/models/aws_robomaker_residential_FitnessEquipment_01/meshes
[3.613s] -- Up-to-date: /home/ibrahim/ros2_ws/install/mycobot_gazebo/share/mycobot_gazebo/models/aws_robomaker_residential_FitnessEquipment_01/meshes/aws_FitnessEquipment_01_collision.DAE
[3.613s] -- Up-to-date: /home/ibrahim/ros2_ws/install/mycobot_gazebo/share/mycobot_gazebo/models/aws_robomaker_residential_FitnessEquipment_01/meshes/aws_FitnessEquipment_01_visual.DAE
[3.613s] -- Up-to-date: /home/ibrahim/ros2_ws/install/mycobot_gazebo/share/mycobot_gazebo/models/aws_robomaker_residential_FitnessEquipment_01/model.config
[3.613s] -- Up-to-date: /home/ibrahim/ros2_ws/install/mycobot_gazebo/share/mycobot_gazebo/models/aws_robomaker_residential_Refrigerator_01
[3.613s] -- Up-to-date: /home/ibrahim/ros2_ws/install/mycobot_gazebo/share/mycobot_gazebo/models/aws_robomaker_residential_Refrigerator_01/model.sdf
[3.613s] -- Up-to-date: /home/ibrahim/ros2_ws/install/mycobot_gazebo/share/mycobot_gazebo/models/aws_robomaker_residential_Refrigerator_01/materials
[3.616s] -- Up-to-date: /home/ibrahim/ros2_ws/install/mycobot_gazebo/share/mycobot_gazebo/models/aws_robomaker_residential_Refrigerator_01/materials/textures
[3.626s] -- Up-to-date: /home/ibrahim/ros2_ws/install/mycobot_gazebo/share/mycobot_gazebo/models/aws_robomaker_residential_Refrigerator_01/materials/textures/aws_Refrigerator_02.png
[3.626s] -- Up-to-date: /home/ibrahim/ros2_ws/install/mycobot_gazebo/share/mycobot_gazebo/models/aws_robomaker_residential_Refrigerator_01/materials/textures/aws_Refrigerator_01.png
[3.627s] -- Up-to-date: /home/ibrahim/ros2_ws/install/mycobot_gazebo/share/mycobot_gazebo/models/aws_robomaker_residential_Refrigerator_01/meshes
[3.631s] -- Up-to-date: /home/ibrahim/ros2_ws/install/mycobot_gazebo/share/mycobot_gazebo/models/aws_robomaker_residential_Refrigerator_01/meshes/aws_Refrigerator_01_visual.DAE
[3.631s] -- Up-to-date: /home/ibrahim/ros2_ws/install/mycobot_gazebo/share/mycobot_gazebo/models/aws_robomaker_residential_Refrigerator_01/meshes/aws_Refrigerator_01_collision.DAE
[3.633s] -- Up-to-date: /home/ibrahim/ros2_ws/install/mycobot_gazebo/share/mycobot_gazebo/models/aws_robomaker_residential_Refrigerator_01/meshes/aws_Refrigerator_01.DAE
[3.634s] -- Up-to-date: /home/ibrahim/ros2_ws/install/mycobot_gazebo/share/mycobot_gazebo/models/aws_robomaker_residential_Refrigerator_01/model.config
[3.634s] -- Up-to-date: /home/ibrahim/ros2_ws/install/mycobot_gazebo/share/mycobot_gazebo/models/aws_robomaker_warehouse_ClutteringC_01
[3.636s] -- Up-to-date: /home/ibrahim/ros2_ws/install/mycobot_gazebo/share/mycobot_gazebo/models/aws_robomaker_warehouse_ClutteringC_01/model.sdf
[3.637s] -- Up-to-date: /home/ibrahim/ros2_ws/install/mycobot_gazebo/share/mycobot_gazebo/models/aws_robomaker_warehouse_ClutteringC_01/materials
[3.648s] -- Up-to-date: /home/ibrahim/ros2_ws/install/mycobot_gazebo/share/mycobot_gazebo/models/aws_robomaker_warehouse_ClutteringC_01/materials/textures
[3.674s] -- Up-to-date: /home/ibrahim/ros2_ws/install/mycobot_gazebo/share/mycobot_gazebo/models/aws_robomaker_warehouse_ClutteringC_01/materials/textures/aws_robomaker_warehouse_ClutteringC_02.png
[3.675s] -- Up-to-date: /home/ibrahim/ros2_ws/install/mycobot_gazebo/share/mycobot_gazebo/models/aws_robomaker_warehouse_ClutteringC_01/materials/textures/aws_robomaker_warehouse_ClutteringC_01.png
[3.675s] -- Up-to-date: /home/ibrahim/ros2_ws/install/mycobot_gazebo/share/mycobot_gazebo/models/aws_robomaker_warehouse_ClutteringC_01/meshes
[3.682s] -- Up-to-date: /home/ibrahim/ros2_ws/install/mycobot_gazebo/share/mycobot_gazebo/models/aws_robomaker_warehouse_ClutteringC_01/meshes/aws_robomaker_warehouse_ClutteringC_01_collision.DAE
[3.682s] -- Up-to-date: /home/ibrahim/ros2_ws/install/mycobot_gazebo/share/mycobot_gazebo/models/aws_robomaker_warehouse_ClutteringC_01/meshes/aws_robomaker_warehouse_ClutteringC_01_visual.DAE
[3.683s] -- Up-to-date: /home/ibrahim/ros2_ws/install/mycobot_gazebo/share/mycobot_gazebo/models/aws_robomaker_warehouse_ClutteringC_01/model.config
[3.683s] -- Up-to-date: /home/ibrahim/ros2_ws/install/mycobot_gazebo/share/mycobot_gazebo/models/aws_robomaker_residential_HouseWallB_01
[3.683s] -- Up-to-date: /home/ibrahim/ros2_ws/install/mycobot_gazebo/share/mycobot_gazebo/models/aws_robomaker_residential_HouseWallB_01/model.sdf
[3.685s] -- Up-to-date: /home/ibrahim/ros2_ws/install/mycobot_gazebo/share/mycobot_gazebo/models/aws_robomaker_residential_HouseWallB_01/materials
[3.702s] -- Up-to-date: /home/ibrahim/ros2_ws/install/mycobot_gazebo/share/mycobot_gazebo/models/aws_robomaker_residential_HouseWallB_01/materials/textures
[3.714s] -- Up-to-date: /home/ibrahim/ros2_ws/install/mycobot_gazebo/share/mycobot_gazebo/models/aws_robomaker_residential_HouseWallB_01/materials/textures/aws_HouseWallB_01.png
[3.715s] -- Up-to-date: /home/ibrahim/ros2_ws/install/mycobot_gazebo/share/mycobot_gazebo/models/aws_robomaker_residential_HouseWallB_01/meshes
[3.729s] -- Up-to-date: /home/ibrahim/ros2_ws/install/mycobot_gazebo/share/mycobot_gazebo/models/aws_robomaker_residential_HouseWallB_01/meshes/aws_HouseWallB_01_collision.DAE
[3.729s] -- Up-to-date: /home/ibrahim/ros2_ws/install/mycobot_gazebo/share/mycobot_gazebo/models/aws_robomaker_residential_HouseWallB_01/meshes/aws_HouseWallB_01_visual.DAE
[3.729s] -- Up-to-date: /home/ibrahim/ros2_ws/install/mycobot_gazebo/share/mycobot_gazebo/models/aws_robomaker_residential_HouseWallB_01/model.config
[3.729s] -- Up-to-date: /home/ibrahim/ros2_ws/install/mycobot_gazebo/share/mycobot_gazebo/models/aws_robomaker_residential_Tablet_01
[3.731s] -- Up-to-date: /home/ibrahim/ros2_ws/install/mycobot_gazebo/share/mycobot_gazebo/models/aws_robomaker_residential_Tablet_01/model.sdf
[3.731s] -- Up-to-date: /home/ibrahim/ros2_ws/install/mycobot_gazebo/share/mycobot_gazebo/models/aws_robomaker_residential_Tablet_01/materials
[3.743s] -- Up-to-date: /home/ibrahim/ros2_ws/install/mycobot_gazebo/share/mycobot_gazebo/models/aws_robomaker_residential_Tablet_01/materials/textures
[3.765s] -- Up-to-date: /home/ibrahim/ros2_ws/install/mycobot_gazebo/share/mycobot_gazebo/models/aws_robomaker_residential_Tablet_01/materials/textures/aws_Tablet_01_nologo.png
[3.768s] -- Up-to-date: /home/ibrahim/ros2_ws/install/mycobot_gazebo/share/mycobot_gazebo/models/aws_robomaker_residential_Tablet_01/materials/.DS_Store
[3.768s] -- Up-to-date: /home/ibrahim/ros2_ws/install/mycobot_gazebo/share/mycobot_gazebo/models/aws_robomaker_residential_Tablet_01/.DS_Store
[3.776s] -- Up-to-date: /home/ibrahim/ros2_ws/install/mycobot_gazebo/share/mycobot_gazebo/models/aws_robomaker_residential_Tablet_01/meshes
[3.788s] -- Up-to-date: /home/ibrahim/ros2_ws/install/mycobot_gazebo/share/mycobot_gazebo/models/aws_robomaker_residential_Tablet_01/meshes/aws_Tablet_01_collision.DAE
[3.790s] -- Up-to-date: /home/ibrahim/ros2_ws/install/mycobot_gazebo/share/mycobot_gazebo/models/aws_robomaker_residential_Tablet_01/meshes/aws_Tablet_01_visual.DAE
[3.791s] -- Up-to-date: /home/ibrahim/ros2_ws/install/mycobot_gazebo/share/mycobot_gazebo/models/aws_robomaker_residential_Tablet_01/model.config
[3.791s] -- Up-to-date: /home/ibrahim/ros2_ws/install/mycobot_gazebo/share/mycobot_gazebo/models/aws_robomaker_residential_ShoeRack_01
[3.799s] -- Up-to-date: /home/ibrahim/ros2_ws/install/mycobot_gazebo/share/mycobot_gazebo/models/aws_robomaker_residential_ShoeRack_01/model.sdf
[3.800s] -- Up-to-date: /home/ibrahim/ros2_ws/install/mycobot_gazebo/share/mycobot_gazebo/models/aws_robomaker_residential_ShoeRack_01/materials
[3.818s] -- Up-to-date: /home/ibrahim/ros2_ws/install/mycobot_gazebo/share/mycobot_gazebo/models/aws_robomaker_residential_ShoeRack_01/materials/textures
[3.818s] -- Up-to-date: /home/ibrahim/ros2_ws/install/mycobot_gazebo/share/mycobot_gazebo/models/aws_robomaker_residential_ShoeRack_01/materials/textures/aws_ShoeRack_01.png
[3.818s] -- Up-to-date: /home/ibrahim/ros2_ws/install/mycobot_gazebo/share/mycobot_gazebo/models/aws_robomaker_residential_ShoeRack_01/meshes
[3.834s] -- Up-to-date: /home/ibrahim/ros2_ws/install/mycobot_gazebo/share/mycobot_gazebo/models/aws_robomaker_residential_ShoeRack_01/meshes/aws_ShoeRack_01_visual.DAE
[3.834s] -- Up-to-date: /home/ibrahim/ros2_ws/install/mycobot_gazebo/share/mycobot_gazebo/models/aws_robomaker_residential_ShoeRack_01/meshes/aws_ShoeRack_01_collision.DAE
[3.835s] -- Up-to-date: /home/ibrahim/ros2_ws/install/mycobot_gazebo/share/mycobot_gazebo/models/aws_robomaker_residential_ShoeRack_01/model.config
[3.835s] -- Up-to-date: /home/ibrahim/ros2_ws/install/mycobot_gazebo/share/mycobot_gazebo/models/aws_robomaker_residential_Sofa_01
[3.839s] -- Up-to-date: /home/ibrahim/ros2_ws/install/mycobot_gazebo/share/mycobot_gazebo/models/aws_robomaker_residential_Sofa_01/model.sdf
[3.840s] -- Up-to-date: /home/ibrahim/ros2_ws/install/mycobot_gazebo/share/mycobot_gazebo/models/aws_robomaker_residential_Sofa_01/materials
[3.840s] -- Up-to-date: /home/ibrahim/ros2_ws/install/mycobot_gazebo/share/mycobot_gazebo/models/aws_robomaker_residential_Sofa_01/materials/textures
[3.842s] -- Up-to-date: /home/ibrahim/ros2_ws/install/mycobot_gazebo/share/mycobot_gazebo/models/aws_robomaker_residential_Sofa_01/materials/textures/aws_Sofa_01.png
[3.843s] -- Up-to-date: /home/ibrahim/ros2_ws/install/mycobot_gazebo/share/mycobot_gazebo/models/aws_robomaker_residential_Sofa_01/meshes
[3.843s] -- Up-to-date: /home/ibrahim/ros2_ws/install/mycobot_gazebo/share/mycobot_gazebo/models/aws_robomaker_residential_Sofa_01/meshes/aws_Sofa_01_collision.DAE
[3.843s] -- Up-to-date: /home/ibrahim/ros2_ws/install/mycobot_gazebo/share/mycobot_gazebo/models/aws_robomaker_residential_Sofa_01/meshes/aws_Sofa_01.DAE
[3.843s] -- Up-to-date: /home/ibrahim/ros2_ws/install/mycobot_gazebo/share/mycobot_gazebo/models/aws_robomaker_residential_Sofa_01/meshes/aws_Sofa_01_visual.DAE
[3.843s] -- Up-to-date: /home/ibrahim/ros2_ws/install/mycobot_gazebo/share/mycobot_gazebo/models/aws_robomaker_residential_Sofa_01/model.config
[3.843s] -- Up-to-date: /home/ibrahim/ros2_ws/install/mycobot_gazebo/share/mycobot_gazebo/models/aws_robomaker_residential_LightC_01
[3.876s] -- Up-to-date: /home/ibrahim/ros2_ws/install/mycobot_gazebo/share/mycobot_gazebo/models/aws_robomaker_residential_LightC_01/model.sdf
[3.876s] -- Up-to-date: /home/ibrahim/ros2_ws/install/mycobot_gazebo/share/mycobot_gazebo/models/aws_robomaker_residential_LightC_01/materials
[3.876s] -- Up-to-date: /home/ibrahim/ros2_ws/install/mycobot_gazebo/share/mycobot_gazebo/models/aws_robomaker_residential_LightC_01/materials/textures
[3.877s] -- Up-to-date: /home/ibrahim/ros2_ws/install/mycobot_gazebo/share/mycobot_gazebo/models/aws_robomaker_residential_LightC_01/materials/textures/aws_LightC_01.png
[3.878s] -- Up-to-date: /home/ibrahim/ros2_ws/install/mycobot_gazebo/share/mycobot_gazebo/models/aws_robomaker_residential_LightC_01/meshes
[3.879s] -- Up-to-date: /home/ibrahim/ros2_ws/install/mycobot_gazebo/share/mycobot_gazebo/models/aws_robomaker_residential_LightC_01/meshes/aws_LightC_01_collision.DAE
[3.879s] -- Up-to-date: /home/ibrahim/ros2_ws/install/mycobot_gazebo/share/mycobot_gazebo/models/aws_robomaker_residential_LightC_01/meshes/aws_LightC_01_visual.DAE
[3.880s] -- Up-to-date: /home/ibrahim/ros2_ws/install/mycobot_gazebo/share/mycobot_gazebo/models/aws_robomaker_residential_LightC_01/model.config
[3.880s] -- Up-to-date: /home/ibrahim/ros2_ws/install/mycobot_gazebo/share/mycobot_gazebo/models/aws_robomaker_residential_NightStand_01
[3.880s] -- Up-to-date: /home/ibrahim/ros2_ws/install/mycobot_gazebo/share/mycobot_gazebo/models/aws_robomaker_residential_NightStand_01/model.sdf
[3.880s] -- Up-to-date: /home/ibrahim/ros2_ws/install/mycobot_gazebo/share/mycobot_gazebo/models/aws_robomaker_residential_NightStand_01/materials
[3.881s] -- Up-to-date: /home/ibrahim/ros2_ws/install/mycobot_gazebo/share/mycobot_gazebo/models/aws_robomaker_residential_NightStand_01/materials/textures
[3.883s] -- Up-to-date: /home/ibrahim/ros2_ws/install/mycobot_gazebo/share/mycobot_gazebo/models/aws_robomaker_residential_NightStand_01/materials/textures/aws_NightStand_01.png
[3.883s] -- Up-to-date: /home/ibrahim/ros2_ws/install/mycobot_gazebo/share/mycobot_gazebo/models/aws_robomaker_residential_NightStand_01/meshes
[3.885s] -- Up-to-date: /home/ibrahim/ros2_ws/install/mycobot_gazebo/share/mycobot_gazebo/models/aws_robomaker_residential_NightStand_01/meshes/aws_NightStand_01_visual.DAE
[3.887s] -- Up-to-date: /home/ibrahim/ros2_ws/install/mycobot_gazebo/share/mycobot_gazebo/models/aws_robomaker_residential_NightStand_01/meshes/aws_NightStand_01_collision.DAE
[3.887s] -- Up-to-date: /home/ibrahim/ros2_ws/install/mycobot_gazebo/share/mycobot_gazebo/models/aws_robomaker_residential_NightStand_01/model.config
[3.887s] -- Up-to-date: /home/ibrahim/ros2_ws/install/mycobot_gazebo/share/mycobot_gazebo/models/aws_robomaker_residential_DeskPortraitA_01
[3.902s] -- Up-to-date: /home/ibrahim/ros2_ws/install/mycobot_gazebo/share/mycobot_gazebo/models/aws_robomaker_residential_DeskPortraitA_01/model.sdf
[3.903s] -- Up-to-date: /home/ibrahim/ros2_ws/install/mycobot_gazebo/share/mycobot_gazebo/models/aws_robomaker_residential_DeskPortraitA_01/materials
[3.927s] -- Up-to-date: /home/ibrahim/ros2_ws/install/mycobot_gazebo/share/mycobot_gazebo/models/aws_robomaker_residential_DeskPortraitA_01/materials/textures
[3.927s] -- Up-to-date: /home/ibrahim/ros2_ws/install/mycobot_gazebo/share/mycobot_gazebo/models/aws_robomaker_residential_DeskPortraitA_01/materials/textures/DeskPortraitA_01.jpg
[3.927s] -- Up-to-date: /home/ibrahim/ros2_ws/install/mycobot_gazebo/share/mycobot_gazebo/models/aws_robomaker_residential_DeskPortraitA_01/materials/textures/aws_DeskPortraitA_01.png
[3.927s] -- Up-to-date: /home/ibrahim/ros2_ws/install/mycobot_gazebo/share/mycobot_gazebo/models/aws_robomaker_residential_DeskPortraitA_01/materials/textures/aws_DeskPortraitA_02.png
[3.928s] -- Up-to-date: /home/ibrahim/ros2_ws/install/mycobot_gazebo/share/mycobot_gazebo/models/aws_robomaker_residential_DeskPortraitA_01/meshes
[3.939s] -- Up-to-date: /home/ibrahim/ros2_ws/install/mycobot_gazebo/share/mycobot_gazebo/models/aws_robomaker_residential_DeskPortraitA_01/meshes/aws_DeskPortraitA_01_collision.DAE
[3.940s] -- Up-to-date: /home/ibrahim/ros2_ws/install/mycobot_gazebo/share/mycobot_gazebo/models/aws_robomaker_residential_DeskPortraitA_01/meshes/aws_DeskPortraitA_01_visual.DAE
[3.940s] -- Up-to-date: /home/ibrahim/ros2_ws/install/mycobot_gazebo/share/mycobot_gazebo/models/aws_robomaker_residential_DeskPortraitA_01/model.config
[3.941s] -- Up-to-date: /home/ibrahim/ros2_ws/install/mycobot_gazebo/share/mycobot_gazebo/models/aws_robomaker_residential_Ball_01
[3.957s] -- Up-to-date: /home/ibrahim/ros2_ws/install/mycobot_gazebo/share/mycobot_gazebo/models/aws_robomaker_residential_Ball_01/model.sdf
[3.957s] -- Up-to-date: /home/ibrahim/ros2_ws/install/mycobot_gazebo/share/mycobot_gazebo/models/aws_robomaker_residential_Ball_01/materials
[3.958s] -- Up-to-date: /home/ibrahim/ros2_ws/install/mycobot_gazebo/share/mycobot_gazebo/models/aws_robomaker_residential_Ball_01/materials/textures
[3.959s] -- Up-to-date: /home/ibrahim/ros2_ws/install/mycobot_gazebo/share/mycobot_gazebo/models/aws_robomaker_residential_Ball_01/materials/textures/aws_Ball_01.png
[3.959s] -- Up-to-date: /home/ibrahim/ros2_ws/install/mycobot_gazebo/share/mycobot_gazebo/models/aws_robomaker_residential_Ball_01/meshes
[3.964s] -- Up-to-date: /home/ibrahim/ros2_ws/install/mycobot_gazebo/share/mycobot_gazebo/models/aws_robomaker_residential_Ball_01/meshes/aws_Ball_01_visual.DAE
[3.964s] -- Up-to-date: /home/ibrahim/ros2_ws/install/mycobot_gazebo/share/mycobot_gazebo/models/aws_robomaker_residential_Ball_01/meshes/aws_Ball_01_collision.DAE
[3.966s] -- Up-to-date: /home/ibrahim/ros2_ws/install/mycobot_gazebo/share/mycobot_gazebo/models/aws_robomaker_residential_Ball_01/model.config
[3.966s] -- Up-to-date: /home/ibrahim/ros2_ws/install/mycobot_gazebo/share/mycobot_gazebo/models/cheezit_big_original
[3.984s] -- Up-to-date: /home/ibrahim/ros2_ws/install/mycobot_gazebo/share/mycobot_gazebo/models/cheezit_big_original/model.sdf
[3.984s] -- Up-to-date: /home/ibrahim/ros2_ws/install/mycobot_gazebo/share/mycobot_gazebo/models/cheezit_big_original/meshes
[3.990s] -- Up-to-date: /home/ibrahim/ros2_ws/install/mycobot_gazebo/share/mycobot_gazebo/models/cheezit_big_original/meshes/cheezit_big_original.dae
[3.990s] -- Up-to-date: /home/ibrahim/ros2_ws/install/mycobot_gazebo/share/mycobot_gazebo/models/cheezit_big_original/meshes/cheez_tex_0.jpg
[3.990s] -- Up-to-date: /home/ibrahim/ros2_ws/install/mycobot_gazebo/share/mycobot_gazebo/models/cheezit_big_original/model.config
[3.990s] -- Up-to-date: /home/ibrahim/ros2_ws/install/mycobot_gazebo/share/mycobot_gazebo/models/aws_robomaker_residential_RoomCeiling_01
[4.012s] -- Up-to-date: /home/ibrahim/ros2_ws/install/mycobot_gazebo/share/mycobot_gazebo/models/aws_robomaker_residential_RoomCeiling_01/model.sdf
[4.013s] -- Up-to-date: /home/ibrahim/ros2_ws/install/mycobot_gazebo/share/mycobot_gazebo/models/aws_robomaker_residential_RoomCeiling_01/materials
[4.022s] -- Up-to-date: /home/ibrahim/ros2_ws/install/mycobot_gazebo/share/mycobot_gazebo/models/aws_robomaker_residential_RoomCeiling_01/materials/textures
[4.036s] -- Up-to-date: /home/ibrahim/ros2_ws/install/mycobot_gazebo/share/mycobot_gazebo/models/aws_robomaker_residential_RoomCeiling_01/materials/textures/aws_RoomCeiling_01.png
[4.036s] -- Up-to-date: /home/ibrahim/ros2_ws/install/mycobot_gazebo/share/mycobot_gazebo/models/aws_robomaker_residential_RoomCeiling_01/meshes
[4.045s] -- Up-to-date: /home/ibrahim/ros2_ws/install/mycobot_gazebo/share/mycobot_gazebo/models/aws_robomaker_residential_RoomCeiling_01/meshes/aws_RoomCeiling_01_visual.DAE
[4.045s] -- Up-to-date: /home/ibrahim/ros2_ws/install/mycobot_gazebo/share/mycobot_gazebo/models/aws_robomaker_residential_RoomCeiling_01/meshes/aws_RoomCeiling_01_collision.DAE
[4.045s] -- Up-to-date: /home/ibrahim/ros2_ws/install/mycobot_gazebo/share/mycobot_gazebo/models/aws_robomaker_residential_RoomCeiling_01/model.config
[4.046s] -- Up-to-date: /home/ibrahim/ros2_ws/install/mycobot_gazebo/share/mycobot_gazebo/models/aws_robomaker_residential_Tableware_01
[4.046s] -- Up-to-date: /home/ibrahim/ros2_ws/install/mycobot_gazebo/share/mycobot_gazebo/models/aws_robomaker_residential_Tableware_01/model.sdf
[4.046s] -- Up-to-date: /home/ibrahim/ros2_ws/install/mycobot_gazebo/share/mycobot_gazebo/models/aws_robomaker_residential_Tableware_01/materials
[4.061s] -- Up-to-date: /home/ibrahim/ros2_ws/install/mycobot_gazebo/share/mycobot_gazebo/models/aws_robomaker_residential_Tableware_01/materials/textures
[4.073s] -- Up-to-date: /home/ibrahim/ros2_ws/install/mycobot_gazebo/share/mycobot_gazebo/models/aws_robomaker_residential_Tableware_01/materials/textures/aws_Tableware_01.png
[4.073s] -- Up-to-date: /home/ibrahim/ros2_ws/install/mycobot_gazebo/share/mycobot_gazebo/models/aws_robomaker_residential_Tableware_01/meshes
[4.083s] -- Up-to-date: /home/ibrahim/ros2_ws/install/mycobot_gazebo/share/mycobot_gazebo/models/aws_robomaker_residential_Tableware_01/meshes/aws_Tableware_01_collision.DAE
[4.083s] -- Up-to-date: /home/ibrahim/ros2_ws/install/mycobot_gazebo/share/mycobot_gazebo/models/aws_robomaker_residential_Tableware_01/meshes/aws_Tableware_01_visual.DAE
[4.083s] -- Up-to-date: /home/ibrahim/ros2_ws/install/mycobot_gazebo/share/mycobot_gazebo/models/aws_robomaker_residential_Tableware_01/model.config
[4.083s] -- Up-to-date: /home/ibrahim/ros2_ws/install/mycobot_gazebo/share/mycobot_gazebo/models/mustard
[4.092s] -- Up-to-date: /home/ibrahim/ros2_ws/install/mycobot_gazebo/share/mycobot_gazebo/models/mustard/model.sdf
[4.093s] -- Up-to-date: /home/ibrahim/ros2_ws/install/mycobot_gazebo/share/mycobot_gazebo/models/mustard/materials
[4.093s] -- Up-to-date: /home/ibrahim/ros2_ws/install/mycobot_gazebo/share/mycobot_gazebo/models/mustard/materials/textures
[4.113s] -- Up-to-date: /home/ibrahim/ros2_ws/install/mycobot_gazebo/share/mycobot_gazebo/models/mustard/materials/textures/optimized_tsdf_texture_mapped_mesh.png
[4.113s] -- Up-to-date: /home/ibrahim/ros2_ws/install/mycobot_gazebo/share/mycobot_gazebo/models/mustard/materials/scripts
[4.123s] -- Up-to-date: /home/ibrahim/ros2_ws/install/mycobot_gazebo/share/mycobot_gazebo/models/mustard/materials/scripts/mustard.material
[4.123s] -- Up-to-date: /home/ibrahim/ros2_ws/install/mycobot_gazebo/share/mycobot_gazebo/models/mustard/meshes
[4.140s] -- Up-to-date: /home/ibrahim/ros2_ws/install/mycobot_gazebo/share/mycobot_gazebo/models/mustard/meshes/texture_map.png
[4.140s] -- Up-to-date: /home/ibrahim/ros2_ws/install/mycobot_gazebo/share/mycobot_gazebo/models/mustard/meshes/mustard.dae
[4.141s] -- Up-to-date: /home/ibrahim/ros2_ws/install/mycobot_gazebo/share/mycobot_gazebo/models/mustard/model.config
[4.141s] -- Up-to-date: /home/ibrahim/ros2_ws/install/mycobot_gazebo/share/mycobot_gazebo/models/aws_robomaker_residential_SofaB_01
[4.141s] -- Up-to-date: /home/ibrahim/ros2_ws/install/mycobot_gazebo/share/mycobot_gazebo/models/aws_robomaker_residential_SofaB_01/model.sdf
[4.143s] -- Up-to-date: /home/ibrahim/ros2_ws/install/mycobot_gazebo/share/mycobot_gazebo/models/aws_robomaker_residential_SofaB_01/materials
[4.160s] -- Up-to-date: /home/ibrahim/ros2_ws/install/mycobot_gazebo/share/mycobot_gazebo/models/aws_robomaker_residential_SofaB_01/materials/textures
[4.173s] -- Up-to-date: /home/ibrahim/ros2_ws/install/mycobot_gazebo/share/mycobot_gazebo/models/aws_robomaker_residential_SofaB_01/materials/textures/aws_SofaB_01.png
[4.174s] -- Up-to-date: /home/ibrahim/ros2_ws/install/mycobot_gazebo/share/mycobot_gazebo/models/aws_robomaker_residential_SofaB_01/meshes
[4.186s] -- Up-to-date: /home/ibrahim/ros2_ws/install/mycobot_gazebo/share/mycobot_gazebo/models/aws_robomaker_residential_SofaB_01/meshes/aws_SofaB_01_collision.DAE
[4.186s] -- Up-to-date: /home/ibrahim/ros2_ws/install/mycobot_gazebo/share/mycobot_gazebo/models/aws_robomaker_residential_SofaB_01/meshes/aws_SofaB_01_visual.DAE
[4.186s] -- Up-to-date: /home/ibrahim/ros2_ws/install/mycobot_gazebo/share/mycobot_gazebo/models/aws_robomaker_residential_SofaB_01/model.config
[4.186s] -- Up-to-date: /home/ibrahim/ros2_ws/install/mycobot_gazebo/share/mycobot_gazebo/models/aws_robomaker_residential_PortraitE_01
[4.221s] -- Up-to-date: /home/ibrahim/ros2_ws/install/mycobot_gazebo/share/mycobot_gazebo/models/aws_robomaker_residential_PortraitE_01/model.sdf
[4.221s] -- Up-to-date: /home/ibrahim/ros2_ws/install/mycobot_gazebo/share/mycobot_gazebo/models/aws_robomaker_residential_PortraitE_01/materials
[4.288s] -- Up-to-date: /home/ibrahim/ros2_ws/install/mycobot_gazebo/share/mycobot_gazebo/models/aws_robomaker_residential_PortraitE_01/materials/textures
[4.297s] -- Up-to-date: /home/ibrahim/ros2_ws/install/mycobot_gazebo/share/mycobot_gazebo/models/aws_robomaker_residential_PortraitE_01/materials/textures/aws_PortraitE_02.png
[4.298s] -- Up-to-date: /home/ibrahim/ros2_ws/install/mycobot_gazebo/share/mycobot_gazebo/models/aws_robomaker_residential_PortraitE_01/materials/textures/PortraitE_01.jpg
[4.298s] -- Up-to-date: /home/ibrahim/ros2_ws/install/mycobot_gazebo/share/mycobot_gazebo/models/aws_robomaker_residential_PortraitE_01/materials/textures/aws_PortraitE_01.png
[4.298s] -- Up-to-date: /home/ibrahim/ros2_ws/install/mycobot_gazebo/share/mycobot_gazebo/models/aws_robomaker_residential_PortraitE_01/meshes
[4.300s] -- Up-to-date: /home/ibrahim/ros2_ws/install/mycobot_gazebo/share/mycobot_gazebo/models/aws_robomaker_residential_PortraitE_01/meshes/aws_PortraitE_01_visual.DAE
[4.301s] -- Up-to-date: /home/ibrahim/ros2_ws/install/mycobot_gazebo/share/mycobot_gazebo/models/aws_robomaker_residential_PortraitE_01/meshes/aws_PortraitE_01_collision.DAE
[4.301s] -- Up-to-date: /home/ibrahim/ros2_ws/install/mycobot_gazebo/share/mycobot_gazebo/models/aws_robomaker_residential_PortraitE_01/model.config
[4.301s] -- Up-to-date: /home/ibrahim/ros2_ws/install/mycobot_gazebo/share/mycobot_gazebo/models/aws_robomaker_residential_Door_01
[4.301s] -- Up-to-date: /home/ibrahim/ros2_ws/install/mycobot_gazebo/share/mycobot_gazebo/models/aws_robomaker_residential_Door_01/model.sdf
[4.301s] -- Up-to-date: /home/ibrahim/ros2_ws/install/mycobot_gazebo/share/mycobot_gazebo/models/aws_robomaker_residential_Door_01/materials
[4.329s] -- Up-to-date: /home/ibrahim/ros2_ws/install/mycobot_gazebo/share/mycobot_gazebo/models/aws_robomaker_residential_Door_01/materials/textures
[4.338s] -- Up-to-date: /home/ibrahim/ros2_ws/install/mycobot_gazebo/share/mycobot_gazebo/models/aws_robomaker_residential_Door_01/materials/textures/aws_Door_01.png
[4.338s] -- Up-to-date: /home/ibrahim/ros2_ws/install/mycobot_gazebo/share/mycobot_gazebo/models/aws_robomaker_residential_Door_01/meshes
[4.364s] -- Up-to-date: /home/ibrahim/ros2_ws/install/mycobot_gazebo/share/mycobot_gazebo/models/aws_robomaker_residential_Door_01/meshes/aws_Door_01_collision.DAE
[4.364s] -- Up-to-date: /home/ibrahim/ros2_ws/install/mycobot_gazebo/share/mycobot_gazebo/models/aws_robomaker_residential_Door_01/meshes/aws_Door_01_visual.DAE
[4.364s] -- Up-to-date: /home/ibrahim/ros2_ws/install/mycobot_gazebo/share/mycobot_gazebo/models/aws_robomaker_residential_Door_01/model.config
[4.364s] -- Up-to-date: /home/ibrahim/ros2_ws/install/mycobot_gazebo/share/mycobot_gazebo/models/ground_plane
[4.364s] -- Up-to-date: /home/ibrahim/ros2_ws/install/mycobot_gazebo/share/mycobot_gazebo/models/ground_plane/model.sdf
[4.364s] -- Up-to-date: /home/ibrahim/ros2_ws/install/mycobot_gazebo/share/mycobot_gazebo/models/ground_plane/model-1_3.sdf
[4.364s] -- Up-to-date: /home/ibrahim/ros2_ws/install/mycobot_gazebo/share/mycobot_gazebo/models/ground_plane/model-1_2.sdf
[4.364s] -- Up-to-date: /home/ibrahim/ros2_ws/install/mycobot_gazebo/share/mycobot_gazebo/models/ground_plane/model-1_4.sdf
[4.365s] -- Up-to-date: /home/ibrahim/ros2_ws/install/mycobot_gazebo/share/mycobot_gazebo/models/ground_plane/model.config
[4.365s] -- Up-to-date: /home/ibrahim/ros2_ws/install/mycobot_gazebo/share/mycobot_gazebo/models/aws_robomaker_residential_DeskPortraitB_01
[4.365s] -- Up-to-date: /home/ibrahim/ros2_ws/install/mycobot_gazebo/share/mycobot_gazebo/models/aws_robomaker_residential_DeskPortraitB_01/model.sdf
[4.365s] -- Up-to-date: /home/ibrahim/ros2_ws/install/mycobot_gazebo/share/mycobot_gazebo/models/aws_robomaker_residential_DeskPortraitB_01/materials
[4.381s] -- Up-to-date: /home/ibrahim/ros2_ws/install/mycobot_gazebo/share/mycobot_gazebo/models/aws_robomaker_residential_DeskPortraitB_01/materials/textures
[4.381s] -- Up-to-date: /home/ibrahim/ros2_ws/install/mycobot_gazebo/share/mycobot_gazebo/models/aws_robomaker_residential_DeskPortraitB_01/materials/textures/aws_DeskPortraitB_02.png
[4.381s] -- Up-to-date: /home/ibrahim/ros2_ws/install/mycobot_gazebo/share/mycobot_gazebo/models/aws_robomaker_residential_DeskPortraitB_01/materials/textures/aws_DeskPortraitB_01.png
[4.381s] -- Up-to-date: /home/ibrahim/ros2_ws/install/mycobot_gazebo/share/mycobot_gazebo/models/aws_robomaker_residential_DeskPortraitB_01/materials/textures/DeskPortraitB_01.jpg
[4.382s] -- Up-to-date: /home/ibrahim/ros2_ws/install/mycobot_gazebo/share/mycobot_gazebo/models/aws_robomaker_residential_DeskPortraitB_01/meshes
[4.399s] -- Up-to-date: /home/ibrahim/ros2_ws/install/mycobot_gazebo/share/mycobot_gazebo/models/aws_robomaker_residential_DeskPortraitB_01/meshes/aws_DeskPortraitB_01_visual.DAE
[4.400s] -- Up-to-date: /home/ibrahim/ros2_ws/install/mycobot_gazebo/share/mycobot_gazebo/models/aws_robomaker_residential_DeskPortraitB_01/meshes/aws_DeskPortraitB_01_collision.DAE
[4.400s] -- Up-to-date: /home/ibrahim/ros2_ws/install/mycobot_gazebo/share/mycobot_gazebo/models/aws_robomaker_residential_DeskPortraitB_01/model.config
[4.400s] -- Up-to-date: /home/ibrahim/ros2_ws/install/mycobot_gazebo/share/mycobot_gazebo/models/aws_robomaker_residential_ReadingDesk_01
[4.400s] -- Up-to-date: /home/ibrahim/ros2_ws/install/mycobot_gazebo/share/mycobot_gazebo/models/aws_robomaker_residential_ReadingDesk_01/model.sdf
[4.400s] -- Up-to-date: /home/ibrahim/ros2_ws/install/mycobot_gazebo/share/mycobot_gazebo/models/aws_robomaker_residential_ReadingDesk_01/materials
[4.435s] -- Up-to-date: /home/ibrahim/ros2_ws/install/mycobot_gazebo/share/mycobot_gazebo/models/aws_robomaker_residential_ReadingDesk_01/materials/textures
[4.442s] -- Up-to-date: /home/ibrahim/ros2_ws/install/mycobot_gazebo/share/mycobot_gazebo/models/aws_robomaker_residential_ReadingDesk_01/materials/textures/aws_ReadingDesk_01.png
[4.442s] -- Up-to-date: /home/ibrahim/ros2_ws/install/mycobot_gazebo/share/mycobot_gazebo/models/aws_robomaker_residential_ReadingDesk_01/meshes
[4.447s] -- Up-to-date: /home/ibrahim/ros2_ws/install/mycobot_gazebo/share/mycobot_gazebo/models/aws_robomaker_residential_ReadingDesk_01/meshes/aws_ReadingDesk_01_visual.DAE
[4.448s] -- Up-to-date: /home/ibrahim/ros2_ws/install/mycobot_gazebo/share/mycobot_gazebo/models/aws_robomaker_residential_ReadingDesk_01/meshes/aws_ReadingDesk_01_collision.DAE
[4.448s] -- Up-to-date: /home/ibrahim/ros2_ws/install/mycobot_gazebo/share/mycobot_gazebo/models/aws_robomaker_residential_ReadingDesk_01/model.config
[4.448s] -- Up-to-date: /home/ibrahim/ros2_ws/install/mycobot_gazebo/share/mycobot_gazebo/models/aws_robomaker_residential_Curtain_01
[4.448s] -- Up-to-date: /home/ibrahim/ros2_ws/install/mycobot_gazebo/share/mycobot_gazebo/models/aws_robomaker_residential_Curtain_01/model.sdf
[4.448s] -- Up-to-date: /home/ibrahim/ros2_ws/install/mycobot_gazebo/share/mycobot_gazebo/models/aws_robomaker_residential_Curtain_01/materials
[4.483s] -- Up-to-date: /home/ibrahim/ros2_ws/install/mycobot_gazebo/share/mycobot_gazebo/models/aws_robomaker_residential_Curtain_01/materials/textures
[4.494s] -- Up-to-date: /home/ibrahim/ros2_ws/install/mycobot_gazebo/share/mycobot_gazebo/models/aws_robomaker_residential_Curtain_01/materials/textures/aws_Curtain_01.png
[4.494s] -- Up-to-date: /home/ibrahim/ros2_ws/install/mycobot_gazebo/share/mycobot_gazebo/models/aws_robomaker_residential_Curtain_01/meshes
[4.505s] -- Up-to-date: /home/ibrahim/ros2_ws/install/mycobot_gazebo/share/mycobot_gazebo/models/aws_robomaker_residential_Curtain_01/meshes/aws_Curtain_01_collision.DAE
[4.506s] -- Up-to-date: /home/ibrahim/ros2_ws/install/mycobot_gazebo/share/mycobot_gazebo/models/aws_robomaker_residential_Curtain_01/meshes/aws_Curtain_01_visual.DAE
[4.506s] -- Up-to-date: /home/ibrahim/ros2_ws/install/mycobot_gazebo/share/mycobot_gazebo/models/aws_robomaker_residential_Curtain_01/model.config
[4.507s] -- Up-to-date: /home/ibrahim/ros2_ws/install/mycobot_gazebo/share/mycobot_gazebo/models/aws_robomaker_warehouse_RoofB_01
[4.507s] -- Up-to-date: /home/ibrahim/ros2_ws/install/mycobot_gazebo/share/mycobot_gazebo/models/aws_robomaker_warehouse_RoofB_01/model.sdf
[4.507s] -- Up-to-date: /home/ibrahim/ros2_ws/install/mycobot_gazebo/share/mycobot_gazebo/models/aws_robomaker_warehouse_RoofB_01/materials
[4.509s] -- Up-to-date: /home/ibrahim/ros2_ws/install/mycobot_gazebo/share/mycobot_gazebo/models/aws_robomaker_warehouse_RoofB_01/materials/textures
[4.516s] -- Up-to-date: /home/ibrahim/ros2_ws/install/mycobot_gazebo/share/mycobot_gazebo/models/aws_robomaker_warehouse_RoofB_01/materials/textures/aws_robomaker_warehouse_RoofB_01.png
[4.517s] -- Up-to-date: /home/ibrahim/ros2_ws/install/mycobot_gazebo/share/mycobot_gazebo/models/aws_robomaker_warehouse_RoofB_01/meshes
[4.529s] -- Up-to-date: /home/ibrahim/ros2_ws/install/mycobot_gazebo/share/mycobot_gazebo/models/aws_robomaker_warehouse_RoofB_01/meshes/aws_robomaker_warehouse_RoofB_01_collision.DAE
[4.530s] -- Up-to-date: /home/ibrahim/ros2_ws/install/mycobot_gazebo/share/mycobot_gazebo/models/aws_robomaker_warehouse_RoofB_01/meshes/aws_robomaker_warehouse_RoofB_01_visual.DAE
[4.530s] -- Up-to-date: /home/ibrahim/ros2_ws/install/mycobot_gazebo/share/mycobot_gazebo/models/aws_robomaker_warehouse_RoofB_01/model.config
[4.530s] -- Up-to-date: /home/ibrahim/ros2_ws/install/mycobot_gazebo/share/mycobot_gazebo/models/aws_robomaker_residential_PortraitB_03
[4.530s] -- Up-to-date: /home/ibrahim/ros2_ws/install/mycobot_gazebo/share/mycobot_gazebo/models/aws_robomaker_residential_PortraitB_03/model.sdf
[4.531s] -- Up-to-date: /home/ibrahim/ros2_ws/install/mycobot_gazebo/share/mycobot_gazebo/models/aws_robomaker_residential_PortraitB_03/materials
[4.552s] -- Up-to-date: /home/ibrahim/ros2_ws/install/mycobot_gazebo/share/mycobot_gazebo/models/aws_robomaker_residential_PortraitB_03/materials/textures
[4.569s] -- Up-to-date: /home/ibrahim/ros2_ws/install/mycobot_gazebo/share/mycobot_gazebo/models/aws_robomaker_residential_PortraitB_03/materials/textures/aws_PortraitB_01.png
[4.569s] -- Up-to-date: /home/ibrahim/ros2_ws/install/mycobot_gazebo/share/mycobot_gazebo/models/aws_robomaker_residential_PortraitB_03/materials/textures/PortraitB_03.jpg
[4.569s] -- Up-to-date: /home/ibrahim/ros2_ws/install/mycobot_gazebo/share/mycobot_gazebo/models/aws_robomaker_residential_PortraitB_03/materials/textures/aws_PortraitB_02.png
[4.569s] -- Up-to-date: /home/ibrahim/ros2_ws/install/mycobot_gazebo/share/mycobot_gazebo/models/aws_robomaker_residential_PortraitB_03/meshes
[4.579s] -- Up-to-date: /home/ibrahim/ros2_ws/install/mycobot_gazebo/share/mycobot_gazebo/models/aws_robomaker_residential_PortraitB_03/meshes/aws_PortraitB_01_collision.DAE
[4.579s] -- Up-to-date: /home/ibrahim/ros2_ws/install/mycobot_gazebo/share/mycobot_gazebo/models/aws_robomaker_residential_PortraitB_03/meshes/aws_PortraitB_01_visual.DAE
[4.579s] -- Up-to-date: /home/ibrahim/ros2_ws/install/mycobot_gazebo/share/mycobot_gazebo/models/aws_robomaker_residential_PortraitB_03/model.config
[4.579s] -- Up-to-date: /home/ibrahim/ros2_ws/install/mycobot_gazebo/share/mycobot_gazebo/models/aws_robomaker_residential_RoomWindow_01
[4.588s] -- Up-to-date: /home/ibrahim/ros2_ws/install/mycobot_gazebo/share/mycobot_gazebo/models/aws_robomaker_residential_RoomWindow_01/model.sdf
[4.590s] -- Up-to-date: /home/ibrahim/ros2_ws/install/mycobot_gazebo/share/mycobot_gazebo/models/aws_robomaker_residential_RoomWindow_01/materials
[4.600s] -- Up-to-date: /home/ibrahim/ros2_ws/install/mycobot_gazebo/share/mycobot_gazebo/models/aws_robomaker_residential_RoomWindow_01/materials/textures
[4.608s] -- Up-to-date: /home/ibrahim/ros2_ws/install/mycobot_gazebo/share/mycobot_gazebo/models/aws_robomaker_residential_RoomWindow_01/materials/textures/aws_RoomWindow_01.png
[4.609s] -- Up-to-date: /home/ibrahim/ros2_ws/install/mycobot_gazebo/share/mycobot_gazebo/models/aws_robomaker_residential_RoomWindow_01/meshes
[4.699s] -- Up-to-date: /home/ibrahim/ros2_ws/install/mycobot_gazebo/share/mycobot_gazebo/models/aws_robomaker_residential_RoomWindow_01/meshes/aws_RoomWindow_01_visual.DAE
[4.699s] -- Up-to-date: /home/ibrahim/ros2_ws/install/mycobot_gazebo/share/mycobot_gazebo/models/aws_robomaker_residential_RoomWindow_01/meshes/aws_RoomWindow_01_collision.DAE
[4.699s] -- Up-to-date: /home/ibrahim/ros2_ws/install/mycobot_gazebo/share/mycobot_gazebo/models/aws_robomaker_residential_RoomWindow_01/model.config
[4.700s] -- Up-to-date: /home/ibrahim/ros2_ws/install/mycobot_gazebo/share/mycobot_gazebo/models/aws_robomaker_residential_DeskPortraitD_03
[4.717s] -- Up-to-date: /home/ibrahim/ros2_ws/install/mycobot_gazebo/share/mycobot_gazebo/models/aws_robomaker_residential_DeskPortraitD_03/model.sdf
[4.720s] -- Up-to-date: /home/ibrahim/ros2_ws/install/mycobot_gazebo/share/mycobot_gazebo/models/aws_robomaker_residential_DeskPortraitD_03/materials
[4.726s] -- Up-to-date: /home/ibrahim/ros2_ws/install/mycobot_gazebo/share/mycobot_gazebo/models/aws_robomaker_residential_DeskPortraitD_03/materials/textures
[4.732s] -- Up-to-date: /home/ibrahim/ros2_ws/install/mycobot_gazebo/share/mycobot_gazebo/models/aws_robomaker_residential_DeskPortraitD_03/materials/textures/DeskPortraitD_03.jpg
[4.732s] -- Up-to-date: /home/ibrahim/ros2_ws/install/mycobot_gazebo/share/mycobot_gazebo/models/aws_robomaker_residential_DeskPortraitD_03/materials/textures/aws_DeskPortraitD_02.png
[4.732s] -- Up-to-date: /home/ibrahim/ros2_ws/install/mycobot_gazebo/share/mycobot_gazebo/models/aws_robomaker_residential_DeskPortraitD_03/materials/textures/aws_DeskPortraitD_01.png
[4.732s] -- Up-to-date: /home/ibrahim/ros2_ws/install/mycobot_gazebo/share/mycobot_gazebo/models/aws_robomaker_residential_DeskPortraitD_03/meshes
[4.743s] -- Up-to-date: /home/ibrahim/ros2_ws/install/mycobot_gazebo/share/mycobot_gazebo/models/aws_robomaker_residential_DeskPortraitD_03/meshes/aws_DeskPortraitD_01_collision.DAE
[4.745s] -- Up-to-date: /home/ibrahim/ros2_ws/install/mycobot_gazebo/share/mycobot_gazebo/models/aws_robomaker_residential_DeskPortraitD_03/meshes/aws_DeskPortraitD_01_visual.DAE
[4.745s] -- Up-to-date: /home/ibrahim/ros2_ws/install/mycobot_gazebo/share/mycobot_gazebo/models/aws_robomaker_residential_DeskPortraitD_03/model.config
[4.745s] -- Up-to-date: /home/ibrahim/ros2_ws/install/mycobot_gazebo/share/mycobot_gazebo/models/aws_robomaker_residential_DeskPortraitC_02
[4.770s] -- Up-to-date: /home/ibrahim/ros2_ws/install/mycobot_gazebo/share/mycobot_gazebo/models/aws_robomaker_residential_DeskPortraitC_02/model.sdf
[4.770s] -- Up-to-date: /home/ibrahim/ros2_ws/install/mycobot_gazebo/share/mycobot_gazebo/models/aws_robomaker_residential_DeskPortraitC_02/materials
[4.790s] -- Up-to-date: /home/ibrahim/ros2_ws/install/mycobot_gazebo/share/mycobot_gazebo/models/aws_robomaker_residential_DeskPortraitC_02/materials/textures
[4.801s] -- Up-to-date: /home/ibrahim/ros2_ws/install/mycobot_gazebo/share/mycobot_gazebo/models/aws_robomaker_residential_DeskPortraitC_02/materials/textures/DeskPortraitC_02.jpg
[4.801s] -- Up-to-date: /home/ibrahim/ros2_ws/install/mycobot_gazebo/share/mycobot_gazebo/models/aws_robomaker_residential_DeskPortraitC_02/materials/textures/aws_DeskPortraitC_01.png
[4.801s] -- Up-to-date: /home/ibrahim/ros2_ws/install/mycobot_gazebo/share/mycobot_gazebo/models/aws_robomaker_residential_DeskPortraitC_02/materials/textures/aws_DeskPortraitC_02.png
[4.801s] -- Up-to-date: /home/ibrahim/ros2_ws/install/mycobot_gazebo/share/mycobot_gazebo/models/aws_robomaker_residential_DeskPortraitC_02/meshes
[4.831s] -- Up-to-date: /home/ibrahim/ros2_ws/install/mycobot_gazebo/share/mycobot_gazebo/models/aws_robomaker_residential_DeskPortraitC_02/meshes/aws_DeskPortraitC_01_visual.DAE
[4.835s] -- Up-to-date: /home/ibrahim/ros2_ws/install/mycobot_gazebo/share/mycobot_gazebo/models/aws_robomaker_residential_DeskPortraitC_02/meshes/aws_DeskPortraitC_01_collision.DAE
[4.836s] -- Up-to-date: /home/ibrahim/ros2_ws/install/mycobot_gazebo/share/mycobot_gazebo/models/aws_robomaker_residential_DeskPortraitC_02/model.config
[4.837s] -- Up-to-date: /home/ibrahim/ros2_ws/install/mycobot_gazebo/share/mycobot_gazebo/models/aws_robomaker_warehouse_TrashCanC_01
[4.842s] -- Up-to-date: /home/ibrahim/ros2_ws/install/mycobot_gazebo/share/mycobot_gazebo/models/aws_robomaker_warehouse_TrashCanC_01/model.sdf
[4.842s] -- Up-to-date: /home/ibrahim/ros2_ws/install/mycobot_gazebo/share/mycobot_gazebo/models/aws_robomaker_warehouse_TrashCanC_01/materials
[4.858s] -- Up-to-date: /home/ibrahim/ros2_ws/install/mycobot_gazebo/share/mycobot_gazebo/models/aws_robomaker_warehouse_TrashCanC_01/materials/textures
[4.866s] -- Up-to-date: /home/ibrahim/ros2_ws/install/mycobot_gazebo/share/mycobot_gazebo/models/aws_robomaker_warehouse_TrashCanC_01/materials/textures/aws_robomaker_warehouse_TrashCanC_01.png
[4.866s] -- Up-to-date: /home/ibrahim/ros2_ws/install/mycobot_gazebo/share/mycobot_gazebo/models/aws_robomaker_warehouse_TrashCanC_01/meshes
[4.867s] -- Up-to-date: /home/ibrahim/ros2_ws/install/mycobot_gazebo/share/mycobot_gazebo/models/aws_robomaker_warehouse_TrashCanC_01/meshes/aws_robomaker_warehouse_TrashCanC_01_collision.DAE
[4.867s] -- Up-to-date: /home/ibrahim/ros2_ws/install/mycobot_gazebo/share/mycobot_gazebo/models/aws_robomaker_warehouse_TrashCanC_01/meshes/aws_robomaker_warehouse_TrashCanC_01_visual.DAE
[4.867s] -- Up-to-date: /home/ibrahim/ros2_ws/install/mycobot_gazebo/share/mycobot_gazebo/models/aws_robomaker_warehouse_TrashCanC_01/model.config
[4.867s] -- Up-to-date: /home/ibrahim/ros2_ws/install/mycobot_gazebo/share/mycobot_gazebo/models/aws_robomaker_residential_DeskPortraitC_01
[4.868s] -- Up-to-date: /home/ibrahim/ros2_ws/install/mycobot_gazebo/share/mycobot_gazebo/models/aws_robomaker_residential_DeskPortraitC_01/model.sdf
[4.868s] -- Up-to-date: /home/ibrahim/ros2_ws/install/mycobot_gazebo/share/mycobot_gazebo/models/aws_robomaker_residential_DeskPortraitC_01/materials
[4.895s] -- Up-to-date: /home/ibrahim/ros2_ws/install/mycobot_gazebo/share/mycobot_gazebo/models/aws_robomaker_residential_DeskPortraitC_01/materials/textures
[4.901s] -- Up-to-date: /home/ibrahim/ros2_ws/install/mycobot_gazebo/share/mycobot_gazebo/models/aws_robomaker_residential_DeskPortraitC_01/materials/textures/aws_DeskPortraitC_01.png
[4.901s] -- Up-to-date: /home/ibrahim/ros2_ws/install/mycobot_gazebo/share/mycobot_gazebo/models/aws_robomaker_residential_DeskPortraitC_01/materials/textures/DeskPortraitC_01.jpg
[4.901s] -- Up-to-date: /home/ibrahim/ros2_ws/install/mycobot_gazebo/share/mycobot_gazebo/models/aws_robomaker_residential_DeskPortraitC_01/materials/textures/aws_DeskPortraitC_02.png
[4.901s] -- Up-to-date: /home/ibrahim/ros2_ws/install/mycobot_gazebo/share/mycobot_gazebo/models/aws_robomaker_residential_DeskPortraitC_01/meshes
[4.911s] -- Up-to-date: /home/ibrahim/ros2_ws/install/mycobot_gazebo/share/mycobot_gazebo/models/aws_robomaker_residential_DeskPortraitC_01/meshes/aws_DeskPortraitC_01_visual.DAE
[4.911s] -- Up-to-date: /home/ibrahim/ros2_ws/install/mycobot_gazebo/share/mycobot_gazebo/models/aws_robomaker_residential_DeskPortraitC_01/meshes/aws_DeskPortraitC_01_collision.DAE
[4.911s] -- Up-to-date: /home/ibrahim/ros2_ws/install/mycobot_gazebo/share/mycobot_gazebo/models/aws_robomaker_residential_DeskPortraitC_01/model.config
[4.911s] -- Up-to-date: /home/ibrahim/ros2_ws/install/mycobot_gazebo/share/mycobot_gazebo/models/aws_robomaker_residential_DeskPortraitB_02
[4.934s] -- Up-to-date: /home/ibrahim/ros2_ws/install/mycobot_gazebo/share/mycobot_gazebo/models/aws_robomaker_residential_DeskPortraitB_02/model.sdf
[4.934s] -- Up-to-date: /home/ibrahim/ros2_ws/install/mycobot_gazebo/share/mycobot_gazebo/models/aws_robomaker_residential_DeskPortraitB_02/materials
[4.940s] -- Up-to-date: /home/ibrahim/ros2_ws/install/mycobot_gazebo/share/mycobot_gazebo/models/aws_robomaker_residential_DeskPortraitB_02/materials/textures
[4.940s] -- Up-to-date: /home/ibrahim/ros2_ws/install/mycobot_gazebo/share/mycobot_gazebo/models/aws_robomaker_residential_DeskPortraitB_02/materials/textures/DeskPortraitB_02.jpg
[4.941s] -- Up-to-date: /home/ibrahim/ros2_ws/install/mycobot_gazebo/share/mycobot_gazebo/models/aws_robomaker_residential_DeskPortraitB_02/materials/textures/aws_DeskPortraitB_02.png
[4.941s] -- Up-to-date: /home/ibrahim/ros2_ws/install/mycobot_gazebo/share/mycobot_gazebo/models/aws_robomaker_residential_DeskPortraitB_02/materials/textures/aws_DeskPortraitB_01.png
[4.941s] -- Up-to-date: /home/ibrahim/ros2_ws/install/mycobot_gazebo/share/mycobot_gazebo/models/aws_robomaker_residential_DeskPortraitB_02/meshes
[4.952s] -- Up-to-date: /home/ibrahim/ros2_ws/install/mycobot_gazebo/share/mycobot_gazebo/models/aws_robomaker_residential_DeskPortraitB_02/meshes/aws_DeskPortraitB_01_visual.DAE
[4.952s] -- Up-to-date: /home/ibrahim/ros2_ws/install/mycobot_gazebo/share/mycobot_gazebo/models/aws_robomaker_residential_DeskPortraitB_02/meshes/aws_DeskPortraitB_01_collision.DAE
[4.952s] -- Up-to-date: /home/ibrahim/ros2_ws/install/mycobot_gazebo/share/mycobot_gazebo/models/aws_robomaker_residential_DeskPortraitB_02/model.config
[4.952s] -- Up-to-date: /home/ibrahim/ros2_ws/install/mycobot_gazebo/share/mycobot_gazebo/models/aws_robomaker_residential_DeskPortraitA_02
[4.988s] -- Up-to-date: /home/ibrahim/ros2_ws/install/mycobot_gazebo/share/mycobot_gazebo/models/aws_robomaker_residential_DeskPortraitA_02/model.sdf
[4.988s] -- Up-to-date: /home/ibrahim/ros2_ws/install/mycobot_gazebo/share/mycobot_gazebo/models/aws_robomaker_residential_DeskPortraitA_02/materials
[4.995s] -- Up-to-date: /home/ibrahim/ros2_ws/install/mycobot_gazebo/share/mycobot_gazebo/models/aws_robomaker_residential_DeskPortraitA_02/materials/textures
[4.995s] -- Up-to-date: /home/ibrahim/ros2_ws/install/mycobot_gazebo/share/mycobot_gazebo/models/aws_robomaker_residential_DeskPortraitA_02/materials/textures/aws_DeskPortraitA_01.png
[4.995s] -- Up-to-date: /home/ibrahim/ros2_ws/install/mycobot_gazebo/share/mycobot_gazebo/models/aws_robomaker_residential_DeskPortraitA_02/materials/textures/DeskPortraitA_02.jpg
[4.995s] -- Up-to-date: /home/ibrahim/ros2_ws/install/mycobot_gazebo/share/mycobot_gazebo/models/aws_robomaker_residential_DeskPortraitA_02/materials/textures/aws_DeskPortraitA_02.png
[4.995s] -- Up-to-date: /home/ibrahim/ros2_ws/install/mycobot_gazebo/share/mycobot_gazebo/models/aws_robomaker_residential_DeskPortraitA_02/meshes
[5.006s] -- Up-to-date: /home/ibrahim/ros2_ws/install/mycobot_gazebo/share/mycobot_gazebo/models/aws_robomaker_residential_DeskPortraitA_02/meshes/aws_DeskPortraitA_01_collision.DAE
[5.006s] -- Up-to-date: /home/ibrahim/ros2_ws/install/mycobot_gazebo/share/mycobot_gazebo/models/aws_robomaker_residential_DeskPortraitA_02/meshes/aws_DeskPortraitA_01_visual.DAE
[5.006s] -- Up-to-date: /home/ibrahim/ros2_ws/install/mycobot_gazebo/share/mycobot_gazebo/models/aws_robomaker_residential_DeskPortraitA_02/model.config
[5.006s] -- Up-to-date: /home/ibrahim/ros2_ws/install/mycobot_gazebo/share/mycobot_gazebo/models/cardboard_box
[5.008s] -- Up-to-date: /home/ibrahim/ros2_ws/install/mycobot_gazebo/share/mycobot_gazebo/models/cardboard_box/model.sdf
[5.008s] -- Up-to-date: /home/ibrahim/ros2_ws/install/mycobot_gazebo/share/mycobot_gazebo/models/cardboard_box/materials
[5.010s] -- Up-to-date: /home/ibrahim/ros2_ws/install/mycobot_gazebo/share/mycobot_gazebo/models/cardboard_box/materials/textures
[5.018s] -- Up-to-date: /home/ibrahim/ros2_ws/install/mycobot_gazebo/share/mycobot_gazebo/models/cardboard_box/materials/textures/cardboard_box.png
[5.018s] -- Up-to-date: /home/ibrahim/ros2_ws/install/mycobot_gazebo/share/mycobot_gazebo/models/cardboard_box/meshes
[5.028s] -- Up-to-date: /home/ibrahim/ros2_ws/install/mycobot_gazebo/share/mycobot_gazebo/models/cardboard_box/meshes/cardboard_box.png
[5.028s] -- Up-to-date: /home/ibrahim/ros2_ws/install/mycobot_gazebo/share/mycobot_gazebo/models/cardboard_box/meshes/cardboard_box.dae
[5.028s] -- Up-to-date: /home/ibrahim/ros2_ws/install/mycobot_gazebo/share/mycobot_gazebo/models/cardboard_box/model.config
[5.029s] -- Up-to-date: /home/ibrahim/ros2_ws/install/mycobot_gazebo/share/mycobot_gazebo/models/aws_robomaker_warehouse_ClutteringA_01
[5.039s] -- Up-to-date: /home/ibrahim/ros2_ws/install/mycobot_gazebo/share/mycobot_gazebo/models/aws_robomaker_warehouse_ClutteringA_01/model.sdf
[5.040s] -- Up-to-date: /home/ibrahim/ros2_ws/install/mycobot_gazebo/share/mycobot_gazebo/models/aws_robomaker_warehouse_ClutteringA_01/materials
[5.046s] -- Up-to-date: /home/ibrahim/ros2_ws/install/mycobot_gazebo/share/mycobot_gazebo/models/aws_robomaker_warehouse_ClutteringA_01/materials/textures
[5.049s] -- Up-to-date: /home/ibrahim/ros2_ws/install/mycobot_gazebo/share/mycobot_gazebo/models/aws_robomaker_warehouse_ClutteringA_01/materials/textures/aws_robomaker_warehouse_ClutteringA_01.png
[5.052s] -- Up-to-date: /home/ibrahim/ros2_ws/install/mycobot_gazebo/share/mycobot_gazebo/models/aws_robomaker_warehouse_ClutteringA_01/materials/textures/.DS_Store
[5.052s] -- Up-to-date: /home/ibrahim/ros2_ws/install/mycobot_gazebo/share/mycobot_gazebo/models/aws_robomaker_warehouse_ClutteringA_01/materials/textures/aws_robomaker_warehouse_ClutteringA_02.png
[5.052s] -- Up-to-date: /home/ibrahim/ros2_ws/install/mycobot_gazebo/share/mycobot_gazebo/models/aws_robomaker_warehouse_ClutteringA_01/materials/textures/aws_robomaker_warehouse_ClutteringA_03.png
[5.052s] -- Up-to-date: /home/ibrahim/ros2_ws/install/mycobot_gazebo/share/mycobot_gazebo/models/aws_robomaker_warehouse_ClutteringA_01/materials/.DS_Store
[5.053s] -- Up-to-date: /home/ibrahim/ros2_ws/install/mycobot_gazebo/share/mycobot_gazebo/models/aws_robomaker_warehouse_ClutteringA_01/.DS_Store
[5.053s] -- Up-to-date: /home/ibrahim/ros2_ws/install/mycobot_gazebo/share/mycobot_gazebo/models/aws_robomaker_warehouse_ClutteringA_01/meshes
[5.053s] -- Up-to-date: /home/ibrahim/ros2_ws/install/mycobot_gazebo/share/mycobot_gazebo/models/aws_robomaker_warehouse_ClutteringA_01/meshes/aws_robomaker_warehouse_ClutteringA_01_collision.DAE
[5.053s] -- Up-to-date: /home/ibrahim/ros2_ws/install/mycobot_gazebo/share/mycobot_gazebo/models/aws_robomaker_warehouse_ClutteringA_01/meshes/aws_robomaker_warehouse_ClutteringA_01_visual.DAE
[5.053s] -- Up-to-date: /home/ibrahim/ros2_ws/install/mycobot_gazebo/share/mycobot_gazebo/models/aws_robomaker_warehouse_ClutteringA_01/model.config
[5.053s] -- Up-to-date: /home/ibrahim/ros2_ws/install/mycobot_gazebo/share/mycobot_gazebo/models/aws_robomaker_residential_SeasoningBox_01
[5.055s] -- Up-to-date: /home/ibrahim/ros2_ws/install/mycobot_gazebo/share/mycobot_gazebo/models/aws_robomaker_residential_SeasoningBox_01/model.sdf
[5.055s] -- Up-to-date: /home/ibrahim/ros2_ws/install/mycobot_gazebo/share/mycobot_gazebo/models/aws_robomaker_residential_SeasoningBox_01/materials
[5.057s] -- Up-to-date: /home/ibrahim/ros2_ws/install/mycobot_gazebo/share/mycobot_gazebo/models/aws_robomaker_residential_SeasoningBox_01/materials/textures
[5.079s] -- Up-to-date: /home/ibrahim/ros2_ws/install/mycobot_gazebo/share/mycobot_gazebo/models/aws_robomaker_residential_SeasoningBox_01/materials/textures/aws_SeasoningBox_01.png
[5.080s] -- Up-to-date: /home/ibrahim/ros2_ws/install/mycobot_gazebo/share/mycobot_gazebo/models/aws_robomaker_residential_SeasoningBox_01/meshes
[5.090s] -- Up-to-date: /home/ibrahim/ros2_ws/install/mycobot_gazebo/share/mycobot_gazebo/models/aws_robomaker_residential_SeasoningBox_01/meshes/aws_SeasoningBox_01_visual.DAE
[5.090s] -- Up-to-date: /home/ibrahim/ros2_ws/install/mycobot_gazebo/share/mycobot_gazebo/models/aws_robomaker_residential_SeasoningBox_01/meshes/aws_SeasoningBox_01_collision.DAE
[5.090s] -- Up-to-date: /home/ibrahim/ros2_ws/install/mycobot_gazebo/share/mycobot_gazebo/models/aws_robomaker_residential_SeasoningBox_01/model.config
[5.090s] -- Up-to-date: /home/ibrahim/ros2_ws/install/mycobot_gazebo/share/mycobot_gazebo/models/aws_robomaker_residential_PortraitA_01
[5.115s] -- Up-to-date: /home/ibrahim/ros2_ws/install/mycobot_gazebo/share/mycobot_gazebo/models/aws_robomaker_residential_PortraitA_01/model.sdf
[5.115s] -- Up-to-date: /home/ibrahim/ros2_ws/install/mycobot_gazebo/share/mycobot_gazebo/models/aws_robomaker_residential_PortraitA_01/materials
[5.126s] -- Up-to-date: /home/ibrahim/ros2_ws/install/mycobot_gazebo/share/mycobot_gazebo/models/aws_robomaker_residential_PortraitA_01/materials/textures
[5.141s] -- Up-to-date: /home/ibrahim/ros2_ws/install/mycobot_gazebo/share/mycobot_gazebo/models/aws_robomaker_residential_PortraitA_01/materials/textures/aws_PortraitA_01.png
[5.141s] -- Up-to-date: /home/ibrahim/ros2_ws/install/mycobot_gazebo/share/mycobot_gazebo/models/aws_robomaker_residential_PortraitA_01/materials/textures/aws_PortraitA_02.png
[5.142s] -- Up-to-date: /home/ibrahim/ros2_ws/install/mycobot_gazebo/share/mycobot_gazebo/models/aws_robomaker_residential_PortraitA_01/materials/textures/PortraitA_01.jpg
[5.142s] -- Up-to-date: /home/ibrahim/ros2_ws/install/mycobot_gazebo/share/mycobot_gazebo/models/aws_robomaker_residential_PortraitA_01/meshes
[5.154s] -- Up-to-date: /home/ibrahim/ros2_ws/install/mycobot_gazebo/share/mycobot_gazebo/models/aws_robomaker_residential_PortraitA_01/meshes/aws_PortraitA_01_collision.DAE
[5.155s] -- Up-to-date: /home/ibrahim/ros2_ws/install/mycobot_gazebo/share/mycobot_gazebo/models/aws_robomaker_residential_PortraitA_01/meshes/aws_PortraitA_01_visual.DAE
[5.155s] -- Up-to-date: /home/ibrahim/ros2_ws/install/mycobot_gazebo/share/mycobot_gazebo/models/aws_robomaker_residential_PortraitA_01/model.config
[5.155s] -- Up-to-date: /home/ibrahim/ros2_ws/install/mycobot_gazebo/share/mycobot_gazebo/models/aws_robomaker_residential_PortraitE_02
[5.155s] -- Up-to-date: /home/ibrahim/ros2_ws/install/mycobot_gazebo/share/mycobot_gazebo/models/aws_robomaker_residential_PortraitE_02/model.sdf
[5.155s] -- Up-to-date: /home/ibrahim/ros2_ws/install/mycobot_gazebo/share/mycobot_gazebo/models/aws_robomaker_residential_PortraitE_02/materials
[5.164s] -- Up-to-date: /home/ibrahim/ros2_ws/install/mycobot_gazebo/share/mycobot_gazebo/models/aws_robomaker_residential_PortraitE_02/materials/textures
[5.164s] -- Up-to-date: /home/ibrahim/ros2_ws/install/mycobot_gazebo/share/mycobot_gazebo/models/aws_robomaker_residential_PortraitE_02/materials/textures/aws_PortraitE_02.png
[5.164s] -- Up-to-date: /home/ibrahim/ros2_ws/install/mycobot_gazebo/share/mycobot_gazebo/models/aws_robomaker_residential_PortraitE_02/materials/textures/aws_PortraitE_01.png
[5.164s] -- Up-to-date: /home/ibrahim/ros2_ws/install/mycobot_gazebo/share/mycobot_gazebo/models/aws_robomaker_residential_PortraitE_02/materials/textures/PortraitE_02.jpg
[5.169s] -- Up-to-date: /home/ibrahim/ros2_ws/install/mycobot_gazebo/share/mycobot_gazebo/models/aws_robomaker_residential_PortraitE_02/meshes
[5.177s] -- Up-to-date: /home/ibrahim/ros2_ws/install/mycobot_gazebo/share/mycobot_gazebo/models/aws_robomaker_residential_PortraitE_02/meshes/aws_PortraitE_01_visual.DAE
[5.178s] -- Up-to-date: /home/ibrahim/ros2_ws/install/mycobot_gazebo/share/mycobot_gazebo/models/aws_robomaker_residential_PortraitE_02/meshes/aws_PortraitE_01_collision.DAE
[5.178s] -- Up-to-date: /home/ibrahim/ros2_ws/install/mycobot_gazebo/share/mycobot_gazebo/models/aws_robomaker_residential_PortraitE_02/model.config
[5.178s] -- Up-to-date: /home/ibrahim/ros2_ws/install/mycobot_gazebo/share/mycobot_gazebo/models/aws_robomaker_residential_PortraitD_02
[5.188s] -- Up-to-date: /home/ibrahim/ros2_ws/install/mycobot_gazebo/share/mycobot_gazebo/models/aws_robomaker_residential_PortraitD_02/model.sdf
[5.190s] -- Up-to-date: /home/ibrahim/ros2_ws/install/mycobot_gazebo/share/mycobot_gazebo/models/aws_robomaker_residential_PortraitD_02/materials
[5.200s] -- Up-to-date: /home/ibrahim/ros2_ws/install/mycobot_gazebo/share/mycobot_gazebo/models/aws_robomaker_residential_PortraitD_02/materials/textures
[5.200s] -- Up-to-date: /home/ibrahim/ros2_ws/install/mycobot_gazebo/share/mycobot_gazebo/models/aws_robomaker_residential_PortraitD_02/materials/textures/PortraitD_02.jpg
[5.201s] -- Up-to-date: /home/ibrahim/ros2_ws/install/mycobot_gazebo/share/mycobot_gazebo/models/aws_robomaker_residential_PortraitD_02/materials/textures/aws_PortraitD_01.png
[5.201s] -- Up-to-date: /home/ibrahim/ros2_ws/install/mycobot_gazebo/share/mycobot_gazebo/models/aws_robomaker_residential_PortraitD_02/materials/textures/aws_PortraitD_02.png
[5.201s] -- Up-to-date: /home/ibrahim/ros2_ws/install/mycobot_gazebo/share/mycobot_gazebo/models/aws_robomaker_residential_PortraitD_02/meshes
[5.216s] -- Up-to-date: /home/ibrahim/ros2_ws/install/mycobot_gazebo/share/mycobot_gazebo/models/aws_robomaker_residential_PortraitD_02/meshes/aws_PortraitD_01_visual.DAE
[5.216s] -- Up-to-date: /home/ibrahim/ros2_ws/install/mycobot_gazebo/share/mycobot_gazebo/models/aws_robomaker_residential_PortraitD_02/meshes/aws_PortraitD_01_collision.DAE
[5.217s] -- Up-to-date: /home/ibrahim/ros2_ws/install/mycobot_gazebo/share/mycobot_gazebo/models/aws_robomaker_residential_PortraitD_02/model.config
[5.217s] -- Up-to-date: /home/ibrahim/ros2_ws/install/mycobot_gazebo/share/mycobot_gazebo/models/aws_robomaker_residential_SecurityCamera_01
[5.217s] -- Up-to-date: /home/ibrahim/ros2_ws/install/mycobot_gazebo/share/mycobot_gazebo/models/aws_robomaker_residential_SecurityCamera_01/model.sdf
[5.217s] -- Up-to-date: /home/ibrahim/ros2_ws/install/mycobot_gazebo/share/mycobot_gazebo/models/aws_robomaker_residential_SecurityCamera_01/materials
[5.226s] -- Up-to-date: /home/ibrahim/ros2_ws/install/mycobot_gazebo/share/mycobot_gazebo/models/aws_robomaker_residential_SecurityCamera_01/materials/textures
[5.301s] -- Up-to-date: /home/ibrahim/ros2_ws/install/mycobot_gazebo/share/mycobot_gazebo/models/aws_robomaker_residential_SecurityCamera_01/materials/textures/aws_SecurityCamera_01.png
[5.301s] -- Up-to-date: /home/ibrahim/ros2_ws/install/mycobot_gazebo/share/mycobot_gazebo/models/aws_robomaker_residential_SecurityCamera_01/meshes
[5.331s] -- Up-to-date: /home/ibrahim/ros2_ws/install/mycobot_gazebo/share/mycobot_gazebo/models/aws_robomaker_residential_SecurityCamera_01/meshes/aws_SecurityCamera_01_collision.DAE
[5.331s] -- Up-to-date: /home/ibrahim/ros2_ws/install/mycobot_gazebo/share/mycobot_gazebo/models/aws_robomaker_residential_SecurityCamera_01/meshes/aws_SecurityCamera_01_visual.DAE
[5.331s] -- Up-to-date: /home/ibrahim/ros2_ws/install/mycobot_gazebo/share/mycobot_gazebo/models/aws_robomaker_residential_SecurityCamera_01/model.config
[5.332s] -- Up-to-date: /home/ibrahim/ros2_ws/install/mycobot_gazebo/share/mycobot_gazebo/models/aws_robomaker_residential_ChairD_01
[5.355s] -- Up-to-date: /home/ibrahim/ros2_ws/install/mycobot_gazebo/share/mycobot_gazebo/models/aws_robomaker_residential_ChairD_01/model.sdf
[5.356s] -- Up-to-date: /home/ibrahim/ros2_ws/install/mycobot_gazebo/share/mycobot_gazebo/models/aws_robomaker_residential_ChairD_01/materials
[5.365s] -- Up-to-date: /home/ibrahim/ros2_ws/install/mycobot_gazebo/share/mycobot_gazebo/models/aws_robomaker_residential_ChairD_01/materials/textures
[5.413s] -- Up-to-date: /home/ibrahim/ros2_ws/install/mycobot_gazebo/share/mycobot_gazebo/models/aws_robomaker_residential_ChairD_01/materials/textures/aws_ChairD_01.png
[5.413s] -- Up-to-date: /home/ibrahim/ros2_ws/install/mycobot_gazebo/share/mycobot_gazebo/models/aws_robomaker_residential_ChairD_01/meshes
[5.424s] -- Up-to-date: /home/ibrahim/ros2_ws/install/mycobot_gazebo/share/mycobot_gazebo/models/aws_robomaker_residential_ChairD_01/meshes/aws_ChairD_01_collision.DAE
[5.425s] -- Up-to-date: /home/ibrahim/ros2_ws/install/mycobot_gazebo/share/mycobot_gazebo/models/aws_robomaker_residential_ChairD_01/meshes/aws_ChairD_01_visual.DAE
[5.427s] -- Up-to-date: /home/ibrahim/ros2_ws/install/mycobot_gazebo/share/mycobot_gazebo/models/aws_robomaker_residential_ChairD_01/model.config
[5.430s] -- Up-to-date: /home/ibrahim/ros2_ws/install/mycobot_gazebo/share/mycobot_gazebo/models/aws_robomaker_residential_PortraitA_02
[5.432s] -- Up-to-date: /home/ibrahim/ros2_ws/install/mycobot_gazebo/share/mycobot_gazebo/models/aws_robomaker_residential_PortraitA_02/model.sdf
[5.432s] -- Up-to-date: /home/ibrahim/ros2_ws/install/mycobot_gazebo/share/mycobot_gazebo/models/aws_robomaker_residential_PortraitA_02/materials
[5.449s] -- Up-to-date: /home/ibrahim/ros2_ws/install/mycobot_gazebo/share/mycobot_gazebo/models/aws_robomaker_residential_PortraitA_02/materials/textures
[5.450s] -- Up-to-date: /home/ibrahim/ros2_ws/install/mycobot_gazebo/share/mycobot_gazebo/models/aws_robomaker_residential_PortraitA_02/materials/textures/aws_PortraitA_01.png
[5.450s] -- Up-to-date: /home/ibrahim/ros2_ws/install/mycobot_gazebo/share/mycobot_gazebo/models/aws_robomaker_residential_PortraitA_02/materials/textures/aws_PortraitA_02.png
[5.450s] -- Up-to-date: /home/ibrahim/ros2_ws/install/mycobot_gazebo/share/mycobot_gazebo/models/aws_robomaker_residential_PortraitA_02/materials/textures/PortraitA_02.jpg
[5.450s] -- Up-to-date: /home/ibrahim/ros2_ws/install/mycobot_gazebo/share/mycobot_gazebo/models/aws_robomaker_residential_PortraitA_02/meshes
[5.450s] -- Up-to-date: /home/ibrahim/ros2_ws/install/mycobot_gazebo/share/mycobot_gazebo/models/aws_robomaker_residential_PortraitA_02/meshes/aws_PortraitA_01_collision.DAE
[5.450s] -- Up-to-date: /home/ibrahim/ros2_ws/install/mycobot_gazebo/share/mycobot_gazebo/models/aws_robomaker_residential_PortraitA_02/meshes/aws_PortraitA_01_visual.DAE
[5.450s] -- Up-to-date: /home/ibrahim/ros2_ws/install/mycobot_gazebo/share/mycobot_gazebo/models/aws_robomaker_residential_PortraitA_02/model.config
[5.450s] -- Up-to-date: /home/ibrahim/ros2_ws/install/mycobot_gazebo/share/mycobot_gazebo/models/aws_robomaker_residential_AirconditionerB_01
[5.451s] -- Up-to-date: /home/ibrahim/ros2_ws/install/mycobot_gazebo/share/mycobot_gazebo/models/aws_robomaker_residential_AirconditionerB_01/model.sdf
[5.451s] -- Up-to-date: /home/ibrahim/ros2_ws/install/mycobot_gazebo/share/mycobot_gazebo/models/aws_robomaker_residential_AirconditionerB_01/materials
[5.473s] -- Up-to-date: /home/ibrahim/ros2_ws/install/mycobot_gazebo/share/mycobot_gazebo/models/aws_robomaker_residential_AirconditionerB_01/materials/textures
[5.487s] -- Up-to-date: /home/ibrahim/ros2_ws/install/mycobot_gazebo/share/mycobot_gazebo/models/aws_robomaker_residential_AirconditionerB_01/materials/textures/aws_AirconditionerB_01.png
[5.488s] -- Up-to-date: /home/ibrahim/ros2_ws/install/mycobot_gazebo/share/mycobot_gazebo/models/aws_robomaker_residential_AirconditionerB_01/meshes
[5.492s] -- Up-to-date: /home/ibrahim/ros2_ws/install/mycobot_gazebo/share/mycobot_gazebo/models/aws_robomaker_residential_AirconditionerB_01/meshes/aws_AirconditionerB_01_visual.DAE
[5.493s] -- Up-to-date: /home/ibrahim/ros2_ws/install/mycobot_gazebo/share/mycobot_gazebo/models/aws_robomaker_residential_AirconditionerB_01/meshes/aws_AirconditionerB_01_collision.DAE
[5.493s] -- Up-to-date: /home/ibrahim/ros2_ws/install/mycobot_gazebo/share/mycobot_gazebo/models/aws_robomaker_residential_AirconditionerB_01/model.config
[5.494s] -- Up-to-date: /home/ibrahim/ros2_ws/install/mycobot_gazebo/share/mycobot_gazebo/models/aws_robomaker_residential_PortraitB_02
[5.506s] -- Up-to-date: /home/ibrahim/ros2_ws/install/mycobot_gazebo/share/mycobot_gazebo/models/aws_robomaker_residential_PortraitB_02/model.sdf
[5.506s] -- Up-to-date: /home/ibrahim/ros2_ws/install/mycobot_gazebo/share/mycobot_gazebo/models/aws_robomaker_residential_PortraitB_02/materials
[5.510s] -- Up-to-date: /home/ibrahim/ros2_ws/install/mycobot_gazebo/share/mycobot_gazebo/models/aws_robomaker_residential_PortraitB_02/materials/textures
[5.535s] -- Up-to-date: /home/ibrahim/ros2_ws/install/mycobot_gazebo/share/mycobot_gazebo/models/aws_robomaker_residential_PortraitB_02/materials/textures/aws_PortraitB_01.png
[5.536s] -- Up-to-date: /home/ibrahim/ros2_ws/install/mycobot_gazebo/share/mycobot_gazebo/models/aws_robomaker_residential_PortraitB_02/materials/textures/aws_PortraitB_02.png
[5.536s] -- Up-to-date: /home/ibrahim/ros2_ws/install/mycobot_gazebo/share/mycobot_gazebo/models/aws_robomaker_residential_PortraitB_02/materials/textures/PortraitB_02.jpg
[5.536s] -- Up-to-date: /home/ibrahim/ros2_ws/install/mycobot_gazebo/share/mycobot_gazebo/models/aws_robomaker_residential_PortraitB_02/meshes
[5.536s] -- Up-to-date: /home/ibrahim/ros2_ws/install/mycobot_gazebo/share/mycobot_gazebo/models/aws_robomaker_residential_PortraitB_02/meshes/aws_PortraitB_01_collision.DAE
[5.536s] -- Up-to-date: /home/ibrahim/ros2_ws/install/mycobot_gazebo/share/mycobot_gazebo/models/aws_robomaker_residential_PortraitB_02/meshes/aws_PortraitB_01_visual.DAE
[5.537s] -- Up-to-date: /home/ibrahim/ros2_ws/install/mycobot_gazebo/share/mycobot_gazebo/models/aws_robomaker_residential_PortraitB_02/model.config
[5.537s] -- Up-to-date: /home/ibrahim/ros2_ws/install/mycobot_gazebo/share/mycobot_gazebo/worlds
[5.537s] -- Up-to-date: /home/ibrahim/ros2_ws/install/mycobot_gazebo/share/mycobot_gazebo/worlds/house.world
[5.537s] -- Up-to-date: /home/ibrahim/ros2_ws/install/mycobot_gazebo/share/mycobot_gazebo/worlds/pick_and_place_demo.world
[5.537s] -- Up-to-date: /home/ibrahim/ros2_ws/install/mycobot_gazebo/share/mycobot_gazebo/worlds/empty.world
[5.538s] -- Up-to-date: /home/ibrahim/ros2_ws/install/mycobot_gazebo/share/ament_index/resource_index/package_run_dependencies/mycobot_gazebo
[5.539s] -- Up-to-date: /home/ibrahim/ros2_ws/install/mycobot_gazebo/share/ament_index/resource_index/parent_prefix_path/mycobot_gazebo
[5.539s] -- Up-to-date: /home/ibrahim/ros2_ws/install/mycobot_gazebo/share/mycobot_gazebo/environment/ament_prefix_path.sh
[5.540s] -- Up-to-date: /home/ibrahim/ros2_ws/install/mycobot_gazebo/share/mycobot_gazebo/environment/ament_prefix_path.dsv
[5.540s] -- Up-to-date: /home/ibrahim/ros2_ws/install/mycobot_gazebo/share/mycobot_gazebo/environment/path.sh
[5.540s] -- Up-to-date: /home/ibrahim/ros2_ws/install/mycobot_gazebo/share/mycobot_gazebo/environment/path.dsv
[5.541s] -- Up-to-date: /home/ibrahim/ros2_ws/install/mycobot_gazebo/share/mycobot_gazebo/local_setup.bash
[5.541s] -- Up-to-date: /home/ibrahim/ros2_ws/install/mycobot_gazebo/share/mycobot_gazebo/local_setup.sh
[5.541s] -- Up-to-date: /home/ibrahim/ros2_ws/install/mycobot_gazebo/share/mycobot_gazebo/local_setup.zsh
[5.541s] -- Up-to-date: /home/ibrahim/ros2_ws/install/mycobot_gazebo/share/mycobot_gazebo/local_setup.dsv
[5.541s] -- Installing: /home/ibrahim/ros2_ws/install/mycobot_gazebo/share/mycobot_gazebo/package.dsv
[5.552s] -- Up-to-date: /home/ibrahim/ros2_ws/install/mycobot_gazebo/share/ament_index/resource_index/packages/mycobot_gazebo
[5.552s] -- Up-to-date: /home/ibrahim/ros2_ws/install/mycobot_gazebo/share/mycobot_gazebo/cmake/mycobot_gazeboConfig.cmake
[5.553s] -- Up-to-date: /home/ibrahim/ros2_ws/install/mycobot_gazebo/share/mycobot_gazebo/cmake/mycobot_gazeboConfig-version.cmake
[5.553s] -- Up-to-date: /home/ibrahim/ros2_ws/install/mycobot_gazebo/share/mycobot_gazebo/package.xml
[5.557s] Invoked command in '/home/ibrahim/ros2_ws/build/mycobot_gazebo' returned '0': CMAKE_PREFIX_PATH=${CMAKE_PREFIX_PATH}:/home/ibrahim/ros2_ws/install/arm_serial_bridge:/opt/ros/jazzy DEBUGINFOD_URLS=https://debuginfod.ubuntu.com /usr/bin/cmake --install /home/ibrahim/ros2_ws/build/mycobot_gazebo
